file,line,type,commit,author,date,time,timezone,datetime,depth,length
style.css,1,css,f189fd9d,Ishaan Kor,2026-07-27,18:54:33,-07:00,2026-07-27T18:54:33-07:00,0,6
style.css,2,css,f189fd9d,Ishaan Kor,2026-07-27,18:54:33,-07:00,2026-07-27T18:54:33-07:00,0,24
style.css,3,css,f189fd9d,Ishaan Kor,2026-07-27,18:54:33,-07:00,2026-07-27T18:54:33-07:00,0,21
style.css,4,css,f189fd9d,Ishaan Kor,2026-07-27,18:54:33,-07:00,2026-07-27T18:54:33-07:00,0,18
style.css,5,css,f189fd9d,Ishaan Kor,2026-07-27,18:54:33,-07:00,2026-07-27T18:54:33-07:00,0,25
style.css,6,css,f189fd9d,Ishaan Kor,2026-07-27,18:54:33,-07:00,2026-07-27T18:54:33-07:00,0,15
style.css,7,css,f189fd9d,Ishaan Kor,2026-07-27,18:54:33,-07:00,2026-07-27T18:54:33-07:00,0,21
style.css,8,css,f189fd9d,Ishaan Kor,2026-07-27,18:54:33,-07:00,2026-07-27T18:54:33-07:00,0,17
style.css,9,css,f189fd9d,Ishaan Kor,2026-07-27,18:54:33,-07:00,2026-07-27T18:54:33-07:00,0,38
style.css,10,css,f189fd9d,Ishaan Kor,2026-07-27,18:54:33,-07:00,2026-07-27T18:54:33-07:00,0,32
style.css,11,css,f189fd9d,Ishaan Kor,2026-07-27,18:54:33,-07:00,2026-07-27T18:54:33-07:00,0,14
style.css,12,css,f189fd9d,Ishaan Kor,2026-07-27,18:54:33,-07:00,2026-07-27T18:54:33-07:00,0,44
style.css,13,css,c6478c7f,Ishaan Kor,2025-01-17,13:10:33,-08:00,2025-01-17T13:10:33-08:00,0,0
style.css,14,css,c6478c7f,Ishaan Kor,2025-01-17,13:10:33,-08:00,2025-01-17T13:10:33-08:00,0,0
style.css,15,css,f189fd9d,Ishaan Kor,2026-07-27,18:54:33,-07:00,2026-07-27T18:54:33-07:00,0,2
style.css,16,css,f189fd9d,Ishaan Kor,2026-07-27,18:54:33,-07:00,2026-07-27T18:54:33-07:00,0,22
style.css,17,css,ba48eace,Ishaan Kor,2025-03-07,17:09:40,-08:00,2025-03-07T17:09:40-08:00,0,0
style.css,18,css,ba48eace,Ishaan Kor,2025-03-07,17:09:40,-08:00,2025-03-07T17:09:40-08:00,0,0
style.css,19,css,f189fd9d,Ishaan Kor,2026-07-27,18:54:33,-07:00,2026-07-27T18:54:33-07:00,0,5
style.css,20,css,f189fd9d,Ishaan Kor,2026-07-27,18:54:33,-07:00,2026-07-27T18:54:33-07:00,0,103
style.css,21,css,f189fd9d,Ishaan Kor,2026-07-27,18:54:33,-07:00,2026-07-27T18:54:33-07:00,0,15
style.css,22,css,f189fd9d,Ishaan Kor,2026-07-27,18:54:33,-07:00,2026-07-27T18:54:33-07:00,0,16
style.css,23,css,f189fd9d,Ishaan Kor,2026-07-27,18:54:33,-07:00,2026-07-27T18:54:33-07:00,0,18
style.css,24,css,f189fd9d,Ishaan Kor,2026-07-27,18:54:33,-07:00,2026-07-27T18:54:33-07:00,0,29
style.css,25,css,f189fd9d,Ishaan Kor,2026-07-27,18:54:33,-07:00,2026-07-27T18:54:33-07:00,0,23
style.css,26,css,f189fd9d,Ishaan Kor,2026-07-27,18:54:33,-07:00,2026-07-27T18:54:33-07:00,0,0
style.css,27,css,ba48eace,Ishaan Kor,2025-03-07,17:09:40,-08:00,2025-03-07T17:09:40-08:00,0,0
style.css,28,css,74746bc0,Ishaan Kor,2025-01-11,16:35:16,-08:00,2025-01-11T16:35:16-08:00,0,5
style.css,29,css,f189fd9d,Ishaan Kor,2026-07-27,18:54:33,-07:00,2026-07-27T18:54:33-07:00,0,9
style.css,30,css,f189fd9d,Ishaan Kor,2026-07-27,18:54:33,-07:00,2026-07-27T18:54:33-07:00,0,17
style.css,31,css,f189fd9d,Ishaan Kor,2026-07-27,18:54:33,-07:00,2026-07-27T18:54:33-07:00,0,23
style.css,32,css,f189fd9d,Ishaan Kor,2026-07-27,18:54:33,-07:00,2026-07-27T18:54:33-07:00,0,16
style.css,33,css,f189fd9d,Ishaan Kor,2026-07-27,18:54:33,-07:00,2026-07-27T18:54:33-07:00,0,77
style.css,34,css,f189fd9d,Ishaan Kor,2026-07-27,18:54:33,-07:00,2026-07-27T18:54:33-07:00,0,82
style.css,35,css,f189fd9d,Ishaan Kor,2026-07-27,18:54:33,-07:00,2026-07-27T18:54:33-07:00,0,0
style.css,36,css,f189fd9d,Ishaan Kor,2026-07-27,18:54:33,-07:00,2026-07-27T18:54:33-07:00,0,0
style.css,37,css,f189fd9d,Ishaan Kor,2026-07-27,18:54:33,-07:00,2026-07-27T18:54:33-07:00,0,4
style.css,38,css,f189fd9d,Ishaan Kor,2026-07-27,18:54:33,-07:00,2026-07-27T18:54:33-07:00,0,15
style.css,39,css,f189fd9d,Ishaan Kor,2026-07-27,18:54:33,-07:00,2026-07-27T18:54:33-07:00,0,14
style.css,40,css,f189fd9d,Ishaan Kor,2026-07-27,18:54:33,-07:00,2026-07-27T18:54:33-07:00,0,0
style.css,41,css,f189fd9d,Ishaan Kor,2026-07-27,18:54:33,-07:00,2026-07-27T18:54:33-07:00,0,0
style.css,42,css,f189fd9d,Ishaan Kor,2026-07-27,18:54:33,-07:00,2026-07-27T18:54:33-07:00,0,2
style.css,43,css,f189fd9d,Ishaan Kor,2026-07-27,18:54:33,-07:00,2026-07-27T18:54:33-07:00,0,14
style.css,44,css,f189fd9d,Ishaan Kor,2026-07-27,18:54:33,-07:00,2026-07-27T18:54:33-07:00,0,0
style.css,45,css,f189fd9d,Ishaan Kor,2026-07-27,18:54:33,-07:00,2026-07-27T18:54:33-07:00,0,0
style.css,46,css,f189fd9d,Ishaan Kor,2026-07-27,18:54:33,-07:00,2026-07-27T18:54:33-07:00,0,6
style.css,47,css,f189fd9d,Ishaan Kor,2026-07-27,18:54:33,-07:00,2026-07-27T18:54:33-07:00,0,5
style.css,48,css,f189fd9d,Ishaan Kor,2026-07-27,18:54:33,-07:00,2026-07-27T18:54:33-07:00,0,7
style.css,49,css,f189fd9d,Ishaan Kor,2026-07-27,18:54:33,-07:00,2026-07-27T18:54:33-07:00,0,13
style.css,50,css,f189fd9d,Ishaan Kor,2026-07-27,18:54:33,-07:00,2026-07-27T18:54:33-07:00,0,0
style.css,51,css,f189fd9d,Ishaan Kor,2026-07-27,18:54:33,-07:00,2026-07-27T18:54:33-07:00,0,0
style.css,52,css,f189fd9d,Ishaan Kor,2026-07-27,18:54:33,-07:00,2026-07-27T18:54:33-07:00,0,4
style.css,53,css,f189fd9d,Ishaan Kor,2026-07-27,18:54:33,-07:00,2026-07-27T18:54:33-07:00,0,16
style.css,54,css,f189fd9d,Ishaan Kor,2026-07-27,18:54:33,-07:00,2026-07-27T18:54:33-07:00,0,6
style.css,55,css,f189fd9d,Ishaan Kor,2026-07-27,18:54:33,-07:00,2026-07-27T18:54:33-07:00,0,11
style.css,56,css,f189fd9d,Ishaan Kor,2026-07-27,18:54:33,-07:00,2026-07-27T18:54:33-07:00,0,13
style.css,57,css,f189fd9d,Ishaan Kor,2026-07-27,18:54:33,-07:00,2026-07-27T18:54:33-07:00,0,11
style.css,58,css,f189fd9d,Ishaan Kor,2026-07-27,18:54:33,-07:00,2026-07-27T18:54:33-07:00,0,19
style.css,59,css,f189fd9d,Ishaan Kor,2026-07-27,18:54:33,-07:00,2026-07-27T18:54:33-07:00,0,23
style.css,60,css,f189fd9d,Ishaan Kor,2026-07-27,18:54:33,-07:00,2026-07-27T18:54:33-07:00,0,15
style.css,61,css,f189fd9d,Ishaan Kor,2026-07-27,18:54:33,-07:00,2026-07-27T18:54:33-07:00,0,37
style.css,62,css,f189fd9d,Ishaan Kor,2026-07-27,18:54:33,-07:00,2026-07-27T18:54:33-07:00,0,38
style.css,63,css,f189fd9d,Ishaan Kor,2026-07-27,18:54:33,-07:00,2026-07-27T18:54:33-07:00,0,27
style.css,64,css,f189fd9d,Ishaan Kor,2026-07-27,18:54:33,-07:00,2026-07-27T18:54:33-07:00,0,0
style.css,65,css,f189fd9d,Ishaan Kor,2026-07-27,18:54:33,-07:00,2026-07-27T18:54:33-07:00,0,0
style.css,66,css,f189fd9d,Ishaan Kor,2026-07-27,18:54:33,-07:00,2026-07-27T18:54:33-07:00,0,6
style.css,67,css,f189fd9d,Ishaan Kor,2026-07-27,18:54:33,-07:00,2026-07-27T18:54:33-07:00,0,20
style.css,68,css,f189fd9d,Ishaan Kor,2026-07-27,18:54:33,-07:00,2026-07-27T18:54:33-07:00,0,20
style.css,69,css,f189fd9d,Ishaan Kor,2026-07-27,18:54:33,-07:00,2026-07-27T18:54:33-07:00,0,21
style.css,70,css,f189fd9d,Ishaan Kor,2026-07-27,18:54:33,-07:00,2026-07-27T18:54:33-07:00,0,51
style.css,71,css,f189fd9d,Ishaan Kor,2026-07-27,18:54:33,-07:00,2026-07-27T18:54:33-07:00,0,0
style.css,72,css,f189fd9d,Ishaan Kor,2026-07-27,18:54:33,-07:00,2026-07-27T18:54:33-07:00,0,0
style.css,73,css,f189fd9d,Ishaan Kor,2026-07-27,18:54:33,-07:00,2026-07-27T18:54:33-07:00,0,11
style.css,74,css,f189fd9d,Ishaan Kor,2026-07-27,18:54:33,-07:00,2026-07-27T18:54:33-07:00,0,14
style.css,75,css,f189fd9d,Ishaan Kor,2026-07-27,18:54:33,-07:00,2026-07-27T18:54:33-07:00,0,30
style.css,76,css,f189fd9d,Ishaan Kor,2026-07-27,18:54:33,-07:00,2026-07-27T18:54:33-07:00,0,20
style.css,77,css,f189fd9d,Ishaan Kor,2026-07-27,18:54:33,-07:00,2026-07-27T18:54:33-07:00,0,0
style.css,78,css,f189fd9d,Ishaan Kor,2026-07-27,18:54:33,-07:00,2026-07-27T18:54:33-07:00,0,0
style.css,79,css,f189fd9d,Ishaan Kor,2026-07-27,18:54:33,-07:00,2026-07-27T18:54:33-07:00,0,14
style.css,80,css,f189fd9d,Ishaan Kor,2026-07-27,18:54:33,-07:00,2026-07-27T18:54:33-07:00,0,15
style.css,81,css,f189fd9d,Ishaan Kor,2026-07-27,18:54:33,-07:00,2026-07-27T18:54:33-07:00,0,11
style.css,82,css,f189fd9d,Ishaan Kor,2026-07-27,18:54:33,-07:00,2026-07-27T18:54:33-07:00,0,9
style.css,83,css,f189fd9d,Ishaan Kor,2026-07-27,18:54:33,-07:00,2026-07-27T18:54:33-07:00,0,11
style.css,84,css,f189fd9d,Ishaan Kor,2026-07-27,18:54:33,-07:00,2026-07-27T18:54:33-07:00,0,18
style.css,85,css,f189fd9d,Ishaan Kor,2026-07-27,18:54:33,-07:00,2026-07-27T18:54:33-07:00,0,24
style.css,86,css,f189fd9d,Ishaan Kor,2026-07-27,18:54:33,-07:00,2026-07-27T18:54:33-07:00,0,0
style.css,87,css,f189fd9d,Ishaan Kor,2026-07-27,18:54:33,-07:00,2026-07-27T18:54:33-07:00,0,0
style.css,88,css,f189fd9d,Ishaan Kor,2026-07-27,18:54:33,-07:00,2026-07-27T18:54:33-07:00,0,21
style.css,89,css,f189fd9d,Ishaan Kor,2026-07-27,18:54:33,-07:00,2026-07-27T18:54:33-07:00,0,19
style.css,90,css,f189fd9d,Ishaan Kor,2026-07-27,18:54:33,-07:00,2026-07-27T18:54:33-07:00,0,19
style.css,91,css,f189fd9d,Ishaan Kor,2026-07-27,18:54:33,-07:00,2026-07-27T18:54:33-07:00,0,31
style.css,92,css,f189fd9d,Ishaan Kor,2026-07-27,18:54:33,-07:00,2026-07-27T18:54:33-07:00,0,22
style.css,93,css,f189fd9d,Ishaan Kor,2026-07-27,18:54:33,-07:00,2026-07-27T18:54:33-07:00,0,16
style.css,94,css,f189fd9d,Ishaan Kor,2026-07-27,18:54:33,-07:00,2026-07-27T18:54:33-07:00,0,0
style.css,95,css,f189fd9d,Ishaan Kor,2026-07-27,18:54:33,-07:00,2026-07-27T18:54:33-07:00,0,0
style.css,96,css,f189fd9d,Ishaan Kor,2026-07-27,18:54:33,-07:00,2026-07-27T18:54:33-07:00,0,2
style.css,97,css,f189fd9d,Ishaan Kor,2026-07-27,18:54:33,-07:00,2026-07-27T18:54:33-07:00,0,2
style.css,98,css,f189fd9d,Ishaan Kor,2026-07-27,18:54:33,-07:00,2026-07-27T18:54:33-07:00,0,2
style.css,99,css,f189fd9d,Ishaan Kor,2026-07-27,18:54:33,-07:00,2026-07-27T18:54:33-07:00,0,3
style.css,100,css,f189fd9d,Ishaan Kor,2026-07-27,18:54:33,-07:00,2026-07-27T18:54:33-07:00,0,9
style.css,101,css,f189fd9d,Ishaan Kor,2026-07-27,18:54:33,-07:00,2026-07-27T18:54:33-07:00,0,17
style.css,102,css,f189fd9d,Ishaan Kor,2026-07-27,18:54:33,-07:00,2026-07-27T18:54:33-07:00,0,0
style.css,103,css,f189fd9d,Ishaan Kor,2026-07-27,18:54:33,-07:00,2026-07-27T18:54:33-07:00,0,0
style.css,104,css,f189fd9d,Ishaan Kor,2026-07-27,18:54:33,-07:00,2026-07-27T18:54:33-07:00,0,3
style.css,105,css,f189fd9d,Ishaan Kor,2026-07-27,18:54:33,-07:00,2026-07-27T18:54:33-07:00,0,48
style.css,106,css,f189fd9d,Ishaan Kor,2026-07-27,18:54:33,-07:00,2026-07-27T18:54:33-07:00,0,0
style.css,107,css,f189fd9d,Ishaan Kor,2026-07-27,18:54:33,-07:00,2026-07-27T18:54:33-07:00,0,0
style.css,108,css,f189fd9d,Ishaan Kor,2026-07-27,18:54:33,-07:00,2026-07-27T18:54:33-07:00,0,3
style.css,109,css,f189fd9d,Ishaan Kor,2026-07-27,18:54:33,-07:00,2026-07-27T18:54:33-07:00,0,46
style.css,110,css,f189fd9d,Ishaan Kor,2026-07-27,18:54:33,-07:00,2026-07-27T18:54:33-07:00,0,0
style.css,111,css,f189fd9d,Ishaan Kor,2026-07-27,18:54:33,-07:00,2026-07-27T18:54:33-07:00,0,0
style.css,112,css,f189fd9d,Ishaan Kor,2026-07-27,18:54:33,-07:00,2026-07-27T18:54:33-07:00,0,2
style.css,113,css,f189fd9d,Ishaan Kor,2026-07-27,18:54:33,-07:00,2026-07-27T18:54:33-07:00,0,9
style.css,114,css,f189fd9d,Ishaan Kor,2026-07-27,18:54:33,-07:00,2026-07-27T18:54:33-07:00,0,0
style.css,115,css,f189fd9d,Ishaan Kor,2026-07-27,18:54:33,-07:00,2026-07-27T18:54:33-07:00,0,0
style.css,116,css,f189fd9d,Ishaan Kor,2026-07-27,18:54:33,-07:00,2026-07-27T18:54:33-07:00,0,8
style.css,117,css,f189fd9d,Ishaan Kor,2026-07-27,18:54:33,-07:00,2026-07-27T18:54:33-07:00,0,12
style.css,118,css,f189fd9d,Ishaan Kor,2026-07-27,18:54:33,-07:00,2026-07-27T18:54:33-07:00,0,15
style.css,119,css,f189fd9d,Ishaan Kor,2026-07-27,18:54:33,-07:00,2026-07-27T18:54:33-07:00,0,25
style.css,120,css,f189fd9d,Ishaan Kor,2026-07-27,18:54:33,-07:00,2026-07-27T18:54:33-07:00,0,22
style.css,121,css,f189fd9d,Ishaan Kor,2026-07-27,18:54:33,-07:00,2026-07-27T18:54:33-07:00,0,18
style.css,122,css,f189fd9d,Ishaan Kor,2026-07-27,18:54:33,-07:00,2026-07-27T18:54:33-07:00,0,20
style.css,123,css,f189fd9d,Ishaan Kor,2026-07-27,18:54:33,-07:00,2026-07-27T18:54:33-07:00,0,22
style.css,124,css,f189fd9d,Ishaan Kor,2026-07-27,18:54:33,-07:00,2026-07-27T18:54:33-07:00,0,0
style.css,125,css,f189fd9d,Ishaan Kor,2026-07-27,18:54:33,-07:00,2026-07-27T18:54:33-07:00,0,0
style.css,126,css,f189fd9d,Ishaan Kor,2026-07-27,18:54:33,-07:00,2026-07-27T18:54:33-07:00,0,6
style.css,127,css,f189fd9d,Ishaan Kor,2026-07-27,18:54:33,-07:00,2026-07-27T18:54:33-07:00,0,13
style.css,128,css,f189fd9d,Ishaan Kor,2026-07-27,18:54:33,-07:00,2026-07-27T18:54:33-07:00,0,58
style.css,129,css,f189fd9d,Ishaan Kor,2026-07-27,18:54:33,-07:00,2026-07-27T18:54:33-07:00,0,9
style.css,130,css,f189fd9d,Ishaan Kor,2026-07-27,18:54:33,-07:00,2026-07-27T18:54:33-07:00,0,18
style.css,131,css,f189fd9d,Ishaan Kor,2026-07-27,18:54:33,-07:00,2026-07-27T18:54:33-07:00,0,20
style.css,132,css,f189fd9d,Ishaan Kor,2026-07-27,18:54:33,-07:00,2026-07-27T18:54:33-07:00,0,0
style.css,133,css,f189fd9d,Ishaan Kor,2026-07-27,18:54:33,-07:00,2026-07-27T18:54:33-07:00,0,0
style.css,134,css,f189fd9d,Ishaan Kor,2026-07-27,18:54:33,-07:00,2026-07-27T18:54:33-07:00,0,11
style.css,135,css,f189fd9d,Ishaan Kor,2026-07-27,18:54:33,-07:00,2026-07-27T18:54:33-07:00,0,13
style.css,136,css,f189fd9d,Ishaan Kor,2026-07-27,18:54:33,-07:00,2026-07-27T18:54:33-07:00,0,22
style.css,137,css,f189fd9d,Ishaan Kor,2026-07-27,18:54:33,-07:00,2026-07-27T18:54:33-07:00,0,12
style.css,138,css,f189fd9d,Ishaan Kor,2026-07-27,18:54:33,-07:00,2026-07-27T18:54:33-07:00,0,0
style.css,139,css,f189fd9d,Ishaan Kor,2026-07-27,18:54:33,-07:00,2026-07-27T18:54:33-07:00,0,0
style.css,140,css,f189fd9d,Ishaan Kor,2026-07-27,18:54:33,-07:00,2026-07-27T18:54:33-07:00,0,10
style.css,141,css,f189fd9d,Ishaan Kor,2026-07-27,18:54:33,-07:00,2026-07-27T18:54:33-07:00,0,13
style.css,142,css,f189fd9d,Ishaan Kor,2026-07-27,18:54:33,-07:00,2026-07-27T18:54:33-07:00,0,15
style.css,143,css,f189fd9d,Ishaan Kor,2026-07-27,18:54:33,-07:00,2026-07-27T18:54:33-07:00,0,17
style.css,144,css,f189fd9d,Ishaan Kor,2026-07-27,18:54:33,-07:00,2026-07-27T18:54:33-07:00,0,24
style.css,145,css,f189fd9d,Ishaan Kor,2026-07-27,18:54:33,-07:00,2026-07-27T18:54:33-07:00,0,16
style.css,146,css,f189fd9d,Ishaan Kor,2026-07-27,18:54:33,-07:00,2026-07-27T18:54:33-07:00,0,0
style.css,147,css,f189fd9d,Ishaan Kor,2026-07-27,18:54:33,-07:00,2026-07-27T18:54:33-07:00,0,0
style.css,148,css,f189fd9d,Ishaan Kor,2026-07-27,18:54:33,-07:00,2026-07-27T18:54:33-07:00,0,14
style.css,149,css,f189fd9d,Ishaan Kor,2026-07-27,18:54:33,-07:00,2026-07-27T18:54:33-07:00,0,13
style.css,150,css,f189fd9d,Ishaan Kor,2026-07-27,18:54:33,-07:00,2026-07-27T18:54:33-07:00,0,15
style.css,151,css,f189fd9d,Ishaan Kor,2026-07-27,18:54:33,-07:00,2026-07-27T18:54:33-07:00,0,12
style.css,152,css,f189fd9d,Ishaan Kor,2026-07-27,18:54:33,-07:00,2026-07-27T18:54:33-07:00,0,0
style.css,153,css,f189fd9d,Ishaan Kor,2026-07-27,18:54:33,-07:00,2026-07-27T18:54:33-07:00,0,0
style.css,154,css,f189fd9d,Ishaan Kor,2026-07-27,18:54:33,-07:00,2026-07-27T18:54:33-07:00,0,7
style.css,155,css,f189fd9d,Ishaan Kor,2026-07-27,18:54:33,-07:00,2026-07-27T18:54:33-07:00,0,13
style.css,156,css,f189fd9d,Ishaan Kor,2026-07-27,18:54:33,-07:00,2026-07-27T18:54:33-07:00,0,20
style.css,157,css,f189fd9d,Ishaan Kor,2026-07-27,18:54:33,-07:00,2026-07-27T18:54:33-07:00,0,19
style.css,158,css,f189fd9d,Ishaan Kor,2026-07-27,18:54:33,-07:00,2026-07-27T18:54:33-07:00,0,23
style.css,159,css,f189fd9d,Ishaan Kor,2026-07-27,18:54:33,-07:00,2026-07-27T18:54:33-07:00,0,23
style.css,160,css,f189fd9d,Ishaan Kor,2026-07-27,18:54:33,-07:00,2026-07-27T18:54:33-07:00,0,20
style.css,161,css,f189fd9d,Ishaan Kor,2026-07-27,18:54:33,-07:00,2026-07-27T18:54:33-07:00,0,21
style.css,162,css,f189fd9d,Ishaan Kor,2026-07-27,18:54:33,-07:00,2026-07-27T18:54:33-07:00,0,16
style.css,163,css,f189fd9d,Ishaan Kor,2026-07-27,18:54:33,-07:00,2026-07-27T18:54:33-07:00,0,78
style.css,164,css,f189fd9d,Ishaan Kor,2026-07-27,18:54:33,-07:00,2026-07-27T18:54:33-07:00,0,0
style.css,165,css,f189fd9d,Ishaan Kor,2026-07-27,18:54:33,-07:00,2026-07-27T18:54:33-07:00,0,0
style.css,166,css,f189fd9d,Ishaan Kor,2026-07-27,18:54:33,-07:00,2026-07-27T18:54:33-07:00,0,8
style.css,167,css,f189fd9d,Ishaan Kor,2026-07-27,18:54:33,-07:00,2026-07-27T18:54:33-07:00,0,25
style.css,168,css,f189fd9d,Ishaan Kor,2026-07-27,18:54:33,-07:00,2026-07-27T18:54:33-07:00,0,12
style.css,169,css,f189fd9d,Ishaan Kor,2026-07-27,18:54:33,-07:00,2026-07-27T18:54:33-07:00,0,0
style.css,170,css,f189fd9d,Ishaan Kor,2026-07-27,18:54:33,-07:00,2026-07-27T18:54:33-07:00,0,0
style.css,171,css,f189fd9d,Ishaan Kor,2026-07-27,18:54:33,-07:00,2026-07-27T18:54:33-07:00,0,18
style.css,172,css,f189fd9d,Ishaan Kor,2026-07-27,18:54:33,-07:00,2026-07-27T18:54:33-07:00,0,16
style.css,173,css,f189fd9d,Ishaan Kor,2026-07-27,18:54:33,-07:00,2026-07-27T18:54:33-07:00,0,20
style.css,174,css,f189fd9d,Ishaan Kor,2026-07-27,18:54:33,-07:00,2026-07-27T18:54:33-07:00,0,36
style.css,175,css,f189fd9d,Ishaan Kor,2026-07-27,18:54:33,-07:00,2026-07-27T18:54:33-07:00,0,0
style.css,176,css,f189fd9d,Ishaan Kor,2026-07-27,18:54:33,-07:00,2026-07-27T18:54:33-07:00,0,0
style.css,177,css,f189fd9d,Ishaan Kor,2026-07-27,18:54:33,-07:00,2026-07-27T18:54:33-07:00,0,13
style.css,178,css,f189fd9d,Ishaan Kor,2026-07-27,18:54:33,-07:00,2026-07-27T18:54:33-07:00,0,18
style.css,179,css,f189fd9d,Ishaan Kor,2026-07-27,18:54:33,-07:00,2026-07-27T18:54:33-07:00,0,24
style.css,180,css,f189fd9d,Ishaan Kor,2026-07-27,18:54:33,-07:00,2026-07-27T18:54:33-07:00,0,27
style.css,181,css,f189fd9d,Ishaan Kor,2026-07-27,18:54:33,-07:00,2026-07-27T18:54:33-07:00,0,0
style.css,182,css,f189fd9d,Ishaan Kor,2026-07-27,18:54:33,-07:00,2026-07-27T18:54:33-07:00,0,0
style.css,183,css,f189fd9d,Ishaan Kor,2026-07-27,18:54:33,-07:00,2026-07-27T18:54:33-07:00,0,8
style.css,184,css,f189fd9d,Ishaan Kor,2026-07-27,18:54:33,-07:00,2026-07-27T18:54:33-07:00,0,10
style.css,185,css,f189fd9d,Ishaan Kor,2026-07-27,18:54:33,-07:00,2026-07-27T18:54:33-07:00,0,39
style.css,186,css,f189fd9d,Ishaan Kor,2026-07-27,18:54:33,-07:00,2026-07-27T18:54:33-07:00,0,50
style.css,187,css,f189fd9d,Ishaan Kor,2026-07-27,18:54:33,-07:00,2026-07-27T18:54:33-07:00,0,31
style.css,188,css,f189fd9d,Ishaan Kor,2026-07-27,18:54:33,-07:00,2026-07-27T18:54:33-07:00,0,0
style.css,189,css,f189fd9d,Ishaan Kor,2026-07-27,18:54:33,-07:00,2026-07-27T18:54:33-07:00,0,0
style.css,190,css,f189fd9d,Ishaan Kor,2026-07-27,18:54:33,-07:00,2026-07-27T18:54:33-07:00,0,17
style.css,191,css,f189fd9d,Ishaan Kor,2026-07-27,18:54:33,-07:00,2026-07-27T18:54:33-07:00,0,10
style.css,192,css,f189fd9d,Ishaan Kor,2026-07-27,18:54:33,-07:00,2026-07-27T18:54:33-07:00,0,33
style.css,193,css,f189fd9d,Ishaan Kor,2026-07-27,18:54:33,-07:00,2026-07-27T18:54:33-07:00,0,0
style.css,194,css,f189fd9d,Ishaan Kor,2026-07-27,18:54:33,-07:00,2026-07-27T18:54:33-07:00,0,0
style.css,195,css,f189fd9d,Ishaan Kor,2026-07-27,18:54:33,-07:00,2026-07-27T18:54:33-07:00,0,51
style.css,196,css,f189fd9d,Ishaan Kor,2026-07-27,18:54:33,-07:00,2026-07-27T18:54:33-07:00,0,51
style.css,197,css,f189fd9d,Ishaan Kor,2026-07-27,18:54:33,-07:00,2026-07-27T18:54:33-07:00,0,51
style.css,198,css,f189fd9d,Ishaan Kor,2026-07-27,18:54:33,-07:00,2026-07-27T18:54:33-07:00,0,51
style.css,199,css,f189fd9d,Ishaan Kor,2026-07-27,18:54:33,-07:00,2026-07-27T18:54:33-07:00,0,0
style.css,200,css,f189fd9d,Ishaan Kor,2026-07-27,18:54:33,-07:00,2026-07-27T18:54:33-07:00,0,13
style.css,201,css,f189fd9d,Ishaan Kor,2026-07-27,18:54:33,-07:00,2026-07-27T18:54:33-07:00,0,13
style.css,202,css,f189fd9d,Ishaan Kor,2026-07-27,18:54:33,-07:00,2026-07-27T18:54:33-07:00,0,11
style.css,203,css,f189fd9d,Ishaan Kor,2026-07-27,18:54:33,-07:00,2026-07-27T18:54:33-07:00,0,29
style.css,204,css,f189fd9d,Ishaan Kor,2026-07-27,18:54:33,-07:00,2026-07-27T18:54:33-07:00,0,0
style.css,205,css,f189fd9d,Ishaan Kor,2026-07-27,18:54:33,-07:00,2026-07-27T18:54:33-07:00,0,0
style.css,206,css,f189fd9d,Ishaan Kor,2026-07-27,18:54:33,-07:00,2026-07-27T18:54:33-07:00,0,16
style.css,207,css,f189fd9d,Ishaan Kor,2026-07-27,18:54:33,-07:00,2026-07-27T18:54:33-07:00,0,16
style.css,208,css,f189fd9d,Ishaan Kor,2026-07-27,18:54:33,-07:00,2026-07-27T18:54:33-07:00,0,24
style.css,209,css,f189fd9d,Ishaan Kor,2026-07-27,18:54:33,-07:00,2026-07-27T18:54:33-07:00,0,0
style.css,210,css,f189fd9d,Ishaan Kor,2026-07-27,18:54:33,-07:00,2026-07-27T18:54:33-07:00,0,0
style.css,211,css,f189fd9d,Ishaan Kor,2026-07-27,18:54:33,-07:00,2026-07-27T18:54:33-07:00,0,12
style.css,212,css,f189fd9d,Ishaan Kor,2026-07-27,18:54:33,-07:00,2026-07-27T18:54:33-07:00,0,13
style.css,213,css,f189fd9d,Ishaan Kor,2026-07-27,18:54:33,-07:00,2026-07-27T18:54:33-07:00,0,9
style.css,214,css,f189fd9d,Ishaan Kor,2026-07-27,18:54:33,-07:00,2026-07-27T18:54:33-07:00,0,0
style.css,215,css,f189fd9d,Ishaan Kor,2026-07-27,18:54:33,-07:00,2026-07-27T18:54:33-07:00,0,0
style.css,216,css,f189fd9d,Ishaan Kor,2026-07-27,18:54:33,-07:00,2026-07-27T18:54:33-07:00,0,12
style.css,217,css,f189fd9d,Ishaan Kor,2026-07-27,18:54:33,-07:00,2026-07-27T18:54:33-07:00,0,11
style.css,218,css,f189fd9d,Ishaan Kor,2026-07-27,18:54:33,-07:00,2026-07-27T18:54:33-07:00,0,19
style.css,219,css,f189fd9d,Ishaan Kor,2026-07-27,18:54:33,-07:00,2026-07-27T18:54:33-07:00,0,17
style.css,220,css,f189fd9d,Ishaan Kor,2026-07-27,18:54:33,-07:00,2026-07-27T18:54:33-07:00,0,28
style.css,221,css,f189fd9d,Ishaan Kor,2026-07-27,18:54:33,-07:00,2026-07-27T18:54:33-07:00,0,25
style.css,222,css,f189fd9d,Ishaan Kor,2026-07-27,18:54:33,-07:00,2026-07-27T18:54:33-07:00,0,0
style.css,223,css,f189fd9d,Ishaan Kor,2026-07-27,18:54:33,-07:00,2026-07-27T18:54:33-07:00,0,0
style.css,224,css,f189fd9d,Ishaan Kor,2026-07-27,18:54:33,-07:00,2026-07-27T18:54:33-07:00,0,16
style.css,225,css,f189fd9d,Ishaan Kor,2026-07-27,18:54:33,-07:00,2026-07-27T18:54:33-07:00,0,16
style.css,226,css,f189fd9d,Ishaan Kor,2026-07-27,18:54:33,-07:00,2026-07-27T18:54:33-07:00,0,13
style.css,227,css,f189fd9d,Ishaan Kor,2026-07-27,18:54:33,-07:00,2026-07-27T18:54:33-07:00,0,14
style.css,228,css,f189fd9d,Ishaan Kor,2026-07-27,18:54:33,-07:00,2026-07-27T18:54:33-07:00,0,18
style.css,229,css,f189fd9d,Ishaan Kor,2026-07-27,18:54:33,-07:00,2026-07-27T18:54:33-07:00,0,14
style.css,230,css,f189fd9d,Ishaan Kor,2026-07-27,18:54:33,-07:00,2026-07-27T18:54:33-07:00,0,26
style.css,231,css,f189fd9d,Ishaan Kor,2026-07-27,18:54:33,-07:00,2026-07-27T18:54:33-07:00,0,31
style.css,232,css,f189fd9d,Ishaan Kor,2026-07-27,18:54:33,-07:00,2026-07-27T18:54:33-07:00,0,28
style.css,233,css,f189fd9d,Ishaan Kor,2026-07-27,18:54:33,-07:00,2026-07-27T18:54:33-07:00,0,25
style.css,234,css,f189fd9d,Ishaan Kor,2026-07-27,18:54:33,-07:00,2026-07-27T18:54:33-07:00,0,0
style.css,235,css,f189fd9d,Ishaan Kor,2026-07-27,18:54:33,-07:00,2026-07-27T18:54:33-07:00,0,0
style.css,236,css,f189fd9d,Ishaan Kor,2026-07-27,18:54:33,-07:00,2026-07-27T18:54:33-07:00,0,17
style.css,237,css,f189fd9d,Ishaan Kor,2026-07-27,18:54:33,-07:00,2026-07-27T18:54:33-07:00,0,16
style.css,238,css,f189fd9d,Ishaan Kor,2026-07-27,18:54:33,-07:00,2026-07-27T18:54:33-07:00,0,0
style.css,239,css,f189fd9d,Ishaan Kor,2026-07-27,18:54:33,-07:00,2026-07-27T18:54:33-07:00,0,0
style.css,240,css,f189fd9d,Ishaan Kor,2026-07-27,18:54:33,-07:00,2026-07-27T18:54:33-07:00,0,14
style.css,241,css,f189fd9d,Ishaan Kor,2026-07-27,18:54:33,-07:00,2026-07-27T18:54:33-07:00,0,13
style.css,242,css,f189fd9d,Ishaan Kor,2026-07-27,18:54:33,-07:00,2026-07-27T18:54:33-07:00,0,12
style.css,243,css,f189fd9d,Ishaan Kor,2026-07-27,18:54:33,-07:00,2026-07-27T18:54:33-07:00,0,17
style.css,244,css,f189fd9d,Ishaan Kor,2026-07-27,18:54:33,-07:00,2026-07-27T18:54:33-07:00,0,14
style.css,245,css,f189fd9d,Ishaan Kor,2026-07-27,18:54:33,-07:00,2026-07-27T18:54:33-07:00,0,20
style.css,246,css,f189fd9d,Ishaan Kor,2026-07-27,18:54:33,-07:00,2026-07-27T18:54:33-07:00,0,0
style.css,247,css,f189fd9d,Ishaan Kor,2026-07-27,18:54:33,-07:00,2026-07-27T18:54:33-07:00,0,0
style.css,248,css,f189fd9d,Ishaan Kor,2026-07-27,18:54:33,-07:00,2026-07-27T18:54:33-07:00,0,14
style.css,249,css,f189fd9d,Ishaan Kor,2026-07-27,18:54:33,-07:00,2026-07-27T18:54:33-07:00,0,13
style.css,250,css,f189fd9d,Ishaan Kor,2026-07-27,18:54:33,-07:00,2026-07-27T18:54:33-07:00,0,59
style.css,251,css,f189fd9d,Ishaan Kor,2026-07-27,18:54:33,-07:00,2026-07-27T18:54:33-07:00,0,9
style.css,252,css,f189fd9d,Ishaan Kor,2026-07-27,18:54:33,-07:00,2026-07-27T18:54:33-07:00,0,19
style.css,253,css,f189fd9d,Ishaan Kor,2026-07-27,18:54:33,-07:00,2026-07-27T18:54:33-07:00,0,0
style.css,254,css,f189fd9d,Ishaan Kor,2026-07-27,18:54:33,-07:00,2026-07-27T18:54:33-07:00,0,0
style.css,255,css,f189fd9d,Ishaan Kor,2026-07-27,18:54:33,-07:00,2026-07-27T18:54:33-07:00,0,14
style.css,256,css,f189fd9d,Ishaan Kor,2026-07-27,18:54:33,-07:00,2026-07-27T18:54:33-07:00,0,13
style.css,257,css,f189fd9d,Ishaan Kor,2026-07-27,18:54:33,-07:00,2026-07-27T18:54:33-07:00,0,9
style.css,258,css,f189fd9d,Ishaan Kor,2026-07-27,18:54:33,-07:00,2026-07-27T18:54:33-07:00,0,19
style.css,259,css,f189fd9d,Ishaan Kor,2026-07-27,18:54:33,-07:00,2026-07-27T18:54:33-07:00,0,0
style.css,260,css,f189fd9d,Ishaan Kor,2026-07-27,18:54:33,-07:00,2026-07-27T18:54:33-07:00,0,0
style.css,261,css,f189fd9d,Ishaan Kor,2026-07-27,18:54:33,-07:00,2026-07-27T18:54:33-07:00,0,15
style.css,262,css,f189fd9d,Ishaan Kor,2026-07-27,18:54:33,-07:00,2026-07-27T18:54:33-07:00,0,13
style.css,263,css,f189fd9d,Ishaan Kor,2026-07-27,18:54:33,-07:00,2026-07-27T18:54:33-07:00,0,12
style.css,264,css,f189fd9d,Ishaan Kor,2026-07-27,18:54:33,-07:00,2026-07-27T18:54:33-07:00,0,10
style.css,265,css,f189fd9d,Ishaan Kor,2026-07-27,18:54:33,-07:00,2026-07-27T18:54:33-07:00,0,0
style.css,266,css,f189fd9d,Ishaan Kor,2026-07-27,18:54:33,-07:00,2026-07-27T18:54:33-07:00,0,0
style.css,267,css,f189fd9d,Ishaan Kor,2026-07-27,18:54:33,-07:00,2026-07-27T18:54:33-07:00,0,14
style.css,268,css,f189fd9d,Ishaan Kor,2026-07-27,18:54:33,-07:00,2026-07-27T18:54:33-07:00,0,19
style.css,269,css,f189fd9d,Ishaan Kor,2026-07-27,18:54:33,-07:00,2026-07-27T18:54:33-07:00,0,26
style.css,270,css,f189fd9d,Ishaan Kor,2026-07-27,18:54:33,-07:00,2026-07-27T18:54:33-07:00,0,31
style.css,271,css,f189fd9d,Ishaan Kor,2026-07-27,18:54:33,-07:00,2026-07-27T18:54:33-07:00,0,28
style.css,272,css,f189fd9d,Ishaan Kor,2026-07-27,18:54:33,-07:00,2026-07-27T18:54:33-07:00,0,13
style.css,273,css,f189fd9d,Ishaan Kor,2026-07-27,18:54:33,-07:00,2026-07-27T18:54:33-07:00,0,0
style.css,274,css,f189fd9d,Ishaan Kor,2026-07-27,18:54:33,-07:00,2026-07-27T18:54:33-07:00,0,0
style.css,275,css,f189fd9d,Ishaan Kor,2026-07-27,18:54:33,-07:00,2026-07-27T18:54:33-07:00,0,15
style.css,276,css,f189fd9d,Ishaan Kor,2026-07-27,18:54:33,-07:00,2026-07-27T18:54:33-07:00,0,18
style.css,277,css,f189fd9d,Ishaan Kor,2026-07-27,18:54:33,-07:00,2026-07-27T18:54:33-07:00,0,0
style.css,278,css,f189fd9d,Ishaan Kor,2026-07-27,18:54:33,-07:00,2026-07-27T18:54:33-07:00,0,0
style.css,279,css,f189fd9d,Ishaan Kor,2026-07-27,18:54:33,-07:00,2026-07-27T18:54:33-07:00,0,19
style.css,280,css,f189fd9d,Ishaan Kor,2026-07-27,18:54:33,-07:00,2026-07-27T18:54:33-07:00,0,24
style.css,281,css,f189fd9d,Ishaan Kor,2026-07-27,18:54:33,-07:00,2026-07-27T18:54:33-07:00,0,13
style.css,282,css,f189fd9d,Ishaan Kor,2026-07-27,18:54:33,-07:00,2026-07-27T18:54:33-07:00,0,0
style.css,283,css,f189fd9d,Ishaan Kor,2026-07-27,18:54:33,-07:00,2026-07-27T18:54:33-07:00,0,0
style.css,284,css,f189fd9d,Ishaan Kor,2026-07-27,18:54:33,-07:00,2026-07-27T18:54:33-07:00,0,8
style.css,285,css,f189fd9d,Ishaan Kor,2026-07-27,18:54:33,-07:00,2026-07-27T18:54:33-07:00,0,10
style.css,286,css,f189fd9d,Ishaan Kor,2026-07-27,18:54:33,-07:00,2026-07-27T18:54:33-07:00,0,39
style.css,287,css,f189fd9d,Ishaan Kor,2026-07-27,18:54:33,-07:00,2026-07-27T18:54:33-07:00,0,50
style.css,288,css,f189fd9d,Ishaan Kor,2026-07-27,18:54:33,-07:00,2026-07-27T18:54:33-07:00,0,31
style.css,289,css,f189fd9d,Ishaan Kor,2026-07-27,18:54:33,-07:00,2026-07-27T18:54:33-07:00,0,0
style.css,290,css,f189fd9d,Ishaan Kor,2026-07-27,18:54:33,-07:00,2026-07-27T18:54:33-07:00,0,0
style.css,291,css,f189fd9d,Ishaan Kor,2026-07-27,18:54:33,-07:00,2026-07-27T18:54:33-07:00,0,17
style.css,292,css,f189fd9d,Ishaan Kor,2026-07-27,18:54:33,-07:00,2026-07-27T18:54:33-07:00,0,10
style.css,293,css,f189fd9d,Ishaan Kor,2026-07-27,18:54:33,-07:00,2026-07-27T18:54:33-07:00,0,33
style.css,294,css,f189fd9d,Ishaan Kor,2026-07-27,18:54:33,-07:00,2026-07-27T18:54:33-07:00,0,0
style.css,295,css,f189fd9d,Ishaan Kor,2026-07-27,18:54:33,-07:00,2026-07-27T18:54:33-07:00,0,0
style.css,296,css,f189fd9d,Ishaan Kor,2026-07-27,18:54:33,-07:00,2026-07-27T18:54:33-07:00,0,51
style.css,297,css,f189fd9d,Ishaan Kor,2026-07-27,18:54:33,-07:00,2026-07-27T18:54:33-07:00,0,51
style.css,298,css,f189fd9d,Ishaan Kor,2026-07-27,18:54:33,-07:00,2026-07-27T18:54:33-07:00,0,51
style.css,299,css,f189fd9d,Ishaan Kor,2026-07-27,18:54:33,-07:00,2026-07-27T18:54:33-07:00,0,51
style.css,300,css,f189fd9d,Ishaan Kor,2026-07-27,18:54:33,-07:00,2026-07-27T18:54:33-07:00,0,0
style.css,301,css,f189fd9d,Ishaan Kor,2026-07-27,18:54:33,-07:00,2026-07-27T18:54:33-07:00,0,20
style.css,302,css,f189fd9d,Ishaan Kor,2026-07-27,18:54:33,-07:00,2026-07-27T18:54:33-07:00,0,96
style.css,303,css,f189fd9d,Ishaan Kor,2026-07-27,18:54:33,-07:00,2026-07-27T18:54:33-07:00,0,0
style.css,304,css,f189fd9d,Ishaan Kor,2026-07-27,18:54:33,-07:00,2026-07-27T18:54:33-07:00,0,0
style.css,305,css,f189fd9d,Ishaan Kor,2026-07-27,18:54:33,-07:00,2026-07-27T18:54:33-07:00,0,26
style.css,306,css,f189fd9d,Ishaan Kor,2026-07-27,18:54:33,-07:00,2026-07-27T18:54:33-07:00,0,27
style.css,307,css,f189fd9d,Ishaan Kor,2026-07-27,18:54:33,-07:00,2026-07-27T18:54:33-07:00,0,47
style.css,308,css,f189fd9d,Ishaan Kor,2026-07-27,18:54:33,-07:00,2026-07-27T18:54:33-07:00,0,0
style.css,309,css,f189fd9d,Ishaan Kor,2026-07-27,18:54:33,-07:00,2026-07-27T18:54:33-07:00,0,0
style.css,310,css,f189fd9d,Ishaan Kor,2026-07-27,18:54:33,-07:00,2026-07-27T18:54:33-07:00,0,27
style.css,311,css,f189fd9d,Ishaan Kor,2026-07-27,18:54:33,-07:00,2026-07-27T18:54:33-07:00,0,52
style.css,312,css,f189fd9d,Ishaan Kor,2026-07-27,18:54:33,-07:00,2026-07-27T18:54:33-07:00,0,0
style.css,313,css,f189fd9d,Ishaan Kor,2026-07-27,18:54:33,-07:00,2026-07-27T18:54:33-07:00,0,0
style.css,314,css,f189fd9d,Ishaan Kor,2026-07-27,18:54:33,-07:00,2026-07-27T18:54:33-07:00,0,33
style.css,315,css,f189fd9d,Ishaan Kor,2026-07-27,18:54:33,-07:00,2026-07-27T18:54:33-07:00,0,22
style.css,316,css,f189fd9d,Ishaan Kor,2026-07-27,18:54:33,-07:00,2026-07-27T18:54:33-07:00,0,13
style.css,317,css,f189fd9d,Ishaan Kor,2026-07-27,18:54:33,-07:00,2026-07-27T18:54:33-07:00,0,0
style.css,318,css,f189fd9d,Ishaan Kor,2026-07-27,18:54:33,-07:00,2026-07-27T18:54:33-07:00,0,0
style.css,319,css,f189fd9d,Ishaan Kor,2026-07-27,18:54:33,-07:00,2026-07-27T18:54:33-07:00,0,15
style.css,320,css,f189fd9d,Ishaan Kor,2026-07-27,18:54:33,-07:00,2026-07-27T18:54:33-07:00,0,13
style.css,321,css,f189fd9d,Ishaan Kor,2026-07-27,18:54:33,-07:00,2026-07-27T18:54:33-07:00,0,12
style.css,322,css,f189fd9d,Ishaan Kor,2026-07-27,18:54:33,-07:00,2026-07-27T18:54:33-07:00,0,26
style.css,323,css,f189fd9d,Ishaan Kor,2026-07-27,18:54:33,-07:00,2026-07-27T18:54:33-07:00,0,0
style.css,324,css,f189fd9d,Ishaan Kor,2026-07-27,18:54:33,-07:00,2026-07-27T18:54:33-07:00,0,0
style.css,325,css,f189fd9d,Ishaan Kor,2026-07-27,18:54:33,-07:00,2026-07-27T18:54:33-07:00,0,18
style.css,326,css,f189fd9d,Ishaan Kor,2026-07-27,18:54:33,-07:00,2026-07-27T18:54:33-07:00,0,16
style.css,327,css,f189fd9d,Ishaan Kor,2026-07-27,18:54:33,-07:00,2026-07-27T18:54:33-07:00,0,24
style.css,328,css,f189fd9d,Ishaan Kor,2026-07-27,18:54:33,-07:00,2026-07-27T18:54:33-07:00,0,0
style.css,329,css,f189fd9d,Ishaan Kor,2026-07-27,18:54:33,-07:00,2026-07-27T18:54:33-07:00,0,0
style.css,330,css,f189fd9d,Ishaan Kor,2026-07-27,18:54:33,-07:00,2026-07-27T18:54:33-07:00,0,14
style.css,331,css,f189fd9d,Ishaan Kor,2026-07-27,18:54:33,-07:00,2026-07-27T18:54:33-07:00,0,13
style.css,332,css,f189fd9d,Ishaan Kor,2026-07-27,18:54:33,-07:00,2026-07-27T18:54:33-07:00,0,48
style.css,333,css,f189fd9d,Ishaan Kor,2026-07-27,18:54:33,-07:00,2026-07-27T18:54:33-07:00,0,9
style.css,334,css,f189fd9d,Ishaan Kor,2026-07-27,18:54:33,-07:00,2026-07-27T18:54:33-07:00,0,14
style.css,335,css,f189fd9d,Ishaan Kor,2026-07-27,18:54:33,-07:00,2026-07-27T18:54:33-07:00,0,0
style.css,336,css,f189fd9d,Ishaan Kor,2026-07-27,18:54:33,-07:00,2026-07-27T18:54:33-07:00,0,0
style.css,337,css,f189fd9d,Ishaan Kor,2026-07-27,18:54:33,-07:00,2026-07-27T18:54:33-07:00,0,14
style.css,338,css,f189fd9d,Ishaan Kor,2026-07-27,18:54:33,-07:00,2026-07-27T18:54:33-07:00,0,15
style.css,339,css,f189fd9d,Ishaan Kor,2026-07-27,18:54:33,-07:00,2026-07-27T18:54:33-07:00,0,0
style.css,340,css,f189fd9d,Ishaan Kor,2026-07-27,18:54:33,-07:00,2026-07-27T18:54:33-07:00,0,0
style.css,341,css,f189fd9d,Ishaan Kor,2026-07-27,18:54:33,-07:00,2026-07-27T18:54:33-07:00,0,19
style.css,342,css,f189fd9d,Ishaan Kor,2026-07-27,18:54:33,-07:00,2026-07-27T18:54:33-07:00,0,13
style.css,343,css,f189fd9d,Ishaan Kor,2026-07-27,18:54:33,-07:00,2026-07-27T18:54:33-07:00,0,32
style.css,344,css,f189fd9d,Ishaan Kor,2026-07-27,18:54:33,-07:00,2026-07-27T18:54:33-07:00,0,9
style.css,345,css,f189fd9d,Ishaan Kor,2026-07-27,18:54:33,-07:00,2026-07-27T18:54:33-07:00,0,19
style.css,346,css,f189fd9d,Ishaan Kor,2026-07-27,18:54:33,-07:00,2026-07-27T18:54:33-07:00,0,0
style.css,347,css,f189fd9d,Ishaan Kor,2026-07-27,18:54:33,-07:00,2026-07-27T18:54:33-07:00,0,0
style.css,348,css,f189fd9d,Ishaan Kor,2026-07-27,18:54:33,-07:00,2026-07-27T18:54:33-07:00,0,17
style.css,349,css,f189fd9d,Ishaan Kor,2026-07-27,18:54:33,-07:00,2026-07-27T18:54:33-07:00,0,15
style.css,350,css,f189fd9d,Ishaan Kor,2026-07-27,18:54:33,-07:00,2026-07-27T18:54:33-07:00,0,13
style.css,351,css,f189fd9d,Ishaan Kor,2026-07-27,18:54:33,-07:00,2026-07-27T18:54:33-07:00,0,9
style.css,352,css,f189fd9d,Ishaan Kor,2026-07-27,18:54:33,-07:00,2026-07-27T18:54:33-07:00,0,80
style.css,353,css,f189fd9d,Ishaan Kor,2026-07-27,18:54:33,-07:00,2026-07-27T18:54:33-07:00,0,0
style.css,354,css,f189fd9d,Ishaan Kor,2026-07-27,18:54:33,-07:00,2026-07-27T18:54:33-07:00,0,0
style.css,355,css,f189fd9d,Ishaan Kor,2026-07-27,18:54:33,-07:00,2026-07-27T18:54:33-07:00,0,23
style.css,356,css,f189fd9d,Ishaan Kor,2026-07-27,18:54:33,-07:00,2026-07-27T18:54:33-07:00,0,27
style.css,357,css,f189fd9d,Ishaan Kor,2026-07-27,18:54:33,-07:00,2026-07-27T18:54:33-07:00,0,46
style.css,358,css,f189fd9d,Ishaan Kor,2026-07-27,18:54:33,-07:00,2026-07-27T18:54:33-07:00,0,0
style.css,359,css,f189fd9d,Ishaan Kor,2026-07-27,18:54:33,-07:00,2026-07-27T18:54:33-07:00,0,0
style.css,360,css,f189fd9d,Ishaan Kor,2026-07-27,18:54:33,-07:00,2026-07-27T18:54:33-07:00,0,14
style.css,361,css,f189fd9d,Ishaan Kor,2026-07-27,18:54:33,-07:00,2026-07-27T18:54:33-07:00,0,13
style.css,362,css,f189fd9d,Ishaan Kor,2026-07-27,18:54:33,-07:00,2026-07-27T18:54:33-07:00,0,11
style.css,363,css,f189fd9d,Ishaan Kor,2026-07-27,18:54:33,-07:00,2026-07-27T18:54:33-07:00,0,0
style.css,364,css,f189fd9d,Ishaan Kor,2026-07-27,18:54:33,-07:00,2026-07-27T18:54:33-07:00,0,0
style.css,365,css,f189fd9d,Ishaan Kor,2026-07-27,18:54:33,-07:00,2026-07-27T18:54:33-07:00,0,14
style.css,366,css,f189fd9d,Ishaan Kor,2026-07-27,18:54:33,-07:00,2026-07-27T18:54:33-07:00,0,17
style.css,367,css,f189fd9d,Ishaan Kor,2026-07-27,18:54:33,-07:00,2026-07-27T18:54:33-07:00,0,13
style.css,368,css,f189fd9d,Ishaan Kor,2026-07-27,18:54:33,-07:00,2026-07-27T18:54:33-07:00,0,58
style.css,369,css,f189fd9d,Ishaan Kor,2026-07-27,18:54:33,-07:00,2026-07-27T18:54:33-07:00,0,9
style.css,370,css,f189fd9d,Ishaan Kor,2026-07-27,18:54:33,-07:00,2026-07-27T18:54:33-07:00,0,16
style.css,371,css,f189fd9d,Ishaan Kor,2026-07-27,18:54:33,-07:00,2026-07-27T18:54:33-07:00,0,0
style.css,372,css,f189fd9d,Ishaan Kor,2026-07-27,18:54:33,-07:00,2026-07-27T18:54:33-07:00,0,0
style.css,373,css,f189fd9d,Ishaan Kor,2026-07-27,18:54:33,-07:00,2026-07-27T18:54:33-07:00,0,24
style.css,374,css,f189fd9d,Ishaan Kor,2026-07-27,18:54:33,-07:00,2026-07-27T18:54:33-07:00,0,13
style.css,375,css,f189fd9d,Ishaan Kor,2026-07-27,18:54:33,-07:00,2026-07-27T18:54:33-07:00,0,16
style.css,376,css,f189fd9d,Ishaan Kor,2026-07-27,18:54:33,-07:00,2026-07-27T18:54:33-07:00,0,21
style.css,377,css,f189fd9d,Ishaan Kor,2026-07-27,18:54:33,-07:00,2026-07-27T18:54:33-07:00,0,12
style.css,378,css,f189fd9d,Ishaan Kor,2026-07-27,18:54:33,-07:00,2026-07-27T18:54:33-07:00,0,0
style.css,379,css,f189fd9d,Ishaan Kor,2026-07-27,18:54:33,-07:00,2026-07-27T18:54:33-07:00,0,0
style.css,380,css,f189fd9d,Ishaan Kor,2026-07-27,18:54:33,-07:00,2026-07-27T18:54:33-07:00,0,19
style.css,381,css,f189fd9d,Ishaan Kor,2026-07-27,18:54:33,-07:00,2026-07-27T18:54:33-07:00,0,11
style.css,382,css,f189fd9d,Ishaan Kor,2026-07-27,18:54:33,-07:00,2026-07-27T18:54:33-07:00,0,16
style.css,383,css,f189fd9d,Ishaan Kor,2026-07-27,18:54:33,-07:00,2026-07-27T18:54:33-07:00,0,30
style.css,384,css,f189fd9d,Ishaan Kor,2026-07-27,18:54:33,-07:00,2026-07-27T18:54:33-07:00,0,59
style.css,385,css,f189fd9d,Ishaan Kor,2026-07-27,18:54:33,-07:00,2026-07-27T18:54:33-07:00,0,0
style.css,386,css,f189fd9d,Ishaan Kor,2026-07-27,18:54:33,-07:00,2026-07-27T18:54:33-07:00,0,0
style.css,387,css,f189fd9d,Ishaan Kor,2026-07-27,18:54:33,-07:00,2026-07-27T18:54:33-07:00,0,19
style.css,388,css,f189fd9d,Ishaan Kor,2026-07-27,18:54:33,-07:00,2026-07-27T18:54:33-07:00,0,18
style.css,389,css,f189fd9d,Ishaan Kor,2026-07-27,18:54:33,-07:00,2026-07-27T18:54:33-07:00,0,24
style.css,390,css,f189fd9d,Ishaan Kor,2026-07-27,18:54:33,-07:00,2026-07-27T18:54:33-07:00,0,0
style.css,391,css,f189fd9d,Ishaan Kor,2026-07-27,18:54:33,-07:00,2026-07-27T18:54:33-07:00,0,0
style.css,392,css,f189fd9d,Ishaan Kor,2026-07-27,18:54:33,-07:00,2026-07-27T18:54:33-07:00,0,17
style.css,393,css,f189fd9d,Ishaan Kor,2026-07-27,18:54:33,-07:00,2026-07-27T18:54:33-07:00,0,13
style.css,394,css,f189fd9d,Ishaan Kor,2026-07-27,18:54:33,-07:00,2026-07-27T18:54:33-07:00,0,18
style.css,395,css,f189fd9d,Ishaan Kor,2026-07-27,18:54:33,-07:00,2026-07-27T18:54:33-07:00,0,19
style.css,396,css,f189fd9d,Ishaan Kor,2026-07-27,18:54:33,-07:00,2026-07-27T18:54:33-07:00,0,0
style.css,397,css,f189fd9d,Ishaan Kor,2026-07-27,18:54:33,-07:00,2026-07-27T18:54:33-07:00,0,0
style.css,398,css,f189fd9d,Ishaan Kor,2026-07-27,18:54:33,-07:00,2026-07-27T18:54:33-07:00,0,16
style.css,399,css,f189fd9d,Ishaan Kor,2026-07-27,18:54:33,-07:00,2026-07-27T18:54:33-07:00,0,13
style.css,400,css,f189fd9d,Ishaan Kor,2026-07-27,18:54:33,-07:00,2026-07-27T18:54:33-07:00,0,21
style.css,401,css,f189fd9d,Ishaan Kor,2026-07-27,18:54:33,-07:00,2026-07-27T18:54:33-07:00,0,30
style.css,402,css,f189fd9d,Ishaan Kor,2026-07-27,18:54:33,-07:00,2026-07-27T18:54:33-07:00,0,9
style.css,403,css,f189fd9d,Ishaan Kor,2026-07-27,18:54:33,-07:00,2026-07-27T18:54:33-07:00,0,19
style.css,404,css,f189fd9d,Ishaan Kor,2026-07-27,18:54:33,-07:00,2026-07-27T18:54:33-07:00,0,0
style.css,405,css,f189fd9d,Ishaan Kor,2026-07-27,18:54:33,-07:00,2026-07-27T18:54:33-07:00,0,0
style.css,406,css,f189fd9d,Ishaan Kor,2026-07-27,18:54:33,-07:00,2026-07-27T18:54:33-07:00,0,19
style.css,407,css,f189fd9d,Ishaan Kor,2026-07-27,18:54:33,-07:00,2026-07-27T18:54:33-07:00,0,21
style.css,408,css,f189fd9d,Ishaan Kor,2026-07-27,18:54:33,-07:00,2026-07-27T18:54:33-07:00,0,0
style.css,409,css,f189fd9d,Ishaan Kor,2026-07-27,18:54:33,-07:00,2026-07-27T18:54:33-07:00,0,0
style.css,410,css,f189fd9d,Ishaan Kor,2026-07-27,18:54:33,-07:00,2026-07-27T18:54:33-07:00,0,13
style.css,411,css,f189fd9d,Ishaan Kor,2026-07-27,18:54:33,-07:00,2026-07-27T18:54:33-07:00,0,20
style.css,412,css,f189fd9d,Ishaan Kor,2026-07-27,18:54:33,-07:00,2026-07-27T18:54:33-07:00,0,22
style.css,413,css,f189fd9d,Ishaan Kor,2026-07-27,18:54:33,-07:00,2026-07-27T18:54:33-07:00,0,20
style.css,414,css,f189fd9d,Ishaan Kor,2026-07-27,18:54:33,-07:00,2026-07-27T18:54:33-07:00,0,0
style.css,415,css,f189fd9d,Ishaan Kor,2026-07-27,18:54:33,-07:00,2026-07-27T18:54:33-07:00,0,0
style.css,416,css,f189fd9d,Ishaan Kor,2026-07-27,18:54:33,-07:00,2026-07-27T18:54:33-07:00,0,10
style.css,417,css,f189fd9d,Ishaan Kor,2026-07-27,18:54:33,-07:00,2026-07-27T18:54:33-07:00,0,13
style.css,418,css,f189fd9d,Ishaan Kor,2026-07-27,18:54:33,-07:00,2026-07-27T18:54:33-07:00,0,9
style.css,419,css,f189fd9d,Ishaan Kor,2026-07-27,18:54:33,-07:00,2026-07-27T18:54:33-07:00,0,59
style.css,420,css,f189fd9d,Ishaan Kor,2026-07-27,18:54:33,-07:00,2026-07-27T18:54:33-07:00,0,0
style.css,421,css,f189fd9d,Ishaan Kor,2026-07-27,18:54:33,-07:00,2026-07-27T18:54:33-07:00,0,0
style.css,422,css,f189fd9d,Ishaan Kor,2026-07-27,18:54:33,-07:00,2026-07-27T18:54:33-07:00,0,14
style.css,423,css,f189fd9d,Ishaan Kor,2026-07-27,18:54:33,-07:00,2026-07-27T18:54:33-07:00,0,16
style.css,424,css,f189fd9d,Ishaan Kor,2026-07-27,18:54:33,-07:00,2026-07-27T18:54:33-07:00,0,13
style.css,425,css,f189fd9d,Ishaan Kor,2026-07-27,18:54:33,-07:00,2026-07-27T18:54:33-07:00,0,26
style.css,426,css,f189fd9d,Ishaan Kor,2026-07-27,18:54:33,-07:00,2026-07-27T18:54:33-07:00,0,28
style.css,427,css,f189fd9d,Ishaan Kor,2026-07-27,18:54:33,-07:00,2026-07-27T18:54:33-07:00,0,31
style.css,428,css,f189fd9d,Ishaan Kor,2026-07-27,18:54:33,-07:00,2026-07-27T18:54:33-07:00,0,119
style.css,429,css,f189fd9d,Ishaan Kor,2026-07-27,18:54:33,-07:00,2026-07-27T18:54:33-07:00,0,31
style.css,430,css,f189fd9d,Ishaan Kor,2026-07-27,18:54:33,-07:00,2026-07-27T18:54:33-07:00,0,0
style.css,431,css,f189fd9d,Ishaan Kor,2026-07-27,18:54:33,-07:00,2026-07-27T18:54:33-07:00,0,0
style.css,432,css,f189fd9d,Ishaan Kor,2026-07-27,18:54:33,-07:00,2026-07-27T18:54:33-07:00,0,20
style.css,433,css,f189fd9d,Ishaan Kor,2026-07-27,18:54:33,-07:00,2026-07-27T18:54:33-07:00,0,27
style.css,434,css,f189fd9d,Ishaan Kor,2026-07-27,18:54:33,-07:00,2026-07-27T18:54:33-07:00,0,46
style.css,435,css,f189fd9d,Ishaan Kor,2026-07-27,18:54:33,-07:00,2026-07-27T18:54:33-07:00,0,36
style.css,436,css,f189fd9d,Ishaan Kor,2026-07-27,18:54:33,-07:00,2026-07-27T18:54:33-07:00,0,0
style.css,437,css,f189fd9d,Ishaan Kor,2026-07-27,18:54:33,-07:00,2026-07-27T18:54:33-07:00,0,0
style.css,438,css,f189fd9d,Ishaan Kor,2026-07-27,18:54:33,-07:00,2026-07-27T18:54:33-07:00,0,21
style.css,439,css,f189fd9d,Ishaan Kor,2026-07-27,18:54:33,-07:00,2026-07-27T18:54:33-07:00,0,10
style.css,440,css,f189fd9d,Ishaan Kor,2026-07-27,18:54:33,-07:00,2026-07-27T18:54:33-07:00,0,39
style.css,441,css,f189fd9d,Ishaan Kor,2026-07-27,18:54:33,-07:00,2026-07-27T18:54:33-07:00,0,0
style.css,442,css,f189fd9d,Ishaan Kor,2026-07-27,18:54:33,-07:00,2026-07-27T18:54:33-07:00,0,0
style.css,443,css,f189fd9d,Ishaan Kor,2026-07-27,18:54:33,-07:00,2026-07-27T18:54:33-07:00,0,23
style.css,444,css,f189fd9d,Ishaan Kor,2026-07-27,18:54:33,-07:00,2026-07-27T18:54:33-07:00,0,10
style.css,445,css,f189fd9d,Ishaan Kor,2026-07-27,18:54:33,-07:00,2026-07-27T18:54:33-07:00,0,33
style.css,446,css,f189fd9d,Ishaan Kor,2026-07-27,18:54:33,-07:00,2026-07-27T18:54:33-07:00,0,0
style.css,447,css,f189fd9d,Ishaan Kor,2026-07-27,18:54:33,-07:00,2026-07-27T18:54:33-07:00,0,0
style.css,448,css,f189fd9d,Ishaan Kor,2026-07-27,18:54:33,-07:00,2026-07-27T18:54:33-07:00,0,22
style.css,449,css,f189fd9d,Ishaan Kor,2026-07-27,18:54:33,-07:00,2026-07-27T18:54:33-07:00,0,13
style.css,450,css,f189fd9d,Ishaan Kor,2026-07-27,18:54:33,-07:00,2026-07-27T18:54:33-07:00,0,16
style.css,451,css,f189fd9d,Ishaan Kor,2026-07-27,18:54:33,-07:00,2026-07-27T18:54:33-07:00,0,9
style.css,452,css,f189fd9d,Ishaan Kor,2026-07-27,18:54:33,-07:00,2026-07-27T18:54:33-07:00,0,0
style.css,453,css,f189fd9d,Ishaan Kor,2026-07-27,18:54:33,-07:00,2026-07-27T18:54:33-07:00,0,0
style.css,454,css,f189fd9d,Ishaan Kor,2026-07-27,18:54:33,-07:00,2026-07-27T18:54:33-07:00,0,18
style.css,455,css,f189fd9d,Ishaan Kor,2026-07-27,18:54:33,-07:00,2026-07-27T18:54:33-07:00,0,11
style.css,456,css,f189fd9d,Ishaan Kor,2026-07-27,18:54:33,-07:00,2026-07-27T18:54:33-07:00,0,19
style.css,457,css,f189fd9d,Ishaan Kor,2026-07-27,18:54:33,-07:00,2026-07-27T18:54:33-07:00,0,17
style.css,458,css,f189fd9d,Ishaan Kor,2026-07-27,18:54:33,-07:00,2026-07-27T18:54:33-07:00,0,19
style.css,459,css,f189fd9d,Ishaan Kor,2026-07-27,18:54:33,-07:00,2026-07-27T18:54:33-07:00,0,0
style.css,460,css,f189fd9d,Ishaan Kor,2026-07-27,18:54:33,-07:00,2026-07-27T18:54:33-07:00,0,0
style.css,461,css,f189fd9d,Ishaan Kor,2026-07-27,18:54:33,-07:00,2026-07-27T18:54:33-07:00,0,16
style.css,462,css,f189fd9d,Ishaan Kor,2026-07-27,18:54:33,-07:00,2026-07-27T18:54:33-07:00,0,24
style.css,463,css,f189fd9d,Ishaan Kor,2026-07-27,18:54:33,-07:00,2026-07-27T18:54:33-07:00,0,0
style.css,464,css,f189fd9d,Ishaan Kor,2026-07-27,18:54:33,-07:00,2026-07-27T18:54:33-07:00,0,0
style.css,465,css,f189fd9d,Ishaan Kor,2026-07-27,18:54:33,-07:00,2026-07-27T18:54:33-07:00,0,14
style.css,466,css,f189fd9d,Ishaan Kor,2026-07-27,18:54:33,-07:00,2026-07-27T18:54:33-07:00,0,13
style.css,467,css,f189fd9d,Ishaan Kor,2026-07-27,18:54:33,-07:00,2026-07-27T18:54:33-07:00,0,25
style.css,468,css,f189fd9d,Ishaan Kor,2026-07-27,18:54:33,-07:00,2026-07-27T18:54:33-07:00,0,11
style.css,469,css,f189fd9d,Ishaan Kor,2026-07-27,18:54:33,-07:00,2026-07-27T18:54:33-07:00,0,20
style.css,470,css,f189fd9d,Ishaan Kor,2026-07-27,18:54:33,-07:00,2026-07-27T18:54:33-07:00,0,16
style.css,471,css,f189fd9d,Ishaan Kor,2026-07-27,18:54:33,-07:00,2026-07-27T18:54:33-07:00,0,0
style.css,472,css,f189fd9d,Ishaan Kor,2026-07-27,18:54:33,-07:00,2026-07-27T18:54:33-07:00,0,0
style.css,473,css,f189fd9d,Ishaan Kor,2026-07-27,18:54:33,-07:00,2026-07-27T18:54:33-07:00,0,13
style.css,474,css,f189fd9d,Ishaan Kor,2026-07-27,18:54:33,-07:00,2026-07-27T18:54:33-07:00,0,13
style.css,475,css,f189fd9d,Ishaan Kor,2026-07-27,18:54:33,-07:00,2026-07-27T18:54:33-07:00,0,9
style.css,476,css,f189fd9d,Ishaan Kor,2026-07-27,18:54:33,-07:00,2026-07-27T18:54:33-07:00,0,0
style.css,477,css,f189fd9d,Ishaan Kor,2026-07-27,18:54:33,-07:00,2026-07-27T18:54:33-07:00,0,0
style.css,478,css,f189fd9d,Ishaan Kor,2026-07-27,18:54:33,-07:00,2026-07-27T18:54:33-07:00,0,19
style.css,479,css,f189fd9d,Ishaan Kor,2026-07-27,18:54:33,-07:00,2026-07-27T18:54:33-07:00,0,11
style.css,480,css,f189fd9d,Ishaan Kor,2026-07-27,18:54:33,-07:00,2026-07-27T18:54:33-07:00,0,20
style.css,481,css,f189fd9d,Ishaan Kor,2026-07-27,18:54:33,-07:00,2026-07-27T18:54:33-07:00,0,31
style.css,482,css,f189fd9d,Ishaan Kor,2026-07-27,18:54:33,-07:00,2026-07-27T18:54:33-07:00,0,19
style.css,483,css,f189fd9d,Ishaan Kor,2026-07-27,18:54:33,-07:00,2026-07-27T18:54:33-07:00,0,17
style.css,484,css,f189fd9d,Ishaan Kor,2026-07-27,18:54:33,-07:00,2026-07-27T18:54:33-07:00,0,0
style.css,485,css,f189fd9d,Ishaan Kor,2026-07-27,18:54:33,-07:00,2026-07-27T18:54:33-07:00,0,0
style.css,486,css,f189fd9d,Ishaan Kor,2026-07-27,18:54:33,-07:00,2026-07-27T18:54:33-07:00,0,19
style.css,487,css,f189fd9d,Ishaan Kor,2026-07-27,18:54:33,-07:00,2026-07-27T18:54:33-07:00,0,13
style.css,488,css,f189fd9d,Ishaan Kor,2026-07-27,18:54:33,-07:00,2026-07-27T18:54:33-07:00,0,9
style.css,489,css,f189fd9d,Ishaan Kor,2026-07-27,18:54:33,-07:00,2026-07-27T18:54:33-07:00,0,16
style.css,490,css,f189fd9d,Ishaan Kor,2026-07-27,18:54:33,-07:00,2026-07-27T18:54:33-07:00,0,28
style.css,491,css,f189fd9d,Ishaan Kor,2026-07-27,18:54:33,-07:00,2026-07-27T18:54:33-07:00,0,79
style.css,492,css,f189fd9d,Ishaan Kor,2026-07-27,18:54:33,-07:00,2026-07-27T18:54:33-07:00,0,0
style.css,493,css,f189fd9d,Ishaan Kor,2026-07-27,18:54:33,-07:00,2026-07-27T18:54:33-07:00,0,0
style.css,494,css,f189fd9d,Ishaan Kor,2026-07-27,18:54:33,-07:00,2026-07-27T18:54:33-07:00,0,21
style.css,495,css,f189fd9d,Ishaan Kor,2026-07-27,18:54:33,-07:00,2026-07-27T18:54:33-07:00,0,24
style.css,496,css,f189fd9d,Ishaan Kor,2026-07-27,18:54:33,-07:00,2026-07-27T18:54:33-07:00,0,0
style.css,497,css,f189fd9d,Ishaan Kor,2026-07-27,18:54:33,-07:00,2026-07-27T18:54:33-07:00,0,0
style.css,498,css,f189fd9d,Ishaan Kor,2026-07-27,18:54:33,-07:00,2026-07-27T18:54:33-07:00,0,21
style.css,499,css,f189fd9d,Ishaan Kor,2026-07-27,18:54:33,-07:00,2026-07-27T18:54:33-07:00,0,13
style.css,500,css,f189fd9d,Ishaan Kor,2026-07-27,18:54:33,-07:00,2026-07-27T18:54:33-07:00,0,9
style.css,501,css,f189fd9d,Ishaan Kor,2026-07-27,18:54:33,-07:00,2026-07-27T18:54:33-07:00,0,0
style.css,502,css,f189fd9d,Ishaan Kor,2026-07-27,18:54:33,-07:00,2026-07-27T18:54:33-07:00,0,0
style.css,503,css,f189fd9d,Ishaan Kor,2026-07-27,18:54:33,-07:00,2026-07-27T18:54:33-07:00,0,18
style.css,504,css,f189fd9d,Ishaan Kor,2026-07-27,18:54:33,-07:00,2026-07-27T18:54:33-07:00,0,13
style.css,505,css,f189fd9d,Ishaan Kor,2026-07-27,18:54:33,-07:00,2026-07-27T18:54:33-07:00,0,11
style.css,506,css,f189fd9d,Ishaan Kor,2026-07-27,18:54:33,-07:00,2026-07-27T18:54:33-07:00,0,13
style.css,507,css,f189fd9d,Ishaan Kor,2026-07-27,18:54:33,-07:00,2026-07-27T18:54:33-07:00,0,19
style.css,508,css,f189fd9d,Ishaan Kor,2026-07-27,18:54:33,-07:00,2026-07-27T18:54:33-07:00,0,31
style.css,509,css,f189fd9d,Ishaan Kor,2026-07-27,18:54:33,-07:00,2026-07-27T18:54:33-07:00,0,19
style.css,510,css,f189fd9d,Ishaan Kor,2026-07-27,18:54:33,-07:00,2026-07-27T18:54:33-07:00,0,0
style.css,511,css,f189fd9d,Ishaan Kor,2026-07-27,18:54:33,-07:00,2026-07-27T18:54:33-07:00,0,0
style.css,512,css,f189fd9d,Ishaan Kor,2026-07-27,18:54:33,-07:00,2026-07-27T18:54:33-07:00,0,21
style.css,513,css,f189fd9d,Ishaan Kor,2026-07-27,18:54:33,-07:00,2026-07-27T18:54:33-07:00,0,9
style.css,514,css,f189fd9d,Ishaan Kor,2026-07-27,18:54:33,-07:00,2026-07-27T18:54:33-07:00,0,0
style.css,515,css,f189fd9d,Ishaan Kor,2026-07-27,18:54:33,-07:00,2026-07-27T18:54:33-07:00,0,0
style.css,516,css,f189fd9d,Ishaan Kor,2026-07-27,18:54:33,-07:00,2026-07-27T18:54:33-07:00,0,20
style.css,517,css,f189fd9d,Ishaan Kor,2026-07-27,18:54:33,-07:00,2026-07-27T18:54:33-07:00,0,24
style.css,518,css,f189fd9d,Ishaan Kor,2026-07-27,18:54:33,-07:00,2026-07-27T18:54:33-07:00,0,0
style.css,519,css,f189fd9d,Ishaan Kor,2026-07-27,18:54:33,-07:00,2026-07-27T18:54:33-07:00,0,0
style.css,520,css,f189fd9d,Ishaan Kor,2026-07-27,18:54:33,-07:00,2026-07-27T18:54:33-07:00,0,15
style.css,521,css,f189fd9d,Ishaan Kor,2026-07-27,18:54:33,-07:00,2026-07-27T18:54:33-07:00,0,13
style.css,522,css,f189fd9d,Ishaan Kor,2026-07-27,18:54:33,-07:00,2026-07-27T18:54:33-07:00,0,48
style.css,523,css,f189fd9d,Ishaan Kor,2026-07-27,18:54:33,-07:00,2026-07-27T18:54:33-07:00,0,9
style.css,524,css,f189fd9d,Ishaan Kor,2026-07-27,18:54:33,-07:00,2026-07-27T18:54:33-07:00,0,0
style.css,525,css,f189fd9d,Ishaan Kor,2026-07-27,18:54:33,-07:00,2026-07-27T18:54:33-07:00,0,0
style.css,526,css,f189fd9d,Ishaan Kor,2026-07-27,18:54:33,-07:00,2026-07-27T18:54:33-07:00,0,15
style.css,527,css,f189fd9d,Ishaan Kor,2026-07-27,18:54:33,-07:00,2026-07-27T18:54:33-07:00,0,15
style.css,528,css,f189fd9d,Ishaan Kor,2026-07-27,18:54:33,-07:00,2026-07-27T18:54:33-07:00,0,0
style.css,529,css,f189fd9d,Ishaan Kor,2026-07-27,18:54:33,-07:00,2026-07-27T18:54:33-07:00,0,0
style.css,530,css,f189fd9d,Ishaan Kor,2026-07-27,18:54:33,-07:00,2026-07-27T18:54:33-07:00,0,12
style.css,531,css,f189fd9d,Ishaan Kor,2026-07-27,18:54:33,-07:00,2026-07-27T18:54:33-07:00,0,18
style.css,532,css,f189fd9d,Ishaan Kor,2026-07-27,18:54:33,-07:00,2026-07-27T18:54:33-07:00,0,16
style.css,533,css,f189fd9d,Ishaan Kor,2026-07-27,18:54:33,-07:00,2026-07-27T18:54:33-07:00,0,21
style.css,534,css,f189fd9d,Ishaan Kor,2026-07-27,18:54:33,-07:00,2026-07-27T18:54:33-07:00,0,0
style.css,535,css,f189fd9d,Ishaan Kor,2026-07-27,18:54:33,-07:00,2026-07-27T18:54:33-07:00,0,0
style.css,536,css,f189fd9d,Ishaan Kor,2026-07-27,18:54:33,-07:00,2026-07-27T18:54:33-07:00,0,13
style.css,537,css,f189fd9d,Ishaan Kor,2026-07-27,18:54:33,-07:00,2026-07-27T18:54:33-07:00,0,13
style.css,538,css,f189fd9d,Ishaan Kor,2026-07-27,18:54:33,-07:00,2026-07-27T18:54:33-07:00,0,9
style.css,539,css,f189fd9d,Ishaan Kor,2026-07-27,18:54:33,-07:00,2026-07-27T18:54:33-07:00,0,17
style.css,540,css,f189fd9d,Ishaan Kor,2026-07-27,18:54:33,-07:00,2026-07-27T18:54:33-07:00,0,0
style.css,541,css,f189fd9d,Ishaan Kor,2026-07-27,18:54:33,-07:00,2026-07-27T18:54:33-07:00,0,0
style.css,542,css,f189fd9d,Ishaan Kor,2026-07-27,18:54:33,-07:00,2026-07-27T18:54:33-07:00,0,33
style.css,543,css,f189fd9d,Ishaan Kor,2026-07-27,18:54:33,-07:00,2026-07-27T18:54:33-07:00,0,13
style.css,544,css,f189fd9d,Ishaan Kor,2026-07-27,18:54:33,-07:00,2026-07-27T18:54:33-07:00,0,30
style.css,545,css,f189fd9d,Ishaan Kor,2026-07-27,18:54:33,-07:00,2026-07-27T18:54:33-07:00,0,15
style.css,546,css,f189fd9d,Ishaan Kor,2026-07-27,18:54:33,-07:00,2026-07-27T18:54:33-07:00,0,9
style.css,547,css,f189fd9d,Ishaan Kor,2026-07-27,18:54:33,-07:00,2026-07-27T18:54:33-07:00,0,19
style.css,548,css,f189fd9d,Ishaan Kor,2026-07-27,18:54:33,-07:00,2026-07-27T18:54:33-07:00,0,0
style.css,549,css,f189fd9d,Ishaan Kor,2026-07-27,18:54:33,-07:00,2026-07-27T18:54:33-07:00,0,0
style.css,550,css,f189fd9d,Ishaan Kor,2026-07-27,18:54:33,-07:00,2026-07-27T18:54:33-07:00,0,13
style.css,551,css,f189fd9d,Ishaan Kor,2026-07-27,18:54:33,-07:00,2026-07-27T18:54:33-07:00,0,13
style.css,552,css,f189fd9d,Ishaan Kor,2026-07-27,18:54:33,-07:00,2026-07-27T18:54:33-07:00,0,15
style.css,553,css,f189fd9d,Ishaan Kor,2026-07-27,18:54:33,-07:00,2026-07-27T18:54:33-07:00,0,12
style.css,554,css,f189fd9d,Ishaan Kor,2026-07-27,18:54:33,-07:00,2026-07-27T18:54:33-07:00,0,0
style.css,555,css,f189fd9d,Ishaan Kor,2026-07-27,18:54:33,-07:00,2026-07-27T18:54:33-07:00,0,0
style.css,556,css,f189fd9d,Ishaan Kor,2026-07-27,18:54:33,-07:00,2026-07-27T18:54:33-07:00,0,20
style.css,557,css,f189fd9d,Ishaan Kor,2026-07-27,18:54:33,-07:00,2026-07-27T18:54:33-07:00,0,31
style.css,558,css,f189fd9d,Ishaan Kor,2026-07-27,18:54:33,-07:00,2026-07-27T18:54:33-07:00,0,20
style.css,559,css,f189fd9d,Ishaan Kor,2026-07-27,18:54:33,-07:00,2026-07-27T18:54:33-07:00,0,22
style.css,560,css,f189fd9d,Ishaan Kor,2026-07-27,18:54:33,-07:00,2026-07-27T18:54:33-07:00,0,17
style.css,561,css,f189fd9d,Ishaan Kor,2026-07-27,18:54:33,-07:00,2026-07-27T18:54:33-07:00,0,18
style.css,562,css,f189fd9d,Ishaan Kor,2026-07-27,18:54:33,-07:00,2026-07-27T18:54:33-07:00,0,15
style.css,563,css,f189fd9d,Ishaan Kor,2026-07-27,18:54:33,-07:00,2026-07-27T18:54:33-07:00,0,0
style.css,564,css,f189fd9d,Ishaan Kor,2026-07-27,18:54:33,-07:00,2026-07-27T18:54:33-07:00,0,0
style.css,565,css,f189fd9d,Ishaan Kor,2026-07-27,18:54:33,-07:00,2026-07-27T18:54:33-07:00,0,26
style.css,566,css,f189fd9d,Ishaan Kor,2026-07-27,18:54:33,-07:00,2026-07-27T18:54:33-07:00,0,27
style.css,567,css,f189fd9d,Ishaan Kor,2026-07-27,18:54:33,-07:00,2026-07-27T18:54:33-07:00,0,47
style.css,568,css,f189fd9d,Ishaan Kor,2026-07-27,18:54:33,-07:00,2026-07-27T18:54:33-07:00,0,0
style.css,569,css,f189fd9d,Ishaan Kor,2026-07-27,18:54:33,-07:00,2026-07-27T18:54:33-07:00,0,0
style.css,570,css,f189fd9d,Ishaan Kor,2026-07-27,18:54:33,-07:00,2026-07-27T18:54:33-07:00,0,27
style.css,571,css,f189fd9d,Ishaan Kor,2026-07-27,18:54:33,-07:00,2026-07-27T18:54:33-07:00,0,25
style.css,572,css,f189fd9d,Ishaan Kor,2026-07-27,18:54:33,-07:00,2026-07-27T18:54:33-07:00,0,12
style.css,573,css,f189fd9d,Ishaan Kor,2026-07-27,18:54:33,-07:00,2026-07-27T18:54:33-07:00,0,25
style.css,574,css,f189fd9d,Ishaan Kor,2026-07-27,18:54:33,-07:00,2026-07-27T18:54:33-07:00,0,0
style.css,575,css,f189fd9d,Ishaan Kor,2026-07-27,18:54:33,-07:00,2026-07-27T18:54:33-07:00,0,0
style.css,576,css,f189fd9d,Ishaan Kor,2026-07-27,18:54:33,-07:00,2026-07-27T18:54:33-07:00,0,16
style.css,577,css,f189fd9d,Ishaan Kor,2026-07-27,18:54:33,-07:00,2026-07-27T18:54:33-07:00,0,13
style.css,578,css,f189fd9d,Ishaan Kor,2026-07-27,18:54:33,-07:00,2026-07-27T18:54:33-07:00,0,9
style.css,579,css,f189fd9d,Ishaan Kor,2026-07-27,18:54:33,-07:00,2026-07-27T18:54:33-07:00,0,18
style.css,580,css,f189fd9d,Ishaan Kor,2026-07-27,18:54:33,-07:00,2026-07-27T18:54:33-07:00,0,0
style.css,581,css,f189fd9d,Ishaan Kor,2026-07-27,18:54:33,-07:00,2026-07-27T18:54:33-07:00,0,0
style.css,582,css,f189fd9d,Ishaan Kor,2026-07-27,18:54:33,-07:00,2026-07-27T18:54:33-07:00,0,19
style.css,583,css,f189fd9d,Ishaan Kor,2026-07-27,18:54:33,-07:00,2026-07-27T18:54:33-07:00,0,11
style.css,584,css,f189fd9d,Ishaan Kor,2026-07-27,18:54:33,-07:00,2026-07-27T18:54:33-07:00,0,16
style.css,585,css,f189fd9d,Ishaan Kor,2026-07-27,18:54:33,-07:00,2026-07-27T18:54:33-07:00,0,0
style.css,586,css,f189fd9d,Ishaan Kor,2026-07-27,18:54:33,-07:00,2026-07-27T18:54:33-07:00,0,0
style.css,587,css,f189fd9d,Ishaan Kor,2026-07-27,18:54:33,-07:00,2026-07-27T18:54:33-07:00,0,17
style.css,588,css,f189fd9d,Ishaan Kor,2026-07-27,18:54:33,-07:00,2026-07-27T18:54:33-07:00,0,26
style.css,589,css,f189fd9d,Ishaan Kor,2026-07-27,18:54:33,-07:00,2026-07-27T18:54:33-07:00,0,0
style.css,590,css,f189fd9d,Ishaan Kor,2026-07-27,18:54:33,-07:00,2026-07-27T18:54:33-07:00,0,0
style.css,591,css,f189fd9d,Ishaan Kor,2026-07-27,18:54:33,-07:00,2026-07-27T18:54:33-07:00,0,11
style.css,592,css,f189fd9d,Ishaan Kor,2026-07-27,18:54:33,-07:00,2026-07-27T18:54:33-07:00,0,55
style.css,593,css,f189fd9d,Ishaan Kor,2026-07-27,18:54:33,-07:00,2026-07-27T18:54:33-07:00,0,0
style.css,594,css,f189fd9d,Ishaan Kor,2026-07-27,18:54:33,-07:00,2026-07-27T18:54:33-07:00,0,13
style.css,595,css,f189fd9d,Ishaan Kor,2026-07-27,18:54:33,-07:00,2026-07-27T18:54:33-07:00,0,0
style.css,596,css,f189fd9d,Ishaan Kor,2026-07-27,18:54:33,-07:00,2026-07-27T18:54:33-07:00,0,0
style.css,597,css,f189fd9d,Ishaan Kor,2026-07-27,18:54:33,-07:00,2026-07-27T18:54:33-07:00,0,8
style.css,598,css,f189fd9d,Ishaan Kor,2026-07-27,18:54:33,-07:00,2026-07-27T18:54:33-07:00,0,13
style.css,599,css,f189fd9d,Ishaan Kor,2026-07-27,18:54:33,-07:00,2026-07-27T18:54:33-07:00,0,12
style.css,600,css,f189fd9d,Ishaan Kor,2026-07-27,18:54:33,-07:00,2026-07-27T18:54:33-07:00,0,16
style.css,601,css,f189fd9d,Ishaan Kor,2026-07-27,18:54:33,-07:00,2026-07-27T18:54:33-07:00,0,10
style.css,602,css,f189fd9d,Ishaan Kor,2026-07-27,18:54:33,-07:00,2026-07-27T18:54:33-07:00,0,0
style.css,603,css,f189fd9d,Ishaan Kor,2026-07-27,18:54:33,-07:00,2026-07-27T18:54:33-07:00,0,0
style.css,604,css,f189fd9d,Ishaan Kor,2026-07-27,18:54:33,-07:00,2026-07-27T18:54:33-07:00,0,11
style.css,605,css,f189fd9d,Ishaan Kor,2026-07-27,18:54:33,-07:00,2026-07-27T18:54:33-07:00,0,13
style.css,606,css,f189fd9d,Ishaan Kor,2026-07-27,18:54:33,-07:00,2026-07-27T18:54:33-07:00,0,19
style.css,607,css,f189fd9d,Ishaan Kor,2026-07-27,18:54:33,-07:00,2026-07-27T18:54:33-07:00,0,12
style.css,608,css,f189fd9d,Ishaan Kor,2026-07-27,18:54:33,-07:00,2026-07-27T18:54:33-07:00,0,21
style.css,609,css,f189fd9d,Ishaan Kor,2026-07-27,18:54:33,-07:00,2026-07-27T18:54:33-07:00,0,19
style.css,610,css,f189fd9d,Ishaan Kor,2026-07-27,18:54:33,-07:00,2026-07-27T18:54:33-07:00,0,16
style.css,611,css,f189fd9d,Ishaan Kor,2026-07-27,18:54:33,-07:00,2026-07-27T18:54:33-07:00,0,31
style.css,612,css,f189fd9d,Ishaan Kor,2026-07-27,18:54:33,-07:00,2026-07-27T18:54:33-07:00,0,0
style.css,613,css,f189fd9d,Ishaan Kor,2026-07-27,18:54:33,-07:00,2026-07-27T18:54:33-07:00,0,0
style.css,614,css,f189fd9d,Ishaan Kor,2026-07-27,18:54:33,-07:00,2026-07-27T18:54:33-07:00,0,16
style.css,615,css,f189fd9d,Ishaan Kor,2026-07-27,18:54:33,-07:00,2026-07-27T18:54:33-07:00,0,11
style.css,616,css,f189fd9d,Ishaan Kor,2026-07-27,18:54:33,-07:00,2026-07-27T18:54:33-07:00,0,12
style.css,617,css,f189fd9d,Ishaan Kor,2026-07-27,18:54:33,-07:00,2026-07-27T18:54:33-07:00,0,18
style.css,618,css,f189fd9d,Ishaan Kor,2026-07-27,18:54:33,-07:00,2026-07-27T18:54:33-07:00,0,21
style.css,619,css,f189fd9d,Ishaan Kor,2026-07-27,18:54:33,-07:00,2026-07-27T18:54:33-07:00,0,0
style.css,620,css,f189fd9d,Ishaan Kor,2026-07-27,18:54:33,-07:00,2026-07-27T18:54:33-07:00,0,0
style.css,621,css,f189fd9d,Ishaan Kor,2026-07-27,18:54:33,-07:00,2026-07-27T18:54:33-07:00,0,11
style.css,622,css,f189fd9d,Ishaan Kor,2026-07-27,18:54:33,-07:00,2026-07-27T18:54:33-07:00,0,18
style.css,623,css,f189fd9d,Ishaan Kor,2026-07-27,18:54:33,-07:00,2026-07-27T18:54:33-07:00,0,15
style.css,624,css,f189fd9d,Ishaan Kor,2026-07-27,18:54:33,-07:00,2026-07-27T18:54:33-07:00,0,31
style.css,625,css,f189fd9d,Ishaan Kor,2026-07-27,18:54:33,-07:00,2026-07-27T18:54:33-07:00,0,19
style.css,626,css,f189fd9d,Ishaan Kor,2026-07-27,18:54:33,-07:00,2026-07-27T18:54:33-07:00,0,11
style.css,627,css,f189fd9d,Ishaan Kor,2026-07-27,18:54:33,-07:00,2026-07-27T18:54:33-07:00,0,16
style.css,628,css,f189fd9d,Ishaan Kor,2026-07-27,18:54:33,-07:00,2026-07-27T18:54:33-07:00,0,16
style.css,629,css,f189fd9d,Ishaan Kor,2026-07-27,18:54:33,-07:00,2026-07-27T18:54:33-07:00,0,0
style.css,630,css,f189fd9d,Ishaan Kor,2026-07-27,18:54:33,-07:00,2026-07-27T18:54:33-07:00,0,0
style.css,631,css,f189fd9d,Ishaan Kor,2026-07-27,18:54:33,-07:00,2026-07-27T18:54:33-07:00,0,17
style.css,632,css,f189fd9d,Ishaan Kor,2026-07-27,18:54:33,-07:00,2026-07-27T18:54:33-07:00,0,32
style.css,633,css,f189fd9d,Ishaan Kor,2026-07-27,18:54:33,-07:00,2026-07-27T18:54:33-07:00,0,0
style.css,634,css,f189fd9d,Ishaan Kor,2026-07-27,18:54:33,-07:00,2026-07-27T18:54:33-07:00,0,0
style.css,635,css,f189fd9d,Ishaan Kor,2026-07-27,18:54:33,-07:00,2026-07-27T18:54:33-07:00,0,12
style.css,636,css,f189fd9d,Ishaan Kor,2026-07-27,18:54:33,-07:00,2026-07-27T18:54:33-07:00,0,13
style.css,637,css,f189fd9d,Ishaan Kor,2026-07-27,18:54:33,-07:00,2026-07-27T18:54:33-07:00,0,59
style.css,638,css,f189fd9d,Ishaan Kor,2026-07-27,18:54:33,-07:00,2026-07-27T18:54:33-07:00,0,9
style.css,639,css,f189fd9d,Ishaan Kor,2026-07-27,18:54:33,-07:00,2026-07-27T18:54:33-07:00,0,0
style.css,640,css,f189fd9d,Ishaan Kor,2026-07-27,18:54:33,-07:00,2026-07-27T18:54:33-07:00,0,0
style.css,641,css,f189fd9d,Ishaan Kor,2026-07-27,18:54:33,-07:00,2026-07-27T18:54:33-07:00,0,12
style.css,642,css,f189fd9d,Ishaan Kor,2026-07-27,18:54:33,-07:00,2026-07-27T18:54:33-07:00,0,13
style.css,643,css,f189fd9d,Ishaan Kor,2026-07-27,18:54:33,-07:00,2026-07-27T18:54:33-07:00,0,13
style.css,644,css,f189fd9d,Ishaan Kor,2026-07-27,18:54:33,-07:00,2026-07-27T18:54:33-07:00,0,11
style.css,645,css,f189fd9d,Ishaan Kor,2026-07-27,18:54:33,-07:00,2026-07-27T18:54:33-07:00,0,19
style.css,646,css,f189fd9d,Ishaan Kor,2026-07-27,18:54:33,-07:00,2026-07-27T18:54:33-07:00,0,19
style.css,647,css,f189fd9d,Ishaan Kor,2026-07-27,18:54:33,-07:00,2026-07-27T18:54:33-07:00,0,31
style.css,648,css,f189fd9d,Ishaan Kor,2026-07-27,18:54:33,-07:00,2026-07-27T18:54:33-07:00,0,18
style.css,649,css,f189fd9d,Ishaan Kor,2026-07-27,18:54:33,-07:00,2026-07-27T18:54:33-07:00,0,0
style.css,650,css,f189fd9d,Ishaan Kor,2026-07-27,18:54:33,-07:00,2026-07-27T18:54:33-07:00,0,0
style.css,651,css,f189fd9d,Ishaan Kor,2026-07-27,18:54:33,-07:00,2026-07-27T18:54:33-07:00,0,12
style.css,652,css,f189fd9d,Ishaan Kor,2026-07-27,18:54:33,-07:00,2026-07-27T18:54:33-07:00,0,17
style.css,653,css,f189fd9d,Ishaan Kor,2026-07-27,18:54:33,-07:00,2026-07-27T18:54:33-07:00,0,24
style.css,654,css,f189fd9d,Ishaan Kor,2026-07-27,18:54:33,-07:00,2026-07-27T18:54:33-07:00,0,25
style.css,655,css,f189fd9d,Ishaan Kor,2026-07-27,18:54:33,-07:00,2026-07-27T18:54:33-07:00,0,22
style.css,656,css,f189fd9d,Ishaan Kor,2026-07-27,18:54:33,-07:00,2026-07-27T18:54:33-07:00,0,0
style.css,657,css,f189fd9d,Ishaan Kor,2026-07-27,18:54:33,-07:00,2026-07-27T18:54:33-07:00,0,0
style.css,658,css,f189fd9d,Ishaan Kor,2026-07-27,18:54:33,-07:00,2026-07-27T18:54:33-07:00,0,12
style.css,659,css,f189fd9d,Ishaan Kor,2026-07-27,18:54:33,-07:00,2026-07-27T18:54:33-07:00,0,15
style.css,660,css,f189fd9d,Ishaan Kor,2026-07-27,18:54:33,-07:00,2026-07-27T18:54:33-07:00,0,16
style.css,661,css,f189fd9d,Ishaan Kor,2026-07-27,18:54:33,-07:00,2026-07-27T18:54:33-07:00,0,18
style.css,662,css,f189fd9d,Ishaan Kor,2026-07-27,18:54:33,-07:00,2026-07-27T18:54:33-07:00,0,0
style.css,663,css,f189fd9d,Ishaan Kor,2026-07-27,18:54:33,-07:00,2026-07-27T18:54:33-07:00,0,0
style.css,664,css,f189fd9d,Ishaan Kor,2026-07-27,18:54:33,-07:00,2026-07-27T18:54:33-07:00,0,26
style.css,665,css,f189fd9d,Ishaan Kor,2026-07-27,18:54:33,-07:00,2026-07-27T18:54:33-07:00,0,5
style.css,666,css,f189fd9d,Ishaan Kor,2026-07-27,18:54:33,-07:00,2026-07-27T18:54:33-07:00,0,18
style.css,667,css,f189fd9d,Ishaan Kor,2026-07-27,18:54:33,-07:00,2026-07-27T18:54:33-07:00,0,13
style.css,668,css,f189fd9d,Ishaan Kor,2026-07-27,18:54:33,-07:00,2026-07-27T18:54:33-07:00,0,14
style.css,669,css,f189fd9d,Ishaan Kor,2026-07-27,18:54:33,-07:00,2026-07-27T18:54:33-07:00,0,33
style.css,670,css,f189fd9d,Ishaan Kor,2026-07-27,18:54:33,-07:00,2026-07-27T18:54:33-07:00,0,26
style.css,671,css,f189fd9d,Ishaan Kor,2026-07-27,18:54:33,-07:00,2026-07-27T18:54:33-07:00,0,0
style.css,672,css,f189fd9d,Ishaan Kor,2026-07-27,18:54:33,-07:00,2026-07-27T18:54:33-07:00,0,0
style.css,673,css,f189fd9d,Ishaan Kor,2026-07-27,18:54:33,-07:00,2026-07-27T18:54:33-07:00,0,33
style.css,674,css,f189fd9d,Ishaan Kor,2026-07-27,18:54:33,-07:00,2026-07-27T18:54:33-07:00,0,20
style.css,675,css,f189fd9d,Ishaan Kor,2026-07-27,18:54:33,-07:00,2026-07-27T18:54:33-07:00,0,0
style.css,676,css,f189fd9d,Ishaan Kor,2026-07-27,18:54:33,-07:00,2026-07-27T18:54:33-07:00,0,0
style.css,677,css,f189fd9d,Ishaan Kor,2026-07-27,18:54:33,-07:00,2026-07-27T18:54:33-07:00,0,0
style.css,678,css,f189fd9d,Ishaan Kor,2026-07-27,18:54:33,-07:00,2026-07-27T18:54:33-07:00,0,26
style.css,679,css,f189fd9d,Ishaan Kor,2026-07-27,18:54:33,-07:00,2026-07-27T18:54:33-07:00,0,5
style.css,680,css,f189fd9d,Ishaan Kor,2026-07-27,18:54:33,-07:00,2026-07-27T18:54:33-07:00,0,22
style.css,681,css,f189fd9d,Ishaan Kor,2026-07-27,18:54:33,-07:00,2026-07-27T18:54:33-07:00,0,0
style.css,682,css,f189fd9d,Ishaan Kor,2026-07-27,18:54:33,-07:00,2026-07-27T18:54:33-07:00,0,0
style.css,683,css,f189fd9d,Ishaan Kor,2026-07-27,18:54:33,-07:00,2026-07-27T18:54:33-07:00,0,4
style.css,684,css,f189fd9d,Ishaan Kor,2026-07-27,18:54:33,-07:00,2026-07-27T18:54:33-07:00,0,15
style.css,685,css,f189fd9d,Ishaan Kor,2026-07-27,18:54:33,-07:00,2026-07-27T18:54:33-07:00,0,24
style.css,686,css,f189fd9d,Ishaan Kor,2026-07-27,18:54:33,-07:00,2026-07-27T18:54:33-07:00,0,0
style.css,687,css,f189fd9d,Ishaan Kor,2026-07-27,18:54:33,-07:00,2026-07-27T18:54:33-07:00,0,0
style.css,688,css,f189fd9d,Ishaan Kor,2026-07-27,18:54:33,-07:00,2026-07-27T18:54:33-07:00,0,14
style.css,689,css,f189fd9d,Ishaan Kor,2026-07-27,18:54:33,-07:00,2026-07-27T18:54:33-07:00,0,22
style.css,690,css,f189fd9d,Ishaan Kor,2026-07-27,18:54:33,-07:00,2026-07-27T18:54:33-07:00,0,0
style.css,691,css,f189fd9d,Ishaan Kor,2026-07-27,18:54:33,-07:00,2026-07-27T18:54:33-07:00,0,0
style.css,692,css,f189fd9d,Ishaan Kor,2026-07-27,18:54:33,-07:00,2026-07-27T18:54:33-07:00,0,14
style.css,693,css,f189fd9d,Ishaan Kor,2026-07-27,18:54:33,-07:00,2026-07-27T18:54:33-07:00,0,60
style.css,694,css,f189fd9d,Ishaan Kor,2026-07-27,18:54:33,-07:00,2026-07-27T18:54:33-07:00,0,0
style.css,695,css,f189fd9d,Ishaan Kor,2026-07-27,18:54:33,-07:00,2026-07-27T18:54:33-07:00,0,0
postcss.config.js,1,js,f189fd9d,Ishaan Kor,2026-07-27,18:54:33,-07:00,2026-07-27T18:54:33-07:00,0,17
postcss.config.js,2,js,f189fd9d,Ishaan Kor,2026-07-27,18:54:33,-07:00,2026-07-27T18:54:33-07:00,0,9
postcss.config.js,3,js,f189fd9d,Ishaan Kor,2026-07-27,18:54:33,-07:00,2026-07-27T18:54:33-07:00,0,15
postcss.config.js,4,js,f189fd9d,Ishaan Kor,2026-07-27,18:54:33,-07:00,2026-07-27T18:54:33-07:00,0,16
postcss.config.js,5,js,f189fd9d,Ishaan Kor,2026-07-27,18:54:33,-07:00,2026-07-27T18:54:33-07:00,0,1
postcss.config.js,6,js,f189fd9d,Ishaan Kor,2026-07-27,18:54:33,-07:00,2026-07-27T18:54:33-07:00,0,1
index.js,1,js,641190ef,Ishaan Kor,2025-01-31,20:34:06,-08:00,2025-01-31T20:34:06-08:00,0,55
index.js,2,js,641190ef,Ishaan Kor,2025-01-31,20:34:06,-08:00,2025-01-31T20:34:06-08:00,0,0
index.js,3,js,f189fd9d,Ishaan Kor,2026-07-27,18:54:33,-07:00,2026-07-27T18:54:33-07:00,0,63
index.js,4,js,f189fd9d,Ishaan Kor,2026-07-27,18:54:33,-07:00,2026-07-27T18:54:33-07:00,0,45
index.js,5,js,641190ef,Ishaan Kor,2025-01-31,20:34:06,-08:00,2025-01-31T20:34:06-08:00,0,61
index.js,6,js,f189fd9d,Ishaan Kor,2026-07-27,18:54:33,-07:00,2026-07-27T18:54:33-07:00,0,61
index.js,7,js,f189fd9d,Ishaan Kor,2026-07-27,18:54:33,-07:00,2026-07-27T18:54:33-07:00,0,73
index.js,8,js,f189fd9d,Ishaan Kor,2026-07-27,18:54:33,-07:00,2026-07-27T18:54:33-07:00,0,73
index.js,9,js,f189fd9d,Ishaan Kor,2026-07-27,18:54:33,-07:00,2026-07-27T18:54:33-07:00,0,57
index.js,10,js,f189fd9d,Ishaan Kor,2026-07-27,18:54:33,-07:00,2026-07-27T18:54:33-07:00,0,70
index.js,11,js,f189fd9d,Ishaan Kor,2026-07-27,18:54:33,-07:00,2026-07-27T18:54:33-07:00,0,0
index.js,12,js,f189fd9d,Ishaan Kor,2026-07-27,18:54:33,-07:00,2026-07-27T18:54:33-07:00,0,57
index.js,13,js,f189fd9d,Ishaan Kor,2026-07-27,18:54:33,-07:00,2026-07-27T18:54:33-07:00,0,16
index.js,14,js,f189fd9d,Ishaan Kor,2026-07-27,18:54:33,-07:00,2026-07-27T18:54:33-07:00,0,32
index.js,15,js,f189fd9d,Ishaan Kor,2026-07-27,18:54:33,-07:00,2026-07-27T18:54:33-07:00,0,27
index.js,16,js,f189fd9d,Ishaan Kor,2026-07-27,18:54:33,-07:00,2026-07-27T18:54:33-07:00,0,32
index.js,17,js,f189fd9d,Ishaan Kor,2026-07-27,18:54:33,-07:00,2026-07-27T18:54:33-07:00,0,0
index.js,18,js,f189fd9d,Ishaan Kor,2026-07-27,18:54:33,-07:00,2026-07-27T18:54:33-07:00,0,26
index.js,19,js,f189fd9d,Ishaan Kor,2026-07-27,18:54:33,-07:00,2026-07-27T18:54:33-07:00,0,15
index.js,20,js,f189fd9d,Ishaan Kor,2026-07-27,18:54:33,-07:00,2026-07-27T18:54:33-07:00,0,33
index.js,21,js,f189fd9d,Ishaan Kor,2026-07-27,18:54:33,-07:00,2026-07-27T18:54:33-07:00,0,32
index.js,22,js,f189fd9d,Ishaan Kor,2026-07-27,18:54:33,-07:00,2026-07-27T18:54:33-07:00,0,36
index.js,23,js,f189fd9d,Ishaan Kor,2026-07-27,18:54:33,-07:00,2026-07-27T18:54:33-07:00,0,28
index.js,24,js,f189fd9d,Ishaan Kor,2026-07-27,18:54:33,-07:00,2026-07-27T18:54:33-07:00,0,27
index.js,25,js,f189fd9d,Ishaan Kor,2026-07-27,18:54:33,-07:00,2026-07-27T18:54:33-07:00,0,1
index.js,26,js,f189fd9d,Ishaan Kor,2026-07-27,18:54:33,-07:00,2026-07-27T18:54:33-07:00,0,0
index.js,27,js,f189fd9d,Ishaan Kor,2026-07-27,18:54:33,-07:00,2026-07-27T18:54:33-07:00,0,25
index.js,28,js,f189fd9d,Ishaan Kor,2026-07-27,18:54:33,-07:00,2026-07-27T18:54:33-07:00,0,74
index.js,29,js,f189fd9d,Ishaan Kor,2026-07-27,18:54:33,-07:00,2026-07-27T18:54:33-07:00,0,0
index.js,30,js,f189fd9d,Ishaan Kor,2026-07-27,18:54:33,-07:00,2026-07-27T18:54:33-07:00,0,0
index.js,31,js,f189fd9d,Ishaan Kor,2026-07-27,18:54:33,-07:00,2026-07-27T18:54:33-07:00,0,29
index.js,32,js,f189fd9d,Ishaan Kor,2026-07-27,18:54:33,-07:00,2026-07-27T18:54:33-07:00,0,90
index.js,33,js,f189fd9d,Ishaan Kor,2026-07-27,18:54:33,-07:00,2026-07-27T18:54:33-07:00,0,0
index.js,34,js,f189fd9d,Ishaan Kor,2026-07-27,18:54:33,-07:00,2026-07-27T18:54:33-07:00,0,0
index.js,35,js,f189fd9d,Ishaan Kor,2026-07-27,18:54:33,-07:00,2026-07-27T18:54:33-07:00,0,44
index.js,36,js,f189fd9d,Ishaan Kor,2026-07-27,18:54:33,-07:00,2026-07-27T18:54:33-07:00,0,88
index.js,37,js,f189fd9d,Ishaan Kor,2026-07-27,18:54:33,-07:00,2026-07-27T18:54:33-07:00,0,49
index.js,38,js,f189fd9d,Ishaan Kor,2026-07-27,18:54:33,-07:00,2026-07-27T18:54:33-07:00,0,13
index.js,39,js,f189fd9d,Ishaan Kor,2026-07-27,18:54:33,-07:00,2026-07-27T18:54:33-07:00,0,29
index.js,40,js,f189fd9d,Ishaan Kor,2026-07-27,18:54:33,-07:00,2026-07-27T18:54:33-07:00,0,30
index.js,41,js,f189fd9d,Ishaan Kor,2026-07-27,18:54:33,-07:00,2026-07-27T18:54:33-07:00,0,10
index.js,42,js,f189fd9d,Ishaan Kor,2026-07-27,18:54:33,-07:00,2026-07-27T18:54:33-07:00,0,68
index.js,43,js,f189fd9d,Ishaan Kor,2026-07-27,18:54:33,-07:00,2026-07-27T18:54:33-07:00,0,10
index.js,44,js,f189fd9d,Ishaan Kor,2026-07-27,18:54:33,-07:00,2026-07-27T18:54:33-07:00,0,0
index.js,45,js,f189fd9d,Ishaan Kor,2026-07-27,18:54:33,-07:00,2026-07-27T18:54:33-07:00,0,2
index.js,46,js,f189fd9d,Ishaan Kor,2026-07-27,18:54:33,-07:00,2026-07-27T18:54:33-07:00,0,28
index.js,47,js,f189fd9d,Ishaan Kor,2026-07-27,18:54:33,-07:00,2026-07-27T18:54:33-07:00,0,12
index.js,48,js,f189fd9d,Ishaan Kor,2026-07-27,18:54:33,-07:00,2026-07-27T18:54:33-07:00,0,0
index.js,49,js,f189fd9d,Ishaan Kor,2026-07-27,18:54:33,-07:00,2026-07-27T18:54:33-07:00,0,12
index.js,50,js,f189fd9d,Ishaan Kor,2026-07-27,18:54:33,-07:00,2026-07-27T18:54:33-07:00,0,0
index.js,51,js,f189fd9d,Ishaan Kor,2026-07-27,18:54:33,-07:00,2026-07-27T18:54:33-07:00,0,0
index.js,52,js,f189fd9d,Ishaan Kor,2026-07-27,18:54:33,-07:00,2026-07-27T18:54:33-07:00,0,41
index.js,53,js,f189fd9d,Ishaan Kor,2026-07-27,18:54:33,-07:00,2026-07-27T18:54:33-07:00,0,69
index.js,54,js,f189fd9d,Ishaan Kor,2026-07-27,18:54:33,-07:00,2026-07-27T18:54:33-07:00,0,0
index.js,55,js,f189fd9d,Ishaan Kor,2026-07-27,18:54:33,-07:00,2026-07-27T18:54:33-07:00,0,48
index.js,56,js,f189fd9d,Ishaan Kor,2026-07-27,18:54:33,-07:00,2026-07-27T18:54:33-07:00,0,110
index.js,57,js,f189fd9d,Ishaan Kor,2026-07-27,18:54:33,-07:00,2026-07-27T18:54:33-07:00,0,72
index.js,58,js,f189fd9d,Ishaan Kor,2026-07-27,18:54:33,-07:00,2026-07-27T18:54:33-07:00,0,0
index.js,59,js,f189fd9d,Ishaan Kor,2026-07-27,18:54:33,-07:00,2026-07-27T18:54:33-07:00,0,46
index.js,60,js,f189fd9d,Ishaan Kor,2026-07-27,18:54:33,-07:00,2026-07-27T18:54:33-07:00,0,47
index.js,61,js,f189fd9d,Ishaan Kor,2026-07-27,18:54:33,-07:00,2026-07-27T18:54:33-07:00,0,12
index.js,62,js,f189fd9d,Ishaan Kor,2026-07-27,18:54:33,-07:00,2026-07-27T18:54:33-07:00,0,110
index.js,63,js,f189fd9d,Ishaan Kor,2026-07-27,18:54:33,-07:00,2026-07-27T18:54:33-07:00,0,72
index.js,64,js,f189fd9d,Ishaan Kor,2026-07-27,18:54:33,-07:00,2026-07-27T18:54:33-07:00,0,6
index.js,65,js,f189fd9d,Ishaan Kor,2026-07-27,18:54:33,-07:00,2026-07-27T18:54:33-07:00,0,0
index.js,66,js,f189fd9d,Ishaan Kor,2026-07-27,18:54:33,-07:00,2026-07-27T18:54:33-07:00,0,0
index.js,67,js,f189fd9d,Ishaan Kor,2026-07-27,18:54:33,-07:00,2026-07-27T18:54:33-07:00,0,52
index.js,68,js,f189fd9d,Ishaan Kor,2026-07-27,18:54:33,-07:00,2026-07-27T18:54:33-07:00,0,26
index.js,69,js,f189fd9d,Ishaan Kor,2026-07-27,18:54:33,-07:00,2026-07-27T18:54:33-07:00,0,72
index.js,70,js,f189fd9d,Ishaan Kor,2026-07-27,18:54:33,-07:00,2026-07-27T18:54:33-07:00,0,30
index.js,71,js,f189fd9d,Ishaan Kor,2026-07-27,18:54:33,-07:00,2026-07-27T18:54:33-07:00,0,34
index.js,72,js,f189fd9d,Ishaan Kor,2026-07-27,18:54:33,-07:00,2026-07-27T18:54:33-07:00,0,0
index.js,73,js,f189fd9d,Ishaan Kor,2026-07-27,18:54:33,-07:00,2026-07-27T18:54:33-07:00,0,20
index.js,74,js,f189fd9d,Ishaan Kor,2026-07-27,18:54:33,-07:00,2026-07-27T18:54:33-07:00,0,133
index.js,75,js,f189fd9d,Ishaan Kor,2026-07-27,18:54:33,-07:00,2026-07-27T18:54:33-07:00,0,33
index.js,76,js,f189fd9d,Ishaan Kor,2026-07-27,18:54:33,-07:00,2026-07-27T18:54:33-07:00,0,6
index.js,77,js,f189fd9d,Ishaan Kor,2026-07-27,18:54:33,-07:00,2026-07-27T18:54:33-07:00,0,0
index.js,78,js,f189fd9d,Ishaan Kor,2026-07-27,18:54:33,-07:00,2026-07-27T18:54:33-07:00,0,0
index.js,79,js,f189fd9d,Ishaan Kor,2026-07-27,18:54:33,-07:00,2026-07-27T18:54:33-07:00,0,76
index.js,80,js,f189fd9d,Ishaan Kor,2026-07-27,18:54:33,-07:00,2026-07-27T18:54:33-07:00,0,97
index.js,81,js,f189fd9d,Ishaan Kor,2026-07-27,18:54:33,-07:00,2026-07-27T18:54:33-07:00,0,2
index.js,82,js,f189fd9d,Ishaan Kor,2026-07-27,18:54:33,-07:00,2026-07-27T18:54:33-07:00,0,0
index.js,83,js,f189fd9d,Ishaan Kor,2026-07-27,18:54:33,-07:00,2026-07-27T18:54:33-07:00,0,0
index.js,84,js,f189fd9d,Ishaan Kor,2026-07-27,18:54:33,-07:00,2026-07-27T18:54:33-07:00,0,30
index.js,85,js,f189fd9d,Ishaan Kor,2026-07-27,18:54:33,-07:00,2026-07-27T18:54:33-07:00,0,7
index.js,86,js,f189fd9d,Ishaan Kor,2026-07-27,18:54:33,-07:00,2026-07-27T18:54:33-07:00,0,33
index.js,87,js,f189fd9d,Ishaan Kor,2026-07-27,18:54:33,-07:00,2026-07-27T18:54:33-07:00,0,24
index.js,88,js,f189fd9d,Ishaan Kor,2026-07-27,18:54:33,-07:00,2026-07-27T18:54:33-07:00,0,28
index.js,89,js,f189fd9d,Ishaan Kor,2026-07-27,18:54:33,-07:00,2026-07-27T18:54:33-07:00,0,53
index.js,90,js,f189fd9d,Ishaan Kor,2026-07-27,18:54:33,-07:00,2026-07-27T18:54:33-07:00,0,9
index.js,91,js,f189fd9d,Ishaan Kor,2026-07-27,18:54:33,-07:00,2026-07-27T18:54:33-07:00,0,1
index.js,92,js,641190ef,Ishaan Kor,2025-01-31,20:34:06,-08:00,2025-01-31T20:34:06-08:00,0,0
index.js,93,js,f189fd9d,Ishaan Kor,2026-07-27,18:54:33,-07:00,2026-07-27T18:54:33-07:00,0,0
index.js,94,js,f189fd9d,Ishaan Kor,2026-07-27,18:54:33,-07:00,2026-07-27T18:54:33-07:00,0,46
index.js,95,js,f189fd9d,Ishaan Kor,2026-07-27,18:54:33,-07:00,2026-07-27T18:54:33-07:00,0,29
index.js,96,js,f189fd9d,Ishaan Kor,2026-07-27,18:54:33,-07:00,2026-07-27T18:54:33-07:00,0,0
index.js,97,js,f189fd9d,Ishaan Kor,2026-07-27,18:54:33,-07:00,2026-07-27T18:54:33-07:00,0,53
index.js,98,js,f189fd9d,Ishaan Kor,2026-07-27,18:54:33,-07:00,2026-07-27T18:54:33-07:00,0,55
index.js,99,js,f189fd9d,Ishaan Kor,2026-07-27,18:54:33,-07:00,2026-07-27T18:54:33-07:00,0,10
index.js,100,js,f189fd9d,Ishaan Kor,2026-07-27,18:54:33,-07:00,2026-07-27T18:54:33-07:00,0,13
index.js,101,js,f189fd9d,Ishaan Kor,2026-07-27,18:54:33,-07:00,2026-07-27T18:54:33-07:00,0,0
index.js,102,js,f189fd9d,Ishaan Kor,2026-07-27,18:54:33,-07:00,2026-07-27T18:54:33-07:00,0,39
index.js,103,js,f189fd9d,Ishaan Kor,2026-07-27,18:54:33,-07:00,2026-07-27T18:54:33-07:00,0,48
index.js,104,js,f189fd9d,Ishaan Kor,2026-07-27,18:54:33,-07:00,2026-07-27T18:54:33-07:00,0,0
index.js,105,js,f189fd9d,Ishaan Kor,2026-07-27,18:54:33,-07:00,2026-07-27T18:54:33-07:00,0,47
index.js,106,js,f189fd9d,Ishaan Kor,2026-07-27,18:54:33,-07:00,2026-07-27T18:54:33-07:00,0,35
index.js,107,js,f189fd9d,Ishaan Kor,2026-07-27,18:54:33,-07:00,2026-07-27T18:54:33-07:00,0,65
index.js,108,js,f189fd9d,Ishaan Kor,2026-07-27,18:54:33,-07:00,2026-07-27T18:54:33-07:00,0,7
index.js,109,js,f189fd9d,Ishaan Kor,2026-07-27,18:54:33,-07:00,2026-07-27T18:54:33-07:00,0,21
index.js,110,js,f189fd9d,Ishaan Kor,2026-07-27,18:54:33,-07:00,2026-07-27T18:54:33-07:00,0,50
index.js,111,js,f189fd9d,Ishaan Kor,2026-07-27,18:54:33,-07:00,2026-07-27T18:54:33-07:00,0,19
index.js,112,js,f189fd9d,Ishaan Kor,2026-07-27,18:54:33,-07:00,2026-07-27T18:54:33-07:00,0,5
index.js,113,js,f189fd9d,Ishaan Kor,2026-07-27,18:54:33,-07:00,2026-07-27T18:54:33-07:00,0,1
index.js,114,js,f189fd9d,Ishaan Kor,2026-07-27,18:54:33,-07:00,2026-07-27T18:54:33-07:00,0,11
index.js,115,js,f189fd9d,Ishaan Kor,2026-07-27,18:54:33,-07:00,2026-07-27T18:54:33-07:00,0,0
index.js,116,js,f189fd9d,Ishaan Kor,2026-07-27,18:54:33,-07:00,2026-07-27T18:54:33-07:00,0,0
index.js,117,js,f189fd9d,Ishaan Kor,2026-07-27,18:54:33,-07:00,2026-07-27T18:54:33-07:00,0,45
index.js,118,js,f189fd9d,Ishaan Kor,2026-07-27,18:54:33,-07:00,2026-07-27T18:54:33-07:00,0,63
index.js,119,js,f189fd9d,Ishaan Kor,2026-07-27,18:54:33,-07:00,2026-07-27T18:54:33-07:00,0,24
index.js,120,js,f189fd9d,Ishaan Kor,2026-07-27,18:54:33,-07:00,2026-07-27T18:54:33-07:00,0,0
index.js,121,js,f189fd9d,Ishaan Kor,2026-07-27,18:54:33,-07:00,2026-07-27T18:54:33-07:00,0,80
index.js,122,js,f189fd9d,Ishaan Kor,2026-07-27,18:54:33,-07:00,2026-07-27T18:54:33-07:00,0,112
index.js,123,js,f189fd9d,Ishaan Kor,2026-07-27,18:54:33,-07:00,2026-07-27T18:54:33-07:00,0,31
index.js,124,js,f189fd9d,Ishaan Kor,2026-07-27,18:54:33,-07:00,2026-07-27T18:54:33-07:00,0,63
index.js,125,js,f189fd9d,Ishaan Kor,2026-07-27,18:54:33,-07:00,2026-07-27T18:54:33-07:00,0,0
index.js,126,js,f189fd9d,Ishaan Kor,2026-07-27,18:54:33,-07:00,2026-07-27T18:54:33-07:00,0,85
index.js,127,js,f189fd9d,Ishaan Kor,2026-07-27,18:54:33,-07:00,2026-07-27T18:54:33-07:00,0,53
index.js,128,js,f189fd9d,Ishaan Kor,2026-07-27,18:54:33,-07:00,2026-07-27T18:54:33-07:00,0,30
index.js,129,js,f189fd9d,Ishaan Kor,2026-07-27,18:54:33,-07:00,2026-07-27T18:54:33-07:00,0,57
index.js,130,js,f189fd9d,Ishaan Kor,2026-07-27,18:54:33,-07:00,2026-07-27T18:54:33-07:00,0,10
index.js,131,js,f189fd9d,Ishaan Kor,2026-07-27,18:54:33,-07:00,2026-07-27T18:54:33-07:00,0,23
index.js,132,js,f189fd9d,Ishaan Kor,2026-07-27,18:54:33,-07:00,2026-07-27T18:54:33-07:00,0,27
index.js,133,js,f189fd9d,Ishaan Kor,2026-07-27,18:54:33,-07:00,2026-07-27T18:54:33-07:00,0,11
index.js,134,js,f189fd9d,Ishaan Kor,2026-07-27,18:54:33,-07:00,2026-07-27T18:54:33-07:00,0,30
index.js,135,js,f189fd9d,Ishaan Kor,2026-07-27,18:54:33,-07:00,2026-07-27T18:54:33-07:00,0,0
index.js,136,js,f189fd9d,Ishaan Kor,2026-07-27,18:54:33,-07:00,2026-07-27T18:54:33-07:00,0,25
index.js,137,js,f189fd9d,Ishaan Kor,2026-07-27,18:54:33,-07:00,2026-07-27T18:54:33-07:00,0,69
index.js,138,js,f189fd9d,Ishaan Kor,2026-07-27,18:54:33,-07:00,2026-07-27T18:54:33-07:00,0,11
index.js,139,js,f189fd9d,Ishaan Kor,2026-07-27,18:54:33,-07:00,2026-07-27T18:54:33-07:00,0,74
index.js,140,js,f189fd9d,Ishaan Kor,2026-07-27,18:54:33,-07:00,2026-07-27T18:54:33-07:00,0,11
index.js,141,js,f189fd9d,Ishaan Kor,2026-07-27,18:54:33,-07:00,2026-07-27T18:54:33-07:00,0,0
index.js,142,js,f189fd9d,Ishaan Kor,2026-07-27,18:54:33,-07:00,2026-07-27T18:54:33-07:00,0,24
index.js,143,js,f189fd9d,Ishaan Kor,2026-07-27,18:54:33,-07:00,2026-07-27T18:54:33-07:00,0,25
index.js,144,js,f189fd9d,Ishaan Kor,2026-07-27,18:54:33,-07:00,2026-07-27T18:54:33-07:00,0,42
index.js,145,js,f189fd9d,Ishaan Kor,2026-07-27,18:54:33,-07:00,2026-07-27T18:54:33-07:00,0,28
index.js,146,js,f189fd9d,Ishaan Kor,2026-07-27,18:54:33,-07:00,2026-07-27T18:54:33-07:00,0,5
index.js,147,js,f189fd9d,Ishaan Kor,2026-07-27,18:54:33,-07:00,2026-07-27T18:54:33-07:00,0,23
index.js,148,js,f189fd9d,Ishaan Kor,2026-07-27,18:54:33,-07:00,2026-07-27T18:54:33-07:00,0,23
index.js,149,js,f189fd9d,Ishaan Kor,2026-07-27,18:54:33,-07:00,2026-07-27T18:54:33-07:00,0,43
index.js,150,js,f189fd9d,Ishaan Kor,2026-07-27,18:54:33,-07:00,2026-07-27T18:54:33-07:00,0,58
index.js,151,js,f189fd9d,Ishaan Kor,2026-07-27,18:54:33,-07:00,2026-07-27T18:54:33-07:00,0,5
index.js,152,js,f189fd9d,Ishaan Kor,2026-07-27,18:54:33,-07:00,2026-07-27T18:54:33-07:00,0,23
index.js,153,js,f189fd9d,Ishaan Kor,2026-07-27,18:54:33,-07:00,2026-07-27T18:54:33-07:00,0,43
index.js,154,js,f189fd9d,Ishaan Kor,2026-07-27,18:54:33,-07:00,2026-07-27T18:54:33-07:00,0,58
index.js,155,js,f189fd9d,Ishaan Kor,2026-07-27,18:54:33,-07:00,2026-07-27T18:54:33-07:00,0,5
index.js,156,js,f189fd9d,Ishaan Kor,2026-07-27,18:54:33,-07:00,2026-07-27T18:54:33-07:00,0,23
index.js,157,js,f189fd9d,Ishaan Kor,2026-07-27,18:54:33,-07:00,2026-07-27T18:54:33-07:00,0,40
index.js,158,js,f189fd9d,Ishaan Kor,2026-07-27,18:54:33,-07:00,2026-07-27T18:54:33-07:00,0,55
index.js,159,js,f189fd9d,Ishaan Kor,2026-07-27,18:54:33,-07:00,2026-07-27T18:54:33-07:00,0,5
index.js,160,js,f189fd9d,Ishaan Kor,2026-07-27,18:54:33,-07:00,2026-07-27T18:54:33-07:00,0,23
index.js,161,js,f189fd9d,Ishaan Kor,2026-07-27,18:54:33,-07:00,2026-07-27T18:54:33-07:00,0,44
index.js,162,js,f189fd9d,Ishaan Kor,2026-07-27,18:54:33,-07:00,2026-07-27T18:54:33-07:00,0,67
index.js,163,js,f189fd9d,Ishaan Kor,2026-07-27,18:54:33,-07:00,2026-07-27T18:54:33-07:00,0,5
index.js,164,js,f189fd9d,Ishaan Kor,2026-07-27,18:54:33,-07:00,2026-07-27T18:54:33-07:00,0,23
index.js,165,js,f189fd9d,Ishaan Kor,2026-07-27,18:54:33,-07:00,2026-07-27T18:54:33-07:00,0,42
index.js,166,js,f189fd9d,Ishaan Kor,2026-07-27,18:54:33,-07:00,2026-07-27T18:54:33-07:00,0,44
index.js,167,js,f189fd9d,Ishaan Kor,2026-07-27,18:54:33,-07:00,2026-07-27T18:54:33-07:00,0,5
index.js,168,js,f189fd9d,Ishaan Kor,2026-07-27,18:54:33,-07:00,2026-07-27T18:54:33-07:00,0,23
index.js,169,js,f189fd9d,Ishaan Kor,2026-07-27,18:54:33,-07:00,2026-07-27T18:54:33-07:00,0,44
index.js,170,js,f189fd9d,Ishaan Kor,2026-07-27,18:54:33,-07:00,2026-07-27T18:54:33-07:00,0,64
index.js,171,js,f189fd9d,Ishaan Kor,2026-07-27,18:54:33,-07:00,2026-07-27T18:54:33-07:00,0,5
index.js,172,js,f189fd9d,Ishaan Kor,2026-07-27,18:54:33,-07:00,2026-07-27T18:54:33-07:00,0,5
index.js,173,js,f189fd9d,Ishaan Kor,2026-07-27,18:54:33,-07:00,2026-07-27T18:54:33-07:00,0,1
index.js,174,js,641190ef,Ishaan Kor,2025-01-31,20:34:06,-08:00,2025-01-31T20:34:06-08:00,0,0
index.html,1,html,1f491d59,Ishaan Kor,2025-01-11,16:03:55,-08:00,2025-01-11T16:03:55-08:00,0,14
index.html,2,html,1f491d59,Ishaan Kor,2025-01-11,16:03:55,-08:00,2025-01-11T16:03:55-08:00,0,15
index.html,3,html,1f491d59,Ishaan Kor,2025-01-11,16:03:55,-08:00,2025-01-11T16:03:55-08:00,0,5
index.html,4,html,1f491d59,Ishaan Kor,2025-01-11,16:03:55,-08:00,2025-01-11T16:03:55-08:00,0,21
index.html,5,html,1f491d59,Ishaan Kor,2025-01-11,16:03:55,-08:00,2025-01-11T16:03:55-08:00,0,69
index.html,6,html,f189fd9d,Ishaan Kor,2026-07-27,18:54:33,-07:00,2026-07-27T18:54:33-07:00,0,53
index.html,7,html,0c833c89,Ishaan Kor,2025-01-24,17:06:39,-08:00,2025-01-24T17:06:39-08:00,0,39
index.html,8,html,f189fd9d,Ishaan Kor,2026-07-27,18:54:33,-07:00,2026-07-27T18:54:33-07:00,0,52
index.html,9,html,f189fd9d,Ishaan Kor,2026-07-27,18:54:33,-07:00,2026-07-27T18:54:33-07:00,0,51
index.html,10,html,1f491d59,Ishaan Kor,2025-01-11,16:03:55,-08:00,2025-01-11T16:03:55-08:00,0,6
index.html,11,html,f189fd9d,Ishaan Kor,2026-07-27,18:54:33,-07:00,2026-07-27T18:54:33-07:00,0,18
index.html,12,html,f189fd9d,Ishaan Kor,2026-07-27,18:54:33,-07:00,2026-07-27T18:54:33-07:00,0,20
index.html,13,html,f189fd9d,Ishaan Kor,2026-07-27,18:54:33,-07:00,2026-07-27T18:54:33-07:00,0,22
index.html,14,html,f189fd9d,Ishaan Kor,2026-07-27,18:54:33,-07:00,2026-07-27T18:54:33-07:00,0,63
index.html,15,html,f189fd9d,Ishaan Kor,2026-07-27,18:54:33,-07:00,2026-07-27T18:54:33-07:00,0,22
index.html,16,html,f189fd9d,Ishaan Kor,2026-07-27,18:54:33,-07:00,2026-07-27T18:54:33-07:00,0,173
index.html,17,html,f189fd9d,Ishaan Kor,2026-07-27,18:54:33,-07:00,2026-07-27T18:54:33-07:00,0,25
index.html,18,html,f189fd9d,Ishaan Kor,2026-07-27,18:54:33,-07:00,2026-07-27T18:54:33-07:00,0,67
index.html,19,html,f189fd9d,Ishaan Kor,2026-07-27,18:54:33,-07:00,2026-07-27T18:54:33-07:00,0,74
index.html,20,html,f189fd9d,Ishaan Kor,2026-07-27,18:54:33,-07:00,2026-07-27T18:54:33-07:00,0,5
index.html,21,html,f189fd9d,Ishaan Kor,2026-07-27,18:54:33,-07:00,2026-07-27T18:54:33-07:00,0,23
index.html,22,html,f189fd9d,Ishaan Kor,2026-07-27,18:54:33,-07:00,2026-07-27T18:54:33-07:00,0,29
index.html,23,html,f189fd9d,Ishaan Kor,2026-07-27,18:54:33,-07:00,2026-07-27T18:54:33-07:00,0,32
index.html,24,html,f189fd9d,Ishaan Kor,2026-07-27,18:54:33,-07:00,2026-07-27T18:54:33-07:00,0,39
index.html,25,html,f189fd9d,Ishaan Kor,2026-07-27,18:54:33,-07:00,2026-07-27T18:54:33-07:00,0,4
index.html,26,html,f189fd9d,Ishaan Kor,2026-07-27,18:54:33,-07:00,2026-07-27T18:54:33-07:00,0,5
index.html,27,html,f189fd9d,Ishaan Kor,2026-07-27,18:54:33,-07:00,2026-07-27T18:54:33-07:00,0,25
index.html,28,html,f189fd9d,Ishaan Kor,2026-07-27,18:54:33,-07:00,2026-07-27T18:54:33-07:00,0,80
index.html,29,html,f189fd9d,Ishaan Kor,2026-07-27,18:54:33,-07:00,2026-07-27T18:54:33-07:00,0,28
index.html,30,html,f189fd9d,Ishaan Kor,2026-07-27,18:54:33,-07:00,2026-07-27T18:54:33-07:00,0,47
index.html,31,html,f189fd9d,Ishaan Kor,2026-07-27,18:54:33,-07:00,2026-07-27T18:54:33-07:00,0,49
index.html,32,html,f189fd9d,Ishaan Kor,2026-07-27,18:54:33,-07:00,2026-07-27T18:54:33-07:00,0,5
index.html,33,html,f189fd9d,Ishaan Kor,2026-07-27,18:54:33,-07:00,2026-07-27T18:54:33-07:00,0,7
index.html,34,html,f189fd9d,Ishaan Kor,2026-07-27,18:54:33,-07:00,2026-07-27T18:54:33-07:00,0,8
index.html,35,html,f189fd9d,Ishaan Kor,2026-07-27,18:54:33,-07:00,2026-07-27T18:54:33-07:00,0,0
index.html,36,html,f189fd9d,Ishaan Kor,2026-07-27,18:54:33,-07:00,2026-07-27T18:54:33-07:00,0,5
index.html,37,html,f189fd9d,Ishaan Kor,2026-07-27,18:54:33,-07:00,2026-07-27T18:54:33-07:00,0,29
index.html,38,html,f189fd9d,Ishaan Kor,2026-07-27,18:54:33,-07:00,2026-07-27T18:54:33-07:00,0,29
index.html,39,html,f189fd9d,Ishaan Kor,2026-07-27,18:54:33,-07:00,2026-07-27T18:54:33-07:00,0,41
index.html,40,html,f189fd9d,Ishaan Kor,2026-07-27,18:54:33,-07:00,2026-07-27T18:54:33-07:00,0,27
index.html,41,html,f189fd9d,Ishaan Kor,2026-07-27,18:54:33,-07:00,2026-07-27T18:54:33-07:00,0,149
index.html,42,html,f189fd9d,Ishaan Kor,2026-07-27,18:54:33,-07:00,2026-07-27T18:54:33-07:00,0,9
index.html,43,html,f189fd9d,Ishaan Kor,2026-07-27,18:54:33,-07:00,2026-07-27T18:54:33-07:00,0,29
index.html,44,html,f189fd9d,Ishaan Kor,2026-07-27,18:54:33,-07:00,2026-07-27T18:54:33-07:00,0,42
index.html,45,html,f189fd9d,Ishaan Kor,2026-07-27,18:54:33,-07:00,2026-07-27T18:54:33-07:00,0,25
index.html,46,html,f189fd9d,Ishaan Kor,2026-07-27,18:54:33,-07:00,2026-07-27T18:54:33-07:00,0,123
index.html,47,html,f189fd9d,Ishaan Kor,2026-07-27,18:54:33,-07:00,2026-07-27T18:54:33-07:00,0,9
index.html,48,html,f189fd9d,Ishaan Kor,2026-07-27,18:54:33,-07:00,2026-07-27T18:54:33-07:00,0,29
index.html,49,html,f189fd9d,Ishaan Kor,2026-07-27,18:54:33,-07:00,2026-07-27T18:54:33-07:00,0,48
index.html,50,html,f189fd9d,Ishaan Kor,2026-07-27,18:54:33,-07:00,2026-07-27T18:54:33-07:00,0,35
index.html,51,html,f189fd9d,Ishaan Kor,2026-07-27,18:54:33,-07:00,2026-07-27T18:54:33-07:00,0,112
index.html,52,html,f189fd9d,Ishaan Kor,2026-07-27,18:54:33,-07:00,2026-07-27T18:54:33-07:00,0,9
index.html,53,html,f189fd9d,Ishaan Kor,2026-07-27,18:54:33,-07:00,2026-07-27T18:54:33-07:00,0,9
index.html,54,html,f189fd9d,Ishaan Kor,2026-07-27,18:54:33,-07:00,2026-07-27T18:54:33-07:00,0,0
index.html,55,html,f189fd9d,Ishaan Kor,2026-07-27,18:54:33,-07:00,2026-07-27T18:54:33-07:00,0,34
index.html,56,html,f189fd9d,Ishaan Kor,2026-07-27,18:54:33,-07:00,2026-07-27T18:54:33-07:00,0,56
index.html,57,html,f189fd9d,Ishaan Kor,2026-07-27,18:54:33,-07:00,2026-07-27T18:54:33-07:00,0,50
index.html,58,html,f189fd9d,Ishaan Kor,2026-07-27,18:54:33,-07:00,2026-07-27T18:54:33-07:00,0,25
index.html,59,html,f189fd9d,Ishaan Kor,2026-07-27,18:54:33,-07:00,2026-07-27T18:54:33-07:00,0,42
index.html,60,html,f189fd9d,Ishaan Kor,2026-07-27,18:54:33,-07:00,2026-07-27T18:54:33-07:00,0,24
index.html,61,html,f189fd9d,Ishaan Kor,2026-07-27,18:54:33,-07:00,2026-07-27T18:54:33-07:00,0,5
index.html,62,html,f189fd9d,Ishaan Kor,2026-07-27,18:54:33,-07:00,2026-07-27T18:54:33-07:00,0,85
index.html,63,html,f189fd9d,Ishaan Kor,2026-07-27,18:54:33,-07:00,2026-07-27T18:54:33-07:00,0,5
index.html,64,html,f189fd9d,Ishaan Kor,2026-07-27,18:54:33,-07:00,2026-07-27T18:54:33-07:00,0,9
index.html,65,html,f189fd9d,Ishaan Kor,2026-07-27,18:54:33,-07:00,2026-07-27T18:54:33-07:00,0,0
index.html,66,html,f189fd9d,Ishaan Kor,2026-07-27,18:54:33,-07:00,2026-07-27T18:54:33-07:00,0,33
index.html,67,html,f189fd9d,Ishaan Kor,2026-07-27,18:54:33,-07:00,2026-07-27T18:54:33-07:00,0,27
index.html,68,html,f189fd9d,Ishaan Kor,2026-07-27,18:54:33,-07:00,2026-07-27T18:54:33-07:00,0,4
index.html,69,html,f189fd9d,Ishaan Kor,2026-07-27,18:54:33,-07:00,2026-07-27T18:54:33-07:00,0,39
index.html,70,html,f189fd9d,Ishaan Kor,2026-07-27,18:54:33,-07:00,2026-07-27T18:54:33-07:00,0,19
index.html,71,html,f189fd9d,Ishaan Kor,2026-07-27,18:54:33,-07:00,2026-07-27T18:54:33-07:00,0,5
index.html,72,html,f189fd9d,Ishaan Kor,2026-07-27,18:54:33,-07:00,2026-07-27T18:54:33-07:00,0,77
index.html,73,html,f189fd9d,Ishaan Kor,2026-07-27,18:54:33,-07:00,2026-07-27T18:54:33-07:00,0,5
index.html,74,html,f189fd9d,Ishaan Kor,2026-07-27,18:54:33,-07:00,2026-07-27T18:54:33-07:00,0,27
index.html,75,html,f189fd9d,Ishaan Kor,2026-07-27,18:54:33,-07:00,2026-07-27T18:54:33-07:00,0,9
index.html,76,html,f189fd9d,Ishaan Kor,2026-07-27,18:54:33,-07:00,2026-07-27T18:54:33-07:00,0,0
index.html,77,html,f189fd9d,Ishaan Kor,2026-07-27,18:54:33,-07:00,2026-07-27T18:54:33-07:00,0,29
index.html,78,html,f189fd9d,Ishaan Kor,2026-07-27,18:54:33,-07:00,2026-07-27T18:54:33-07:00,0,27
index.html,79,html,f189fd9d,Ishaan Kor,2026-07-27,18:54:33,-07:00,2026-07-27T18:54:33-07:00,0,4
index.html,80,html,f189fd9d,Ishaan Kor,2026-07-27,18:54:33,-07:00,2026-07-27T18:54:33-07:00,0,38
index.html,81,html,f189fd9d,Ishaan Kor,2026-07-27,18:54:33,-07:00,2026-07-27T18:54:33-07:00,0,27
index.html,82,html,f189fd9d,Ishaan Kor,2026-07-27,18:54:33,-07:00,2026-07-27T18:54:33-07:00,0,5
index.html,83,html,f189fd9d,Ishaan Kor,2026-07-27,18:54:33,-07:00,2026-07-27T18:54:33-07:00,0,5
index.html,84,html,f189fd9d,Ishaan Kor,2026-07-27,18:54:33,-07:00,2026-07-27T18:54:33-07:00,0,168
index.html,85,html,f189fd9d,Ishaan Kor,2026-07-27,18:54:33,-07:00,2026-07-27T18:54:33-07:00,0,24
index.html,86,html,f189fd9d,Ishaan Kor,2026-07-27,18:54:33,-07:00,2026-07-27T18:54:33-07:00,0,59
index.html,87,html,f189fd9d,Ishaan Kor,2026-07-27,18:54:33,-07:00,2026-07-27T18:54:33-07:00,0,114
index.html,88,html,f189fd9d,Ishaan Kor,2026-07-27,18:54:33,-07:00,2026-07-27T18:54:33-07:00,0,30
index.html,89,html,f189fd9d,Ishaan Kor,2026-07-27,18:54:33,-07:00,2026-07-27T18:54:33-07:00,0,63
index.html,90,html,f189fd9d,Ishaan Kor,2026-07-27,18:54:33,-07:00,2026-07-27T18:54:33-07:00,0,63
index.html,91,html,f189fd9d,Ishaan Kor,2026-07-27,18:54:33,-07:00,2026-07-27T18:54:33-07:00,0,5
index.html,92,html,f189fd9d,Ishaan Kor,2026-07-27,18:54:33,-07:00,2026-07-27T18:54:33-07:00,0,5
index.html,93,html,f189fd9d,Ishaan Kor,2026-07-27,18:54:33,-07:00,2026-07-27T18:54:33-07:00,0,9
index.html,94,html,f189fd9d,Ishaan Kor,2026-07-27,18:54:33,-07:00,2026-07-27T18:54:33-07:00,0,0
index.html,95,html,f189fd9d,Ishaan Kor,2026-07-27,18:54:33,-07:00,2026-07-27T18:54:33-07:00,0,33
index.html,96,html,f189fd9d,Ishaan Kor,2026-07-27,18:54:33,-07:00,2026-07-27T18:54:33-07:00,0,27
index.html,97,html,f189fd9d,Ishaan Kor,2026-07-27,18:54:33,-07:00,2026-07-27T18:54:33-07:00,0,4
index.html,98,html,f189fd9d,Ishaan Kor,2026-07-27,18:54:33,-07:00,2026-07-27T18:54:33-07:00,0,45
index.html,99,html,f189fd9d,Ishaan Kor,2026-07-27,18:54:33,-07:00,2026-07-27T18:54:33-07:00,0,37
index.html,100,html,f189fd9d,Ishaan Kor,2026-07-27,18:54:33,-07:00,2026-07-27T18:54:33-07:00,0,5
index.html,101,html,f189fd9d,Ishaan Kor,2026-07-27,18:54:33,-07:00,2026-07-27T18:54:33-07:00,0,5
index.html,102,html,f189fd9d,Ishaan Kor,2026-07-27,18:54:33,-07:00,2026-07-27T18:54:33-07:00,0,26
index.html,103,html,f189fd9d,Ishaan Kor,2026-07-27,18:54:33,-07:00,2026-07-27T18:54:33-07:00,0,30
index.html,104,html,f189fd9d,Ishaan Kor,2026-07-27,18:54:33,-07:00,2026-07-27T18:54:33-07:00,0,29
index.html,105,html,f189fd9d,Ishaan Kor,2026-07-27,18:54:33,-07:00,2026-07-27T18:54:33-07:00,0,110
index.html,106,html,f189fd9d,Ishaan Kor,2026-07-27,18:54:33,-07:00,2026-07-27T18:54:33-07:00,0,9
index.html,107,html,f189fd9d,Ishaan Kor,2026-07-27,18:54:33,-07:00,2026-07-27T18:54:33-07:00,0,30
index.html,108,html,f189fd9d,Ishaan Kor,2026-07-27,18:54:33,-07:00,2026-07-27T18:54:33-07:00,0,28
index.html,109,html,f189fd9d,Ishaan Kor,2026-07-27,18:54:33,-07:00,2026-07-27T18:54:33-07:00,0,106
index.html,110,html,f189fd9d,Ishaan Kor,2026-07-27,18:54:33,-07:00,2026-07-27T18:54:33-07:00,0,9
index.html,111,html,f189fd9d,Ishaan Kor,2026-07-27,18:54:33,-07:00,2026-07-27T18:54:33-07:00,0,30
index.html,112,html,f189fd9d,Ishaan Kor,2026-07-27,18:54:33,-07:00,2026-07-27T18:54:33-07:00,0,31
index.html,113,html,f189fd9d,Ishaan Kor,2026-07-27,18:54:33,-07:00,2026-07-27T18:54:33-07:00,0,120
index.html,114,html,f189fd9d,Ishaan Kor,2026-07-27,18:54:33,-07:00,2026-07-27T18:54:33-07:00,0,9
index.html,115,html,f189fd9d,Ishaan Kor,2026-07-27,18:54:33,-07:00,2026-07-27T18:54:33-07:00,0,5
index.html,116,html,f189fd9d,Ishaan Kor,2026-07-27,18:54:33,-07:00,2026-07-27T18:54:33-07:00,0,9
index.html,117,html,f189fd9d,Ishaan Kor,2026-07-27,18:54:33,-07:00,2026-07-27T18:54:33-07:00,0,6
index.html,118,html,1f491d59,Ishaan Kor,2025-01-11,16:03:55,-08:00,2025-01-11T16:03:55-08:00,0,6
index.html,119,html,f189fd9d,Ishaan Kor,2026-07-27,18:54:33,-07:00,2026-07-27T18:54:33-07:00,0,6
global.js,1,js,0c833c89,Ishaan Kor,2025-01-24,17:06:39,-08:00,2025-01-24T17:06:39-08:00,0,26
global.js,2,js,0c833c89,Ishaan Kor,2025-01-24,17:06:39,-08:00,2025-01-24T17:06:39-08:00,0,0
global.js,3,js,0da4754a,Ishaan Kor,2025-01-31,18:37:12,-08:00,2025-01-31T18:37:12-08:00,0,37
global.js,4,js,0da4754a,Ishaan Kor,2025-01-31,18:37:12,-08:00,2025-01-31T18:37:12-08:00,0,4
global.js,5,js,0da4754a,Ishaan Kor,2025-01-31,18:37:12,-08:00,2025-01-31T18:37:12-08:00,0,33
global.js,6,js,0da4754a,Ishaan Kor,2025-01-31,18:37:12,-08:00,2025-01-31T18:37:12-08:00,0,18
global.js,7,js,f189fd9d,Ishaan Kor,2026-07-27,18:54:33,-07:00,2026-07-27T18:54:33-07:00,0,65
global.js,8,js,0da4754a,Ishaan Kor,2025-01-31,18:37:12,-08:00,2025-01-31T18:37:12-08:00,0,0
global.js,9,js,f189fd9d,Ishaan Kor,2026-07-27,18:54:33,-07:00,2026-07-27T18:54:33-07:00,0,28
global.js,10,js,0da4754a,Ishaan Kor,2025-01-31,18:37:12,-08:00,2025-01-31T18:37:12-08:00,0,16
global.js,11,js,0da4754a,Ishaan Kor,2025-01-31,18:37:12,-08:00,2025-01-31T18:37:12-08:00,0,60
global.js,12,js,f189fd9d,Ishaan Kor,2026-07-27,18:54:33,-07:00,2026-07-27T18:54:33-07:00,0,11
global.js,13,js,0da4754a,Ishaan Kor,2025-01-31,18:37:12,-08:00,2025-01-31T18:37:12-08:00,0,0
global.js,14,js,0da4754a,Ishaan Kor,2025-01-31,18:37:12,-08:00,2025-01-31T18:37:12-08:00,0,0
global.js,15,js,0da4754a,Ishaan Kor,2025-01-31,18:37:12,-08:00,2025-01-31T18:37:12-08:00,0,0
global.js,16,js,641190ef,Ishaan Kor,2025-01-31,20:34:06,-08:00,2025-01-31T20:34:06-08:00,0,80
global.js,17,js,0da4754a,Ishaan Kor,2025-01-31,18:37:12,-08:00,2025-01-31T18:37:12-08:00,0,31
global.js,18,js,f189fd9d,Ishaan Kor,2026-07-27,18:54:33,-07:00,2026-07-27T18:54:33-07:00,0,30
global.js,19,js,f189fd9d,Ishaan Kor,2026-07-27,18:54:33,-07:00,2026-07-27T18:54:33-07:00,0,6
global.js,20,js,f189fd9d,Ishaan Kor,2026-07-27,18:54:33,-07:00,2026-07-27T18:54:33-07:00,0,0
global.js,21,js,f189fd9d,Ishaan Kor,2026-07-27,18:54:33,-07:00,2026-07-27T18:54:33-07:00,0,0
global.js,22,js,f189fd9d,Ishaan Kor,2026-07-27,18:54:33,-07:00,2026-07-27T18:54:33-07:00,0,37
global.js,23,js,641190ef,Ishaan Kor,2025-01-31,20:34:06,-08:00,2025-01-31T20:34:06-08:00,0,49
global.js,24,js,f189fd9d,Ishaan Kor,2026-07-27,18:54:33,-07:00,2026-07-27T18:54:33-07:00,0,41
global.js,25,js,f189fd9d,Ishaan Kor,2026-07-27,18:54:33,-07:00,2026-07-27T18:54:33-07:00,0,37
global.js,26,js,641190ef,Ishaan Kor,2025-01-31,20:34:06,-08:00,2025-01-31T20:34:06-08:00,0,20
global.js,27,js,f189fd9d,Ishaan Kor,2026-07-27,18:54:33,-07:00,2026-07-27T18:54:33-07:00,0,33
global.js,28,js,ad82f1bd,Ishaan Kor,2025-02-08,01:03:10,-08:00,2025-02-08T01:03:10-08:00,0,50
global.js,29,js,f189fd9d,Ishaan Kor,2026-07-27,18:54:33,-07:00,2026-07-27T18:54:33-07:00,0,65
global.js,30,js,ad82f1bd,Ishaan Kor,2025-02-08,01:03:10,-08:00,2025-02-08T01:03:10-08:00,0,28
global.js,31,js,f189fd9d,Ishaan Kor,2026-07-27,18:54:33,-07:00,2026-07-27T18:54:33-07:00,0,25
global.js,32,js,f189fd9d,Ishaan Kor,2026-07-27,18:54:33,-07:00,2026-07-27T18:54:33-07:00,0,27
global.js,33,js,f189fd9d,Ishaan Kor,2026-07-27,18:54:33,-07:00,2026-07-27T18:54:33-07:00,0,5
global.js,34,js,ad82f1bd,Ishaan Kor,2025-02-08,01:03:10,-08:00,2025-02-08T01:03:10-08:00,0,5
global.js,35,js,641190ef,Ishaan Kor,2025-01-31,20:34:06,-08:00,2025-01-31T20:34:06-08:00,0,1
global.js,36,js,641190ef,Ishaan Kor,2025-01-31,20:34:06,-08:00,2025-01-31T20:34:06-08:00,0,37
global.js,37,js,f189fd9d,Ishaan Kor,2026-07-27,18:54:33,-07:00,2026-07-27T18:54:33-07:00,0,28
global.js,38,js,f189fd9d,Ishaan Kor,2026-07-27,18:54:33,-07:00,2026-07-27T18:54:33-07:00,0,33
global.js,39,js,f189fd9d,Ishaan Kor,2026-07-27,18:54:33,-07:00,2026-07-27T18:54:33-07:00,0,2
global.js,40,js,f189fd9d,Ishaan Kor,2026-07-27,18:54:33,-07:00,2026-07-27T18:54:33-07:00,0,2
global.js,41,js,f189fd9d,Ishaan Kor,2026-07-27,18:54:33,-07:00,2026-07-27T18:54:33-07:00,0,0
global.js,42,js,f189fd9d,Ishaan Kor,2026-07-27,18:54:33,-07:00,2026-07-27T18:54:33-07:00,0,0
global.js,43,js,f189fd9d,Ishaan Kor,2026-07-27,18:54:33,-07:00,2026-07-27T18:54:33-07:00,0,29
global.js,44,js,f189fd9d,Ishaan Kor,2026-07-27,18:54:33,-07:00,2026-07-27T18:54:33-07:00,0,18
global.js,45,js,f189fd9d,Ishaan Kor,2026-07-27,18:54:33,-07:00,2026-07-27T18:54:33-07:00,0,12
global.js,46,js,f189fd9d,Ishaan Kor,2026-07-27,18:54:33,-07:00,2026-07-27T18:54:33-07:00,0,13
global.js,47,js,f189fd9d,Ishaan Kor,2026-07-27,18:54:33,-07:00,2026-07-27T18:54:33-07:00,0,15
global.js,48,js,f189fd9d,Ishaan Kor,2026-07-27,18:54:33,-07:00,2026-07-27T18:54:33-07:00,0,18
global.js,49,js,f189fd9d,Ishaan Kor,2026-07-27,18:54:33,-07:00,2026-07-27T18:54:33-07:00,0,15
global.js,50,js,f189fd9d,Ishaan Kor,2026-07-27,18:54:33,-07:00,2026-07-27T18:54:33-07:00,0,15
global.js,51,js,f189fd9d,Ishaan Kor,2026-07-27,18:54:33,-07:00,2026-07-27T18:54:33-07:00,0,20
global.js,52,js,f189fd9d,Ishaan Kor,2026-07-27,18:54:33,-07:00,2026-07-27T18:54:33-07:00,0,16
global.js,53,js,f189fd9d,Ishaan Kor,2026-07-27,18:54:33,-07:00,2026-07-27T18:54:33-07:00,0,15
global.js,54,js,f189fd9d,Ishaan Kor,2026-07-27,18:54:33,-07:00,2026-07-27T18:54:33-07:00,0,16
global.js,55,js,f189fd9d,Ishaan Kor,2026-07-27,18:54:33,-07:00,2026-07-27T18:54:33-07:00,0,20
global.js,56,js,f189fd9d,Ishaan Kor,2026-07-27,18:54:33,-07:00,2026-07-27T18:54:33-07:00,0,17
global.js,57,js,f189fd9d,Ishaan Kor,2026-07-27,18:54:33,-07:00,2026-07-27T18:54:33-07:00,0,14
global.js,58,js,f189fd9d,Ishaan Kor,2026-07-27,18:54:33,-07:00,2026-07-27T18:54:33-07:00,0,1
global.js,59,js,f189fd9d,Ishaan Kor,2026-07-27,18:54:33,-07:00,2026-07-27T18:54:33-07:00,0,0
global.js,60,js,f189fd9d,Ishaan Kor,2026-07-27,18:54:33,-07:00,2026-07-27T18:54:33-07:00,0,55
global.js,61,js,f189fd9d,Ishaan Kor,2026-07-27,18:54:33,-07:00,2026-07-27T18:54:33-07:00,0,25
global.js,62,js,f189fd9d,Ishaan Kor,2026-07-27,18:54:33,-07:00,2026-07-27T18:54:33-07:00,0,26
global.js,63,js,f189fd9d,Ishaan Kor,2026-07-27,18:54:33,-07:00,2026-07-27T18:54:33-07:00,0,38
global.js,64,js,f189fd9d,Ishaan Kor,2026-07-27,18:54:33,-07:00,2026-07-27T18:54:33-07:00,0,32
global.js,65,js,f189fd9d,Ishaan Kor,2026-07-27,18:54:33,-07:00,2026-07-27T18:54:33-07:00,0,0
global.js,66,js,f189fd9d,Ishaan Kor,2026-07-27,18:54:33,-07:00,2026-07-27T18:54:33-07:00,0,2
global.js,67,js,f189fd9d,Ishaan Kor,2026-07-27,18:54:33,-07:00,2026-07-27T18:54:33-07:00,0,3
global.js,68,js,f189fd9d,Ishaan Kor,2026-07-27,18:54:33,-07:00,2026-07-27T18:54:33-07:00,0,15
global.js,69,js,f189fd9d,Ishaan Kor,2026-07-27,18:54:33,-07:00,2026-07-27T18:54:33-07:00,0,29
global.js,70,js,f189fd9d,Ishaan Kor,2026-07-27,18:54:33,-07:00,2026-07-27T18:54:33-07:00,0,2
global.js,71,js,f189fd9d,Ishaan Kor,2026-07-27,18:54:33,-07:00,2026-07-27T18:54:33-07:00,0,0
global.js,72,js,f189fd9d,Ishaan Kor,2026-07-27,18:54:33,-07:00,2026-07-27T18:54:33-07:00,0,63
global.js,73,js,f189fd9d,Ishaan Kor,2026-07-27,18:54:33,-07:00,2026-07-27T18:54:33-07:00,0,40
global.js,74,js,f189fd9d,Ishaan Kor,2026-07-27,18:54:33,-07:00,2026-07-27T18:54:33-07:00,0,28
global.js,75,js,f189fd9d,Ishaan Kor,2026-07-27,18:54:33,-07:00,2026-07-27T18:54:33-07:00,0,0
global.js,76,js,f189fd9d,Ishaan Kor,2026-07-27,18:54:33,-07:00,2026-07-27T18:54:33-07:00,0,22
global.js,77,js,641190ef,Ishaan Kor,2025-01-31,20:34:06,-08:00,2025-01-31T20:34:06-08:00,0,2
global.js,78,js,0da4754a,Ishaan Kor,2025-01-31,18:37:12,-08:00,2025-01-31T18:37:12-08:00,0,0
global.js,79,js,0da4754a,Ishaan Kor,2025-01-31,18:37:12,-08:00,2025-01-31T18:37:12-08:00,0,0
global.js,80,js,f189fd9d,Ishaan Kor,2026-07-27,18:54:33,-07:00,2026-07-27T18:54:33-07:00,0,62
global.js,81,js,f189fd9d,Ishaan Kor,2026-07-27,18:54:33,-07:00,2026-07-27T18:54:33-07:00,0,0
global.js,82,js,0c833c89,Ishaan Kor,2025-01-24,17:06:39,-08:00,2025-01-24T17:06:39-08:00,0,42
global.js,83,js,f189fd9d,Ishaan Kor,2026-07-27,18:54:33,-07:00,2026-07-27T18:54:33-07:00,0,53
global.js,84,js,0c833c89,Ishaan Kor,2025-01-24,17:06:39,-08:00,2025-01-24T17:06:39-08:00,0,0
global.js,85,js,0c833c89,Ishaan Kor,2025-01-24,17:06:39,-08:00,2025-01-24T17:06:39-08:00,0,0
global.js,86,js,f189fd9d,Ishaan Kor,2026-07-27,18:54:33,-07:00,2026-07-27T18:54:33-07:00,0,14
global.js,87,js,70085f80,Ishaan Kor,2025-02-08,04:28:30,-08:00,2025-02-08T04:28:30-08:00,0,63
global.js,88,js,70085f80,Ishaan Kor,2025-02-08,04:28:30,-08:00,2025-02-08T04:28:30-08:00,0,76
global.js,89,js,70085f80,Ishaan Kor,2025-02-08,04:28:30,-08:00,2025-02-08T04:28:30-08:00,0,72
global.js,90,js,f189fd9d,Ishaan Kor,2026-07-27,18:54:33,-07:00,2026-07-27T18:54:33-07:00,0,68
global.js,91,js,db417108,Ishaan Kor,2025-01-24,18:06:03,-08:00,2025-01-24T18:06:03-08:00,0,57
global.js,92,js,70085f80,Ishaan Kor,2025-02-08,04:28:30,-08:00,2025-02-08T04:28:30-08:00,0,73
global.js,93,js,0c833c89,Ishaan Kor,2025-01-24,17:06:39,-08:00,2025-01-24T17:06:39-08:00,0,1
global.js,94,js,0c833c89,Ishaan Kor,2025-01-24,17:06:39,-08:00,2025-01-24T17:06:39-08:00,0,0
global.js,95,js,f189fd9d,Ishaan Kor,2026-07-27,18:54:33,-07:00,2026-07-27T18:54:33-07:00,0,41
global.js,96,js,0c833c89,Ishaan Kor,2025-01-24,17:06:39,-08:00,2025-01-24T17:06:39-08:00,0,26
global.js,97,js,0c833c89,Ishaan Kor,2025-01-24,17:06:39,-08:00,2025-01-24T17:06:39-08:00,0,0
global.js,98,js,f189fd9d,Ishaan Kor,2026-07-27,18:54:33,-07:00,2026-07-27T18:54:33-07:00,0,26
global.js,99,js,f189fd9d,Ishaan Kor,2026-07-27,18:54:33,-07:00,2026-07-27T18:54:33-07:00,0,40
global.js,100,js,f189fd9d,Ishaan Kor,2026-07-27,18:54:33,-07:00,2026-07-27T18:54:33-07:00,0,20
global.js,101,js,f189fd9d,Ishaan Kor,2026-07-27,18:54:33,-07:00,2026-07-27T18:54:33-07:00,0,29
global.js,102,js,f189fd9d,Ishaan Kor,2026-07-27,18:54:33,-07:00,2026-07-27T18:54:33-07:00,0,21
global.js,103,js,0c833c89,Ishaan Kor,2025-01-24,17:06:39,-08:00,2025-01-24T17:06:39-08:00,0,9
global.js,104,js,f189fd9d,Ishaan Kor,2026-07-27,18:54:33,-07:00,2026-07-27T18:54:33-07:00,0,65
global.js,105,js,0c833c89,Ishaan Kor,2025-01-24,17:06:39,-08:00,2025-01-24T17:06:39-08:00,0,1
global.js,106,js,f189fd9d,Ishaan Kor,2026-07-27,18:54:33,-07:00,2026-07-27T18:54:33-07:00,0,33
global.js,107,js,f189fd9d,Ishaan Kor,2026-07-27,18:54:33,-07:00,2026-07-27T18:54:33-07:00,0,22
global.js,108,js,0c833c89,Ishaan Kor,2025-01-24,17:06:39,-08:00,2025-01-24T17:06:39-08:00,0,0
global.js,109,js,f189fd9d,Ishaan Kor,2026-07-27,18:54:33,-07:00,2026-07-27T18:54:33-07:00,0,16
global.js,110,js,0c833c89,Ishaan Kor,2025-01-24,17:06:39,-08:00,2025-01-24T17:06:39-08:00,0,0
global.js,111,js,0c833c89,Ishaan Kor,2025-01-24,17:06:39,-08:00,2025-01-24T17:06:39-08:00,0,0
global.js,112,js,f189fd9d,Ishaan Kor,2026-07-27,18:54:33,-07:00,2026-07-27T18:54:33-07:00,0,52
global.js,113,js,f189fd9d,Ishaan Kor,2026-07-27,18:54:33,-07:00,2026-07-27T18:54:33-07:00,0,39
global.js,114,js,f189fd9d,Ishaan Kor,2026-07-27,18:54:33,-07:00,2026-07-27T18:54:33-07:00,0,25
global.js,115,js,f189fd9d,Ishaan Kor,2026-07-27,18:54:33,-07:00,2026-07-27T18:54:33-07:00,0,5
global.js,116,js,f189fd9d,Ishaan Kor,2026-07-27,18:54:33,-07:00,2026-07-27T18:54:33-07:00,0,7
global.js,117,js,f189fd9d,Ishaan Kor,2026-07-27,18:54:33,-07:00,2026-07-27T18:54:33-07:00,0,44
global.js,118,js,f189fd9d,Ishaan Kor,2026-07-27,18:54:33,-07:00,2026-07-27T18:54:33-07:00,0,35
global.js,119,js,f189fd9d,Ishaan Kor,2026-07-27,18:54:33,-07:00,2026-07-27T18:54:33-07:00,0,33
global.js,120,js,f189fd9d,Ishaan Kor,2026-07-27,18:54:33,-07:00,2026-07-27T18:54:33-07:00,0,8
global.js,121,js,f189fd9d,Ishaan Kor,2026-07-27,18:54:33,-07:00,2026-07-27T18:54:33-07:00,0,1
global.js,122,js,f189fd9d,Ishaan Kor,2026-07-27,18:54:33,-07:00,2026-07-27T18:54:33-07:00,0,35
global.js,123,js,0c833c89,Ishaan Kor,2025-01-24,17:06:39,-08:00,2025-01-24T17:06:39-08:00,0,0
global.js,124,js,f189fd9d,Ishaan Kor,2026-07-27,18:54:33,-07:00,2026-07-27T18:54:33-07:00,0,51
global.js,125,js,f189fd9d,Ishaan Kor,2026-07-27,18:54:33,-07:00,2026-07-27T18:54:33-07:00,0,35
global.js,126,js,f189fd9d,Ishaan Kor,2026-07-27,18:54:33,-07:00,2026-07-27T18:54:33-07:00,0,43
global.js,127,js,f189fd9d,Ishaan Kor,2026-07-27,18:54:33,-07:00,2026-07-27T18:54:33-07:00,0,55
global.js,128,js,f189fd9d,Ishaan Kor,2026-07-27,18:54:33,-07:00,2026-07-27T18:54:33-07:00,0,25
global.js,129,js,0c833c89,Ishaan Kor,2025-01-24,17:06:39,-08:00,2025-01-24T17:06:39-08:00,0,0
global.js,130,js,f189fd9d,Ishaan Kor,2026-07-27,18:54:33,-07:00,2026-07-27T18:54:33-07:00,0,42
global.js,131,js,f189fd9d,Ishaan Kor,2026-07-27,18:54:33,-07:00,2026-07-27T18:54:33-07:00,0,40
global.js,132,js,f189fd9d,Ishaan Kor,2026-07-27,18:54:33,-07:00,2026-07-27T18:54:33-07:00,0,40
global.js,133,js,0c833c89,Ishaan Kor,2025-01-24,17:06:39,-08:00,2025-01-24T17:06:39-08:00,0,58
global.js,134,js,0c833c89,Ishaan Kor,2025-01-24,17:06:39,-08:00,2025-01-24T17:06:39-08:00,0,2
global.js,135,js,0c833c89,Ishaan Kor,2025-01-24,17:06:39,-08:00,2025-01-24T17:06:39-08:00,0,0
global.js,136,js,f189fd9d,Ishaan Kor,2026-07-27,18:54:33,-07:00,2026-07-27T18:54:33-07:00,0,59
global.js,137,js,f189fd9d,Ishaan Kor,2026-07-27,18:54:33,-07:00,2026-07-27T18:54:33-07:00,0,17
global.js,138,js,f189fd9d,Ishaan Kor,2026-07-27,18:54:33,-07:00,2026-07-27T18:54:33-07:00,0,56
global.js,139,js,f189fd9d,Ishaan Kor,2026-07-27,18:54:33,-07:00,2026-07-27T18:54:33-07:00,0,22
global.js,140,js,f189fd9d,Ishaan Kor,2026-07-27,18:54:33,-07:00,2026-07-27T18:54:33-07:00,0,38
global.js,141,js,f189fd9d,Ishaan Kor,2026-07-27,18:54:33,-07:00,2026-07-27T18:54:33-07:00,0,37
global.js,142,js,f189fd9d,Ishaan Kor,2026-07-27,18:54:33,-07:00,2026-07-27T18:54:33-07:00,0,17
global.js,143,js,f189fd9d,Ishaan Kor,2026-07-27,18:54:33,-07:00,2026-07-27T18:54:33-07:00,0,34
global.js,144,js,f189fd9d,Ishaan Kor,2026-07-27,18:54:33,-07:00,2026-07-27T18:54:33-07:00,0,71
global.js,145,js,f189fd9d,Ishaan Kor,2026-07-27,18:54:33,-07:00,2026-07-27T18:54:33-07:00,0,0
global.js,146,js,f189fd9d,Ishaan Kor,2026-07-27,18:54:33,-07:00,2026-07-27T18:54:33-07:00,0,38
global.js,147,js,f189fd9d,Ishaan Kor,2026-07-27,18:54:33,-07:00,2026-07-27T18:54:33-07:00,0,2
global.js,148,js,f189fd9d,Ishaan Kor,2026-07-27,18:54:33,-07:00,2026-07-27T18:54:33-07:00,0,0
global.js,149,js,efac3d34,Ishaan Kor,2025-01-31,18:32:19,-08:00,2025-01-31T18:32:19-08:00,0,0
resume/index.html,1,html,2c11511f,Ishaan Kor,2025-01-11,17:23:06,-08:00,2025-01-11T17:23:06-08:00,0,14
resume/index.html,2,html,2c11511f,Ishaan Kor,2025-01-11,17:23:06,-08:00,2025-01-11T17:23:06-08:00,0,15
resume/index.html,3,html,2c11511f,Ishaan Kor,2025-01-11,17:23:06,-08:00,2025-01-11T17:23:06-08:00,0,5
resume/index.html,4,html,2c11511f,Ishaan Kor,2025-01-11,17:23:06,-08:00,2025-01-11T17:23:06-08:00,0,21
resume/index.html,5,html,2c11511f,Ishaan Kor,2025-01-11,17:23:06,-08:00,2025-01-11T17:23:06-08:00,0,69
resume/index.html,6,html,cb5f3fe0,Ishaan Kor,2025-01-17,13:44:35,-08:00,2025-01-17T13:44:35-08:00,0,20
resume/index.html,7,html,d659fbe1,Ishaan Kor,2025-01-11,17:24:45,-08:00,2025-01-11T17:24:45-08:00,0,42
resume/index.html,8,html,0c833c89,Ishaan Kor,2025-01-24,17:06:39,-08:00,2025-01-24T17:06:39-08:00,0,49
resume/index.html,9,html,2c11511f,Ishaan Kor,2025-01-11,17:23:06,-08:00,2025-01-11T17:23:06-08:00,0,6
resume/index.html,10,html,2c11511f,Ishaan Kor,2025-01-11,17:23:06,-08:00,2025-01-11T17:23:06-08:00,0,5
resume/index.html,11,html,2c11511f,Ishaan Kor,2025-01-11,17:23:06,-08:00,2025-01-11T17:23:06-08:00,0,7
resume/index.html,12,html,2c11511f,Ishaan Kor,2025-01-11,17:23:06,-08:00,2025-01-11T17:23:06-08:00,0,22
resume/index.html,13,html,2c11511f,Ishaan Kor,2025-01-11,17:23:06,-08:00,2025-01-11T17:23:06-08:00,0,8
resume/index.html,14,html,2c11511f,Ishaan Kor,2025-01-11,17:23:06,-08:00,2025-01-11T17:23:06-08:00,0,0
resume/index.html,15,html,2c11511f,Ishaan Kor,2025-01-11,17:23:06,-08:00,2025-01-11T17:23:06-08:00,0,8
resume/index.html,16,html,2c11511f,Ishaan Kor,2025-01-11,17:23:06,-08:00,2025-01-11T17:23:06-08:00,0,30
resume/index.html,17,html,2c11511f,Ishaan Kor,2025-01-11,17:23:06,-08:00,2025-01-11T17:23:06-08:00,0,16
resume/index.html,18,html,2c11511f,Ishaan Kor,2025-01-11,17:23:06,-08:00,2025-01-11T17:23:06-08:00,0,8
resume/index.html,19,html,2c11511f,Ishaan Kor,2025-01-11,17:23:06,-08:00,2025-01-11T17:23:06-08:00,0,591
resume/index.html,20,html,2c11511f,Ishaan Kor,2025-01-11,17:23:06,-08:00,2025-01-11T17:23:06-08:00,0,9
resume/index.html,21,html,2c11511f,Ishaan Kor,2025-01-11,17:23:06,-08:00,2025-01-11T17:23:06-08:00,0,0
resume/index.html,22,html,0bd64978,Ishaan Kor,2025-01-17,13:56:25,-08:00,2025-01-17T13:56:25-08:00,0,26
resume/index.html,23,html,2c11511f,Ishaan Kor,2025-01-11,17:23:06,-08:00,2025-01-11T17:23:06-08:00,0,30
resume/index.html,24,html,2c11511f,Ishaan Kor,2025-01-11,17:23:06,-08:00,2025-01-11T17:23:06-08:00,0,17
resume/index.html,25,html,2c11511f,Ishaan Kor,2025-01-11,17:23:06,-08:00,2025-01-11T17:23:06-08:00,0,8
resume/index.html,26,html,2c11511f,Ishaan Kor,2025-01-11,17:23:06,-08:00,2025-01-11T17:23:06-08:00,0,8
resume/index.html,27,html,2c11511f,Ishaan Kor,2025-01-11,17:23:06,-08:00,2025-01-11T17:23:06-08:00,0,7
resume/index.html,28,html,cb5f3fe0,Ishaan Kor,2025-01-17,13:44:35,-08:00,2025-01-17T13:44:35-08:00,0,13
resume/index.html,29,html,cb5f3fe0,Ishaan Kor,2025-01-17,13:44:35,-08:00,2025-01-17T13:44:35-08:00,0,3
resume/index.html,30,html,cb5f3fe0,Ishaan Kor,2025-01-17,13:44:35,-08:00,2025-01-17T13:44:35-08:00,0,127
resume/index.html,31,html,cb5f3fe0,Ishaan Kor,2025-01-17,13:44:35,-08:00,2025-01-17T13:44:35-08:00,0,3
resume/index.html,32,html,cb5f3fe0,Ishaan Kor,2025-01-17,13:44:35,-08:00,2025-01-17T13:44:35-08:00,0,39
resume/index.html,33,html,cb5f3fe0,Ishaan Kor,2025-01-17,13:44:35,-08:00,2025-01-17T13:44:35-08:00,0,3
resume/index.html,34,html,cb5f3fe0,Ishaan Kor,2025-01-17,13:44:35,-08:00,2025-01-17T13:44:35-08:00,0,209
resume/index.html,35,html,cb5f3fe0,Ishaan Kor,2025-01-17,13:44:35,-08:00,2025-01-17T13:44:35-08:00,0,67
resume/index.html,36,html,cb5f3fe0,Ishaan Kor,2025-01-17,13:44:35,-08:00,2025-01-17T13:44:35-08:00,0,4
resume/index.html,37,html,cb5f3fe0,Ishaan Kor,2025-01-17,13:44:35,-08:00,2025-01-17T13:44:35-08:00,0,4
resume/index.html,38,html,cb5f3fe0,Ishaan Kor,2025-01-17,13:44:35,-08:00,2025-01-17T13:44:35-08:00,0,4
resume/index.html,39,html,cb5f3fe0,Ishaan Kor,2025-01-17,13:44:35,-08:00,2025-01-17T13:44:35-08:00,0,3
resume/index.html,40,html,cb5f3fe0,Ishaan Kor,2025-01-17,13:44:35,-08:00,2025-01-17T13:44:35-08:00,0,29
resume/index.html,41,html,cb5f3fe0,Ishaan Kor,2025-01-17,13:44:35,-08:00,2025-01-17T13:44:35-08:00,0,3
resume/index.html,42,html,cb5f3fe0,Ishaan Kor,2025-01-17,13:44:35,-08:00,2025-01-17T13:44:35-08:00,0,36
resume/index.html,43,html,cb5f3fe0,Ishaan Kor,2025-01-17,13:44:35,-08:00,2025-01-17T13:44:35-08:00,0,3
resume/index.html,44,html,cb5f3fe0,Ishaan Kor,2025-01-17,13:44:35,-08:00,2025-01-17T13:44:35-08:00,0,126
resume/index.html,45,html,cb5f3fe0,Ishaan Kor,2025-01-17,13:44:35,-08:00,2025-01-17T13:44:35-08:00,0,56
resume/index.html,46,html,cb5f3fe0,Ishaan Kor,2025-01-17,13:44:35,-08:00,2025-01-17T13:44:35-08:00,0,4
resume/index.html,47,html,cb5f3fe0,Ishaan Kor,2025-01-17,13:44:35,-08:00,2025-01-17T13:44:35-08:00,0,4
resume/index.html,48,html,cb5f3fe0,Ishaan Kor,2025-01-17,13:44:35,-08:00,2025-01-17T13:44:35-08:00,0,4
resume/index.html,49,html,cb5f3fe0,Ishaan Kor,2025-01-17,13:44:35,-08:00,2025-01-17T13:44:35-08:00,0,4
resume/index.html,50,html,2c11511f,Ishaan Kor,2025-01-11,17:23:06,-08:00,2025-01-11T17:23:06-08:00,0,8
resume/index.html,51,html,49ea174c,Ishaan Kor,2025-01-11,17:39:43,-08:00,2025-01-11T17:39:43-08:00,0,9
resume/index.html,52,html,2c11511f,Ishaan Kor,2025-01-11,17:23:06,-08:00,2025-01-11T17:23:06-08:00,0,9
resume/index.html,53,html,2c11511f,Ishaan Kor,2025-01-11,17:23:06,-08:00,2025-01-11T17:23:06-08:00,0,0
resume/index.html,54,html,2c11511f,Ishaan Kor,2025-01-11,17:23:06,-08:00,2025-01-11T17:23:06-08:00,0,8
resume/index.html,55,html,2c11511f,Ishaan Kor,2025-01-11,17:23:06,-08:00,2025-01-11T17:23:06-08:00,0,30
resume/index.html,56,html,2c11511f,Ishaan Kor,2025-01-11,17:23:06,-08:00,2025-01-11T17:23:06-08:00,0,14
resume/index.html,57,html,2c11511f,Ishaan Kor,2025-01-11,17:23:06,-08:00,2025-01-11T17:23:06-08:00,0,8
resume/index.html,58,html,2c11511f,Ishaan Kor,2025-01-11,17:23:06,-08:00,2025-01-11T17:23:06-08:00,0,3
resume/index.html,59,html,49ea174c,Ishaan Kor,2025-01-11,17:39:43,-08:00,2025-01-11T17:39:43-08:00,0,445
resume/index.html,60,html,49ea174c,Ishaan Kor,2025-01-11,17:39:43,-08:00,2025-01-11T17:39:43-08:00,0,426
resume/index.html,61,html,c6478c7f,Ishaan Kor,2025-01-17,13:10:33,-08:00,2025-01-17T13:10:33-08:00,0,61
resume/index.html,62,html,2c11511f,Ishaan Kor,2025-01-11,17:23:06,-08:00,2025-01-11T17:23:06-08:00,0,4
resume/index.html,63,html,2c11511f,Ishaan Kor,2025-01-11,17:23:06,-08:00,2025-01-11T17:23:06-08:00,0,9
resume/index.html,64,html,2c11511f,Ishaan Kor,2025-01-11,17:23:06,-08:00,2025-01-11T17:23:06-08:00,0,0
resume/index.html,65,html,2c11511f,Ishaan Kor,2025-01-11,17:23:06,-08:00,2025-01-11T17:23:06-08:00,0,8
resume/index.html,66,html,2c11511f,Ishaan Kor,2025-01-11,17:23:06,-08:00,2025-01-11T17:23:06-08:00,0,30
resume/index.html,67,html,2c11511f,Ishaan Kor,2025-01-11,17:23:06,-08:00,2025-01-11T17:23:06-08:00,0,22
resume/index.html,68,html,2c11511f,Ishaan Kor,2025-01-11,17:23:06,-08:00,2025-01-11T17:23:06-08:00,0,8
resume/index.html,69,html,2c11511f,Ishaan Kor,2025-01-11,17:23:06,-08:00,2025-01-11T17:23:06-08:00,0,3
resume/index.html,70,html,49ea174c,Ishaan Kor,2025-01-11,17:39:43,-08:00,2025-01-11T17:39:43-08:00,0,46
resume/index.html,71,html,2c11511f,Ishaan Kor,2025-01-11,17:23:06,-08:00,2025-01-11T17:23:06-08:00,0,39
resume/index.html,72,html,2c11511f,Ishaan Kor,2025-01-11,17:23:06,-08:00,2025-01-11T17:23:06-08:00,0,4
resume/index.html,73,html,2c11511f,Ishaan Kor,2025-01-11,17:23:06,-08:00,2025-01-11T17:23:06-08:00,0,9
resume/index.html,74,html,2c11511f,Ishaan Kor,2025-01-11,17:23:06,-08:00,2025-01-11T17:23:06-08:00,0,0
resume/index.html,75,html,2c11511f,Ishaan Kor,2025-01-11,17:23:06,-08:00,2025-01-11T17:23:06-08:00,0,8
resume/index.html,76,html,2c11511f,Ishaan Kor,2025-01-11,17:23:06,-08:00,2025-01-11T17:23:06-08:00,0,30
resume/index.html,77,html,2c11511f,Ishaan Kor,2025-01-11,17:23:06,-08:00,2025-01-11T17:23:06-08:00,0,27
resume/index.html,78,html,2c11511f,Ishaan Kor,2025-01-11,17:23:06,-08:00,2025-01-11T17:23:06-08:00,0,8
resume/index.html,79,html,d659fbe1,Ishaan Kor,2025-01-11,17:24:45,-08:00,2025-01-11T17:24:45-08:00,0,229
resume/index.html,80,html,2c11511f,Ishaan Kor,2025-01-11,17:23:06,-08:00,2025-01-11T17:23:06-08:00,0,9
resume/index.html,81,html,2c11511f,Ishaan Kor,2025-01-11,17:23:06,-08:00,2025-01-11T17:23:06-08:00,0,0
resume/index.html,82,html,2c11511f,Ishaan Kor,2025-01-11,17:23:06,-08:00,2025-01-11T17:23:06-08:00,0,6
resume/index.html,83,html,2c11511f,Ishaan Kor,2025-01-11,17:23:06,-08:00,2025-01-11T17:23:06-08:00,0,6
projects/projects.js,1,js,efac3d34,Ishaan Kor,2025-01-31,18:32:19,-08:00,2025-01-31T18:32:19-08:00,0,56
projects/projects.js,2,js,f189fd9d,Ishaan Kor,2026-07-27,18:54:33,-07:00,2026-07-27T18:54:33-07:00,0,64
projects/projects.js,3,js,efac3d34,Ishaan Kor,2025-01-31,18:32:19,-08:00,2025-01-31T18:32:19-08:00,0,0
projects/projects.js,4,js,f189fd9d,Ishaan Kor,2026-07-27,18:54:33,-07:00,2026-07-27T18:54:33-07:00,0,64
projects/projects.js,5,js,641190ef,Ishaan Kor,2025-01-31,20:34:06,-08:00,2025-01-31T20:34:06-08:00,0,63
projects/projects.js,6,js,efac3d34,Ishaan Kor,2025-01-31,18:32:19,-08:00,2025-01-31T18:32:19-08:00,0,61
projects/projects.js,7,js,f189fd9d,Ishaan Kor,2026-07-27,18:54:33,-07:00,2026-07-27T18:54:33-07:00,0,56
projects/projects.js,8,js,f189fd9d,Ishaan Kor,2026-07-27,18:54:33,-07:00,2026-07-27T18:54:33-07:00,0,43
projects/projects.js,9,js,f189fd9d,Ishaan Kor,2026-07-27,18:54:33,-07:00,2026-07-27T18:54:33-07:00,0,39
projects/projects.js,10,js,f189fd9d,Ishaan Kor,2026-07-27,18:54:33,-07:00,2026-07-27T18:54:33-07:00,0,67
projects/projects.js,11,js,f189fd9d,Ishaan Kor,2026-07-27,18:54:33,-07:00,2026-07-27T18:54:33-07:00,0,57
projects/projects.js,12,js,f189fd9d,Ishaan Kor,2026-07-27,18:54:33,-07:00,2026-07-27T18:54:33-07:00,0,0
projects/projects.js,13,js,f189fd9d,Ishaan Kor,2026-07-27,18:54:33,-07:00,2026-07-27T18:54:33-07:00,0,23
projects/projects.js,14,js,ad82f1bd,Ishaan Kor,2025-02-08,01:03:10,-08:00,2025-02-08T01:03:10-08:00,0,14
projects/projects.js,15,js,f189fd9d,Ishaan Kor,2026-07-27,18:54:33,-07:00,2026-07-27T18:54:33-07:00,0,31
projects/projects.js,16,js,f189fd9d,Ishaan Kor,2026-07-27,18:54:33,-07:00,2026-07-27T18:54:33-07:00,0,0
projects/projects.js,17,js,f189fd9d,Ishaan Kor,2026-07-27,18:54:33,-07:00,2026-07-27T18:54:33-07:00,0,19
projects/projects.js,18,js,f189fd9d,Ishaan Kor,2026-07-27,18:54:33,-07:00,2026-07-27T18:54:33-07:00,0,57
projects/projects.js,19,js,f189fd9d,Ishaan Kor,2026-07-27,18:54:33,-07:00,2026-07-27T18:54:33-07:00,0,0
projects/projects.js,20,js,f189fd9d,Ishaan Kor,2026-07-27,18:54:33,-07:00,2026-07-27T18:54:33-07:00,0,0
projects/projects.js,21,js,f189fd9d,Ishaan Kor,2026-07-27,18:54:33,-07:00,2026-07-27T18:54:33-07:00,0,29
projects/projects.js,22,js,f189fd9d,Ishaan Kor,2026-07-27,18:54:33,-07:00,2026-07-27T18:54:33-07:00,0,90
projects/projects.js,23,js,f189fd9d,Ishaan Kor,2026-07-27,18:54:33,-07:00,2026-07-27T18:54:33-07:00,0,0
projects/projects.js,24,js,ad82f1bd,Ishaan Kor,2025-02-08,01:03:10,-08:00,2025-02-08T01:03:10-08:00,0,0
projects/projects.js,25,js,f189fd9d,Ishaan Kor,2026-07-27,18:54:33,-07:00,2026-07-27T18:54:33-07:00,0,24
projects/projects.js,26,js,f189fd9d,Ishaan Kor,2026-07-27,18:54:33,-07:00,2026-07-27T18:54:33-07:00,0,28
projects/projects.js,27,js,f189fd9d,Ishaan Kor,2026-07-27,18:54:33,-07:00,2026-07-27T18:54:33-07:00,0,72
projects/projects.js,28,js,f189fd9d,Ishaan Kor,2026-07-27,18:54:33,-07:00,2026-07-27T18:54:33-07:00,0,28
projects/projects.js,29,js,f189fd9d,Ishaan Kor,2026-07-27,18:54:33,-07:00,2026-07-27T18:54:33-07:00,0,43
projects/projects.js,30,js,f189fd9d,Ishaan Kor,2026-07-27,18:54:33,-07:00,2026-07-27T18:54:33-07:00,0,42
projects/projects.js,31,js,f189fd9d,Ishaan Kor,2026-07-27,18:54:33,-07:00,2026-07-27T18:54:33-07:00,0,42
projects/projects.js,32,js,f189fd9d,Ishaan Kor,2026-07-27,18:54:33,-07:00,2026-07-27T18:54:33-07:00,0,1
projects/projects.js,33,js,f189fd9d,Ishaan Kor,2026-07-27,18:54:33,-07:00,2026-07-27T18:54:33-07:00,0,0
projects/projects.js,34,js,f189fd9d,Ishaan Kor,2026-07-27,18:54:33,-07:00,2026-07-27T18:54:33-07:00,0,0
projects/projects.js,35,js,f189fd9d,Ishaan Kor,2026-07-27,18:54:33,-07:00,2026-07-27T18:54:33-07:00,0,46
projects/projects.js,36,js,f189fd9d,Ishaan Kor,2026-07-27,18:54:33,-07:00,2026-07-27T18:54:33-07:00,0,30
projects/projects.js,37,js,f189fd9d,Ishaan Kor,2026-07-27,18:54:33,-07:00,2026-07-27T18:54:33-07:00,0,57
projects/projects.js,38,js,f189fd9d,Ishaan Kor,2026-07-27,18:54:33,-07:00,2026-07-27T18:54:33-07:00,0,0
projects/projects.js,39,js,ad82f1bd,Ishaan Kor,2025-02-08,01:03:10,-08:00,2025-02-08T01:03:10-08:00,0,0
projects/projects.js,40,js,f189fd9d,Ishaan Kor,2026-07-27,18:54:33,-07:00,2026-07-27T18:54:33-07:00,0,28
projects/projects.js,41,js,f189fd9d,Ishaan Kor,2026-07-27,18:54:33,-07:00,2026-07-27T18:54:33-07:00,0,23
projects/projects.js,42,js,f189fd9d,Ishaan Kor,2026-07-27,18:54:33,-07:00,2026-07-27T18:54:33-07:00,0,87
projects/projects.js,43,js,f189fd9d,Ishaan Kor,2026-07-27,18:54:33,-07:00,2026-07-27T18:54:33-07:00,0,41
projects/projects.js,44,js,f189fd9d,Ishaan Kor,2026-07-27,18:54:33,-07:00,2026-07-27T18:54:33-07:00,0,106
projects/projects.js,45,js,f189fd9d,Ishaan Kor,2026-07-27,18:54:33,-07:00,2026-07-27T18:54:33-07:00,0,11
projects/projects.js,46,js,f189fd9d,Ishaan Kor,2026-07-27,18:54:33,-07:00,2026-07-27T18:54:33-07:00,0,56
projects/projects.js,47,js,f189fd9d,Ishaan Kor,2026-07-27,18:54:33,-07:00,2026-07-27T18:54:33-07:00,0,39
projects/projects.js,48,js,f189fd9d,Ishaan Kor,2026-07-27,18:54:33,-07:00,2026-07-27T18:54:33-07:00,0,32
projects/projects.js,49,js,f189fd9d,Ishaan Kor,2026-07-27,18:54:33,-07:00,2026-07-27T18:54:33-07:00,0,50
projects/projects.js,50,js,f189fd9d,Ishaan Kor,2026-07-27,18:54:33,-07:00,2026-07-27T18:54:33-07:00,0,119
projects/projects.js,51,js,f189fd9d,Ishaan Kor,2026-07-27,18:54:33,-07:00,2026-07-27T18:54:33-07:00,0,16
projects/projects.js,52,js,f189fd9d,Ishaan Kor,2026-07-27,18:54:33,-07:00,2026-07-27T18:54:33-07:00,0,2
projects/projects.js,53,js,f189fd9d,Ishaan Kor,2026-07-27,18:54:33,-07:00,2026-07-27T18:54:33-07:00,0,2
projects/projects.js,54,js,f189fd9d,Ishaan Kor,2026-07-27,18:54:33,-07:00,2026-07-27T18:54:33-07:00,0,0
projects/projects.js,55,js,ad82f1bd,Ishaan Kor,2025-02-08,01:03:10,-08:00,2025-02-08T01:03:10-08:00,0,0
projects/projects.js,56,js,f189fd9d,Ishaan Kor,2026-07-27,18:54:33,-07:00,2026-07-27T18:54:33-07:00,0,40
projects/projects.js,57,js,f189fd9d,Ishaan Kor,2026-07-27,18:54:33,-07:00,2026-07-27T18:54:33-07:00,0,68
projects/projects.js,58,js,f189fd9d,Ishaan Kor,2026-07-27,18:54:33,-07:00,2026-07-27T18:54:33-07:00,0,41
projects/projects.js,59,js,f189fd9d,Ishaan Kor,2026-07-27,18:54:33,-07:00,2026-07-27T18:54:33-07:00,0,34
projects/projects.js,60,js,f189fd9d,Ishaan Kor,2026-07-27,18:54:33,-07:00,2026-07-27T18:54:33-07:00,0,0
projects/projects.js,61,js,f189fd9d,Ishaan Kor,2026-07-27,18:54:33,-07:00,2026-07-27T18:54:33-07:00,0,18
projects/projects.js,62,js,f189fd9d,Ishaan Kor,2026-07-27,18:54:33,-07:00,2026-07-27T18:54:33-07:00,0,55
projects/projects.js,63,js,f189fd9d,Ishaan Kor,2026-07-27,18:54:33,-07:00,2026-07-27T18:54:33-07:00,0,40
projects/projects.js,64,js,f189fd9d,Ishaan Kor,2026-07-27,18:54:33,-07:00,2026-07-27T18:54:33-07:00,0,24
projects/projects.js,65,js,f189fd9d,Ishaan Kor,2026-07-27,18:54:33,-07:00,2026-07-27T18:54:33-07:00,0,49
projects/projects.js,66,js,ad82f1bd,Ishaan Kor,2025-02-08,01:03:10,-08:00,2025-02-08T01:03:10-08:00,0,0
projects/projects.js,67,js,ad82f1bd,Ishaan Kor,2025-02-08,01:03:10,-08:00,2025-02-08T01:03:10-08:00,0,27
projects/projects.js,68,js,f189fd9d,Ishaan Kor,2026-07-27,18:54:33,-07:00,2026-07-27T18:54:33-07:00,0,34
projects/projects.js,69,js,f189fd9d,Ishaan Kor,2026-07-27,18:54:33,-07:00,2026-07-27T18:54:33-07:00,0,0
projects/projects.js,70,js,f189fd9d,Ishaan Kor,2026-07-27,18:54:33,-07:00,2026-07-27T18:54:33-07:00,0,87
projects/projects.js,71,js,f189fd9d,Ishaan Kor,2026-07-27,18:54:33,-07:00,2026-07-27T18:54:33-07:00,0,0
projects/projects.js,72,js,f189fd9d,Ishaan Kor,2026-07-27,18:54:33,-07:00,2026-07-27T18:54:33-07:00,0,34
projects/projects.js,73,js,f189fd9d,Ishaan Kor,2026-07-27,18:54:33,-07:00,2026-07-27T18:54:33-07:00,0,10
projects/projects.js,74,js,f189fd9d,Ishaan Kor,2026-07-27,18:54:33,-07:00,2026-07-27T18:54:33-07:00,0,12
projects/projects.js,75,js,f189fd9d,Ishaan Kor,2026-07-27,18:54:33,-07:00,2026-07-27T18:54:33-07:00,0,14
projects/projects.js,76,js,f189fd9d,Ishaan Kor,2026-07-27,18:54:33,-07:00,2026-07-27T18:54:33-07:00,0,32
projects/projects.js,77,js,f189fd9d,Ishaan Kor,2026-07-27,18:54:33,-07:00,2026-07-27T18:54:33-07:00,0,22
projects/projects.js,78,js,f189fd9d,Ishaan Kor,2026-07-27,18:54:33,-07:00,2026-07-27T18:54:33-07:00,0,23
projects/projects.js,79,js,f189fd9d,Ishaan Kor,2026-07-27,18:54:33,-07:00,2026-07-27T18:54:33-07:00,0,21
projects/projects.js,80,js,f189fd9d,Ishaan Kor,2026-07-27,18:54:33,-07:00,2026-07-27T18:54:33-07:00,0,26
projects/projects.js,81,js,f189fd9d,Ishaan Kor,2026-07-27,18:54:33,-07:00,2026-07-27T18:54:33-07:00,0,30
projects/projects.js,82,js,f189fd9d,Ishaan Kor,2026-07-27,18:54:33,-07:00,2026-07-27T18:54:33-07:00,0,67
projects/projects.js,83,js,f189fd9d,Ishaan Kor,2026-07-27,18:54:33,-07:00,2026-07-27T18:54:33-07:00,0,1
projects/projects.js,84,js,f189fd9d,Ishaan Kor,2026-07-27,18:54:33,-07:00,2026-07-27T18:54:33-07:00,0,30
projects/projects.js,85,js,f189fd9d,Ishaan Kor,2026-07-27,18:54:33,-07:00,2026-07-27T18:54:33-07:00,0,61
projects/projects.js,86,js,f189fd9d,Ishaan Kor,2026-07-27,18:54:33,-07:00,2026-07-27T18:54:33-07:00,0,1
projects/projects.js,87,js,f189fd9d,Ishaan Kor,2026-07-27,18:54:33,-07:00,2026-07-27T18:54:33-07:00,0,27
projects/projects.js,88,js,f189fd9d,Ishaan Kor,2026-07-27,18:54:33,-07:00,2026-07-27T18:54:33-07:00,0,24
projects/projects.js,89,js,f189fd9d,Ishaan Kor,2026-07-27,18:54:33,-07:00,2026-07-27T18:54:33-07:00,0,50
projects/projects.js,90,js,f189fd9d,Ishaan Kor,2026-07-27,18:54:33,-07:00,2026-07-27T18:54:33-07:00,0,18
projects/projects.js,91,js,f189fd9d,Ishaan Kor,2026-07-27,18:54:33,-07:00,2026-07-27T18:54:33-07:00,0,16
projects/projects.js,92,js,f189fd9d,Ishaan Kor,2026-07-27,18:54:33,-07:00,2026-07-27T18:54:33-07:00,0,2
projects/projects.js,93,js,f189fd9d,Ishaan Kor,2026-07-27,18:54:33,-07:00,2026-07-27T18:54:33-07:00,0,0
projects/projects.js,94,js,f189fd9d,Ishaan Kor,2026-07-27,18:54:33,-07:00,2026-07-27T18:54:33-07:00,0,25
projects/projects.js,95,js,f189fd9d,Ishaan Kor,2026-07-27,18:54:33,-07:00,2026-07-27T18:54:33-07:00,0,12
projects/projects.js,96,js,f189fd9d,Ishaan Kor,2026-07-27,18:54:33,-07:00,2026-07-27T18:54:33-07:00,0,10
projects/projects.js,97,js,f189fd9d,Ishaan Kor,2026-07-27,18:54:33,-07:00,2026-07-27T18:54:33-07:00,0,117
projects/projects.js,98,js,f189fd9d,Ishaan Kor,2026-07-27,18:54:33,-07:00,2026-07-27T18:54:33-07:00,0,26
projects/projects.js,99,js,f189fd9d,Ishaan Kor,2026-07-27,18:54:33,-07:00,2026-07-27T18:54:33-07:00,0,32
projects/projects.js,100,js,f189fd9d,Ishaan Kor,2026-07-27,18:54:33,-07:00,2026-07-27T18:54:33-07:00,0,54
projects/projects.js,101,js,f189fd9d,Ishaan Kor,2026-07-27,18:54:33,-07:00,2026-07-27T18:54:33-07:00,0,18
projects/projects.js,102,js,f189fd9d,Ishaan Kor,2026-07-27,18:54:33,-07:00,2026-07-27T18:54:33-07:00,0,33
projects/projects.js,103,js,f189fd9d,Ishaan Kor,2026-07-27,18:54:33,-07:00,2026-07-27T18:54:33-07:00,0,1
projects/projects.js,104,js,f189fd9d,Ishaan Kor,2026-07-27,18:54:33,-07:00,2026-07-27T18:54:33-07:00,0,24
projects/projects.js,105,js,f189fd9d,Ishaan Kor,2026-07-27,18:54:33,-07:00,2026-07-27T18:54:33-07:00,0,51
projects/projects.js,106,js,f189fd9d,Ishaan Kor,2026-07-27,18:54:33,-07:00,2026-07-27T18:54:33-07:00,0,1
projects/projects.js,107,js,f189fd9d,Ishaan Kor,2026-07-27,18:54:33,-07:00,2026-07-27T18:54:33-07:00,0,27
projects/projects.js,108,js,f189fd9d,Ishaan Kor,2026-07-27,18:54:33,-07:00,2026-07-27T18:54:33-07:00,0,54
projects/projects.js,109,js,f189fd9d,Ishaan Kor,2026-07-27,18:54:33,-07:00,2026-07-27T18:54:33-07:00,0,18
projects/projects.js,110,js,f189fd9d,Ishaan Kor,2026-07-27,18:54:33,-07:00,2026-07-27T18:54:33-07:00,0,16
projects/projects.js,111,js,ad82f1bd,Ishaan Kor,2025-02-08,01:03:10,-08:00,2025-02-08T01:03:10-08:00,0,2
projects/projects.js,112,js,ad82f1bd,Ishaan Kor,2025-02-08,01:03:10,-08:00,2025-02-08T01:03:10-08:00,0,0
projects/projects.js,113,js,ad82f1bd,Ishaan Kor,2025-02-08,01:03:10,-08:00,2025-02-08T01:03:10-08:00,0,0
projects/projects.js,114,js,f189fd9d,Ishaan Kor,2026-07-27,18:54:33,-07:00,2026-07-27T18:54:33-07:00,0,26
projects/projects.js,115,js,f189fd9d,Ishaan Kor,2026-07-27,18:54:33,-07:00,2026-07-27T18:54:33-07:00,0,46
projects/projects.js,116,js,f189fd9d,Ishaan Kor,2026-07-27,18:54:33,-07:00,2026-07-27T18:54:33-07:00,0,66
projects/projects.js,117,js,f189fd9d,Ishaan Kor,2026-07-27,18:54:33,-07:00,2026-07-27T18:54:33-07:00,0,85
projects/projects.js,118,js,f189fd9d,Ishaan Kor,2026-07-27,18:54:33,-07:00,2026-07-27T18:54:33-07:00,0,86
projects/projects.js,119,js,f189fd9d,Ishaan Kor,2026-07-27,18:54:33,-07:00,2026-07-27T18:54:33-07:00,0,34
projects/projects.js,120,js,ad82f1bd,Ishaan Kor,2025-02-08,01:03:10,-08:00,2025-02-08T01:03:10-08:00,0,2
projects/projects.js,121,js,f189fd9d,Ishaan Kor,2026-07-27,18:54:33,-07:00,2026-07-27T18:54:33-07:00,0,14
projects/projects.js,122,js,f189fd9d,Ishaan Kor,2026-07-27,18:54:33,-07:00,2026-07-27T18:54:33-07:00,0,36
projects/projects.js,123,js,f189fd9d,Ishaan Kor,2026-07-27,18:54:33,-07:00,2026-07-27T18:54:33-07:00,0,32
projects/projects.js,124,js,f189fd9d,Ishaan Kor,2026-07-27,18:54:33,-07:00,2026-07-27T18:54:33-07:00,0,0
projects/projects.js,125,js,f189fd9d,Ishaan Kor,2026-07-27,18:54:33,-07:00,2026-07-27T18:54:33-07:00,0,0
projects/projects.js,126,js,f189fd9d,Ishaan Kor,2026-07-27,18:54:33,-07:00,2026-07-27T18:54:33-07:00,0,17
projects/projects.js,127,js,f189fd9d,Ishaan Kor,2026-07-27,18:54:33,-07:00,2026-07-27T18:54:33-07:00,0,47
projects/projects.js,128,js,f189fd9d,Ishaan Kor,2026-07-27,18:54:33,-07:00,2026-07-27T18:54:33-07:00,0,26
projects/projects.js,129,js,f189fd9d,Ishaan Kor,2026-07-27,18:54:33,-07:00,2026-07-27T18:54:33-07:00,0,16
projects/projects.js,130,js,f189fd9d,Ishaan Kor,2026-07-27,18:54:33,-07:00,2026-07-27T18:54:33-07:00,0,2
projects/projects.js,131,js,f189fd9d,Ishaan Kor,2026-07-27,18:54:33,-07:00,2026-07-27T18:54:33-07:00,0,0
projects/projects.js,132,js,f189fd9d,Ishaan Kor,2026-07-27,18:54:33,-07:00,2026-07-27T18:54:33-07:00,0,0
projects/projects.js,133,js,f189fd9d,Ishaan Kor,2026-07-27,18:54:33,-07:00,2026-07-27T18:54:33-07:00,0,14
projects/projects.js,134,js,f189fd9d,Ishaan Kor,2026-07-27,18:54:33,-07:00,2026-07-27T18:54:33-07:00,0,18
projects/projects.js,135,js,f189fd9d,Ishaan Kor,2026-07-27,18:54:33,-07:00,2026-07-27T18:54:33-07:00,0,16
projects/index.html,1,html,74746bc0,Ishaan Kor,2025-01-11,16:35:16,-08:00,2025-01-11T16:35:16-08:00,0,14
projects/index.html,2,html,74746bc0,Ishaan Kor,2025-01-11,16:35:16,-08:00,2025-01-11T16:35:16-08:00,0,15
projects/index.html,3,html,74746bc0,Ishaan Kor,2025-01-11,16:35:16,-08:00,2025-01-11T16:35:16-08:00,0,5
projects/index.html,4,html,74746bc0,Ishaan Kor,2025-01-11,16:35:16,-08:00,2025-01-11T16:35:16-08:00,0,21
projects/index.html,5,html,74746bc0,Ishaan Kor,2025-01-11,16:35:16,-08:00,2025-01-11T16:35:16-08:00,0,69
projects/index.html,6,html,f189fd9d,Ishaan Kor,2026-07-27,18:54:33,-07:00,2026-07-27T18:54:33-07:00,0,31
projects/index.html,7,html,3ec2cf6c,Ishaan Kor,2025-01-11,17:05:37,-08:00,2025-01-11T17:05:37-08:00,0,42
projects/index.html,8,html,641190ef,Ishaan Kor,2025-01-31,20:34:06,-08:00,2025-01-31T20:34:06-08:00,0,49
projects/index.html,9,html,f189fd9d,Ishaan Kor,2026-07-27,18:54:33,-07:00,2026-07-27T18:54:33-07:00,0,54
projects/index.html,10,html,74746bc0,Ishaan Kor,2025-01-11,16:35:16,-08:00,2025-01-11T16:35:16-08:00,0,6
projects/index.html,11,html,f189fd9d,Ishaan Kor,2026-07-27,18:54:33,-07:00,2026-07-27T18:54:33-07:00,0,27
projects/index.html,12,html,f189fd9d,Ishaan Kor,2026-07-27,18:54:33,-07:00,2026-07-27T18:54:33-07:00,0,5
projects/index.html,13,html,f189fd9d,Ishaan Kor,2026-07-27,18:54:33,-07:00,2026-07-27T18:54:33-07:00,0,27
projects/index.html,14,html,f189fd9d,Ishaan Kor,2026-07-27,18:54:33,-07:00,2026-07-27T18:54:33-07:00,0,38
projects/index.html,15,html,f189fd9d,Ishaan Kor,2026-07-27,18:54:33,-07:00,2026-07-27T18:54:33-07:00,0,24
projects/index.html,16,html,f189fd9d,Ishaan Kor,2026-07-27,18:54:33,-07:00,2026-07-27T18:54:33-07:00,0,112
projects/index.html,17,html,f189fd9d,Ishaan Kor,2026-07-27,18:54:33,-07:00,2026-07-27T18:54:33-07:00,0,8
projects/index.html,18,html,f189fd9d,Ishaan Kor,2026-07-27,18:54:33,-07:00,2026-07-27T18:54:33-07:00,0,34
projects/index.html,19,html,f189fd9d,Ishaan Kor,2026-07-27,18:54:33,-07:00,2026-07-27T18:54:33-07:00,0,25
projects/index.html,20,html,f189fd9d,Ishaan Kor,2026-07-27,18:54:33,-07:00,2026-07-27T18:54:33-07:00,0,32
projects/index.html,21,html,f189fd9d,Ishaan Kor,2026-07-27,18:54:33,-07:00,2026-07-27T18:54:33-07:00,0,46
projects/index.html,22,html,f189fd9d,Ishaan Kor,2026-07-27,18:54:33,-07:00,2026-07-27T18:54:33-07:00,0,5
projects/index.html,23,html,f189fd9d,Ishaan Kor,2026-07-27,18:54:33,-07:00,2026-07-27T18:54:33-07:00,0,5
projects/index.html,24,html,f189fd9d,Ishaan Kor,2026-07-27,18:54:33,-07:00,2026-07-27T18:54:33-07:00,0,16
projects/index.html,25,html,f189fd9d,Ishaan Kor,2026-07-27,18:54:33,-07:00,2026-07-27T18:54:33-07:00,0,12
projects/index.html,26,html,f189fd9d,Ishaan Kor,2026-07-27,18:54:33,-07:00,2026-07-27T18:54:33-07:00,0,27
projects/index.html,27,html,f189fd9d,Ishaan Kor,2026-07-27,18:54:33,-07:00,2026-07-27T18:54:33-07:00,0,32
projects/index.html,28,html,f189fd9d,Ishaan Kor,2026-07-27,18:54:33,-07:00,2026-07-27T18:54:33-07:00,0,1
projects/index.html,29,html,f189fd9d,Ishaan Kor,2026-07-27,18:54:33,-07:00,2026-07-27T18:54:33-07:00,0,9
projects/index.html,30,html,f189fd9d,Ishaan Kor,2026-07-27,18:54:33,-07:00,2026-07-27T18:54:33-07:00,0,31
projects/index.html,31,html,f189fd9d,Ishaan Kor,2026-07-27,18:54:33,-07:00,2026-07-27T18:54:33-07:00,0,59
projects/index.html,32,html,f189fd9d,Ishaan Kor,2026-07-27,18:54:33,-07:00,2026-07-27T18:54:33-07:00,0,23
projects/index.html,33,html,f189fd9d,Ishaan Kor,2026-07-27,18:54:33,-07:00,2026-07-27T18:54:33-07:00,0,9
projects/index.html,34,html,f189fd9d,Ishaan Kor,2026-07-27,18:54:33,-07:00,2026-07-27T18:54:33-07:00,0,27
projects/index.html,35,html,f189fd9d,Ishaan Kor,2026-07-27,18:54:33,-07:00,2026-07-27T18:54:33-07:00,0,6
projects/index.html,36,html,74746bc0,Ishaan Kor,2025-01-11,16:35:16,-08:00,2025-01-11T16:35:16-08:00,0,6
projects/index.html,37,html,f189fd9d,Ishaan Kor,2026-07-27,18:54:33,-07:00,2026-07-27T18:54:33-07:00,0,6
meta/main.js,1,js,f189fd9d,Ishaan Kor,2026-07-27,18:54:33,-07:00,2026-07-27T18:54:33-07:00,0,40
meta/main.js,2,js,f189fd9d,Ishaan Kor,2026-07-27,18:54:33,-07:00,2026-07-27T18:54:33-07:00,0,0
meta/main.js,3,js,a5df25f5,Ishaan Kor,2025-02-14,22:29:33,-08:00,2025-02-14T22:29:33-08:00,0,13
meta/main.js,4,js,a5df25f5,Ishaan Kor,2025-02-14,22:29:33,-08:00,2025-02-14T22:29:33-08:00,0,18
meta/main.js,5,js,ba48eace,Ishaan Kor,2025-03-07,17:09:40,-08:00,2025-03-07T17:09:40-08:00,0,38
meta/main.js,6,js,ba48eace,Ishaan Kor,2025-03-07,17:09:40,-08:00,2025-03-07T17:09:40-08:00,0,24
meta/main.js,7,js,ba48eace,Ishaan Kor,2025-03-07,17:09:40,-08:00,2025-03-07T17:09:40-08:00,0,24
meta/main.js,8,js,ba48eace,Ishaan Kor,2025-03-07,17:09:40,-08:00,2025-03-07T17:09:40-08:00,0,30
meta/main.js,9,js,ba48eace,Ishaan Kor,2025-03-07,17:09:40,-08:00,2025-03-07T17:09:40-08:00,0,30
meta/main.js,10,js,ba48eace,Ishaan Kor,2025-03-07,17:09:40,-08:00,2025-03-07T17:09:40-08:00,0,82
meta/main.js,11,js,ba48eace,Ishaan Kor,2025-03-07,17:09:40,-08:00,2025-03-07T17:09:40-08:00,0,44
meta/main.js,12,js,ba48eace,Ishaan Kor,2025-03-07,17:09:40,-08:00,2025-03-07T17:09:40-08:00,0,53
meta/main.js,13,js,ba48eace,Ishaan Kor,2025-03-07,17:09:40,-08:00,2025-03-07T17:09:40-08:00,0,20
meta/main.js,14,js,ba48eace,Ishaan Kor,2025-03-07,17:09:40,-08:00,2025-03-07T17:09:40-08:00,0,36
meta/main.js,15,js,f189fd9d,Ishaan Kor,2026-07-27,18:54:33,-07:00,2026-07-27T18:54:33-07:00,0,19
meta/main.js,16,js,f189fd9d,Ishaan Kor,2026-07-27,18:54:33,-07:00,2026-07-27T18:54:33-07:00,0,10
meta/main.js,17,js,f189fd9d,Ishaan Kor,2026-07-27,18:54:33,-07:00,2026-07-27T18:54:33-07:00,0,18
meta/main.js,18,js,ba48eace,Ishaan Kor,2025-03-07,17:09:40,-08:00,2025-03-07T17:09:40-08:00,0,30
meta/main.js,19,js,ba48eace,Ishaan Kor,2025-03-07,17:09:40,-08:00,2025-03-07T17:09:40-08:00,0,26
meta/main.js,20,js,ba48eace,Ishaan Kor,2025-03-07,17:09:40,-08:00,2025-03-07T17:09:40-08:00,0,28
meta/main.js,21,js,ba48eace,Ishaan Kor,2025-03-07,17:09:40,-08:00,2025-03-07T17:09:40-08:00,0,25
meta/main.js,22,js,ba48eace,Ishaan Kor,2025-03-07,17:09:40,-08:00,2025-03-07T17:09:40-08:00,0,28
meta/main.js,23,js,ba48eace,Ishaan Kor,2025-03-07,17:09:40,-08:00,2025-03-07T17:09:40-08:00,0,29
meta/main.js,24,js,ba48eace,Ishaan Kor,2025-03-07,17:09:40,-08:00,2025-03-07T17:09:40-08:00,0,28
meta/main.js,25,js,f189fd9d,Ishaan Kor,2026-07-27,18:54:33,-07:00,2026-07-27T18:54:33-07:00,0,27
meta/main.js,26,js,f189fd9d,Ishaan Kor,2026-07-27,18:54:33,-07:00,2026-07-27T18:54:33-07:00,0,18
meta/main.js,27,js,f189fd9d,Ishaan Kor,2026-07-27,18:54:33,-07:00,2026-07-27T18:54:33-07:00,0,26
meta/main.js,28,js,f189fd9d,Ishaan Kor,2026-07-27,18:54:33,-07:00,2026-07-27T18:54:33-07:00,0,0
meta/main.js,29,js,f189fd9d,Ishaan Kor,2026-07-27,18:54:33,-07:00,2026-07-27T18:54:33-07:00,0,28
meta/main.js,30,js,f189fd9d,Ishaan Kor,2026-07-27,18:54:33,-07:00,2026-07-27T18:54:33-07:00,0,28
meta/main.js,31,js,f189fd9d,Ishaan Kor,2026-07-27,18:54:33,-07:00,2026-07-27T18:54:33-07:00,0,42
meta/main.js,32,js,f189fd9d,Ishaan Kor,2026-07-27,18:54:33,-07:00,2026-07-27T18:54:33-07:00,0,35
meta/main.js,33,js,f189fd9d,Ishaan Kor,2026-07-27,18:54:33,-07:00,2026-07-27T18:54:33-07:00,0,55
meta/main.js,34,js,f189fd9d,Ishaan Kor,2026-07-27,18:54:33,-07:00,2026-07-27T18:54:33-07:00,0,52
meta/main.js,35,js,f189fd9d,Ishaan Kor,2026-07-27,18:54:33,-07:00,2026-07-27T18:54:33-07:00,0,86
meta/main.js,36,js,f189fd9d,Ishaan Kor,2026-07-27,18:54:33,-07:00,2026-07-27T18:54:33-07:00,0,26
meta/main.js,37,js,f189fd9d,Ishaan Kor,2026-07-27,18:54:33,-07:00,2026-07-27T18:54:33-07:00,0,23
meta/main.js,38,js,f189fd9d,Ishaan Kor,2026-07-27,18:54:33,-07:00,2026-07-27T18:54:33-07:00,0,2
meta/main.js,39,js,f189fd9d,Ishaan Kor,2026-07-27,18:54:33,-07:00,2026-07-27T18:54:33-07:00,0,0
meta/main.js,40,js,f189fd9d,Ishaan Kor,2026-07-27,18:54:33,-07:00,2026-07-27T18:54:33-07:00,0,0
meta/main.js,41,js,f189fd9d,Ishaan Kor,2026-07-27,18:54:33,-07:00,2026-07-27T18:54:33-07:00,0,35
meta/main.js,42,js,f189fd9d,Ishaan Kor,2026-07-27,18:54:33,-07:00,2026-07-27T18:54:33-07:00,0,58
meta/main.js,43,js,f189fd9d,Ishaan Kor,2026-07-27,18:54:33,-07:00,2026-07-27T18:54:33-07:00,0,42
meta/main.js,44,js,f189fd9d,Ishaan Kor,2026-07-27,18:54:33,-07:00,2026-07-27T18:54:33-07:00,0,62
meta/main.js,45,js,f189fd9d,Ishaan Kor,2026-07-27,18:54:33,-07:00,2026-07-27T18:54:33-07:00,0,59
meta/main.js,46,js,f189fd9d,Ishaan Kor,2026-07-27,18:54:33,-07:00,2026-07-27T18:54:33-07:00,0,93
meta/main.js,47,js,f189fd9d,Ishaan Kor,2026-07-27,18:54:33,-07:00,2026-07-27T18:54:33-07:00,0,93
meta/main.js,48,js,f189fd9d,Ishaan Kor,2026-07-27,18:54:33,-07:00,2026-07-27T18:54:33-07:00,0,31
meta/main.js,49,js,f189fd9d,Ishaan Kor,2026-07-27,18:54:33,-07:00,2026-07-27T18:54:33-07:00,0,35
meta/main.js,50,js,f189fd9d,Ishaan Kor,2026-07-27,18:54:33,-07:00,2026-07-27T18:54:33-07:00,0,2
meta/main.js,51,js,f189fd9d,Ishaan Kor,2026-07-27,18:54:33,-07:00,2026-07-27T18:54:33-07:00,0,0
meta/main.js,52,js,f189fd9d,Ishaan Kor,2026-07-27,18:54:33,-07:00,2026-07-27T18:54:33-07:00,0,0
meta/main.js,53,js,f189fd9d,Ishaan Kor,2026-07-27,18:54:33,-07:00,2026-07-27T18:54:33-07:00,0,0
meta/main.js,54,js,f189fd9d,Ishaan Kor,2026-07-27,18:54:33,-07:00,2026-07-27T18:54:33-07:00,0,40
meta/main.js,55,js,f189fd9d,Ishaan Kor,2026-07-27,18:54:33,-07:00,2026-07-27T18:54:33-07:00,0,57
meta/main.js,56,js,f189fd9d,Ishaan Kor,2026-07-27,18:54:33,-07:00,2026-07-27T18:54:33-07:00,0,65
meta/main.js,57,js,f189fd9d,Ishaan Kor,2026-07-27,18:54:33,-07:00,2026-07-27T18:54:33-07:00,0,42
meta/main.js,58,js,f189fd9d,Ishaan Kor,2026-07-27,18:54:33,-07:00,2026-07-27T18:54:33-07:00,0,0
meta/main.js,59,js,f189fd9d,Ishaan Kor,2026-07-27,18:54:33,-07:00,2026-07-27T18:54:33-07:00,0,72
meta/main.js,60,js,f189fd9d,Ishaan Kor,2026-07-27,18:54:33,-07:00,2026-07-27T18:54:33-07:00,0,53
meta/main.js,61,js,f189fd9d,Ishaan Kor,2026-07-27,18:54:33,-07:00,2026-07-27T18:54:33-07:00,0,84
meta/main.js,62,js,f189fd9d,Ishaan Kor,2026-07-27,18:54:33,-07:00,2026-07-27T18:54:33-07:00,0,78
meta/main.js,63,js,f189fd9d,Ishaan Kor,2026-07-27,18:54:33,-07:00,2026-07-27T18:54:33-07:00,0,2
meta/main.js,64,js,f189fd9d,Ishaan Kor,2026-07-27,18:54:33,-07:00,2026-07-27T18:54:33-07:00,0,0
meta/main.js,65,js,f189fd9d,Ishaan Kor,2026-07-27,18:54:33,-07:00,2026-07-27T18:54:33-07:00,0,31
meta/main.js,66,js,f189fd9d,Ishaan Kor,2026-07-27,18:54:33,-07:00,2026-07-27T18:54:33-07:00,0,63
meta/main.js,67,js,f189fd9d,Ishaan Kor,2026-07-27,18:54:33,-07:00,2026-07-27T18:54:33-07:00,0,66
meta/main.js,68,js,f189fd9d,Ishaan Kor,2026-07-27,18:54:33,-07:00,2026-07-27T18:54:33-07:00,0,0
meta/main.js,69,js,f189fd9d,Ishaan Kor,2026-07-27,18:54:33,-07:00,2026-07-27T18:54:33-07:00,0,85
meta/main.js,70,js,f189fd9d,Ishaan Kor,2026-07-27,18:54:33,-07:00,2026-07-27T18:54:33-07:00,0,51
meta/main.js,71,js,f189fd9d,Ishaan Kor,2026-07-27,18:54:33,-07:00,2026-07-27T18:54:33-07:00,0,30
meta/main.js,72,js,f189fd9d,Ishaan Kor,2026-07-27,18:54:33,-07:00,2026-07-27T18:54:33-07:00,0,57
meta/main.js,73,js,f189fd9d,Ishaan Kor,2026-07-27,18:54:33,-07:00,2026-07-27T18:54:33-07:00,0,10
meta/main.js,74,js,f189fd9d,Ishaan Kor,2026-07-27,18:54:33,-07:00,2026-07-27T18:54:33-07:00,0,13
meta/main.js,75,js,f189fd9d,Ishaan Kor,2026-07-27,18:54:33,-07:00,2026-07-27T18:54:33-07:00,0,0
meta/main.js,76,js,f189fd9d,Ishaan Kor,2026-07-27,18:54:33,-07:00,2026-07-27T18:54:33-07:00,0,49
meta/main.js,77,js,f189fd9d,Ishaan Kor,2026-07-27,18:54:33,-07:00,2026-07-27T18:54:33-07:00,0,27
meta/main.js,78,js,f189fd9d,Ishaan Kor,2026-07-27,18:54:33,-07:00,2026-07-27T18:54:33-07:00,0,11
meta/main.js,79,js,f189fd9d,Ishaan Kor,2026-07-27,18:54:33,-07:00,2026-07-27T18:54:33-07:00,0,30
meta/main.js,80,js,f189fd9d,Ishaan Kor,2026-07-27,18:54:33,-07:00,2026-07-27T18:54:33-07:00,0,0
meta/main.js,81,js,f189fd9d,Ishaan Kor,2026-07-27,18:54:33,-07:00,2026-07-27T18:54:33-07:00,0,50
meta/main.js,82,js,f189fd9d,Ishaan Kor,2026-07-27,18:54:33,-07:00,2026-07-27T18:54:33-07:00,0,34
meta/main.js,83,js,f189fd9d,Ishaan Kor,2026-07-27,18:54:33,-07:00,2026-07-27T18:54:33-07:00,0,70
meta/main.js,84,js,f189fd9d,Ishaan Kor,2026-07-27,18:54:33,-07:00,2026-07-27T18:54:33-07:00,0,11
meta/main.js,85,js,f189fd9d,Ishaan Kor,2026-07-27,18:54:33,-07:00,2026-07-27T18:54:33-07:00,0,0
meta/main.js,86,js,f189fd9d,Ishaan Kor,2026-07-27,18:54:33,-07:00,2026-07-27T18:54:33-07:00,0,13
meta/main.js,87,js,f189fd9d,Ishaan Kor,2026-07-27,18:54:33,-07:00,2026-07-27T18:54:33-07:00,0,8
meta/main.js,88,js,f189fd9d,Ishaan Kor,2026-07-27,18:54:33,-07:00,2026-07-27T18:54:33-07:00,0,0
meta/main.js,89,js,f189fd9d,Ishaan Kor,2026-07-27,18:54:33,-07:00,2026-07-27T18:54:33-07:00,0,37
meta/main.js,90,js,f189fd9d,Ishaan Kor,2026-07-27,18:54:33,-07:00,2026-07-27T18:54:33-07:00,0,53
meta/main.js,91,js,f189fd9d,Ishaan Kor,2026-07-27,18:54:33,-07:00,2026-07-27T18:54:33-07:00,0,51
meta/main.js,92,js,f189fd9d,Ishaan Kor,2026-07-27,18:54:33,-07:00,2026-07-27T18:54:33-07:00,0,10
meta/main.js,93,js,f189fd9d,Ishaan Kor,2026-07-27,18:54:33,-07:00,2026-07-27T18:54:33-07:00,0,52
meta/main.js,94,js,f189fd9d,Ishaan Kor,2026-07-27,18:54:33,-07:00,2026-07-27T18:54:33-07:00,0,0
meta/main.js,95,js,f189fd9d,Ishaan Kor,2026-07-27,18:54:33,-07:00,2026-07-27T18:54:33-07:00,0,23
meta/main.js,96,js,f189fd9d,Ishaan Kor,2026-07-27,18:54:33,-07:00,2026-07-27T18:54:33-07:00,0,25
meta/main.js,97,js,f189fd9d,Ishaan Kor,2026-07-27,18:54:33,-07:00,2026-07-27T18:54:33-07:00,0,40
meta/main.js,98,js,f189fd9d,Ishaan Kor,2026-07-27,18:54:33,-07:00,2026-07-27T18:54:33-07:00,0,27
meta/main.js,99,js,f189fd9d,Ishaan Kor,2026-07-27,18:54:33,-07:00,2026-07-27T18:54:33-07:00,0,5
meta/main.js,100,js,f189fd9d,Ishaan Kor,2026-07-27,18:54:33,-07:00,2026-07-27T18:54:33-07:00,0,23
meta/main.js,101,js,f189fd9d,Ishaan Kor,2026-07-27,18:54:33,-07:00,2026-07-27T18:54:33-07:00,0,23
meta/main.js,102,js,f189fd9d,Ishaan Kor,2026-07-27,18:54:33,-07:00,2026-07-27T18:54:33-07:00,0,36
meta/main.js,103,js,f189fd9d,Ishaan Kor,2026-07-27,18:54:33,-07:00,2026-07-27T18:54:33-07:00,0,58
meta/main.js,104,js,f189fd9d,Ishaan Kor,2026-07-27,18:54:33,-07:00,2026-07-27T18:54:33-07:00,0,5
meta/main.js,105,js,f189fd9d,Ishaan Kor,2026-07-27,18:54:33,-07:00,2026-07-27T18:54:33-07:00,0,23
meta/main.js,106,js,f189fd9d,Ishaan Kor,2026-07-27,18:54:33,-07:00,2026-07-27T18:54:33-07:00,0,40
meta/main.js,107,js,f189fd9d,Ishaan Kor,2026-07-27,18:54:33,-07:00,2026-07-27T18:54:33-07:00,0,55
meta/main.js,108,js,f189fd9d,Ishaan Kor,2026-07-27,18:54:33,-07:00,2026-07-27T18:54:33-07:00,0,5
meta/main.js,109,js,f189fd9d,Ishaan Kor,2026-07-27,18:54:33,-07:00,2026-07-27T18:54:33-07:00,0,23
meta/main.js,110,js,f189fd9d,Ishaan Kor,2026-07-27,18:54:33,-07:00,2026-07-27T18:54:33-07:00,0,36
meta/main.js,111,js,f189fd9d,Ishaan Kor,2026-07-27,18:54:33,-07:00,2026-07-27T18:54:33-07:00,0,44
meta/main.js,112,js,f189fd9d,Ishaan Kor,2026-07-27,18:54:33,-07:00,2026-07-27T18:54:33-07:00,0,5
meta/main.js,113,js,f189fd9d,Ishaan Kor,2026-07-27,18:54:33,-07:00,2026-07-27T18:54:33-07:00,0,23
meta/main.js,114,js,f189fd9d,Ishaan Kor,2026-07-27,18:54:33,-07:00,2026-07-27T18:54:33-07:00,0,44
meta/main.js,115,js,f189fd9d,Ishaan Kor,2026-07-27,18:54:33,-07:00,2026-07-27T18:54:33-07:00,0,67
meta/main.js,116,js,f189fd9d,Ishaan Kor,2026-07-27,18:54:33,-07:00,2026-07-27T18:54:33-07:00,0,5
meta/main.js,117,js,f189fd9d,Ishaan Kor,2026-07-27,18:54:33,-07:00,2026-07-27T18:54:33-07:00,0,23
meta/main.js,118,js,f189fd9d,Ishaan Kor,2026-07-27,18:54:33,-07:00,2026-07-27T18:54:33-07:00,0,42
meta/main.js,119,js,f189fd9d,Ishaan Kor,2026-07-27,18:54:33,-07:00,2026-07-27T18:54:33-07:00,0,114
meta/main.js,120,js,f189fd9d,Ishaan Kor,2026-07-27,18:54:33,-07:00,2026-07-27T18:54:33-07:00,0,5
meta/main.js,121,js,f189fd9d,Ishaan Kor,2026-07-27,18:54:33,-07:00,2026-07-27T18:54:33-07:00,0,23
meta/main.js,122,js,f189fd9d,Ishaan Kor,2026-07-27,18:54:33,-07:00,2026-07-27T18:54:33-07:00,0,42
meta/main.js,123,js,f189fd9d,Ishaan Kor,2026-07-27,18:54:33,-07:00,2026-07-27T18:54:33-07:00,0,136
meta/main.js,124,js,f189fd9d,Ishaan Kor,2026-07-27,18:54:33,-07:00,2026-07-27T18:54:33-07:00,0,5
meta/main.js,125,js,f189fd9d,Ishaan Kor,2026-07-27,18:54:33,-07:00,2026-07-27T18:54:33-07:00,0,5
meta/main.js,126,js,f189fd9d,Ishaan Kor,2026-07-27,18:54:33,-07:00,2026-07-27T18:54:33-07:00,0,227
meta/main.js,127,js,f189fd9d,Ishaan Kor,2026-07-27,18:54:33,-07:00,2026-07-27T18:54:33-07:00,0,1
meta/main.js,128,js,f189fd9d,Ishaan Kor,2026-07-27,18:54:33,-07:00,2026-07-27T18:54:33-07:00,0,0
meta/main.js,129,js,f189fd9d,Ishaan Kor,2026-07-27,18:54:33,-07:00,2026-07-27T18:54:33-07:00,0,27
meta/main.js,130,js,f189fd9d,Ishaan Kor,2026-07-27,18:54:33,-07:00,2026-07-27T18:54:33-07:00,0,25
meta/main.js,131,js,f189fd9d,Ishaan Kor,2026-07-27,18:54:33,-07:00,2026-07-27T18:54:33-07:00,0,41
meta/main.js,132,js,f189fd9d,Ishaan Kor,2026-07-27,18:54:33,-07:00,2026-07-27T18:54:33-07:00,0,28
meta/main.js,133,js,f189fd9d,Ishaan Kor,2026-07-27,18:54:33,-07:00,2026-07-27T18:54:33-07:00,0,5
meta/main.js,134,js,f189fd9d,Ishaan Kor,2026-07-27,18:54:33,-07:00,2026-07-27T18:54:33-07:00,0,26
meta/main.js,135,js,f189fd9d,Ishaan Kor,2026-07-27,18:54:33,-07:00,2026-07-27T18:54:33-07:00,0,18
meta/main.js,136,js,f189fd9d,Ishaan Kor,2026-07-27,18:54:33,-07:00,2026-07-27T18:54:33-07:00,0,216
meta/main.js,137,js,f189fd9d,Ishaan Kor,2026-07-27,18:54:33,-07:00,2026-07-27T18:54:33-07:00,0,72
meta/main.js,138,js,f189fd9d,Ishaan Kor,2026-07-27,18:54:33,-07:00,2026-07-27T18:54:33-07:00,0,5
meta/main.js,139,js,f189fd9d,Ishaan Kor,2026-07-27,18:54:33,-07:00,2026-07-27T18:54:33-07:00,0,23
meta/main.js,140,js,f189fd9d,Ishaan Kor,2026-07-27,18:54:33,-07:00,2026-07-27T18:54:33-07:00,0,23
meta/main.js,141,js,f189fd9d,Ishaan Kor,2026-07-27,18:54:33,-07:00,2026-07-27T18:54:33-07:00,0,44
meta/main.js,142,js,f189fd9d,Ishaan Kor,2026-07-27,18:54:33,-07:00,2026-07-27T18:54:33-07:00,0,47
meta/main.js,143,js,f189fd9d,Ishaan Kor,2026-07-27,18:54:33,-07:00,2026-07-27T18:54:33-07:00,0,5
meta/main.js,144,js,f189fd9d,Ishaan Kor,2026-07-27,18:54:33,-07:00,2026-07-27T18:54:33-07:00,0,23
meta/main.js,145,js,f189fd9d,Ishaan Kor,2026-07-27,18:54:33,-07:00,2026-07-27T18:54:33-07:00,0,42
meta/main.js,146,js,f189fd9d,Ishaan Kor,2026-07-27,18:54:33,-07:00,2026-07-27T18:54:33-07:00,0,51
meta/main.js,147,js,f189fd9d,Ishaan Kor,2026-07-27,18:54:33,-07:00,2026-07-27T18:54:33-07:00,0,5
meta/main.js,148,js,f189fd9d,Ishaan Kor,2026-07-27,18:54:33,-07:00,2026-07-27T18:54:33-07:00,0,5
meta/main.js,149,js,f189fd9d,Ishaan Kor,2026-07-27,18:54:33,-07:00,2026-07-27T18:54:33-07:00,0,1
meta/main.js,150,js,f189fd9d,Ishaan Kor,2026-07-27,18:54:33,-07:00,2026-07-27T18:54:33-07:00,0,0
meta/main.js,151,js,a5df25f5,Ishaan Kor,2025-02-14,22:29:33,-08:00,2025-02-14T22:29:33-08:00,0,0
meta/main.js,152,js,ba48eace,Ishaan Kor,2025-03-07,17:09:40,-08:00,2025-03-07T17:09:40-08:00,0,27
meta/main.js,153,js,ba48eace,Ishaan Kor,2025-03-07,17:09:40,-08:00,2025-03-07T17:09:40-08:00,0,61
meta/main.js,154,js,ba48eace,Ishaan Kor,2025-03-07,17:09:40,-08:00,2025-03-07T17:09:40-08:00,0,26
meta/main.js,155,js,ba48eace,Ishaan Kor,2025-03-07,17:09:40,-08:00,2025-03-07T17:09:40-08:00,0,58
meta/main.js,156,js,ba48eace,Ishaan Kor,2025-03-07,17:09:40,-08:00,2025-03-07T17:09:40-08:00,0,7
meta/main.js,157,js,ba48eace,Ishaan Kor,2025-03-07,17:09:40,-08:00,2025-03-07T17:09:40-08:00,0,15
meta/main.js,158,js,ba48eace,Ishaan Kor,2025-03-07,17:09:40,-08:00,2025-03-07T17:09:40-08:00,0,24
meta/main.js,159,js,ba48eace,Ishaan Kor,2025-03-07,17:09:40,-08:00,2025-03-07T17:09:40-08:00,0,5
meta/main.js,160,js,ba48eace,Ishaan Kor,2025-03-07,17:09:40,-08:00,2025-03-07T17:09:40-08:00,0,1
meta/main.js,161,js,ba48eace,Ishaan Kor,2025-03-07,17:09:40,-08:00,2025-03-07T17:09:40-08:00,0,2
meta/main.js,162,js,ba48eace,Ishaan Kor,2025-03-07,17:09:40,-08:00,2025-03-07T17:09:40-08:00,0,0
meta/main.js,163,js,ba48eace,Ishaan Kor,2025-03-07,17:09:40,-08:00,2025-03-07T17:09:40-08:00,0,0
meta/main.js,164,js,ba48eace,Ishaan Kor,2025-03-07,17:09:40,-08:00,2025-03-07T17:09:40-08:00,0,41
meta/main.js,165,js,ba48eace,Ishaan Kor,2025-03-07,17:09:40,-08:00,2025-03-07T17:09:40-08:00,0,48
meta/main.js,166,js,ba48eace,Ishaan Kor,2025-03-07,17:09:40,-08:00,2025-03-07T17:09:40-08:00,0,0
meta/main.js,167,js,ba48eace,Ishaan Kor,2025-03-07,17:09:40,-08:00,2025-03-07T17:09:40-08:00,0,91
meta/main.js,168,js,a5df25f5,Ishaan Kor,2025-02-14,22:29:33,-08:00,2025-02-14T22:29:33-08:00,0,0
meta/main.js,169,js,ba48eace,Ishaan Kor,2025-03-07,17:09:40,-08:00,2025-03-07T17:09:40-08:00,0,38
meta/main.js,170,js,ba48eace,Ishaan Kor,2025-03-07,17:09:40,-08:00,2025-03-07T17:09:40-08:00,0,22
meta/main.js,171,js,ba48eace,Ishaan Kor,2025-03-07,17:09:40,-08:00,2025-03-07T17:09:40-08:00,0,7
meta/main.js,172,js,ba48eace,Ishaan Kor,2025-03-07,17:09:40,-08:00,2025-03-07T17:09:40-08:00,0,13
meta/main.js,173,js,ba48eace,Ishaan Kor,2025-03-07,17:09:40,-08:00,2025-03-07T17:09:40-08:00,0,31
meta/main.js,174,js,ba48eace,Ishaan Kor,2025-03-07,17:09:40,-08:00,2025-03-07T17:09:40-08:00,0,51
meta/main.js,175,js,ba48eace,Ishaan Kor,2025-03-07,17:09:40,-08:00,2025-03-07T17:09:40-08:00,0,29
meta/main.js,176,js,ba48eace,Ishaan Kor,2025-03-07,17:09:40,-08:00,2025-03-07T17:09:40-08:00,0,58
meta/main.js,177,js,ba48eace,Ishaan Kor,2025-03-07,17:09:40,-08:00,2025-03-07T17:09:40-08:00,0,0
meta/main.js,178,js,ba48eace,Ishaan Kor,2025-03-07,17:09:40,-08:00,2025-03-07T17:09:40-08:00,0,35
meta/main.js,179,js,ba48eace,Ishaan Kor,2025-03-07,17:09:40,-08:00,2025-03-07T17:09:40-08:00,0,0
meta/main.js,180,js,ba48eace,Ishaan Kor,2025-03-07,17:09:40,-08:00,2025-03-07T17:09:40-08:00,0,0
meta/main.js,181,js,ba48eace,Ishaan Kor,2025-03-07,17:09:40,-08:00,2025-03-07T17:09:40-08:00,0,50
meta/main.js,182,js,ba48eace,Ishaan Kor,2025-03-07,17:09:40,-08:00,2025-03-07T17:09:40-08:00,0,7
meta/main.js,183,js,ba48eace,Ishaan Kor,2025-03-07,17:09:40,-08:00,2025-03-07T17:09:40-08:00,0,2
meta/main.js,184,js,ba48eace,Ishaan Kor,2025-03-07,17:09:40,-08:00,2025-03-07T17:09:40-08:00,0,102
meta/main.js,185,js,ba48eace,Ishaan Kor,2025-03-07,17:09:40,-08:00,2025-03-07T17:09:40-08:00,0,39
meta/main.js,186,js,ba48eace,Ishaan Kor,2025-03-07,17:09:40,-08:00,2025-03-07T17:09:40-08:00,0,80
meta/main.js,187,js,ba48eace,Ishaan Kor,2025-03-07,17:09:40,-08:00,2025-03-07T17:09:40-08:00,0,117
meta/main.js,188,js,ba48eace,Ishaan Kor,2025-03-07,17:09:40,-08:00,2025-03-07T17:09:40-08:00,0,66
meta/main.js,189,js,ba48eace,Ishaan Kor,2025-03-07,17:09:40,-08:00,2025-03-07T17:09:40-08:00,0,3
meta/main.js,190,js,ba48eace,Ishaan Kor,2025-03-07,17:09:40,-08:00,2025-03-07T17:09:40-08:00,0,1
meta/main.js,191,js,ba48eace,Ishaan Kor,2025-03-07,17:09:40,-08:00,2025-03-07T17:09:40-08:00,0,0
meta/main.js,192,js,ba48eace,Ishaan Kor,2025-03-07,17:09:40,-08:00,2025-03-07T17:09:40-08:00,0,0
meta/main.js,193,js,ba48eace,Ishaan Kor,2025-03-07,17:09:40,-08:00,2025-03-07T17:09:40-08:00,0,0
meta/main.js,194,js,ba48eace,Ishaan Kor,2025-03-07,17:09:40,-08:00,2025-03-07T17:09:40-08:00,0,49
meta/main.js,195,js,ba48eace,Ishaan Kor,2025-03-07,17:09:40,-08:00,2025-03-07T17:09:40-08:00,0,120
meta/main.js,196,js,ba48eace,Ishaan Kor,2025-03-07,17:09:40,-08:00,2025-03-07T17:09:40-08:00,0,0
meta/main.js,197,js,ba48eace,Ishaan Kor,2025-03-07,17:09:40,-08:00,2025-03-07T17:09:40-08:00,0,51
meta/main.js,198,js,ba48eace,Ishaan Kor,2025-03-07,17:09:40,-08:00,2025-03-07T17:09:40-08:00,0,0
meta/main.js,199,js,ba48eace,Ishaan Kor,2025-03-07,17:09:40,-08:00,2025-03-07T17:09:40-08:00,0,32
meta/main.js,200,js,ba48eace,Ishaan Kor,2025-03-07,17:09:40,-08:00,2025-03-07T17:09:40-08:00,0,37
meta/main.js,201,js,ba48eace,Ishaan Kor,2025-03-07,17:09:40,-08:00,2025-03-07T17:09:40-08:00,0,0
meta/main.js,202,js,ba48eace,Ishaan Kor,2025-03-07,17:09:40,-08:00,2025-03-07T17:09:40-08:00,0,0
meta/main.js,203,js,ba48eace,Ishaan Kor,2025-03-07,17:09:40,-08:00,2025-03-07T17:09:40-08:00,0,30
meta/main.js,204,js,ba48eace,Ishaan Kor,2025-03-07,17:09:40,-08:00,2025-03-07T17:09:40-08:00,0,28
meta/main.js,205,js,ba48eace,Ishaan Kor,2025-03-07,17:09:40,-08:00,2025-03-07T17:09:40-08:00,0,0
meta/main.js,206,js,ba48eace,Ishaan Kor,2025-03-07,17:09:40,-08:00,2025-03-07T17:09:40-08:00,0,0
meta/main.js,207,js,ba48eace,Ishaan Kor,2025-03-07,17:09:40,-08:00,2025-03-07T17:09:40-08:00,0,26
meta/main.js,208,js,ba48eace,Ishaan Kor,2025-03-07,17:09:40,-08:00,2025-03-07T17:09:40-08:00,0,72
meta/main.js,209,js,ba48eace,Ishaan Kor,2025-03-07,17:09:40,-08:00,2025-03-07T17:09:40-08:00,0,20
meta/main.js,210,js,ba48eace,Ishaan Kor,2025-03-07,17:09:40,-08:00,2025-03-07T17:09:40-08:00,0,54
meta/main.js,211,js,ba48eace,Ishaan Kor,2025-03-07,17:09:40,-08:00,2025-03-07T17:09:40-08:00,0,10
meta/main.js,212,js,ba48eace,Ishaan Kor,2025-03-07,17:09:40,-08:00,2025-03-07T17:09:40-08:00,0,10
meta/main.js,213,js,ba48eace,Ishaan Kor,2025-03-07,17:09:40,-08:00,2025-03-07T17:09:40-08:00,0,60
meta/main.js,214,js,ba48eace,Ishaan Kor,2025-03-07,17:09:40,-08:00,2025-03-07T17:09:40-08:00,0,6
meta/main.js,215,js,ba48eace,Ishaan Kor,2025-03-07,17:09:40,-08:00,2025-03-07T17:09:40-08:00,0,4
meta/main.js,216,js,ba48eace,Ishaan Kor,2025-03-07,17:09:40,-08:00,2025-03-07T17:09:40-08:00,0,4
meta/main.js,217,js,ba48eace,Ishaan Kor,2025-03-07,17:09:40,-08:00,2025-03-07T17:09:40-08:00,0,8
meta/main.js,218,js,ba48eace,Ishaan Kor,2025-03-07,17:09:40,-08:00,2025-03-07T17:09:40-08:00,0,8
meta/main.js,219,js,ba48eace,Ishaan Kor,2025-03-07,17:09:40,-08:00,2025-03-07T17:09:40-08:00,0,58
meta/main.js,220,js,ba48eace,Ishaan Kor,2025-03-07,17:09:40,-08:00,2025-03-07T17:09:40-08:00,0,24
meta/main.js,221,js,ba48eace,Ishaan Kor,2025-03-07,17:09:40,-08:00,2025-03-07T17:09:40-08:00,0,1
meta/main.js,222,js,ba48eace,Ishaan Kor,2025-03-07,17:09:40,-08:00,2025-03-07T17:09:40-08:00,0,0
meta/main.js,223,js,ba48eace,Ishaan Kor,2025-03-07,17:09:40,-08:00,2025-03-07T17:09:40-08:00,0,36
meta/main.js,224,js,ba48eace,Ishaan Kor,2025-03-07,17:09:40,-08:00,2025-03-07T17:09:40-08:00,0,12
meta/main.js,225,js,ba48eace,Ishaan Kor,2025-03-07,17:09:40,-08:00,2025-03-07T17:09:40-08:00,0,17
meta/main.js,226,js,ba48eace,Ishaan Kor,2025-03-07,17:09:40,-08:00,2025-03-07T17:09:40-08:00,0,15
meta/main.js,227,js,ba48eace,Ishaan Kor,2025-03-07,17:09:40,-08:00,2025-03-07T17:09:40-08:00,0,18
meta/main.js,228,js,a5df25f5,Ishaan Kor,2025-02-14,22:29:33,-08:00,2025-02-14T22:29:33-08:00,0,2
meta/main.js,229,js,ba48eace,Ishaan Kor,2025-03-07,17:09:40,-08:00,2025-03-07T17:09:40-08:00,0,0
meta/main.js,230,js,ba48eace,Ishaan Kor,2025-03-07,17:09:40,-08:00,2025-03-07T17:09:40-08:00,0,10
meta/main.js,231,js,ba48eace,Ishaan Kor,2025-03-07,17:09:40,-08:00,2025-03-07T17:09:40-08:00,0,2
meta/main.js,232,js,ba48eace,Ishaan Kor,2025-03-07,17:09:40,-08:00,2025-03-07T17:09:40-08:00,0,0
meta/main.js,233,js,ba48eace,Ishaan Kor,2025-03-07,17:09:40,-08:00,2025-03-07T17:09:40-08:00,0,14
meta/main.js,234,js,a5df25f5,Ishaan Kor,2025-02-14,22:29:33,-08:00,2025-02-14T22:29:33-08:00,0,0
meta/main.js,235,js,a5df25f5,Ishaan Kor,2025-02-14,22:29:33,-08:00,2025-02-14T22:29:33-08:00,0,0
meta/main.js,236,js,a5df25f5,Ishaan Kor,2025-02-14,22:29:33,-08:00,2025-02-14T22:29:33-08:00,0,26
meta/main.js,237,js,a5df25f5,Ishaan Kor,2025-02-14,22:29:33,-08:00,2025-02-14T22:29:33-08:00,0,41
meta/main.js,238,js,a5df25f5,Ishaan Kor,2025-02-14,22:29:33,-08:00,2025-02-14T22:29:33-08:00,0,6
meta/main.js,239,js,a5df25f5,Ishaan Kor,2025-02-14,22:29:33,-08:00,2025-02-14T22:29:33-08:00,0,43
meta/main.js,240,js,a5df25f5,Ishaan Kor,2025-02-14,22:29:33,-08:00,2025-02-14T22:29:33-08:00,0,24
meta/main.js,241,js,a5df25f5,Ishaan Kor,2025-02-14,22:29:33,-08:00,2025-02-14T22:29:33-08:00,0,26
meta/main.js,242,js,a5df25f5,Ishaan Kor,2025-02-14,22:29:33,-08:00,2025-02-14T22:29:33-08:00,0,50
meta/main.js,243,js,a5df25f5,Ishaan Kor,2025-02-14,22:29:33,-08:00,2025-02-14T22:29:33-08:00,0,32
meta/main.js,244,js,a5df25f5,Ishaan Kor,2025-02-14,22:29:33,-08:00,2025-02-14T22:29:33-08:00,0,3
meta/main.js,245,js,ba48eace,Ishaan Kor,2025-03-07,17:09:40,-08:00,2025-03-07T17:09:40-08:00,0,0
meta/main.js,246,js,a5df25f5,Ishaan Kor,2025-02-14,22:29:33,-08:00,2025-02-14T22:29:33-08:00,0,14
meta/main.js,247,js,ba48eace,Ishaan Kor,2025-03-07,17:09:40,-08:00,2025-03-07T17:09:40-08:00,0,0
meta/main.js,248,js,ba48eace,Ishaan Kor,2025-03-07,17:09:40,-08:00,2025-03-07T17:09:40-08:00,0,0
meta/main.js,249,js,ba48eace,Ishaan Kor,2025-03-07,17:09:40,-08:00,2025-03-07T17:09:40-08:00,0,31
meta/main.js,250,js,a5df25f5,Ishaan Kor,2025-02-14,22:29:33,-08:00,2025-02-14T22:29:33-08:00,0,30
meta/main.js,251,js,ba48eace,Ishaan Kor,2025-03-07,17:09:40,-08:00,2025-03-07T17:09:40-08:00,0,67
meta/main.js,252,js,ba48eace,Ishaan Kor,2025-03-07,17:09:40,-08:00,2025-03-07T17:09:40-08:00,0,0
meta/main.js,253,js,ba48eace,Ishaan Kor,2025-03-07,17:09:40,-08:00,2025-03-07T17:09:40-08:00,0,0
meta/main.js,254,js,ba48eace,Ishaan Kor,2025-03-07,17:09:40,-08:00,2025-03-07T17:09:40-08:00,0,24
meta/main.js,255,js,ba48eace,Ishaan Kor,2025-03-07,17:09:40,-08:00,2025-03-07T17:09:40-08:00,0,35
meta/main.js,256,js,a5df25f5,Ishaan Kor,2025-02-14,22:29:33,-08:00,2025-02-14T22:29:33-08:00,0,0
meta/main.js,257,js,a5df25f5,Ishaan Kor,2025-02-14,22:29:33,-08:00,2025-02-14T22:29:33-08:00,0,49
meta/main.js,258,js,a5df25f5,Ishaan Kor,2025-02-14,22:29:33,-08:00,2025-02-14T22:29:33-08:00,0,43
meta/main.js,259,js,a5df25f5,Ishaan Kor,2025-02-14,22:29:33,-08:00,2025-02-14T22:29:33-08:00,0,53
meta/main.js,260,js,a5df25f5,Ishaan Kor,2025-02-14,22:29:33,-08:00,2025-02-14T22:29:33-08:00,0,59
meta/main.js,261,js,a5df25f5,Ishaan Kor,2025-02-14,22:29:33,-08:00,2025-02-14T22:29:33-08:00,0,0
meta/main.js,262,js,a5df25f5,Ishaan Kor,2025-02-14,22:29:33,-08:00,2025-02-14T22:29:33-08:00,0,73
meta/main.js,263,js,a5df25f5,Ishaan Kor,2025-02-14,22:29:33,-08:00,2025-02-14T22:29:33-08:00,0,74
meta/main.js,264,js,a5df25f5,Ishaan Kor,2025-02-14,22:29:33,-08:00,2025-02-14T22:29:33-08:00,0,78
meta/main.js,265,js,a5df25f5,Ishaan Kor,2025-02-14,22:29:33,-08:00,2025-02-14T22:29:33-08:00,0,0
meta/main.js,266,js,a5df25f5,Ishaan Kor,2025-02-14,22:29:33,-08:00,2025-02-14T22:29:33-08:00,0,31
meta/main.js,267,js,a5df25f5,Ishaan Kor,2025-02-14,22:29:33,-08:00,2025-02-14T22:29:33-08:00,0,69
meta/main.js,268,js,a5df25f5,Ishaan Kor,2025-02-14,22:29:33,-08:00,2025-02-14T22:29:33-08:00,0,62
meta/main.js,269,js,a5df25f5,Ishaan Kor,2025-02-14,22:29:33,-08:00,2025-02-14T22:29:33-08:00,0,62
meta/main.js,270,js,a5df25f5,Ishaan Kor,2025-02-14,22:29:33,-08:00,2025-02-14T22:29:33-08:00,0,0
meta/main.js,271,js,a5df25f5,Ishaan Kor,2025-02-14,22:29:33,-08:00,2025-02-14T22:29:33-08:00,0,0
meta/main.js,272,js,a5df25f5,Ishaan Kor,2025-02-14,22:29:33,-08:00,2025-02-14T22:29:33-08:00,0,34
meta/main.js,273,js,a5df25f5,Ishaan Kor,2025-02-14,22:29:33,-08:00,2025-02-14T22:29:33-08:00,0,26
meta/main.js,274,js,a5df25f5,Ishaan Kor,2025-02-14,22:29:33,-08:00,2025-02-14T22:29:33-08:00,0,33
meta/main.js,275,js,a5df25f5,Ishaan Kor,2025-02-14,22:29:33,-08:00,2025-02-14T22:29:33-08:00,0,30
meta/main.js,276,js,a5df25f5,Ishaan Kor,2025-02-14,22:29:33,-08:00,2025-02-14T22:29:33-08:00,0,42
meta/main.js,277,js,a5df25f5,Ishaan Kor,2025-02-14,22:29:33,-08:00,2025-02-14T22:29:33-08:00,0,38
meta/main.js,278,js,a5df25f5,Ishaan Kor,2025-02-14,22:29:33,-08:00,2025-02-14T22:29:33-08:00,0,0
meta/main.js,279,js,a5df25f5,Ishaan Kor,2025-02-14,22:29:33,-08:00,2025-02-14T22:29:33-08:00,0,0
meta/main.js,280,js,ba48eace,Ishaan Kor,2025-03-07,17:09:40,-08:00,2025-03-07T17:09:40-08:00,0,44
meta/main.js,281,js,ba48eace,Ishaan Kor,2025-03-07,17:09:40,-08:00,2025-03-07T17:09:40-08:00,0,25
meta/main.js,282,js,a5df25f5,Ishaan Kor,2025-02-14,22:29:33,-08:00,2025-02-14T22:29:33-08:00,0,0
meta/main.js,283,js,a5df25f5,Ishaan Kor,2025-02-14,22:29:33,-08:00,2025-02-14T22:29:33-08:00,0,18
meta/main.js,284,js,a5df25f5,Ishaan Kor,2025-02-14,22:29:33,-08:00,2025-02-14T22:29:33-08:00,0,18
meta/main.js,285,js,a5df25f5,Ishaan Kor,2025-02-14,22:29:33,-08:00,2025-02-14T22:29:33-08:00,0,59
meta/main.js,286,js,a5df25f5,Ishaan Kor,2025-02-14,22:29:33,-08:00,2025-02-14T22:29:33-08:00,0,0
meta/main.js,287,js,a5df25f5,Ishaan Kor,2025-02-14,22:29:33,-08:00,2025-02-14T22:29:33-08:00,0,13
meta/main.js,288,js,a5df25f5,Ishaan Kor,2025-02-14,22:29:33,-08:00,2025-02-14T22:29:33-08:00,0,16
meta/main.js,289,js,a5df25f5,Ishaan Kor,2025-02-14,22:29:33,-08:00,2025-02-14T22:29:33-08:00,0,13
meta/main.js,290,js,a5df25f5,Ishaan Kor,2025-02-14,22:29:33,-08:00,2025-02-14T22:29:33-08:00,0,41
meta/main.js,291,js,a5df25f5,Ishaan Kor,2025-02-14,22:29:33,-08:00,2025-02-14T22:29:33-08:00,0,29
meta/main.js,292,js,a5df25f5,Ishaan Kor,2025-02-14,22:29:33,-08:00,2025-02-14T22:29:33-08:00,0,0
meta/main.js,293,js,a5df25f5,Ishaan Kor,2025-02-14,22:29:33,-08:00,2025-02-14T22:29:33-08:00,0,10
meta/main.js,294,js,ba48eace,Ishaan Kor,2025-03-07,17:09:40,-08:00,2025-03-07T17:09:40-08:00,0,11
meta/main.js,295,js,ba48eace,Ishaan Kor,2025-03-07,17:09:40,-08:00,2025-03-07T17:09:40-08:00,0,53
meta/main.js,296,js,ba48eace,Ishaan Kor,2025-03-07,17:09:40,-08:00,2025-03-07T17:09:40-08:00,0,42
meta/main.js,297,js,ba48eace,Ishaan Kor,2025-03-07,17:09:40,-08:00,2025-03-07T17:09:40-08:00,0,7
meta/main.js,298,js,a5df25f5,Ishaan Kor,2025-02-14,22:29:33,-08:00,2025-02-14T22:29:33-08:00,0,0
meta/main.js,299,js,a5df25f5,Ishaan Kor,2025-02-14,22:29:33,-08:00,2025-02-14T22:29:33-08:00,0,10
meta/main.js,300,js,ba48eace,Ishaan Kor,2025-03-07,17:09:40,-08:00,2025-03-07T17:09:40-08:00,0,13
meta/main.js,301,js,ba48eace,Ishaan Kor,2025-03-07,17:09:40,-08:00,2025-03-07T17:09:40-08:00,0,15
meta/main.js,302,js,ba48eace,Ishaan Kor,2025-03-07,17:09:40,-08:00,2025-03-07T17:09:40-08:00,0,44
meta/main.js,303,js,a5df25f5,Ishaan Kor,2025-02-14,22:29:33,-08:00,2025-02-14T22:29:33-08:00,0,0
meta/main.js,304,js,a5df25f5,Ishaan Kor,2025-02-14,22:29:33,-08:00,2025-02-14T22:29:33-08:00,0,19
meta/main.js,305,js,a5df25f5,Ishaan Kor,2025-02-14,22:29:33,-08:00,2025-02-14T22:29:33-08:00,0,17
meta/main.js,306,js,a5df25f5,Ishaan Kor,2025-02-14,22:29:33,-08:00,2025-02-14T22:29:33-08:00,0,27
meta/main.js,307,js,a5df25f5,Ishaan Kor,2025-02-14,22:29:33,-08:00,2025-02-14T22:29:33-08:00,0,15
meta/main.js,308,js,a5df25f5,Ishaan Kor,2025-02-14,22:29:33,-08:00,2025-02-14T22:29:33-08:00,0,30
meta/main.js,309,js,a5df25f5,Ishaan Kor,2025-02-14,22:29:33,-08:00,2025-02-14T22:29:33-08:00,0,41
meta/main.js,310,js,a5df25f5,Ishaan Kor,2025-02-14,22:29:33,-08:00,2025-02-14T22:29:33-08:00,0,43
meta/main.js,311,js,a5df25f5,Ishaan Kor,2025-02-14,22:29:33,-08:00,2025-02-14T22:29:33-08:00,0,1
meta/main.js,312,js,a5df25f5,Ishaan Kor,2025-02-14,22:29:33,-08:00,2025-02-14T22:29:33-08:00,0,0
meta/main.js,313,js,ba48eace,Ishaan Kor,2025-03-07,17:09:40,-08:00,2025-03-07T17:09:40-08:00,0,60
meta/main.js,314,js,a5df25f5,Ishaan Kor,2025-02-14,22:29:33,-08:00,2025-02-14T22:29:33-08:00,0,0
meta/main.js,315,js,a5df25f5,Ishaan Kor,2025-02-14,22:29:33,-08:00,2025-02-14T22:29:33-08:00,0,23
meta/main.js,316,js,a5df25f5,Ishaan Kor,2025-02-14,22:29:33,-08:00,2025-02-14T22:29:33-08:00,0,27
meta/main.js,317,js,ba48eace,Ishaan Kor,2025-03-07,17:09:40,-08:00,2025-03-07T17:09:40-08:00,0,75
meta/main.js,318,js,ba48eace,Ishaan Kor,2025-03-07,17:09:40,-08:00,2025-03-07T17:09:40-08:00,0,73
meta/main.js,319,js,a5df25f5,Ishaan Kor,2025-02-14,22:29:33,-08:00,2025-02-14T22:29:33-08:00,0,0
meta/main.js,320,js,a5df25f5,Ishaan Kor,2025-02-14,22:29:33,-08:00,2025-02-14T22:29:33-08:00,0,0
meta/main.js,321,js,a5df25f5,Ishaan Kor,2025-02-14,22:29:33,-08:00,2025-02-14T22:29:33-08:00,0,20
meta/main.js,322,js,a5df25f5,Ishaan Kor,2025-02-14,22:29:33,-08:00,2025-02-14T22:29:33-08:00,0,11
meta/main.js,323,js,a5df25f5,Ishaan Kor,2025-02-14,22:29:33,-08:00,2025-02-14T22:29:33-08:00,0,26
meta/main.js,324,js,a5df25f5,Ishaan Kor,2025-02-14,22:29:33,-08:00,2025-02-14T22:29:33-08:00,0,53
meta/main.js,325,js,a5df25f5,Ishaan Kor,2025-02-14,22:29:33,-08:00,2025-02-14T22:29:33-08:00,0,5
meta/main.js,326,js,a5df25f5,Ishaan Kor,2025-02-14,22:29:33,-08:00,2025-02-14T22:29:33-08:00,0,18
meta/main.js,327,js,a5df25f5,Ishaan Kor,2025-02-14,22:29:33,-08:00,2025-02-14T22:29:33-08:00,0,27
meta/main.js,328,js,a5df25f5,Ishaan Kor,2025-02-14,22:29:33,-08:00,2025-02-14T22:29:33-08:00,0,14
meta/main.js,329,js,a5df25f5,Ishaan Kor,2025-02-14,22:29:33,-08:00,2025-02-14T22:29:33-08:00,0,1
meta/main.js,330,js,a5df25f5,Ishaan Kor,2025-02-14,22:29:33,-08:00,2025-02-14T22:29:33-08:00,0,0
meta/main.js,331,js,a5df25f5,Ishaan Kor,2025-02-14,22:29:33,-08:00,2025-02-14T22:29:33-08:00,0,26
meta/main.js,332,js,a5df25f5,Ishaan Kor,2025-02-14,22:29:33,-08:00,2025-02-14T22:29:33-08:00,0,27
meta/main.js,333,js,a5df25f5,Ishaan Kor,2025-02-14,22:29:33,-08:00,2025-02-14T22:29:33-08:00,0,27
meta/main.js,334,js,a5df25f5,Ishaan Kor,2025-02-14,22:29:33,-08:00,2025-02-14T22:29:33-08:00,0,0
meta/main.js,335,js,a5df25f5,Ishaan Kor,2025-02-14,22:29:33,-08:00,2025-02-14T22:29:33-08:00,0,70
meta/main.js,336,js,a5df25f5,Ishaan Kor,2025-02-14,22:29:33,-08:00,2025-02-14T22:29:33-08:00,0,56
meta/main.js,337,js,a5df25f5,Ishaan Kor,2025-02-14,22:29:33,-08:00,2025-02-14T22:29:33-08:00,0,0
meta/main.js,338,js,a5df25f5,Ishaan Kor,2025-02-14,22:29:33,-08:00,2025-02-14T22:29:33-08:00,0,14
meta/main.js,339,js,a5df25f5,Ishaan Kor,2025-02-14,22:29:33,-08:00,2025-02-14T22:29:33-08:00,0,60
meta/main.js,340,js,a5df25f5,Ishaan Kor,2025-02-14,22:29:33,-08:00,2025-02-14T22:29:33-08:00,0,12
meta/main.js,341,js,a5df25f5,Ishaan Kor,2025-02-14,22:29:33,-08:00,2025-02-14T22:29:33-08:00,0,0
meta/main.js,342,js,a5df25f5,Ishaan Kor,2025-02-14,22:29:33,-08:00,2025-02-14T22:29:33-08:00,0,14
meta/main.js,343,js,a5df25f5,Ishaan Kor,2025-02-14,22:29:33,-08:00,2025-02-14T22:29:33-08:00,0,49
meta/main.js,344,js,a5df25f5,Ishaan Kor,2025-02-14,22:29:33,-08:00,2025-02-14T22:29:33-08:00,0,12
meta/main.js,345,js,a5df25f5,Ishaan Kor,2025-02-14,22:29:33,-08:00,2025-02-14T22:29:33-08:00,0,0
meta/main.js,346,js,ba48eace,Ishaan Kor,2025-03-07,17:09:40,-08:00,2025-03-07T17:09:40-08:00,0,76
meta/main.js,347,js,a5df25f5,Ishaan Kor,2025-02-14,22:29:33,-08:00,2025-02-14T22:29:33-08:00,0,16
meta/main.js,348,js,a5df25f5,Ishaan Kor,2025-02-14,22:29:33,-08:00,2025-02-14T22:29:33-08:00,0,11
meta/main.js,349,js,a5df25f5,Ishaan Kor,2025-02-14,22:29:33,-08:00,2025-02-14T22:29:33-08:00,0,28
meta/main.js,350,js,a5df25f5,Ishaan Kor,2025-02-14,22:29:33,-08:00,2025-02-14T22:29:33-08:00,0,15
meta/main.js,351,js,a5df25f5,Ishaan Kor,2025-02-14,22:29:33,-08:00,2025-02-14T22:29:33-08:00,0,0
meta/main.js,352,js,ba48eace,Ishaan Kor,2025-03-07,17:09:40,-08:00,2025-03-07T17:09:40-08:00,0,14
meta/main.js,353,js,a5df25f5,Ishaan Kor,2025-02-14,22:29:33,-08:00,2025-02-14T22:29:33-08:00,0,21
meta/main.js,354,js,a5df25f5,Ishaan Kor,2025-02-14,22:29:33,-08:00,2025-02-14T22:29:33-08:00,0,19
meta/main.js,355,js,ba48eace,Ishaan Kor,2025-03-07,17:09:40,-08:00,2025-03-07T17:09:40-08:00,0,21
meta/main.js,356,js,a5df25f5,Ishaan Kor,2025-02-14,22:29:33,-08:00,2025-02-14T22:29:33-08:00,0,14
meta/main.js,357,js,a5df25f5,Ishaan Kor,2025-02-14,22:29:33,-08:00,2025-02-14T22:29:33-08:00,0,37
meta/main.js,358,js,a5df25f5,Ishaan Kor,2025-02-14,22:29:33,-08:00,2025-02-14T22:29:33-08:00,0,37
meta/main.js,359,js,a5df25f5,Ishaan Kor,2025-02-14,22:29:33,-08:00,2025-02-14T22:29:33-08:00,0,38
meta/main.js,360,js,a5df25f5,Ishaan Kor,2025-02-14,22:29:33,-08:00,2025-02-14T22:29:33-08:00,0,26
meta/main.js,361,js,a5df25f5,Ishaan Kor,2025-02-14,22:29:33,-08:00,2025-02-14T22:29:33-08:00,0,25
meta/main.js,362,js,ba48eace,Ishaan Kor,2025-03-07,17:09:40,-08:00,2025-03-07T17:09:40-08:00,0,38
meta/main.js,363,js,ba48eace,Ishaan Kor,2025-03-07,17:09:40,-08:00,2025-03-07T17:09:40-08:00,0,29
meta/main.js,364,js,ba48eace,Ishaan Kor,2025-03-07,17:09:40,-08:00,2025-03-07T17:09:40-08:00,0,25
meta/main.js,365,js,ba48eace,Ishaan Kor,2025-03-07,17:09:40,-08:00,2025-03-07T17:09:40-08:00,0,25
meta/main.js,366,js,a5df25f5,Ishaan Kor,2025-02-14,22:29:33,-08:00,2025-02-14T22:29:33-08:00,0,30
meta/main.js,367,js,a5df25f5,Ishaan Kor,2025-02-14,22:29:33,-08:00,2025-02-14T22:29:33-08:00,0,29
meta/main.js,368,js,a5df25f5,Ishaan Kor,2025-02-14,22:29:33,-08:00,2025-02-14T22:29:33-08:00,0,28
meta/main.js,369,js,a5df25f5,Ishaan Kor,2025-02-14,22:29:33,-08:00,2025-02-14T22:29:33-08:00,0,1
meta/main.js,370,js,a5df25f5,Ishaan Kor,2025-02-14,22:29:33,-08:00,2025-02-14T22:29:33-08:00,0,30
meta/main.js,371,js,ba48eace,Ishaan Kor,2025-03-07,17:09:40,-08:00,2025-03-07T17:09:40-08:00,0,29
meta/main.js,372,js,ba48eace,Ishaan Kor,2025-03-07,17:09:40,-08:00,2025-03-07T17:09:40-08:00,0,26
meta/main.js,373,js,ba48eace,Ishaan Kor,2025-03-07,17:09:40,-08:00,2025-03-07T17:09:40-08:00,0,27
meta/main.js,374,js,a5df25f5,Ishaan Kor,2025-02-14,22:29:33,-08:00,2025-02-14T22:29:33-08:00,0,30
meta/main.js,375,js,a5df25f5,Ishaan Kor,2025-02-14,22:29:33,-08:00,2025-02-14T22:29:33-08:00,0,2
meta/main.js,376,js,a5df25f5,Ishaan Kor,2025-02-14,22:29:33,-08:00,2025-02-14T22:29:33-08:00,0,0
meta/main.js,377,js,a5df25f5,Ishaan Kor,2025-02-14,22:29:33,-08:00,2025-02-14T22:29:33-08:00,0,15
meta/main.js,378,js,a5df25f5,Ishaan Kor,2025-02-14,22:29:33,-08:00,2025-02-14T22:29:33-08:00,0,0
meta/main.js,379,js,ba48eace,Ishaan Kor,2025-03-07,17:09:40,-08:00,2025-03-07T17:09:40-08:00,0,0
meta/main.js,380,js,a5df25f5,Ishaan Kor,2025-02-14,22:29:33,-08:00,2025-02-14T22:29:33-08:00,0,0
meta/main.js,381,js,a5df25f5,Ishaan Kor,2025-02-14,22:29:33,-08:00,2025-02-14T22:29:33-08:00,0,38
meta/main.js,382,js,a5df25f5,Ishaan Kor,2025-02-14,22:29:33,-08:00,2025-02-14T22:29:33-08:00,0,51
meta/main.js,383,js,a5df25f5,Ishaan Kor,2025-02-14,22:29:33,-08:00,2025-02-14T22:29:33-08:00,0,51
meta/main.js,384,js,a5df25f5,Ishaan Kor,2025-02-14,22:29:33,-08:00,2025-02-14T22:29:33-08:00,0,0
meta/main.js,385,js,a5df25f5,Ishaan Kor,2025-02-14,22:29:33,-08:00,2025-02-14T22:29:33-08:00,0,44
meta/main.js,386,js,a5df25f5,Ishaan Kor,2025-02-14,22:29:33,-08:00,2025-02-14T22:29:33-08:00,0,0
meta/main.js,387,js,a5df25f5,Ishaan Kor,2025-02-14,22:29:33,-08:00,2025-02-14T22:29:33-08:00,0,22
meta/main.js,388,js,a5df25f5,Ishaan Kor,2025-02-14,22:29:33,-08:00,2025-02-14T22:29:33-08:00,0,28
meta/main.js,389,js,a5df25f5,Ishaan Kor,2025-02-14,22:29:33,-08:00,2025-02-14T22:29:33-08:00,0,57
meta/main.js,390,js,a5df25f5,Ishaan Kor,2025-02-14,22:29:33,-08:00,2025-02-14T22:29:33-08:00,0,17
meta/main.js,391,js,a5df25f5,Ishaan Kor,2025-02-14,22:29:33,-08:00,2025-02-14T22:29:33-08:00,0,2
meta/main.js,392,js,a5df25f5,Ishaan Kor,2025-02-14,22:29:33,-08:00,2025-02-14T22:29:33-08:00,0,0
meta/main.js,393,js,a5df25f5,Ishaan Kor,2025-02-14,22:29:33,-08:00,2025-02-14T22:29:33-08:00,0,0
meta/main.js,394,js,a5df25f5,Ishaan Kor,2025-02-14,22:29:33,-08:00,2025-02-14T22:29:33-08:00,0,44
meta/main.js,395,js,a5df25f5,Ishaan Kor,2025-02-14,22:29:33,-08:00,2025-02-14T22:29:33-08:00,0,57
meta/main.js,396,js,a5df25f5,Ishaan Kor,2025-02-14,22:29:33,-08:00,2025-02-14T22:29:33-08:00,0,27
meta/main.js,397,js,a5df25f5,Ishaan Kor,2025-02-14,22:29:33,-08:00,2025-02-14T22:29:33-08:00,0,0
meta/main.js,398,js,a5df25f5,Ishaan Kor,2025-02-14,22:29:33,-08:00,2025-02-14T22:29:33-08:00,0,0
meta/main.js,399,js,a5df25f5,Ishaan Kor,2025-02-14,22:29:33,-08:00,2025-02-14T22:29:33-08:00,0,38
meta/main.js,400,js,a5df25f5,Ishaan Kor,2025-02-14,22:29:33,-08:00,2025-02-14T22:29:33-08:00,0,57
meta/main.js,401,js,a5df25f5,Ishaan Kor,2025-02-14,22:29:33,-08:00,2025-02-14T22:29:33-08:00,0,41
meta/main.js,402,js,a5df25f5,Ishaan Kor,2025-02-14,22:29:33,-08:00,2025-02-14T22:29:33-08:00,0,40
meta/main.js,403,js,ba48eace,Ishaan Kor,2025-03-07,17:09:40,-08:00,2025-03-07T17:09:40-08:00,0,0
meta/main.js,404,js,ba48eace,Ishaan Kor,2025-03-07,17:09:40,-08:00,2025-03-07T17:09:40-08:00,0,0
meta/main.js,405,js,ba48eace,Ishaan Kor,2025-03-07,17:09:40,-08:00,2025-03-07T17:09:40-08:00,0,25
meta/main.js,406,js,a5df25f5,Ishaan Kor,2025-02-14,22:29:33,-08:00,2025-02-14T22:29:33-08:00,0,0
meta/main.js,407,js,a5df25f5,Ishaan Kor,2025-02-14,22:29:33,-08:00,2025-02-14T22:29:33-08:00,0,25
meta/main.js,408,js,a5df25f5,Ishaan Kor,2025-02-14,22:29:33,-08:00,2025-02-14T22:29:33-08:00,0,41
meta/main.js,409,js,a5df25f5,Ishaan Kor,2025-02-14,22:29:33,-08:00,2025-02-14T22:29:33-08:00,0,62
meta/main.js,410,js,a5df25f5,Ishaan Kor,2025-02-14,22:29:33,-08:00,2025-02-14T22:29:33-08:00,0,55
meta/main.js,411,js,a5df25f5,Ishaan Kor,2025-02-14,22:29:33,-08:00,2025-02-14T22:29:33-08:00,0,0
meta/main.js,412,js,a5df25f5,Ishaan Kor,2025-02-14,22:29:33,-08:00,2025-02-14T22:29:33-08:00,0,0
meta/main.js,413,js,a5df25f5,Ishaan Kor,2025-02-14,22:29:33,-08:00,2025-02-14T22:29:33-08:00,0,24
meta/main.js,414,js,a5df25f5,Ishaan Kor,2025-02-14,22:29:33,-08:00,2025-02-14T22:29:33-08:00,0,32
meta/main.js,415,js,a5df25f5,Ishaan Kor,2025-02-14,22:29:33,-08:00,2025-02-14T22:29:33-08:00,0,17
meta/main.js,416,js,a5df25f5,Ishaan Kor,2025-02-14,22:29:33,-08:00,2025-02-14T22:29:33-08:00,0,22
meta/main.js,417,js,a5df25f5,Ishaan Kor,2025-02-14,22:29:33,-08:00,2025-02-14T22:29:33-08:00,0,25
meta/main.js,418,js,a5df25f5,Ishaan Kor,2025-02-14,22:29:33,-08:00,2025-02-14T22:29:33-08:00,0,0
meta/main.js,419,js,a5df25f5,Ishaan Kor,2025-02-14,22:29:33,-08:00,2025-02-14T22:29:33-08:00,0,0
meta/main.js,420,js,a5df25f5,Ishaan Kor,2025-02-14,22:29:33,-08:00,2025-02-14T22:29:33-08:00,0,34
meta/main.js,421,js,a5df25f5,Ishaan Kor,2025-02-14,22:29:33,-08:00,2025-02-14T22:29:33-08:00,0,21
meta/main.js,422,js,a5df25f5,Ishaan Kor,2025-02-14,22:29:33,-08:00,2025-02-14T22:29:33-08:00,0,12
meta/main.js,423,js,a5df25f5,Ishaan Kor,2025-02-14,22:29:33,-08:00,2025-02-14T22:29:33-08:00,0,0
meta/main.js,424,js,a5df25f5,Ishaan Kor,2025-02-14,22:29:33,-08:00,2025-02-14T22:29:33-08:00,0,54
meta/main.js,425,js,a5df25f5,Ishaan Kor,2025-02-14,22:29:33,-08:00,2025-02-14T22:29:33-08:00,0,43
meta/main.js,426,js,a5df25f5,Ishaan Kor,2025-02-14,22:29:33,-08:00,2025-02-14T22:29:33-08:00,0,39
meta/main.js,427,js,a5df25f5,Ishaan Kor,2025-02-14,22:29:33,-08:00,2025-02-14T22:29:33-08:00,0,39
meta/main.js,428,js,a5df25f5,Ishaan Kor,2025-02-14,22:29:33,-08:00,2025-02-14T22:29:33-08:00,0,73
meta/main.js,429,js,a5df25f5,Ishaan Kor,2025-02-14,22:29:33,-08:00,2025-02-14T22:29:33-08:00,0,0
meta/main.js,430,js,a5df25f5,Ishaan Kor,2025-02-14,22:29:33,-08:00,2025-02-14T22:29:33-08:00,0,0
meta/main.js,431,js,a5df25f5,Ishaan Kor,2025-02-14,22:29:33,-08:00,2025-02-14T22:29:33-08:00,0,27
meta/main.js,432,js,a5df25f5,Ishaan Kor,2025-02-14,22:29:33,-08:00,2025-02-14T22:29:33-08:00,0,70
meta/main.js,433,js,a5df25f5,Ishaan Kor,2025-02-14,22:29:33,-08:00,2025-02-14T22:29:33-08:00,0,0
meta/main.js,434,js,a5df25f5,Ishaan Kor,2025-02-14,22:29:33,-08:00,2025-02-14T22:29:33-08:00,0,0
meta/main.js,435,js,a5df25f5,Ishaan Kor,2025-02-14,22:29:33,-08:00,2025-02-14T22:29:33-08:00,0,32
meta/main.js,436,js,ba48eace,Ishaan Kor,2025-03-07,17:09:40,-08:00,2025-03-07T17:09:40-08:00,0,35
meta/main.js,437,js,a5df25f5,Ishaan Kor,2025-02-14,22:29:33,-08:00,2025-02-14T22:29:33-08:00,0,0
meta/main.js,438,js,a5df25f5,Ishaan Kor,2025-02-14,22:29:33,-08:00,2025-02-14T22:29:33-08:00,0,37
meta/main.js,439,js,a5df25f5,Ishaan Kor,2025-02-14,22:29:33,-08:00,2025-02-14T22:29:33-08:00,0,33
meta/main.js,440,js,a5df25f5,Ishaan Kor,2025-02-14,22:29:33,-08:00,2025-02-14T22:29:33-08:00,0,4
meta/main.js,441,js,a5df25f5,Ishaan Kor,2025-02-14,22:29:33,-08:00,2025-02-14T22:29:33-08:00,0,0
meta/main.js,442,js,a5df25f5,Ishaan Kor,2025-02-14,22:29:33,-08:00,2025-02-14T22:29:33-08:00,0,63
meta/main.js,443,js,a5df25f5,Ishaan Kor,2025-02-14,22:29:33,-08:00,2025-02-14T22:29:33-08:00,0,29
meta/main.js,444,js,a5df25f5,Ishaan Kor,2025-02-14,22:29:33,-08:00,2025-02-14T22:29:33-08:00,0,29
meta/main.js,445,js,a5df25f5,Ishaan Kor,2025-02-14,22:29:33,-08:00,2025-02-14T22:29:33-08:00,0,19
meta/main.js,446,js,a5df25f5,Ishaan Kor,2025-02-14,22:29:33,-08:00,2025-02-14T22:29:33-08:00,0,0
meta/main.js,447,js,a5df25f5,Ishaan Kor,2025-02-14,22:29:33,-08:00,2025-02-14T22:29:33-08:00,0,22
meta/main.js,448,js,a5df25f5,Ishaan Kor,2025-02-14,22:29:33,-08:00,2025-02-14T22:29:33-08:00,0,0
meta/main.js,449,js,a5df25f5,Ishaan Kor,2025-02-14,22:29:33,-08:00,2025-02-14T22:29:33-08:00,0,0
meta/main.js,450,js,a5df25f5,Ishaan Kor,2025-02-14,22:29:33,-08:00,2025-02-14T22:29:33-08:00,0,35
meta/main.js,451,js,ba48eace,Ishaan Kor,2025-03-07,17:09:40,-08:00,2025-03-07T17:09:40-08:00,0,35
meta/main.js,452,js,a5df25f5,Ishaan Kor,2025-02-14,22:29:33,-08:00,2025-02-14T22:29:33-08:00,0,37
meta/main.js,453,js,a5df25f5,Ishaan Kor,2025-02-14,22:29:33,-08:00,2025-02-14T22:29:33-08:00,0,33
meta/main.js,454,js,a5df25f5,Ishaan Kor,2025-02-14,22:29:33,-08:00,2025-02-14T22:29:33-08:00,0,4
meta/main.js,455,js,a5df25f5,Ishaan Kor,2025-02-14,22:29:33,-08:00,2025-02-14T22:29:33-08:00,0,63
meta/main.js,456,js,a5df25f5,Ishaan Kor,2025-02-14,22:29:33,-08:00,2025-02-14T22:29:33-08:00,0,0
meta/main.js,457,js,a5df25f5,Ishaan Kor,2025-02-14,22:29:33,-08:00,2025-02-14T22:29:33-08:00,0,34
meta/main.js,458,js,a5df25f5,Ishaan Kor,2025-02-14,22:29:33,-08:00,2025-02-14T22:29:33-08:00,0,24
meta/main.js,459,js,a5df25f5,Ishaan Kor,2025-02-14,22:29:33,-08:00,2025-02-14T22:29:33-08:00,0,6
meta/main.js,460,js,a5df25f5,Ishaan Kor,2025-02-14,22:29:33,-08:00,2025-02-14T22:29:33-08:00,0,0
meta/main.js,461,js,a5df25f5,Ishaan Kor,2025-02-14,22:29:33,-08:00,2025-02-14T22:29:33-08:00,0,74
meta/main.js,462,js,a5df25f5,Ishaan Kor,2025-02-14,22:29:33,-08:00,2025-02-14T22:29:33-08:00,0,53
meta/main.js,463,js,a5df25f5,Ishaan Kor,2025-02-14,22:29:33,-08:00,2025-02-14T22:29:33-08:00,0,0
meta/main.js,464,js,a5df25f5,Ishaan Kor,2025-02-14,22:29:33,-08:00,2025-02-14T22:29:33-08:00,0,43
meta/main.js,465,js,a5df25f5,Ishaan Kor,2025-02-14,22:29:33,-08:00,2025-02-14T22:29:33-08:00,0,27
meta/main.js,466,js,a5df25f5,Ishaan Kor,2025-02-14,22:29:33,-08:00,2025-02-14T22:29:33-08:00,0,5
meta/main.js,467,js,a5df25f5,Ishaan Kor,2025-02-14,22:29:33,-08:00,2025-02-14T22:29:33-08:00,0,15
meta/main.js,468,js,a5df25f5,Ishaan Kor,2025-02-14,22:29:33,-08:00,2025-02-14T22:29:33-08:00,0,12
meta/main.js,469,js,a5df25f5,Ishaan Kor,2025-02-14,22:29:33,-08:00,2025-02-14T22:29:33-08:00,0,1
meta/main.js,470,js,a5df25f5,Ishaan Kor,2025-02-14,22:29:33,-08:00,2025-02-14T22:29:33-08:00,0,0
meta/main.js,471,js,a5df25f5,Ishaan Kor,2025-02-14,22:29:33,-08:00,2025-02-14T22:29:33-08:00,0,27
meta/main.js,472,js,a5df25f5,Ishaan Kor,2025-02-14,22:29:33,-08:00,2025-02-14T22:29:33-08:00,0,24
meta/main.js,473,js,a5df25f5,Ishaan Kor,2025-02-14,22:29:33,-08:00,2025-02-14T22:29:33-08:00,0,0
meta/main.js,474,js,a5df25f5,Ishaan Kor,2025-02-14,22:29:33,-08:00,2025-02-14T22:29:33-08:00,0,43
meta/main.js,475,js,a5df25f5,Ishaan Kor,2025-02-14,22:29:33,-08:00,2025-02-14T22:29:33-08:00,0,39
meta/main.js,476,js,a5df25f5,Ishaan Kor,2025-02-14,22:29:33,-08:00,2025-02-14T22:29:33-08:00,0,47
meta/main.js,477,js,a5df25f5,Ishaan Kor,2025-02-14,22:29:33,-08:00,2025-02-14T22:29:33-08:00,0,0
meta/main.js,478,js,a5df25f5,Ishaan Kor,2025-02-14,22:29:33,-08:00,2025-02-14T22:29:33-08:00,0,23
meta/main.js,479,js,a5df25f5,Ishaan Kor,2025-02-14,22:29:33,-08:00,2025-02-14T22:29:33-08:00,0,19
meta/main.js,480,js,a5df25f5,Ishaan Kor,2025-02-14,22:29:33,-08:00,2025-02-14T22:29:33-08:00,0,37
meta/main.js,481,js,a5df25f5,Ishaan Kor,2025-02-14,22:29:33,-08:00,2025-02-14T22:29:33-08:00,0,1
meta/main.js,482,js,a5df25f5,Ishaan Kor,2025-02-14,22:29:33,-08:00,2025-02-14T22:29:33-08:00,0,0
meta/main.js,483,js,a5df25f5,Ishaan Kor,2025-02-14,22:29:33,-08:00,2025-02-14T22:29:33-08:00,0,0
meta/main.js,484,js,a5df25f5,Ishaan Kor,2025-02-14,22:29:33,-08:00,2025-02-14T22:29:33-08:00,0,16
meta/main.js,485,js,a5df25f5,Ishaan Kor,2025-02-14,22:29:33,-08:00,2025-02-14T22:29:33-08:00,0,0
meta/main.js,486,js,ba48eace,Ishaan Kor,2025-03-07,17:09:40,-08:00,2025-03-07T17:09:40-08:00,0,0
meta/main.js,487,js,ba48eace,Ishaan Kor,2025-03-07,17:09:40,-08:00,2025-03-07T17:09:40-08:00,0,56
meta/main.js,488,js,ba48eace,Ishaan Kor,2025-03-07,17:09:40,-08:00,2025-03-07T17:09:40-08:00,0,0
meta/main.js,489,js,ba48eace,Ishaan Kor,2025-03-07,17:09:40,-08:00,2025-03-07T17:09:40-08:00,0,44
meta/main.js,490,js,ba48eace,Ishaan Kor,2025-03-07,17:09:40,-08:00,2025-03-07T17:09:40-08:00,0,51
meta/main.js,491,js,ba48eace,Ishaan Kor,2025-03-07,17:09:40,-08:00,2025-03-07T17:09:40-08:00,0,13
meta/main.js,492,js,ba48eace,Ishaan Kor,2025-03-07,17:09:40,-08:00,2025-03-07T17:09:40-08:00,0,28
meta/main.js,493,js,ba48eace,Ishaan Kor,2025-03-07,17:09:40,-08:00,2025-03-07T17:09:40-08:00,0,24
meta/main.js,494,js,ba48eace,Ishaan Kor,2025-03-07,17:09:40,-08:00,2025-03-07T17:09:40-08:00,0,22
meta/main.js,495,js,ba48eace,Ishaan Kor,2025-03-07,17:09:40,-08:00,2025-03-07T17:09:40-08:00,0,2
meta/main.js,496,js,ba48eace,Ishaan Kor,2025-03-07,17:09:40,-08:00,2025-03-07T17:09:40-08:00,0,46
meta/main.js,497,js,ba48eace,Ishaan Kor,2025-03-07,17:09:40,-08:00,2025-03-07T17:09:40-08:00,0,0
meta/main.js,498,js,ba48eace,Ishaan Kor,2025-03-07,17:09:40,-08:00,2025-03-07T17:09:40-08:00,0,45
meta/main.js,499,js,ba48eace,Ishaan Kor,2025-03-07,17:09:40,-08:00,2025-03-07T17:09:40-08:00,0,0
meta/main.js,500,js,ba48eace,Ishaan Kor,2025-03-07,17:09:40,-08:00,2025-03-07T17:09:40-08:00,0,91
meta/main.js,501,js,ba48eace,Ishaan Kor,2025-03-07,17:09:40,-08:00,2025-03-07T17:09:40-08:00,0,0
meta/main.js,502,js,ba48eace,Ishaan Kor,2025-03-07,17:09:40,-08:00,2025-03-07T17:09:40-08:00,0,60
meta/main.js,503,js,ba48eace,Ishaan Kor,2025-03-07,17:09:40,-08:00,2025-03-07T17:09:40-08:00,0,0
meta/main.js,504,js,ba48eace,Ishaan Kor,2025-03-07,17:09:40,-08:00,2025-03-07T17:09:40-08:00,0,13
meta/main.js,505,js,ba48eace,Ishaan Kor,2025-03-07,17:09:40,-08:00,2025-03-07T17:09:40-08:00,0,12
meta/main.js,506,js,ba48eace,Ishaan Kor,2025-03-07,17:09:40,-08:00,2025-03-07T17:09:40-08:00,0,15
meta/main.js,507,js,ba48eace,Ishaan Kor,2025-03-07,17:09:40,-08:00,2025-03-07T17:09:40-08:00,0,37
meta/main.js,508,js,ba48eace,Ishaan Kor,2025-03-07,17:09:40,-08:00,2025-03-07T17:09:40-08:00,0,0
meta/main.js,509,js,ba48eace,Ishaan Kor,2025-03-07,17:09:40,-08:00,2025-03-07T17:09:40-08:00,0,26
meta/main.js,510,js,ba48eace,Ishaan Kor,2025-03-07,17:09:40,-08:00,2025-03-07T17:09:40-08:00,0,16
meta/main.js,511,js,ba48eace,Ishaan Kor,2025-03-07,17:09:40,-08:00,2025-03-07T17:09:40-08:00,0,18
meta/main.js,512,js,ba48eace,Ishaan Kor,2025-03-07,17:09:40,-08:00,2025-03-07T17:09:40-08:00,0,7
meta/main.js,513,js,ba48eace,Ishaan Kor,2025-03-07,17:09:40,-08:00,2025-03-07T17:09:40-08:00,0,13
meta/main.js,514,js,ba48eace,Ishaan Kor,2025-03-07,17:09:40,-08:00,2025-03-07T17:09:40-08:00,0,21
meta/main.js,515,js,ba48eace,Ishaan Kor,2025-03-07,17:09:40,-08:00,2025-03-07T17:09:40-08:00,0,49
meta/main.js,516,js,ba48eace,Ishaan Kor,2025-03-07,17:09:40,-08:00,2025-03-07T17:09:40-08:00,0,0
meta/main.js,517,js,ba48eace,Ishaan Kor,2025-03-07,17:09:40,-08:00,2025-03-07T17:09:40-08:00,0,0
meta/main.js,518,js,ba48eace,Ishaan Kor,2025-03-07,17:09:40,-08:00,2025-03-07T17:09:40-08:00,0,52
meta/main.js,519,js,ba48eace,Ishaan Kor,2025-03-07,17:09:40,-08:00,2025-03-07T17:09:40-08:00,0,39
meta/main.js,520,js,ba48eace,Ishaan Kor,2025-03-07,17:09:40,-08:00,2025-03-07T17:09:40-08:00,0,0
meta/main.js,521,js,ba48eace,Ishaan Kor,2025-03-07,17:09:40,-08:00,2025-03-07T17:09:40-08:00,0,30
meta/main.js,522,js,ba48eace,Ishaan Kor,2025-03-07,17:09:40,-08:00,2025-03-07T17:09:40-08:00,0,25
meta/main.js,523,js,ba48eace,Ishaan Kor,2025-03-07,17:09:40,-08:00,2025-03-07T17:09:40-08:00,0,0
meta/main.js,524,js,ba48eace,Ishaan Kor,2025-03-07,17:09:40,-08:00,2025-03-07T17:09:40-08:00,0,41
meta/main.js,525,js,ba48eace,Ishaan Kor,2025-03-07,17:09:40,-08:00,2025-03-07T17:09:40-08:00,0,126
meta/main.js,526,js,ba48eace,Ishaan Kor,2025-03-07,17:09:40,-08:00,2025-03-07T17:09:40-08:00,0,48
meta/main.js,527,js,ba48eace,Ishaan Kor,2025-03-07,17:09:40,-08:00,2025-03-07T17:09:40-08:00,0,0
meta/main.js,528,js,ba48eace,Ishaan Kor,2025-03-07,17:09:40,-08:00,2025-03-07T17:09:40-08:00,0,103
meta/main.js,529,js,ba48eace,Ishaan Kor,2025-03-07,17:09:40,-08:00,2025-03-07T17:09:40-08:00,0,0
meta/main.js,530,js,ba48eace,Ishaan Kor,2025-03-07,17:09:40,-08:00,2025-03-07T17:09:40-08:00,0,45
meta/main.js,531,js,ba48eace,Ishaan Kor,2025-03-07,17:09:40,-08:00,2025-03-07T17:09:40-08:00,0,34
meta/main.js,532,js,ba48eace,Ishaan Kor,2025-03-07,17:09:40,-08:00,2025-03-07T17:09:40-08:00,0,0
meta/main.js,533,js,ba48eace,Ishaan Kor,2025-03-07,17:09:40,-08:00,2025-03-07T17:09:40-08:00,0,34
meta/main.js,534,js,ba48eace,Ishaan Kor,2025-03-07,17:09:40,-08:00,2025-03-07T17:09:40-08:00,0,0
meta/main.js,535,js,ba48eace,Ishaan Kor,2025-03-07,17:09:40,-08:00,2025-03-07T17:09:40-08:00,0,0
meta/main.js,536,js,ba48eace,Ishaan Kor,2025-03-07,17:09:40,-08:00,2025-03-07T17:09:40-08:00,0,33
meta/main.js,537,js,ba48eace,Ishaan Kor,2025-03-07,17:09:40,-08:00,2025-03-07T17:09:40-08:00,0,30
meta/main.js,538,js,ba48eace,Ishaan Kor,2025-03-07,17:09:40,-08:00,2025-03-07T17:09:40-08:00,0,40
meta/main.js,539,js,ba48eace,Ishaan Kor,2025-03-07,17:09:40,-08:00,2025-03-07T17:09:40-08:00,0,0
meta/main.js,540,js,ba48eace,Ishaan Kor,2025-03-07,17:09:40,-08:00,2025-03-07T17:09:40-08:00,0,69
meta/main.js,541,js,a5df25f5,Ishaan Kor,2025-02-14,22:29:33,-08:00,2025-02-14T22:29:33-08:00,0,0
meta/main.js,542,js,ba48eace,Ishaan Kor,2025-03-07,17:09:40,-08:00,2025-03-07T17:09:40-08:00,0,56
meta/main.js,543,js,ba48eace,Ishaan Kor,2025-03-07,17:09:40,-08:00,2025-03-07T17:09:40-08:00,0,0
meta/main.js,544,js,ba48eace,Ishaan Kor,2025-03-07,17:09:40,-08:00,2025-03-07T17:09:40-08:00,0,33
meta/main.js,545,js,ba48eace,Ishaan Kor,2025-03-07,17:09:40,-08:00,2025-03-07T17:09:40-08:00,0,0
meta/main.js,546,js,ba48eace,Ishaan Kor,2025-03-07,17:09:40,-08:00,2025-03-07T17:09:40-08:00,0,30
meta/main.js,547,js,ba48eace,Ishaan Kor,2025-03-07,17:09:40,-08:00,2025-03-07T17:09:40-08:00,0,20
meta/main.js,548,js,ba48eace,Ishaan Kor,2025-03-07,17:09:40,-08:00,2025-03-07T17:09:40-08:00,0,7
meta/main.js,549,js,ba48eace,Ishaan Kor,2025-03-07,17:09:40,-08:00,2025-03-07T17:09:40-08:00,0,13
meta/main.js,550,js,ba48eace,Ishaan Kor,2025-03-07,17:09:40,-08:00,2025-03-07T17:09:40-08:00,0,21
meta/main.js,551,js,ba48eace,Ishaan Kor,2025-03-07,17:09:40,-08:00,2025-03-07T17:09:40-08:00,0,18
meta/main.js,552,js,ba48eace,Ishaan Kor,2025-03-07,17:09:40,-08:00,2025-03-07T17:09:40-08:00,0,32
meta/main.js,553,js,ba48eace,Ishaan Kor,2025-03-07,17:09:40,-08:00,2025-03-07T17:09:40-08:00,0,1
meta/main.js,554,js,ba48eace,Ishaan Kor,2025-03-07,17:09:40,-08:00,2025-03-07T17:09:40-08:00,0,29
meta/main.js,555,js,ba48eace,Ishaan Kor,2025-03-07,17:09:40,-08:00,2025-03-07T17:09:40-08:00,0,51
meta/main.js,556,js,ba48eace,Ishaan Kor,2025-03-07,17:09:40,-08:00,2025-03-07T17:09:40-08:00,0,0
meta/main.js,557,js,ba48eace,Ishaan Kor,2025-03-07,17:09:40,-08:00,2025-03-07T17:09:40-08:00,0,0
meta/main.js,558,js,ba48eace,Ishaan Kor,2025-03-07,17:09:40,-08:00,2025-03-07T17:09:40-08:00,0,0
meta/main.js,559,js,ba48eace,Ishaan Kor,2025-03-07,17:09:40,-08:00,2025-03-07T17:09:40-08:00,0,42
meta/main.js,560,js,ba48eace,Ishaan Kor,2025-03-07,17:09:40,-08:00,2025-03-07T17:09:40-08:00,0,7
meta/main.js,561,js,ba48eace,Ishaan Kor,2025-03-07,17:09:40,-08:00,2025-03-07T17:09:40-08:00,0,2
meta/main.js,562,js,ba48eace,Ishaan Kor,2025-03-07,17:09:40,-08:00,2025-03-07T17:09:40-08:00,0,102
meta/main.js,563,js,ba48eace,Ishaan Kor,2025-03-07,17:09:40,-08:00,2025-03-07T17:09:40-08:00,0,39
meta/main.js,564,js,ba48eace,Ishaan Kor,2025-03-07,17:09:40,-08:00,2025-03-07T17:09:40-08:00,0,80
meta/main.js,565,js,ba48eace,Ishaan Kor,2025-03-07,17:09:40,-08:00,2025-03-07T17:09:40-08:00,0,117
meta/main.js,566,js,ba48eace,Ishaan Kor,2025-03-07,17:09:40,-08:00,2025-03-07T17:09:40-08:00,0,66
meta/main.js,567,js,ba48eace,Ishaan Kor,2025-03-07,17:09:40,-08:00,2025-03-07T17:09:40-08:00,0,3
meta/main.js,568,js,ba48eace,Ishaan Kor,2025-03-07,17:09:40,-08:00,2025-03-07T17:09:40-08:00,0,1
meta/main.js,569,js,ba48eace,Ishaan Kor,2025-03-07,17:09:40,-08:00,2025-03-07T17:09:40-08:00,0,0
meta/main.js,570,js,ba48eace,Ishaan Kor,2025-03-07,17:09:40,-08:00,2025-03-07T17:09:40-08:00,0,0
meta/main.js,571,js,a5df25f5,Ishaan Kor,2025-02-14,22:29:33,-08:00,2025-02-14T22:29:33-08:00,0,58
meta/main.js,572,js,f189fd9d,Ishaan Kor,2026-07-27,18:54:33,-07:00,2026-07-27T18:54:33-07:00,0,48
meta/main.js,573,js,f189fd9d,Ishaan Kor,2026-07-27,18:54:33,-07:00,2026-07-27T18:54:33-07:00,0,29
meta/main.js,574,js,f189fd9d,Ishaan Kor,2026-07-27,18:54:33,-07:00,2026-07-27T18:54:33-07:00,0,46
meta/main.js,575,js,f189fd9d,Ishaan Kor,2026-07-27,18:54:33,-07:00,2026-07-27T18:54:33-07:00,0,66
meta/main.js,576,js,f189fd9d,Ishaan Kor,2026-07-27,18:54:33,-07:00,2026-07-27T18:54:33-07:00,0,47
meta/main.js,577,js,f189fd9d,Ishaan Kor,2026-07-27,18:54:33,-07:00,2026-07-27T18:54:33-07:00,0,54
meta/main.js,578,js,f189fd9d,Ishaan Kor,2026-07-27,18:54:33,-07:00,2026-07-27T18:54:33-07:00,0,0
meta/main.js,579,js,f189fd9d,Ishaan Kor,2026-07-27,18:54:33,-07:00,2026-07-27T18:54:33-07:00,0,18
meta/main.js,580,js,f189fd9d,Ishaan Kor,2026-07-27,18:54:33,-07:00,2026-07-27T18:54:33-07:00,0,0
meta/main.js,581,js,ba48eace,Ishaan Kor,2025-03-07,17:09:40,-08:00,2025-03-07T17:09:40-08:00,0,57
meta/main.js,582,js,ba48eace,Ishaan Kor,2025-03-07,17:09:40,-08:00,2025-03-07T17:09:40-08:00,0,59
meta/main.js,583,js,ba48eace,Ishaan Kor,2025-03-07,17:09:40,-08:00,2025-03-07T17:09:40-08:00,0,31
meta/main.js,584,js,ba48eace,Ishaan Kor,2025-03-07,17:09:40,-08:00,2025-03-07T17:09:40-08:00,0,49
meta/main.js,585,js,f189fd9d,Ishaan Kor,2026-07-27,18:54:33,-07:00,2026-07-27T18:54:33-07:00,0,42
meta/main.js,586,js,ba48eace,Ishaan Kor,2025-03-07,17:09:40,-08:00,2025-03-07T17:09:40-08:00,0,2
meta/main.js,587,js,ba48eace,Ishaan Kor,2025-03-07,17:09:40,-08:00,2025-03-07T17:09:40-08:00,0,0
meta/main.js,588,js,ba48eace,Ishaan Kor,2025-03-07,17:09:40,-08:00,2025-03-07T17:09:40-08:00,0,0
meta/main.js,589,js,a5df25f5,Ishaan Kor,2025-02-14,22:29:33,-08:00,2025-02-14T22:29:33-08:00,0,16
meta/main.js,590,js,ba48eace,Ishaan Kor,2025-03-07,17:09:40,-08:00,2025-03-07T17:09:40-08:00,0,20
meta/main.js,591,js,f189fd9d,Ishaan Kor,2026-07-27,18:54:33,-07:00,2026-07-27T18:54:33-07:00,0,33
meta/main.js,592,js,ba48eace,Ishaan Kor,2025-03-07,17:09:40,-08:00,2025-03-07T17:09:40-08:00,0,34
meta/main.js,593,js,ba48eace,Ishaan Kor,2025-03-07,17:09:40,-08:00,2025-03-07T17:09:40-08:00,0,42
meta/main.js,594,js,ba48eace,Ishaan Kor,2025-03-07,17:09:40,-08:00,2025-03-07T17:09:40-08:00,0,34
meta/main.js,595,js,ba48eace,Ishaan Kor,2025-03-07,17:09:40,-08:00,2025-03-07T17:09:40-08:00,0,14
meta/main.js,596,js,ba48eace,Ishaan Kor,2025-03-07,17:09:40,-08:00,2025-03-07T17:09:40-08:00,0,22
meta/main.js,597,js,a5df25f5,Ishaan Kor,2025-02-14,22:29:33,-08:00,2025-02-14T22:29:33-08:00,0,2
meta/main.js,598,js,ba48eace,Ishaan Kor,2025-03-07,17:09:40,-08:00,2025-03-07T17:09:40-08:00,0,0
meta/index.html,1,html,e92b6364,Ishaan Kor,2025-02-14,17:10:11,-08:00,2025-02-14T17:10:11-08:00,0,14
meta/index.html,2,html,e92b6364,Ishaan Kor,2025-02-14,17:10:11,-08:00,2025-02-14T17:10:11-08:00,0,15
meta/index.html,3,html,e92b6364,Ishaan Kor,2025-02-14,17:10:11,-08:00,2025-02-14T17:10:11-08:00,0,5
meta/index.html,4,html,f189fd9d,Ishaan Kor,2026-07-27,18:54:33,-07:00,2026-07-27T18:54:33-07:00,0,23
meta/index.html,5,html,f189fd9d,Ishaan Kor,2026-07-27,18:54:33,-07:00,2026-07-27T18:54:33-07:00,0,71
meta/index.html,6,html,e92b6364,Ishaan Kor,2025-02-14,17:10:11,-08:00,2025-02-14T17:10:11-08:00,0,30
meta/index.html,7,html,f189fd9d,Ishaan Kor,2026-07-27,18:54:33,-07:00,2026-07-27T18:54:33-07:00,0,44
meta/index.html,8,html,f189fd9d,Ishaan Kor,2026-07-27,18:54:33,-07:00,2026-07-27T18:54:33-07:00,0,52
meta/index.html,9,html,e92b6364,Ishaan Kor,2025-02-14,17:10:11,-08:00,2025-02-14T17:10:11-08:00,0,49
meta/index.html,10,html,a5df25f5,Ishaan Kor,2025-02-14,22:29:33,-08:00,2025-02-14T22:29:33-08:00,0,44
meta/index.html,11,html,e92b6364,Ishaan Kor,2025-02-14,17:10:11,-08:00,2025-02-14T17:10:11-08:00,0,6
meta/index.html,12,html,e92b6364,Ishaan Kor,2025-02-14,17:10:11,-08:00,2025-02-14T17:10:11-08:00,0,5
meta/index.html,13,html,f189fd9d,Ishaan Kor,2026-07-27,18:54:33,-07:00,2026-07-27T18:54:33-07:00,0,26
meta/index.html,14,html,f189fd9d,Ishaan Kor,2026-07-27,18:54:33,-07:00,2026-07-27T18:54:33-07:00,0,27
meta/index.html,15,html,f189fd9d,Ishaan Kor,2026-07-27,18:54:33,-07:00,2026-07-27T18:54:33-07:00,0,26
meta/index.html,16,html,f189fd9d,Ishaan Kor,2026-07-27,18:54:33,-07:00,2026-07-27T18:54:33-07:00,0,31
meta/index.html,17,html,f189fd9d,Ishaan Kor,2026-07-27,18:54:33,-07:00,2026-07-27T18:54:33-07:00,0,23
meta/index.html,18,html,f189fd9d,Ishaan Kor,2026-07-27,18:54:33,-07:00,2026-07-27T18:54:33-07:00,0,129
meta/index.html,19,html,f189fd9d,Ishaan Kor,2026-07-27,18:54:33,-07:00,2026-07-27T18:54:33-07:00,0,3
meta/index.html,20,html,f189fd9d,Ishaan Kor,2026-07-27,18:54:33,-07:00,2026-07-27T18:54:33-07:00,0,8
meta/index.html,21,html,f189fd9d,Ishaan Kor,2026-07-27,18:54:33,-07:00,2026-07-27T18:54:33-07:00,0,0
meta/index.html,22,html,f189fd9d,Ishaan Kor,2026-07-27,18:54:33,-07:00,2026-07-27T18:54:33-07:00,0,29
meta/index.html,23,html,f189fd9d,Ishaan Kor,2026-07-27,18:54:33,-07:00,2026-07-27T18:54:33-07:00,0,27
meta/index.html,24,html,f189fd9d,Ishaan Kor,2026-07-27,18:54:33,-07:00,2026-07-27T18:54:33-07:00,0,31
meta/index.html,25,html,f189fd9d,Ishaan Kor,2026-07-27,18:54:33,-07:00,2026-07-27T18:54:33-07:00,0,9
meta/index.html,26,html,f189fd9d,Ishaan Kor,2026-07-27,18:54:33,-07:00,2026-07-27T18:54:33-07:00,0,0
meta/index.html,27,html,f189fd9d,Ishaan Kor,2026-07-27,18:54:33,-07:00,2026-07-27T18:54:33-07:00,0,29
meta/index.html,28,html,f189fd9d,Ishaan Kor,2026-07-27,18:54:33,-07:00,2026-07-27T18:54:33-07:00,0,26
meta/index.html,29,html,f189fd9d,Ishaan Kor,2026-07-27,18:54:33,-07:00,2026-07-27T18:54:33-07:00,0,26
meta/index.html,30,html,f189fd9d,Ishaan Kor,2026-07-27,18:54:33,-07:00,2026-07-27T18:54:33-07:00,0,17
meta/index.html,31,html,f189fd9d,Ishaan Kor,2026-07-27,18:54:33,-07:00,2026-07-27T18:54:33-07:00,0,65
meta/index.html,32,html,f189fd9d,Ishaan Kor,2026-07-27,18:54:33,-07:00,2026-07-27T18:54:33-07:00,0,30
meta/index.html,33,html,f189fd9d,Ishaan Kor,2026-07-27,18:54:33,-07:00,2026-07-27T18:54:33-07:00,0,7
meta/index.html,34,html,f189fd9d,Ishaan Kor,2026-07-27,18:54:33,-07:00,2026-07-27T18:54:33-07:00,0,5
meta/index.html,35,html,f189fd9d,Ishaan Kor,2026-07-27,18:54:33,-07:00,2026-07-27T18:54:33-07:00,0,21
meta/index.html,36,html,f189fd9d,Ishaan Kor,2026-07-27,18:54:33,-07:00,2026-07-27T18:54:33-07:00,0,9
meta/index.html,37,html,f189fd9d,Ishaan Kor,2026-07-27,18:54:33,-07:00,2026-07-27T18:54:33-07:00,0,0
meta/index.html,38,html,f189fd9d,Ishaan Kor,2026-07-27,18:54:33,-07:00,2026-07-27T18:54:33-07:00,0,8
meta/index.html,39,html,f189fd9d,Ishaan Kor,2026-07-27,18:54:33,-07:00,2026-07-27T18:54:33-07:00,0,30
meta/index.html,40,html,f189fd9d,Ishaan Kor,2026-07-27,18:54:33,-07:00,2026-07-27T18:54:33-07:00,0,24
meta/index.html,41,html,f189fd9d,Ishaan Kor,2026-07-27,18:54:33,-07:00,2026-07-27T18:54:33-07:00,0,26
meta/index.html,42,html,f189fd9d,Ishaan Kor,2026-07-27,18:54:33,-07:00,2026-07-27T18:54:33-07:00,0,22
meta/index.html,43,html,f189fd9d,Ishaan Kor,2026-07-27,18:54:33,-07:00,2026-07-27T18:54:33-07:00,0,31
meta/index.html,44,html,f189fd9d,Ishaan Kor,2026-07-27,18:54:33,-07:00,2026-07-27T18:54:33-07:00,0,5
meta/index.html,45,html,f189fd9d,Ishaan Kor,2026-07-27,18:54:33,-07:00,2026-07-27T18:54:33-07:00,0,21
meta/index.html,46,html,f189fd9d,Ishaan Kor,2026-07-27,18:54:33,-07:00,2026-07-27T18:54:33-07:00,0,5
meta/index.html,47,html,f189fd9d,Ishaan Kor,2026-07-27,18:54:33,-07:00,2026-07-27T18:54:33-07:00,0,9
meta/index.html,48,html,f189fd9d,Ishaan Kor,2026-07-27,18:54:33,-07:00,2026-07-27T18:54:33-07:00,0,0
meta/index.html,49,html,f189fd9d,Ishaan Kor,2026-07-27,18:54:33,-07:00,2026-07-27T18:54:33-07:00,0,8
meta/index.html,50,html,f189fd9d,Ishaan Kor,2026-07-27,18:54:33,-07:00,2026-07-27T18:54:33-07:00,0,26
meta/index.html,51,html,f189fd9d,Ishaan Kor,2026-07-27,18:54:33,-07:00,2026-07-27T18:54:33-07:00,0,26
meta/index.html,52,html,f189fd9d,Ishaan Kor,2026-07-27,18:54:33,-07:00,2026-07-27T18:54:33-07:00,0,22
meta/index.html,53,html,f189fd9d,Ishaan Kor,2026-07-27,18:54:33,-07:00,2026-07-27T18:54:33-07:00,0,36
meta/index.html,54,html,f189fd9d,Ishaan Kor,2026-07-27,18:54:33,-07:00,2026-07-27T18:54:33-07:00,0,32
meta/index.html,55,html,f189fd9d,Ishaan Kor,2026-07-27,18:54:33,-07:00,2026-07-27T18:54:33-07:00,0,31
meta/index.html,56,html,f189fd9d,Ishaan Kor,2026-07-27,18:54:33,-07:00,2026-07-27T18:54:33-07:00,0,5
meta/index.html,57,html,f189fd9d,Ishaan Kor,2026-07-27,18:54:33,-07:00,2026-07-27T18:54:33-07:00,0,5
meta/index.html,58,html,f189fd9d,Ishaan Kor,2026-07-27,18:54:33,-07:00,2026-07-27T18:54:33-07:00,0,46
meta/index.html,59,html,f189fd9d,Ishaan Kor,2026-07-27,18:54:33,-07:00,2026-07-27T18:54:33-07:00,0,46
meta/index.html,60,html,f189fd9d,Ishaan Kor,2026-07-27,18:54:33,-07:00,2026-07-27T18:54:33-07:00,0,9
meta/index.html,61,html,f189fd9d,Ishaan Kor,2026-07-27,18:54:33,-07:00,2026-07-27T18:54:33-07:00,0,0
meta/index.html,62,html,f189fd9d,Ishaan Kor,2026-07-27,18:54:33,-07:00,2026-07-27T18:54:33-07:00,0,44
meta/index.html,63,html,f189fd9d,Ishaan Kor,2026-07-27,18:54:33,-07:00,2026-07-27T18:54:33-07:00,0,14
meta/index.html,64,html,f189fd9d,Ishaan Kor,2026-07-27,18:54:33,-07:00,2026-07-27T18:54:33-07:00,0,3
meta/index.html,65,html,f189fd9d,Ishaan Kor,2026-07-27,18:54:33,-07:00,2026-07-27T18:54:33-07:00,0,47
meta/index.html,66,html,f189fd9d,Ishaan Kor,2026-07-27,18:54:33,-07:00,2026-07-27T18:54:33-07:00,0,4
meta/index.html,67,html,f189fd9d,Ishaan Kor,2026-07-27,18:54:33,-07:00,2026-07-27T18:54:33-07:00,0,12
meta/index.html,68,html,f189fd9d,Ishaan Kor,2026-07-27,18:54:33,-07:00,2026-07-27T18:54:33-07:00,0,25
meta/index.html,69,html,f189fd9d,Ishaan Kor,2026-07-27,18:54:33,-07:00,2026-07-27T18:54:33-07:00,0,4
meta/index.html,70,html,f189fd9d,Ishaan Kor,2026-07-27,18:54:33,-07:00,2026-07-27T18:54:33-07:00,0,6
meta/index.html,71,html,e92b6364,Ishaan Kor,2025-02-14,17:10:11,-08:00,2025-02-14T17:10:11-08:00,0,6
meta/index.html,72,html,f189fd9d,Ishaan Kor,2026-07-27,18:54:33,-07:00,2026-07-27T18:54:33-07:00,0,6
contact/index.html,1,html,74746bc0,Ishaan Kor,2025-01-11,16:35:16,-08:00,2025-01-11T16:35:16-08:00,0,14
contact/index.html,2,html,74746bc0,Ishaan Kor,2025-01-11,16:35:16,-08:00,2025-01-11T16:35:16-08:00,0,15
contact/index.html,3,html,74746bc0,Ishaan Kor,2025-01-11,16:35:16,-08:00,2025-01-11T16:35:16-08:00,0,5
contact/index.html,4,html,74746bc0,Ishaan Kor,2025-01-11,16:35:16,-08:00,2025-01-11T16:35:16-08:00,0,21
contact/index.html,5,html,74746bc0,Ishaan Kor,2025-01-11,16:35:16,-08:00,2025-01-11T16:35:16-08:00,0,69
contact/index.html,6,html,74746bc0,Ishaan Kor,2025-01-11,16:35:16,-08:00,2025-01-11T16:35:16-08:00,0,33
contact/index.html,7,html,3ec2cf6c,Ishaan Kor,2025-01-11,17:05:37,-08:00,2025-01-11T17:05:37-08:00,0,42
contact/index.html,8,html,0c833c89,Ishaan Kor,2025-01-24,17:06:39,-08:00,2025-01-24T17:06:39-08:00,0,49
contact/index.html,9,html,74746bc0,Ishaan Kor,2025-01-11,16:35:16,-08:00,2025-01-11T16:35:16-08:00,0,6
contact/index.html,10,html,74746bc0,Ishaan Kor,2025-01-11,16:35:16,-08:00,2025-01-11T16:35:16-08:00,0,5
contact/index.html,11,html,cb5f3fe0,Ishaan Kor,2025-01-17,13:44:35,-08:00,2025-01-17T13:44:35-08:00,0,18
contact/index.html,12,html,0c833c89,Ishaan Kor,2025-01-24,17:06:39,-08:00,2025-01-24T17:06:39-08:00,0,75
contact/index.html,13,html,3ec2cf6c,Ishaan Kor,2025-01-11,17:05:37,-08:00,2025-01-11T17:05:37-08:00,0,12
contact/index.html,14,html,3ec2cf6c,Ishaan Kor,2025-01-11,17:05:37,-08:00,2025-01-11T17:05:37-08:00,0,32
contact/index.html,15,html,3ec2cf6c,Ishaan Kor,2025-01-11,17:05:37,-08:00,2025-01-11T17:05:37-08:00,0,7
contact/index.html,16,html,3ec2cf6c,Ishaan Kor,2025-01-11,17:05:37,-08:00,2025-01-11T17:05:37-08:00,0,14
contact/index.html,17,html,3ec2cf6c,Ishaan Kor,2025-01-11,17:05:37,-08:00,2025-01-11T17:05:37-08:00,0,36
contact/index.html,18,html,3ec2cf6c,Ishaan Kor,2025-01-11,17:05:37,-08:00,2025-01-11T17:05:37-08:00,0,7
contact/index.html,19,html,cb5f3fe0,Ishaan Kor,2025-01-17,13:44:35,-08:00,2025-01-17T13:44:35-08:00,0,14
contact/index.html,20,html,3ec2cf6c,Ishaan Kor,2025-01-11,17:05:37,-08:00,2025-01-11T17:05:37-08:00,0,44
contact/index.html,21,html,3ec2cf6c,Ishaan Kor,2025-01-11,17:05:37,-08:00,2025-01-11T17:05:37-08:00,0,7
contact/index.html,22,html,0c833c89,Ishaan Kor,2025-01-24,17:06:39,-08:00,2025-01-24T17:06:39-08:00,0,36
contact/index.html,23,html,3ec2cf6c,Ishaan Kor,2025-01-11,17:05:37,-08:00,2025-01-11T17:05:37-08:00,0,6
contact/index.html,24,html,74746bc0,Ishaan Kor,2025-01-11,16:35:16,-08:00,2025-01-11T16:35:16-08:00,0,6
contact/index.html,25,html,74746bc0,Ishaan Kor,2025-01-11,16:35:16,-08:00,2025-01-11T16:35:16-08:00,0,6
app/globals.css,1,css,f189fd9d,Ishaan Kor,2026-07-27,18:54:33,-07:00,2026-07-27T18:54:33-07:00,0,14
app/globals.css,2,css,f189fd9d,Ishaan Kor,2026-07-27,18:54:33,-07:00,2026-07-27T18:54:33-07:00,0,20
app/globals.css,3,css,f189fd9d,Ishaan Kor,2026-07-27,18:54:33,-07:00,2026-07-27T18:54:33-07:00,0,19
app/globals.css,4,css,f189fd9d,Ishaan Kor,2026-07-27,18:54:33,-07:00,2026-07-27T18:54:33-07:00,0,0
app/globals.css,5,css,f189fd9d,Ishaan Kor,2026-07-27,18:54:33,-07:00,2026-07-27T18:54:33-07:00,0,12
app/globals.css,6,css,f189fd9d,Ishaan Kor,2026-07-27,18:54:33,-07:00,2026-07-27T18:54:33-07:00,0,6
app/globals.css,7,css,f189fd9d,Ishaan Kor,2026-07-27,18:54:33,-07:00,2026-07-27T18:54:33-07:00,0,21
app/globals.css,8,css,f189fd9d,Ishaan Kor,2026-07-27,18:54:33,-07:00,2026-07-27T18:54:33-07:00,0,21
app/globals.css,9,css,f189fd9d,Ishaan Kor,2026-07-27,18:54:33,-07:00,2026-07-27T18:54:33-07:00,0,15
app/globals.css,10,css,f189fd9d,Ishaan Kor,2026-07-27,18:54:33,-07:00,2026-07-27T18:54:33-07:00,0,26
app/globals.css,11,css,f189fd9d,Ishaan Kor,2026-07-27,18:54:33,-07:00,2026-07-27T18:54:33-07:00,0,17
app/globals.css,12,css,f189fd9d,Ishaan Kor,2026-07-27,18:54:33,-07:00,2026-07-27T18:54:33-07:00,0,0
app/globals.css,13,css,f189fd9d,Ishaan Kor,2026-07-27,18:54:33,-07:00,2026-07-27T18:54:33-07:00,0,0
app/globals.css,14,css,f189fd9d,Ishaan Kor,2026-07-27,18:54:33,-07:00,2026-07-27T18:54:33-07:00,0,7
app/globals.css,15,css,f189fd9d,Ishaan Kor,2026-07-27,18:54:33,-07:00,2026-07-27T18:54:33-07:00,0,21
app/globals.css,16,css,f189fd9d,Ishaan Kor,2026-07-27,18:54:33,-07:00,2026-07-27T18:54:33-07:00,0,21
app/globals.css,17,css,f189fd9d,Ishaan Kor,2026-07-27,18:54:33,-07:00,2026-07-27T18:54:33-07:00,0,15
app/globals.css,18,css,f189fd9d,Ishaan Kor,2026-07-27,18:54:33,-07:00,2026-07-27T18:54:33-07:00,0,26
app/globals.css,19,css,f189fd9d,Ishaan Kor,2026-07-27,18:54:33,-07:00,2026-07-27T18:54:33-07:00,0,17
app/globals.css,20,css,f189fd9d,Ishaan Kor,2026-07-27,18:54:33,-07:00,2026-07-27T18:54:33-07:00,0,0
app/globals.css,21,css,f189fd9d,Ishaan Kor,2026-07-27,18:54:33,-07:00,2026-07-27T18:54:33-07:00,0,0
app/globals.css,22,css,f189fd9d,Ishaan Kor,2026-07-27,18:54:33,-07:00,2026-07-27T18:54:33-07:00,0,0
app/globals.css,23,css,f189fd9d,Ishaan Kor,2026-07-27,18:54:33,-07:00,2026-07-27T18:54:33-07:00,0,5
app/globals.css,24,css,f189fd9d,Ishaan Kor,2026-07-27,18:54:33,-07:00,2026-07-27T18:54:33-07:00,0,35
app/globals.css,25,css,f189fd9d,Ishaan Kor,2026-07-27,18:54:33,-07:00,2026-07-27T18:54:33-07:00,0,24
app/globals.css,26,css,f189fd9d,Ishaan Kor,2026-07-27,18:54:33,-07:00,2026-07-27T18:54:33-07:00,0,68
app/globals.css,27,css,f189fd9d,Ishaan Kor,2026-07-27,18:54:33,-07:00,2026-07-27T18:54:33-07:00,0,18
app/globals.css,28,css,f189fd9d,Ishaan Kor,2026-07-27,18:54:33,-07:00,2026-07-27T18:54:33-07:00,0,55
app/globals.css,29,css,f189fd9d,Ishaan Kor,2026-07-27,18:54:33,-07:00,2026-07-27T18:54:33-07:00,0,0
app/globals.css,30,css,f189fd9d,Ishaan Kor,2026-07-27,18:54:33,-07:00,2026-07-27T18:54:33-07:00,0,0
app/globals.css,31,css,f189fd9d,Ishaan Kor,2026-07-27,18:54:33,-07:00,2026-07-27T18:54:33-07:00,0,21
app/globals.css,32,css,f189fd9d,Ishaan Kor,2026-07-27,18:54:33,-07:00,2026-07-27T18:54:33-07:00,0,20
app/globals.css,33,css,f189fd9d,Ishaan Kor,2026-07-27,18:54:33,-07:00,2026-07-27T18:54:33-07:00,0,10
app/globals.css,34,css,f189fd9d,Ishaan Kor,2026-07-27,18:54:33,-07:00,2026-07-27T18:54:33-07:00,0,0
app/globals.css,35,css,f189fd9d,Ishaan Kor,2026-07-27,18:54:33,-07:00,2026-07-27T18:54:33-07:00,0,26
app/globals.css,36,css,f189fd9d,Ishaan Kor,2026-07-27,18:54:33,-07:00,2026-07-27T18:54:33-07:00,0,19
app/globals.css,37,css,f189fd9d,Ishaan Kor,2026-07-27,18:54:33,-07:00,2026-07-27T18:54:33-07:00,0,0
app/globals.css,38,css,f189fd9d,Ishaan Kor,2026-07-27,18:54:33,-07:00,2026-07-27T18:54:33-07:00,0,26
app/globals.css,39,css,f189fd9d,Ishaan Kor,2026-07-27,18:54:33,-07:00,2026-07-27T18:54:33-07:00,0,19
app/globals.css,40,css,f189fd9d,Ishaan Kor,2026-07-27,18:54:33,-07:00,2026-07-27T18:54:33-07:00,0,18
app/globals.css,41,css,f189fd9d,Ishaan Kor,2026-07-27,18:54:33,-07:00,2026-07-27T18:54:33-07:00,0,0
app/globals.css,42,css,f189fd9d,Ishaan Kor,2026-07-27,18:54:33,-07:00,2026-07-27T18:54:33-07:00,0,32
app/globals.css,43,css,f189fd9d,Ishaan Kor,2026-07-27,18:54:33,-07:00,2026-07-27T18:54:33-07:00,0,19
app/globals.css,44,css,f189fd9d,Ishaan Kor,2026-07-27,18:54:33,-07:00,2026-07-27T18:54:33-07:00,0,0
app/globals.css,45,css,f189fd9d,Ishaan Kor,2026-07-27,18:54:33,-07:00,2026-07-27T18:54:33-07:00,0,0
app/globals.css,46,css,f189fd9d,Ishaan Kor,2026-07-27,18:54:33,-07:00,2026-07-27T18:54:33-07:00,0,26
app/globals.css,47,css,f189fd9d,Ishaan Kor,2026-07-27,18:54:33,-07:00,2026-07-27T18:54:33-07:00,0,13
app/globals.css,48,css,f189fd9d,Ishaan Kor,2026-07-27,18:54:33,-07:00,2026-07-27T18:54:33-07:00,0,33
app/globals.css,49,css,f189fd9d,Ishaan Kor,2026-07-27,18:54:33,-07:00,2026-07-27T18:54:33-07:00,0,27
app/globals.css,50,css,f189fd9d,Ishaan Kor,2026-07-27,18:54:33,-07:00,2026-07-27T18:54:33-07:00,0,35
app/globals.css,51,css,f189fd9d,Ishaan Kor,2026-07-27,18:54:33,-07:00,2026-07-27T18:54:33-07:00,0,43
app/globals.css,52,css,f189fd9d,Ishaan Kor,2026-07-27,18:54:33,-07:00,2026-07-27T18:54:33-07:00,0,0
app/globals.css,53,css,f189fd9d,Ishaan Kor,2026-07-27,18:54:33,-07:00,2026-07-27T18:54:33-07:00,0,0
app/globals.css,54,css,f189fd9d,Ishaan Kor,2026-07-27,18:54:33,-07:00,2026-07-27T18:54:33-07:00,0,20
app/globals.css,55,css,f189fd9d,Ishaan Kor,2026-07-27,18:54:33,-07:00,2026-07-27T18:54:33-07:00,0,36
app/globals.css,56,css,f189fd9d,Ishaan Kor,2026-07-27,18:54:33,-07:00,2026-07-27T18:54:33-07:00,0,37
app/globals.css,57,css,f189fd9d,Ishaan Kor,2026-07-27,18:54:33,-07:00,2026-07-27T18:54:33-07:00,0,0
app/globals.css,58,css,f189fd9d,Ishaan Kor,2026-07-27,18:54:33,-07:00,2026-07-27T18:54:33-07:00,0,0
app/globals.css,59,css,f189fd9d,Ishaan Kor,2026-07-27,18:54:33,-07:00,2026-07-27T18:54:33-07:00,0,17
app/globals.css,60,css,f189fd9d,Ishaan Kor,2026-07-27,18:54:33,-07:00,2026-07-27T18:54:33-07:00,0,11
app/globals.css,61,css,f189fd9d,Ishaan Kor,2026-07-27,18:54:33,-07:00,2026-07-27T18:54:33-07:00,0,48
app/globals.css,62,css,f189fd9d,Ishaan Kor,2026-07-27,18:54:33,-07:00,2026-07-27T18:54:33-07:00,0,0
app/globals.css,63,css,f189fd9d,Ishaan Kor,2026-07-27,18:54:33,-07:00,2026-07-27T18:54:33-07:00,0,0
app/globals.css,64,css,f189fd9d,Ishaan Kor,2026-07-27,18:54:33,-07:00,2026-07-27T18:54:33-07:00,0,13
app/globals.css,65,css,f189fd9d,Ishaan Kor,2026-07-27,18:54:33,-07:00,2026-07-27T18:54:33-07:00,0,49
app/globals.css,66,css,f189fd9d,Ishaan Kor,2026-07-27,18:54:33,-07:00,2026-07-27T18:54:33-07:00,0,0
app/globals.css,67,css,f189fd9d,Ishaan Kor,2026-07-27,18:54:33,-07:00,2026-07-27T18:54:33-07:00,0,0
app/globals.css,68,css,f189fd9d,Ishaan Kor,2026-07-27,18:54:33,-07:00,2026-07-27T18:54:33-07:00,0,15
app/globals.css,69,css,f189fd9d,Ishaan Kor,2026-07-27,18:54:33,-07:00,2026-07-27T18:54:33-07:00,0,74
app/globals.css,70,css,f189fd9d,Ishaan Kor,2026-07-27,18:54:33,-07:00,2026-07-27T18:54:33-07:00,0,29
app/globals.css,71,css,f189fd9d,Ishaan Kor,2026-07-27,18:54:33,-07:00,2026-07-27T18:54:33-07:00,0,36
app/globals.css,72,css,f189fd9d,Ishaan Kor,2026-07-27,18:54:33,-07:00,2026-07-27T18:54:33-07:00,0,0
app/globals.css,73,css,f189fd9d,Ishaan Kor,2026-07-27,18:54:33,-07:00,2026-07-27T18:54:33-07:00,0,0
app/globals.css,74,css,f189fd9d,Ishaan Kor,2026-07-27,18:54:33,-07:00,2026-07-27T18:54:33-07:00,0,20
app/globals.css,75,css,f189fd9d,Ishaan Kor,2026-07-27,18:54:33,-07:00,2026-07-27T18:54:33-07:00,0,61
app/globals.css,76,css,f189fd9d,Ishaan Kor,2026-07-27,18:54:33,-07:00,2026-07-27T18:54:33-07:00,0,29
app/globals.css,77,css,f189fd9d,Ishaan Kor,2026-07-27,18:54:33,-07:00,2026-07-27T18:54:33-07:00,0,36
app/globals.css,78,css,f189fd9d,Ishaan Kor,2026-07-27,18:54:33,-07:00,2026-07-27T18:54:33-07:00,0,0
app/globals.css,79,css,f189fd9d,Ishaan Kor,2026-07-27,18:54:33,-07:00,2026-07-27T18:54:33-07:00,0,0
app/globals.css,80,css,f189fd9d,Ishaan Kor,2026-07-27,18:54:33,-07:00,2026-07-27T18:54:33-07:00,0,40
app/globals.css,81,css,f189fd9d,Ishaan Kor,2026-07-27,18:54:33,-07:00,2026-07-27T18:54:33-07:00,0,11
app/globals.css,82,css,f189fd9d,Ishaan Kor,2026-07-27,18:54:33,-07:00,2026-07-27T18:54:33-07:00,0,18
app/globals.css,83,css,f189fd9d,Ishaan Kor,2026-07-27,18:54:33,-07:00,2026-07-27T18:54:33-07:00,0,11
app/globals.css,84,css,f189fd9d,Ishaan Kor,2026-07-27,18:54:33,-07:00,2026-07-27T18:54:33-07:00,0,10
app/globals.css,85,css,f189fd9d,Ishaan Kor,2026-07-27,18:54:33,-07:00,2026-07-27T18:54:33-07:00,0,19
app/globals.css,86,css,f189fd9d,Ishaan Kor,2026-07-27,18:54:33,-07:00,2026-07-27T18:54:33-07:00,0,11
app/globals.css,87,css,f189fd9d,Ishaan Kor,2026-07-27,18:54:33,-07:00,2026-07-27T18:54:33-07:00,0,17
app/globals.css,88,css,f189fd9d,Ishaan Kor,2026-07-27,18:54:33,-07:00,2026-07-27T18:54:33-07:00,0,16
app/globals.css,89,css,f189fd9d,Ishaan Kor,2026-07-27,18:54:33,-07:00,2026-07-27T18:54:33-07:00,0,18
app/globals.css,90,css,f189fd9d,Ishaan Kor,2026-07-27,18:54:33,-07:00,2026-07-27T18:54:33-07:00,0,13
app/globals.css,91,css,f189fd9d,Ishaan Kor,2026-07-27,18:54:33,-07:00,2026-07-27T18:54:33-07:00,0,25
app/globals.css,92,css,f189fd9d,Ishaan Kor,2026-07-27,18:54:33,-07:00,2026-07-27T18:54:33-07:00,0,0
app/globals.css,93,css,f189fd9d,Ishaan Kor,2026-07-27,18:54:33,-07:00,2026-07-27T18:54:33-07:00,0,17
app/globals.css,94,css,f189fd9d,Ishaan Kor,2026-07-27,18:54:33,-07:00,2026-07-27T18:54:33-07:00,0,9
app/globals.css,95,css,f189fd9d,Ishaan Kor,2026-07-27,18:54:33,-07:00,2026-07-27T18:54:33-07:00,0,0
