file,line,type,commit,author,date,time,timezone,datetime,depth,length
.github/workflows/daily-loc-update.yml,1,yml,19bde7f,Ishaan Kor,2026-07-30,04:03:19,-07:00,2026-07-29T21:03:19-07:00,2,30
.github/workflows/daily-loc-update.yml,2,yml,19bde7f,Ishaan Kor,2026-07-30,04:03:19,-07:00,2026-07-29T21:03:19-07:00,2,30
meta/loc.csv,1,csv,19bde7f,Ishaan Kor,2026-07-30,04:03:19,-07:00,2026-07-29T21:03:19-07:00,1,30
meta/loc.csv,2,csv,19bde7f,Ishaan Kor,2026-07-30,04:03:19,-07:00,2026-07-29T21:03:19-07:00,1,30
meta/loc.csv,3,csv,19bde7f,Ishaan Kor,2026-07-30,04:03:19,-07:00,2026-07-29T21:03:19-07:00,1,30
meta/loc.csv,4,csv,19bde7f,Ishaan Kor,2026-07-30,04:03:19,-07:00,2026-07-29T21:03:19-07:00,1,30
meta/loc.csv,5,csv,19bde7f,Ishaan Kor,2026-07-30,04:03:19,-07:00,2026-07-29T21:03:19-07:00,1,30
meta/loc.csv,6,csv,19bde7f,Ishaan Kor,2026-07-30,04:03:19,-07:00,2026-07-29T21:03:19-07:00,1,30
meta/loc.csv,7,csv,19bde7f,Ishaan Kor,2026-07-30,04:03:19,-07:00,2026-07-29T21:03:19-07:00,1,30
meta/loc.csv,8,csv,19bde7f,Ishaan Kor,2026-07-30,04:03:19,-07:00,2026-07-29T21:03:19-07:00,1,30
meta/loc.csv,9,csv,19bde7f,Ishaan Kor,2026-07-30,04:03:19,-07:00,2026-07-29T21:03:19-07:00,1,30
meta/loc.csv,10,csv,19bde7f,Ishaan Kor,2026-07-30,04:03:19,-07:00,2026-07-29T21:03:19-07:00,1,30
meta/loc.csv,11,csv,19bde7f,Ishaan Kor,2026-07-30,04:03:19,-07:00,2026-07-29T21:03:19-07:00,1,30
meta/loc.csv,12,csv,19bde7f,Ishaan Kor,2026-07-30,04:03:19,-07:00,2026-07-29T21:03:19-07:00,1,30
meta/loc.csv,13,csv,19bde7f,Ishaan Kor,2026-07-30,04:03:19,-07:00,2026-07-29T21:03:19-07:00,1,30
meta/loc.csv,14,csv,19bde7f,Ishaan Kor,2026-07-30,04:03:19,-07:00,2026-07-29T21:03:19-07:00,1,30
meta/loc.csv,15,csv,19bde7f,Ishaan Kor,2026-07-30,04:03:19,-07:00,2026-07-29T21:03:19-07:00,1,30
meta/loc.csv,16,csv,19bde7f,Ishaan Kor,2026-07-30,04:03:19,-07:00,2026-07-29T21:03:19-07:00,1,30
meta/loc.csv,17,csv,19bde7f,Ishaan Kor,2026-07-30,04:03:19,-07:00,2026-07-29T21:03:19-07:00,1,30
meta/loc.csv,18,csv,19bde7f,Ishaan Kor,2026-07-30,04:03:19,-07:00,2026-07-29T21:03:19-07:00,1,30
meta/loc.csv,19,csv,19bde7f,Ishaan Kor,2026-07-30,04:03:19,-07:00,2026-07-29T21:03:19-07:00,1,30
meta/loc.csv,20,csv,19bde7f,Ishaan Kor,2026-07-30,04:03:19,-07:00,2026-07-29T21:03:19-07:00,1,30
meta/loc.csv,21,csv,19bde7f,Ishaan Kor,2026-07-30,04:03:19,-07:00,2026-07-29T21:03:19-07:00,1,30
meta/loc.csv,22,csv,19bde7f,Ishaan Kor,2026-07-30,04:03:19,-07:00,2026-07-29T21:03:19-07:00,1,30
meta/loc.csv,23,csv,19bde7f,Ishaan Kor,2026-07-30,04:03:19,-07:00,2026-07-29T21:03:19-07:00,1,30
meta/loc.csv,24,csv,19bde7f,Ishaan Kor,2026-07-30,04:03:19,-07:00,2026-07-29T21:03:19-07:00,1,30
meta/loc.csv,25,csv,19bde7f,Ishaan Kor,2026-07-30,04:03:19,-07:00,2026-07-29T21:03:19-07:00,1,30
meta/loc.csv,26,csv,19bde7f,Ishaan Kor,2026-07-30,04:03:19,-07:00,2026-07-29T21:03:19-07:00,1,30
meta/loc.csv,27,csv,19bde7f,Ishaan Kor,2026-07-30,04:03:19,-07:00,2026-07-29T21:03:19-07:00,1,30
meta/loc.csv,28,csv,19bde7f,Ishaan Kor,2026-07-30,04:03:19,-07:00,2026-07-29T21:03:19-07:00,1,30
meta/loc.csv,29,csv,19bde7f,Ishaan Kor,2026-07-30,04:03:19,-07:00,2026-07-29T21:03:19-07:00,1,30
meta/loc.csv,30,csv,19bde7f,Ishaan Kor,2026-07-30,04:03:19,-07:00,2026-07-29T21:03:19-07:00,1,30
meta/loc.csv,31,csv,19bde7f,Ishaan Kor,2026-07-30,04:03:19,-07:00,2026-07-29T21:03:19-07:00,1,30
meta/loc.csv,32,csv,19bde7f,Ishaan Kor,2026-07-30,04:03:19,-07:00,2026-07-29T21:03:19-07:00,1,30
meta/loc.csv,33,csv,19bde7f,Ishaan Kor,2026-07-30,04:03:19,-07:00,2026-07-29T21:03:19-07:00,1,30
meta/loc.csv,34,csv,19bde7f,Ishaan Kor,2026-07-30,04:03:19,-07:00,2026-07-29T21:03:19-07:00,1,30
meta/loc.csv,35,csv,19bde7f,Ishaan Kor,2026-07-30,04:03:19,-07:00,2026-07-29T21:03:19-07:00,1,30
meta/loc.csv,36,csv,19bde7f,Ishaan Kor,2026-07-30,04:03:19,-07:00,2026-07-29T21:03:19-07:00,1,30
meta/loc.csv,37,csv,19bde7f,Ishaan Kor,2026-07-30,04:03:19,-07:00,2026-07-29T21:03:19-07:00,1,30
meta/loc.csv,38,csv,19bde7f,Ishaan Kor,2026-07-30,04:03:19,-07:00,2026-07-29T21:03:19-07:00,1,30
meta/loc.csv,39,csv,19bde7f,Ishaan Kor,2026-07-30,04:03:19,-07:00,2026-07-29T21:03:19-07:00,1,30
meta/loc.csv,40,csv,19bde7f,Ishaan Kor,2026-07-30,04:03:19,-07:00,2026-07-29T21:03:19-07:00,1,30
meta/loc.csv,41,csv,19bde7f,Ishaan Kor,2026-07-30,04:03:19,-07:00,2026-07-29T21:03:19-07:00,1,30
meta/loc.csv,42,csv,19bde7f,Ishaan Kor,2026-07-30,04:03:19,-07:00,2026-07-29T21:03:19-07:00,1,30
meta/loc.csv,43,csv,19bde7f,Ishaan Kor,2026-07-30,04:03:19,-07:00,2026-07-29T21:03:19-07:00,1,30
meta/loc.csv,44,csv,19bde7f,Ishaan Kor,2026-07-30,04:03:19,-07:00,2026-07-29T21:03:19-07:00,1,30
meta/loc.csv,45,csv,19bde7f,Ishaan Kor,2026-07-30,04:03:19,-07:00,2026-07-29T21:03:19-07:00,1,30
meta/loc.csv,46,csv,19bde7f,Ishaan Kor,2026-07-30,04:03:19,-07:00,2026-07-29T21:03:19-07:00,1,30
meta/loc.csv,47,csv,19bde7f,Ishaan Kor,2026-07-30,04:03:19,-07:00,2026-07-29T21:03:19-07:00,1,30
meta/loc.csv,48,csv,19bde7f,Ishaan Kor,2026-07-30,04:03:19,-07:00,2026-07-29T21:03:19-07:00,1,30
meta/loc.csv,49,csv,19bde7f,Ishaan Kor,2026-07-30,04:03:19,-07:00,2026-07-29T21:03:19-07:00,1,30
meta/loc.csv,50,csv,19bde7f,Ishaan Kor,2026-07-30,04:03:19,-07:00,2026-07-29T21:03:19-07:00,1,30
out/404.html,1,html,19bde7f,Ishaan Kor,2026-07-30,04:03:19,-07:00,2026-07-29T21:03:19-07:00,1,30
out/404.html,2,html,19bde7f,Ishaan Kor,2026-07-30,04:03:19,-07:00,2026-07-29T21:03:19-07:00,1,30
out/_next/static/{LKuWxYdY2_sQjFhQ8WfRn,1,code,19bde7f,Ishaan Kor,2026-07-30,04:03:19,-07:00,2026-07-29T21:03:19-07:00,3,30
out/_next/static/{LKuWxYdY2_sQjFhQ8WfRn,1,code,19bde7f,Ishaan Kor,2026-07-30,04:03:19,-07:00,2026-07-29T21:03:19-07:00,3,30
out/contact.html,1,html,19bde7f,Ishaan Kor,2026-07-30,04:03:19,-07:00,2026-07-29T21:03:19-07:00,1,30
out/contact.html,2,html,19bde7f,Ishaan Kor,2026-07-30,04:03:19,-07:00,2026-07-29T21:03:19-07:00,1,30
out/contact.txt,1,txt,19bde7f,Ishaan Kor,2026-07-30,04:03:19,-07:00,2026-07-29T21:03:19-07:00,1,30
out/contact.txt,2,txt,19bde7f,Ishaan Kor,2026-07-30,04:03:19,-07:00,2026-07-29T21:03:19-07:00,1,30
out/index.html,1,html,19bde7f,Ishaan Kor,2026-07-30,04:03:19,-07:00,2026-07-29T21:03:19-07:00,1,30
out/index.html,2,html,19bde7f,Ishaan Kor,2026-07-30,04:03:19,-07:00,2026-07-29T21:03:19-07:00,1,30
out/index.txt,1,txt,19bde7f,Ishaan Kor,2026-07-30,04:03:19,-07:00,2026-07-29T21:03:19-07:00,1,30
out/index.txt,2,txt,19bde7f,Ishaan Kor,2026-07-30,04:03:19,-07:00,2026-07-29T21:03:19-07:00,1,30
out/loc.csv,1,csv,19bde7f,Ishaan Kor,2026-07-30,04:03:19,-07:00,2026-07-29T21:03:19-07:00,1,30
out/loc.csv,2,csv,19bde7f,Ishaan Kor,2026-07-30,04:03:19,-07:00,2026-07-29T21:03:19-07:00,1,30
out/loc.csv,3,csv,19bde7f,Ishaan Kor,2026-07-30,04:03:19,-07:00,2026-07-29T21:03:19-07:00,1,30
out/loc.csv,4,csv,19bde7f,Ishaan Kor,2026-07-30,04:03:19,-07:00,2026-07-29T21:03:19-07:00,1,30
out/loc.csv,5,csv,19bde7f,Ishaan Kor,2026-07-30,04:03:19,-07:00,2026-07-29T21:03:19-07:00,1,30
out/loc.csv,6,csv,19bde7f,Ishaan Kor,2026-07-30,04:03:19,-07:00,2026-07-29T21:03:19-07:00,1,30
out/loc.csv,7,csv,19bde7f,Ishaan Kor,2026-07-30,04:03:19,-07:00,2026-07-29T21:03:19-07:00,1,30
out/loc.csv,8,csv,19bde7f,Ishaan Kor,2026-07-30,04:03:19,-07:00,2026-07-29T21:03:19-07:00,1,30
out/loc.csv,9,csv,19bde7f,Ishaan Kor,2026-07-30,04:03:19,-07:00,2026-07-29T21:03:19-07:00,1,30
out/loc.csv,10,csv,19bde7f,Ishaan Kor,2026-07-30,04:03:19,-07:00,2026-07-29T21:03:19-07:00,1,30
out/loc.csv,11,csv,19bde7f,Ishaan Kor,2026-07-30,04:03:19,-07:00,2026-07-29T21:03:19-07:00,1,30
out/loc.csv,12,csv,19bde7f,Ishaan Kor,2026-07-30,04:03:19,-07:00,2026-07-29T21:03:19-07:00,1,30
out/loc.csv,13,csv,19bde7f,Ishaan Kor,2026-07-30,04:03:19,-07:00,2026-07-29T21:03:19-07:00,1,30
out/loc.csv,14,csv,19bde7f,Ishaan Kor,2026-07-30,04:03:19,-07:00,2026-07-29T21:03:19-07:00,1,30
out/loc.csv,15,csv,19bde7f,Ishaan Kor,2026-07-30,04:03:19,-07:00,2026-07-29T21:03:19-07:00,1,30
out/loc.csv,16,csv,19bde7f,Ishaan Kor,2026-07-30,04:03:19,-07:00,2026-07-29T21:03:19-07:00,1,30
out/loc.csv,17,csv,19bde7f,Ishaan Kor,2026-07-30,04:03:19,-07:00,2026-07-29T21:03:19-07:00,1,30
out/loc.csv,18,csv,19bde7f,Ishaan Kor,2026-07-30,04:03:19,-07:00,2026-07-29T21:03:19-07:00,1,30
out/loc.csv,19,csv,19bde7f,Ishaan Kor,2026-07-30,04:03:19,-07:00,2026-07-29T21:03:19-07:00,1,30
out/loc.csv,20,csv,19bde7f,Ishaan Kor,2026-07-30,04:03:19,-07:00,2026-07-29T21:03:19-07:00,1,30
out/loc.csv,21,csv,19bde7f,Ishaan Kor,2026-07-30,04:03:19,-07:00,2026-07-29T21:03:19-07:00,1,30
out/loc.csv,22,csv,19bde7f,Ishaan Kor,2026-07-30,04:03:19,-07:00,2026-07-29T21:03:19-07:00,1,30
out/loc.csv,23,csv,19bde7f,Ishaan Kor,2026-07-30,04:03:19,-07:00,2026-07-29T21:03:19-07:00,1,30
out/loc.csv,24,csv,19bde7f,Ishaan Kor,2026-07-30,04:03:19,-07:00,2026-07-29T21:03:19-07:00,1,30
out/loc.csv,25,csv,19bde7f,Ishaan Kor,2026-07-30,04:03:19,-07:00,2026-07-29T21:03:19-07:00,1,30
out/loc.csv,26,csv,19bde7f,Ishaan Kor,2026-07-30,04:03:19,-07:00,2026-07-29T21:03:19-07:00,1,30
out/loc.csv,27,csv,19bde7f,Ishaan Kor,2026-07-30,04:03:19,-07:00,2026-07-29T21:03:19-07:00,1,30
out/loc.csv,28,csv,19bde7f,Ishaan Kor,2026-07-30,04:03:19,-07:00,2026-07-29T21:03:19-07:00,1,30
out/loc.csv,29,csv,19bde7f,Ishaan Kor,2026-07-30,04:03:19,-07:00,2026-07-29T21:03:19-07:00,1,30
out/loc.csv,30,csv,19bde7f,Ishaan Kor,2026-07-30,04:03:19,-07:00,2026-07-29T21:03:19-07:00,1,30
out/loc.csv,31,csv,19bde7f,Ishaan Kor,2026-07-30,04:03:19,-07:00,2026-07-29T21:03:19-07:00,1,30
out/loc.csv,32,csv,19bde7f,Ishaan Kor,2026-07-30,04:03:19,-07:00,2026-07-29T21:03:19-07:00,1,30
out/loc.csv,33,csv,19bde7f,Ishaan Kor,2026-07-30,04:03:19,-07:00,2026-07-29T21:03:19-07:00,1,30
out/loc.csv,34,csv,19bde7f,Ishaan Kor,2026-07-30,04:03:19,-07:00,2026-07-29T21:03:19-07:00,1,30
out/loc.csv,35,csv,19bde7f,Ishaan Kor,2026-07-30,04:03:19,-07:00,2026-07-29T21:03:19-07:00,1,30
out/loc.csv,36,csv,19bde7f,Ishaan Kor,2026-07-30,04:03:19,-07:00,2026-07-29T21:03:19-07:00,1,30
out/loc.csv,37,csv,19bde7f,Ishaan Kor,2026-07-30,04:03:19,-07:00,2026-07-29T21:03:19-07:00,1,30
out/loc.csv,38,csv,19bde7f,Ishaan Kor,2026-07-30,04:03:19,-07:00,2026-07-29T21:03:19-07:00,1,30
out/loc.csv,39,csv,19bde7f,Ishaan Kor,2026-07-30,04:03:19,-07:00,2026-07-29T21:03:19-07:00,1,30
out/loc.csv,40,csv,19bde7f,Ishaan Kor,2026-07-30,04:03:19,-07:00,2026-07-29T21:03:19-07:00,1,30
out/loc.csv,41,csv,19bde7f,Ishaan Kor,2026-07-30,04:03:19,-07:00,2026-07-29T21:03:19-07:00,1,30
out/loc.csv,42,csv,19bde7f,Ishaan Kor,2026-07-30,04:03:19,-07:00,2026-07-29T21:03:19-07:00,1,30
out/loc.csv,43,csv,19bde7f,Ishaan Kor,2026-07-30,04:03:19,-07:00,2026-07-29T21:03:19-07:00,1,30
out/loc.csv,44,csv,19bde7f,Ishaan Kor,2026-07-30,04:03:19,-07:00,2026-07-29T21:03:19-07:00,1,30
out/loc.csv,45,csv,19bde7f,Ishaan Kor,2026-07-30,04:03:19,-07:00,2026-07-29T21:03:19-07:00,1,30
out/loc.csv,46,csv,19bde7f,Ishaan Kor,2026-07-30,04:03:19,-07:00,2026-07-29T21:03:19-07:00,1,30
out/loc.csv,47,csv,19bde7f,Ishaan Kor,2026-07-30,04:03:19,-07:00,2026-07-29T21:03:19-07:00,1,30
out/loc.csv,48,csv,19bde7f,Ishaan Kor,2026-07-30,04:03:19,-07:00,2026-07-29T21:03:19-07:00,1,30
out/loc.csv,49,csv,19bde7f,Ishaan Kor,2026-07-30,04:03:19,-07:00,2026-07-29T21:03:19-07:00,1,30
out/loc.csv,50,csv,19bde7f,Ishaan Kor,2026-07-30,04:03:19,-07:00,2026-07-29T21:03:19-07:00,1,30
out/meta.html,1,html,19bde7f,Ishaan Kor,2026-07-30,04:03:19,-07:00,2026-07-29T21:03:19-07:00,1,30
out/meta.html,2,html,19bde7f,Ishaan Kor,2026-07-30,04:03:19,-07:00,2026-07-29T21:03:19-07:00,1,30
out/meta.txt,1,txt,19bde7f,Ishaan Kor,2026-07-30,04:03:19,-07:00,2026-07-29T21:03:19-07:00,1,30
out/meta.txt,2,txt,19bde7f,Ishaan Kor,2026-07-30,04:03:19,-07:00,2026-07-29T21:03:19-07:00,1,30
out/projects.html,1,html,19bde7f,Ishaan Kor,2026-07-30,04:03:19,-07:00,2026-07-29T21:03:19-07:00,1,30
out/projects.html,2,html,19bde7f,Ishaan Kor,2026-07-30,04:03:19,-07:00,2026-07-29T21:03:19-07:00,1,30
out/projects.txt,1,txt,19bde7f,Ishaan Kor,2026-07-30,04:03:19,-07:00,2026-07-29T21:03:19-07:00,1,30
out/projects.txt,2,txt,19bde7f,Ishaan Kor,2026-07-30,04:03:19,-07:00,2026-07-29T21:03:19-07:00,1,30
out/resume.html,1,html,19bde7f,Ishaan Kor,2026-07-30,04:03:19,-07:00,2026-07-29T21:03:19-07:00,1,30
out/resume.html,2,html,19bde7f,Ishaan Kor,2026-07-30,04:03:19,-07:00,2026-07-29T21:03:19-07:00,1,30
out/resume.txt,1,txt,19bde7f,Ishaan Kor,2026-07-30,04:03:19,-07:00,2026-07-29T21:03:19-07:00,1,30
out/resume.txt,2,txt,19bde7f,Ishaan Kor,2026-07-30,04:03:19,-07:00,2026-07-29T21:03:19-07:00,1,30
public/loc.csv,1,csv,19bde7f,Ishaan Kor,2026-07-30,04:03:19,-07:00,2026-07-29T21:03:19-07:00,1,30
public/loc.csv,2,csv,19bde7f,Ishaan Kor,2026-07-30,04:03:19,-07:00,2026-07-29T21:03:19-07:00,1,30
public/loc.csv,3,csv,19bde7f,Ishaan Kor,2026-07-30,04:03:19,-07:00,2026-07-29T21:03:19-07:00,1,30
public/loc.csv,4,csv,19bde7f,Ishaan Kor,2026-07-30,04:03:19,-07:00,2026-07-29T21:03:19-07:00,1,30
public/loc.csv,5,csv,19bde7f,Ishaan Kor,2026-07-30,04:03:19,-07:00,2026-07-29T21:03:19-07:00,1,30
public/loc.csv,6,csv,19bde7f,Ishaan Kor,2026-07-30,04:03:19,-07:00,2026-07-29T21:03:19-07:00,1,30
public/loc.csv,7,csv,19bde7f,Ishaan Kor,2026-07-30,04:03:19,-07:00,2026-07-29T21:03:19-07:00,1,30
public/loc.csv,8,csv,19bde7f,Ishaan Kor,2026-07-30,04:03:19,-07:00,2026-07-29T21:03:19-07:00,1,30
public/loc.csv,9,csv,19bde7f,Ishaan Kor,2026-07-30,04:03:19,-07:00,2026-07-29T21:03:19-07:00,1,30
public/loc.csv,10,csv,19bde7f,Ishaan Kor,2026-07-30,04:03:19,-07:00,2026-07-29T21:03:19-07:00,1,30
public/loc.csv,11,csv,19bde7f,Ishaan Kor,2026-07-30,04:03:19,-07:00,2026-07-29T21:03:19-07:00,1,30
public/loc.csv,12,csv,19bde7f,Ishaan Kor,2026-07-30,04:03:19,-07:00,2026-07-29T21:03:19-07:00,1,30
public/loc.csv,13,csv,19bde7f,Ishaan Kor,2026-07-30,04:03:19,-07:00,2026-07-29T21:03:19-07:00,1,30
public/loc.csv,14,csv,19bde7f,Ishaan Kor,2026-07-30,04:03:19,-07:00,2026-07-29T21:03:19-07:00,1,30
public/loc.csv,15,csv,19bde7f,Ishaan Kor,2026-07-30,04:03:19,-07:00,2026-07-29T21:03:19-07:00,1,30
public/loc.csv,16,csv,19bde7f,Ishaan Kor,2026-07-30,04:03:19,-07:00,2026-07-29T21:03:19-07:00,1,30
public/loc.csv,17,csv,19bde7f,Ishaan Kor,2026-07-30,04:03:19,-07:00,2026-07-29T21:03:19-07:00,1,30
public/loc.csv,18,csv,19bde7f,Ishaan Kor,2026-07-30,04:03:19,-07:00,2026-07-29T21:03:19-07:00,1,30
public/loc.csv,19,csv,19bde7f,Ishaan Kor,2026-07-30,04:03:19,-07:00,2026-07-29T21:03:19-07:00,1,30
public/loc.csv,20,csv,19bde7f,Ishaan Kor,2026-07-30,04:03:19,-07:00,2026-07-29T21:03:19-07:00,1,30
public/loc.csv,21,csv,19bde7f,Ishaan Kor,2026-07-30,04:03:19,-07:00,2026-07-29T21:03:19-07:00,1,30
public/loc.csv,22,csv,19bde7f,Ishaan Kor,2026-07-30,04:03:19,-07:00,2026-07-29T21:03:19-07:00,1,30
public/loc.csv,23,csv,19bde7f,Ishaan Kor,2026-07-30,04:03:19,-07:00,2026-07-29T21:03:19-07:00,1,30
public/loc.csv,24,csv,19bde7f,Ishaan Kor,2026-07-30,04:03:19,-07:00,2026-07-29T21:03:19-07:00,1,30
public/loc.csv,25,csv,19bde7f,Ishaan Kor,2026-07-30,04:03:19,-07:00,2026-07-29T21:03:19-07:00,1,30
public/loc.csv,26,csv,19bde7f,Ishaan Kor,2026-07-30,04:03:19,-07:00,2026-07-29T21:03:19-07:00,1,30
public/loc.csv,27,csv,19bde7f,Ishaan Kor,2026-07-30,04:03:19,-07:00,2026-07-29T21:03:19-07:00,1,30
public/loc.csv,28,csv,19bde7f,Ishaan Kor,2026-07-30,04:03:19,-07:00,2026-07-29T21:03:19-07:00,1,30
public/loc.csv,29,csv,19bde7f,Ishaan Kor,2026-07-30,04:03:19,-07:00,2026-07-29T21:03:19-07:00,1,30
public/loc.csv,30,csv,19bde7f,Ishaan Kor,2026-07-30,04:03:19,-07:00,2026-07-29T21:03:19-07:00,1,30
public/loc.csv,31,csv,19bde7f,Ishaan Kor,2026-07-30,04:03:19,-07:00,2026-07-29T21:03:19-07:00,1,30
public/loc.csv,32,csv,19bde7f,Ishaan Kor,2026-07-30,04:03:19,-07:00,2026-07-29T21:03:19-07:00,1,30
public/loc.csv,33,csv,19bde7f,Ishaan Kor,2026-07-30,04:03:19,-07:00,2026-07-29T21:03:19-07:00,1,30
public/loc.csv,34,csv,19bde7f,Ishaan Kor,2026-07-30,04:03:19,-07:00,2026-07-29T21:03:19-07:00,1,30
public/loc.csv,35,csv,19bde7f,Ishaan Kor,2026-07-30,04:03:19,-07:00,2026-07-29T21:03:19-07:00,1,30
public/loc.csv,36,csv,19bde7f,Ishaan Kor,2026-07-30,04:03:19,-07:00,2026-07-29T21:03:19-07:00,1,30
public/loc.csv,37,csv,19bde7f,Ishaan Kor,2026-07-30,04:03:19,-07:00,2026-07-29T21:03:19-07:00,1,30
public/loc.csv,38,csv,19bde7f,Ishaan Kor,2026-07-30,04:03:19,-07:00,2026-07-29T21:03:19-07:00,1,30
public/loc.csv,39,csv,19bde7f,Ishaan Kor,2026-07-30,04:03:19,-07:00,2026-07-29T21:03:19-07:00,1,30
public/loc.csv,40,csv,19bde7f,Ishaan Kor,2026-07-30,04:03:19,-07:00,2026-07-29T21:03:19-07:00,1,30
public/loc.csv,41,csv,19bde7f,Ishaan Kor,2026-07-30,04:03:19,-07:00,2026-07-29T21:03:19-07:00,1,30
public/loc.csv,42,csv,19bde7f,Ishaan Kor,2026-07-30,04:03:19,-07:00,2026-07-29T21:03:19-07:00,1,30
public/loc.csv,43,csv,19bde7f,Ishaan Kor,2026-07-30,04:03:19,-07:00,2026-07-29T21:03:19-07:00,1,30
public/loc.csv,44,csv,19bde7f,Ishaan Kor,2026-07-30,04:03:19,-07:00,2026-07-29T21:03:19-07:00,1,30
public/loc.csv,45,csv,19bde7f,Ishaan Kor,2026-07-30,04:03:19,-07:00,2026-07-29T21:03:19-07:00,1,30
public/loc.csv,46,csv,19bde7f,Ishaan Kor,2026-07-30,04:03:19,-07:00,2026-07-29T21:03:19-07:00,1,30
public/loc.csv,47,csv,19bde7f,Ishaan Kor,2026-07-30,04:03:19,-07:00,2026-07-29T21:03:19-07:00,1,30
public/loc.csv,48,csv,19bde7f,Ishaan Kor,2026-07-30,04:03:19,-07:00,2026-07-29T21:03:19-07:00,1,30
public/loc.csv,49,csv,19bde7f,Ishaan Kor,2026-07-30,04:03:19,-07:00,2026-07-29T21:03:19-07:00,1,30
public/loc.csv,50,csv,19bde7f,Ishaan Kor,2026-07-30,04:03:19,-07:00,2026-07-29T21:03:19-07:00,1,30
.github/workflows/daily-loc-update.yml,1,yml,51b1a27,Ishaan Kor,2026-07-30,03:55:28,-07:00,2026-07-29T20:55:28-07:00,2,30
.github/workflows/daily-loc-update.yml,2,yml,51b1a27,Ishaan Kor,2026-07-30,03:55:28,-07:00,2026-07-29T20:55:28-07:00,2,30
.github/workflows/daily-loc-update.yml,3,yml,51b1a27,Ishaan Kor,2026-07-30,03:55:28,-07:00,2026-07-29T20:55:28-07:00,2,30
.github/workflows/daily-loc-update.yml,4,yml,51b1a27,Ishaan Kor,2026-07-30,03:55:28,-07:00,2026-07-29T20:55:28-07:00,2,30
.github/workflows/daily-loc-update.yml,5,yml,51b1a27,Ishaan Kor,2026-07-30,03:55:28,-07:00,2026-07-29T20:55:28-07:00,2,30
.github/workflows/daily-loc-update.yml,6,yml,51b1a27,Ishaan Kor,2026-07-30,03:55:28,-07:00,2026-07-29T20:55:28-07:00,2,30
.github/workflows/daily-loc-update.yml,7,yml,51b1a27,Ishaan Kor,2026-07-30,03:55:28,-07:00,2026-07-29T20:55:28-07:00,2,30
.github/workflows/daily-loc-update.yml,8,yml,51b1a27,Ishaan Kor,2026-07-30,03:55:28,-07:00,2026-07-29T20:55:28-07:00,2,30
.github/workflows/daily-loc-update.yml,9,yml,51b1a27,Ishaan Kor,2026-07-30,03:55:28,-07:00,2026-07-29T20:55:28-07:00,2,30
.github/workflows/daily-loc-update.yml,10,yml,51b1a27,Ishaan Kor,2026-07-30,03:55:28,-07:00,2026-07-29T20:55:28-07:00,2,30
.github/workflows/daily-loc-update.yml,11,yml,51b1a27,Ishaan Kor,2026-07-30,03:55:28,-07:00,2026-07-29T20:55:28-07:00,2,30
.github/workflows/daily-loc-update.yml,12,yml,51b1a27,Ishaan Kor,2026-07-30,03:55:28,-07:00,2026-07-29T20:55:28-07:00,2,30
.github/workflows/daily-loc-update.yml,13,yml,51b1a27,Ishaan Kor,2026-07-30,03:55:28,-07:00,2026-07-29T20:55:28-07:00,2,30
.github/workflows/daily-loc-update.yml,14,yml,51b1a27,Ishaan Kor,2026-07-30,03:55:28,-07:00,2026-07-29T20:55:28-07:00,2,30
.github/workflows/daily-loc-update.yml,15,yml,51b1a27,Ishaan Kor,2026-07-30,03:55:28,-07:00,2026-07-29T20:55:28-07:00,2,30
.github/workflows/daily-loc-update.yml,16,yml,51b1a27,Ishaan Kor,2026-07-30,03:55:28,-07:00,2026-07-29T20:55:28-07:00,2,30
.github/workflows/daily-loc-update.yml,17,yml,51b1a27,Ishaan Kor,2026-07-30,03:55:28,-07:00,2026-07-29T20:55:28-07:00,2,30
.github/workflows/daily-loc-update.yml,18,yml,51b1a27,Ishaan Kor,2026-07-30,03:55:28,-07:00,2026-07-29T20:55:28-07:00,2,30
.github/workflows/daily-loc-update.yml,19,yml,51b1a27,Ishaan Kor,2026-07-30,03:55:28,-07:00,2026-07-29T20:55:28-07:00,2,30
.github/workflows/daily-loc-update.yml,20,yml,51b1a27,Ishaan Kor,2026-07-30,03:55:28,-07:00,2026-07-29T20:55:28-07:00,2,30
.github/workflows/daily-loc-update.yml,21,yml,51b1a27,Ishaan Kor,2026-07-30,03:55:28,-07:00,2026-07-29T20:55:28-07:00,2,30
.github/workflows/daily-loc-update.yml,22,yml,51b1a27,Ishaan Kor,2026-07-30,03:55:28,-07:00,2026-07-29T20:55:28-07:00,2,30
.github/workflows/daily-loc-update.yml,23,yml,51b1a27,Ishaan Kor,2026-07-30,03:55:28,-07:00,2026-07-29T20:55:28-07:00,2,30
.github/workflows/daily-loc-update.yml,24,yml,51b1a27,Ishaan Kor,2026-07-30,03:55:28,-07:00,2026-07-29T20:55:28-07:00,2,30
.github/workflows/daily-loc-update.yml,25,yml,51b1a27,Ishaan Kor,2026-07-30,03:55:28,-07:00,2026-07-29T20:55:28-07:00,2,30
.github/workflows/daily-loc-update.yml,26,yml,51b1a27,Ishaan Kor,2026-07-30,03:55:28,-07:00,2026-07-29T20:55:28-07:00,2,30
.github/workflows/daily-loc-update.yml,27,yml,51b1a27,Ishaan Kor,2026-07-30,03:55:28,-07:00,2026-07-29T20:55:28-07:00,2,30
.github/workflows/daily-loc-update.yml,28,yml,51b1a27,Ishaan Kor,2026-07-30,03:55:28,-07:00,2026-07-29T20:55:28-07:00,2,30
.github/workflows/daily-loc-update.yml,29,yml,51b1a27,Ishaan Kor,2026-07-30,03:55:28,-07:00,2026-07-29T20:55:28-07:00,2,30
.github/workflows/daily-loc-update.yml,30,yml,51b1a27,Ishaan Kor,2026-07-30,03:55:28,-07:00,2026-07-29T20:55:28-07:00,2,30
.github/workflows/daily-loc-update.yml,31,yml,51b1a27,Ishaan Kor,2026-07-30,03:55:28,-07:00,2026-07-29T20:55:28-07:00,2,30
.github/workflows/daily-loc-update.yml,32,yml,51b1a27,Ishaan Kor,2026-07-30,03:55:28,-07:00,2026-07-29T20:55:28-07:00,2,30
.github/workflows/daily-loc-update.yml,33,yml,51b1a27,Ishaan Kor,2026-07-30,03:55:28,-07:00,2026-07-29T20:55:28-07:00,2,30
.github/workflows/daily-loc-update.yml,34,yml,51b1a27,Ishaan Kor,2026-07-30,03:55:28,-07:00,2026-07-29T20:55:28-07:00,2,30
meta/loc.csv,1,csv,51b1a27,Ishaan Kor,2026-07-30,03:55:28,-07:00,2026-07-29T20:55:28-07:00,1,30
meta/loc.csv,2,csv,51b1a27,Ishaan Kor,2026-07-30,03:55:28,-07:00,2026-07-29T20:55:28-07:00,1,30
meta/loc.csv,3,csv,51b1a27,Ishaan Kor,2026-07-30,03:55:28,-07:00,2026-07-29T20:55:28-07:00,1,30
meta/loc.csv,4,csv,51b1a27,Ishaan Kor,2026-07-30,03:55:28,-07:00,2026-07-29T20:55:28-07:00,1,30
meta/loc.csv,5,csv,51b1a27,Ishaan Kor,2026-07-30,03:55:28,-07:00,2026-07-29T20:55:28-07:00,1,30
meta/loc.csv,6,csv,51b1a27,Ishaan Kor,2026-07-30,03:55:28,-07:00,2026-07-29T20:55:28-07:00,1,30
meta/loc.csv,7,csv,51b1a27,Ishaan Kor,2026-07-30,03:55:28,-07:00,2026-07-29T20:55:28-07:00,1,30
meta/loc.csv,8,csv,51b1a27,Ishaan Kor,2026-07-30,03:55:28,-07:00,2026-07-29T20:55:28-07:00,1,30
meta/loc.csv,9,csv,51b1a27,Ishaan Kor,2026-07-30,03:55:28,-07:00,2026-07-29T20:55:28-07:00,1,30
meta/loc.csv,10,csv,51b1a27,Ishaan Kor,2026-07-30,03:55:28,-07:00,2026-07-29T20:55:28-07:00,1,30
meta/loc.csv,11,csv,51b1a27,Ishaan Kor,2026-07-30,03:55:28,-07:00,2026-07-29T20:55:28-07:00,1,30
meta/loc.csv,12,csv,51b1a27,Ishaan Kor,2026-07-30,03:55:28,-07:00,2026-07-29T20:55:28-07:00,1,30
meta/loc.csv,13,csv,51b1a27,Ishaan Kor,2026-07-30,03:55:28,-07:00,2026-07-29T20:55:28-07:00,1,30
meta/loc.csv,14,csv,51b1a27,Ishaan Kor,2026-07-30,03:55:28,-07:00,2026-07-29T20:55:28-07:00,1,30
meta/loc.csv,15,csv,51b1a27,Ishaan Kor,2026-07-30,03:55:28,-07:00,2026-07-29T20:55:28-07:00,1,30
meta/loc.csv,16,csv,51b1a27,Ishaan Kor,2026-07-30,03:55:28,-07:00,2026-07-29T20:55:28-07:00,1,30
meta/loc.csv,17,csv,51b1a27,Ishaan Kor,2026-07-30,03:55:28,-07:00,2026-07-29T20:55:28-07:00,1,30
meta/loc.csv,18,csv,51b1a27,Ishaan Kor,2026-07-30,03:55:28,-07:00,2026-07-29T20:55:28-07:00,1,30
meta/loc.csv,19,csv,51b1a27,Ishaan Kor,2026-07-30,03:55:28,-07:00,2026-07-29T20:55:28-07:00,1,30
meta/loc.csv,20,csv,51b1a27,Ishaan Kor,2026-07-30,03:55:28,-07:00,2026-07-29T20:55:28-07:00,1,30
meta/loc.csv,21,csv,51b1a27,Ishaan Kor,2026-07-30,03:55:28,-07:00,2026-07-29T20:55:28-07:00,1,30
meta/loc.csv,22,csv,51b1a27,Ishaan Kor,2026-07-30,03:55:28,-07:00,2026-07-29T20:55:28-07:00,1,30
meta/loc.csv,23,csv,51b1a27,Ishaan Kor,2026-07-30,03:55:28,-07:00,2026-07-29T20:55:28-07:00,1,30
meta/loc.csv,24,csv,51b1a27,Ishaan Kor,2026-07-30,03:55:28,-07:00,2026-07-29T20:55:28-07:00,1,30
meta/loc.csv,25,csv,51b1a27,Ishaan Kor,2026-07-30,03:55:28,-07:00,2026-07-29T20:55:28-07:00,1,30
meta/loc.csv,26,csv,51b1a27,Ishaan Kor,2026-07-30,03:55:28,-07:00,2026-07-29T20:55:28-07:00,1,30
meta/loc.csv,27,csv,51b1a27,Ishaan Kor,2026-07-30,03:55:28,-07:00,2026-07-29T20:55:28-07:00,1,30
meta/loc.csv,28,csv,51b1a27,Ishaan Kor,2026-07-30,03:55:28,-07:00,2026-07-29T20:55:28-07:00,1,30
meta/loc.csv,29,csv,51b1a27,Ishaan Kor,2026-07-30,03:55:28,-07:00,2026-07-29T20:55:28-07:00,1,30
meta/loc.csv,30,csv,51b1a27,Ishaan Kor,2026-07-30,03:55:28,-07:00,2026-07-29T20:55:28-07:00,1,30
meta/loc.csv,31,csv,51b1a27,Ishaan Kor,2026-07-30,03:55:28,-07:00,2026-07-29T20:55:28-07:00,1,30
meta/loc.csv,32,csv,51b1a27,Ishaan Kor,2026-07-30,03:55:28,-07:00,2026-07-29T20:55:28-07:00,1,30
meta/loc.csv,33,csv,51b1a27,Ishaan Kor,2026-07-30,03:55:28,-07:00,2026-07-29T20:55:28-07:00,1,30
meta/loc.csv,34,csv,51b1a27,Ishaan Kor,2026-07-30,03:55:28,-07:00,2026-07-29T20:55:28-07:00,1,30
meta/loc.csv,35,csv,51b1a27,Ishaan Kor,2026-07-30,03:55:28,-07:00,2026-07-29T20:55:28-07:00,1,30
meta/loc.csv,36,csv,51b1a27,Ishaan Kor,2026-07-30,03:55:28,-07:00,2026-07-29T20:55:28-07:00,1,30
meta/loc.csv,37,csv,51b1a27,Ishaan Kor,2026-07-30,03:55:28,-07:00,2026-07-29T20:55:28-07:00,1,30
meta/loc.csv,38,csv,51b1a27,Ishaan Kor,2026-07-30,03:55:28,-07:00,2026-07-29T20:55:28-07:00,1,30
meta/loc.csv,39,csv,51b1a27,Ishaan Kor,2026-07-30,03:55:28,-07:00,2026-07-29T20:55:28-07:00,1,30
meta/loc.csv,40,csv,51b1a27,Ishaan Kor,2026-07-30,03:55:28,-07:00,2026-07-29T20:55:28-07:00,1,30
meta/loc.csv,41,csv,51b1a27,Ishaan Kor,2026-07-30,03:55:28,-07:00,2026-07-29T20:55:28-07:00,1,30
meta/loc.csv,42,csv,51b1a27,Ishaan Kor,2026-07-30,03:55:28,-07:00,2026-07-29T20:55:28-07:00,1,30
meta/loc.csv,43,csv,51b1a27,Ishaan Kor,2026-07-30,03:55:28,-07:00,2026-07-29T20:55:28-07:00,1,30
meta/loc.csv,44,csv,51b1a27,Ishaan Kor,2026-07-30,03:55:28,-07:00,2026-07-29T20:55:28-07:00,1,30
meta/loc.csv,45,csv,51b1a27,Ishaan Kor,2026-07-30,03:55:28,-07:00,2026-07-29T20:55:28-07:00,1,30
meta/loc.csv,46,csv,51b1a27,Ishaan Kor,2026-07-30,03:55:28,-07:00,2026-07-29T20:55:28-07:00,1,30
meta/loc.csv,47,csv,51b1a27,Ishaan Kor,2026-07-30,03:55:28,-07:00,2026-07-29T20:55:28-07:00,1,30
meta/loc.csv,48,csv,51b1a27,Ishaan Kor,2026-07-30,03:55:28,-07:00,2026-07-29T20:55:28-07:00,1,30
meta/loc.csv,49,csv,51b1a27,Ishaan Kor,2026-07-30,03:55:28,-07:00,2026-07-29T20:55:28-07:00,1,30
meta/loc.csv,50,csv,51b1a27,Ishaan Kor,2026-07-30,03:55:28,-07:00,2026-07-29T20:55:28-07:00,1,30
out/404.html,1,html,51b1a27,Ishaan Kor,2026-07-30,03:55:28,-07:00,2026-07-29T20:55:28-07:00,1,30
out/404.html,2,html,51b1a27,Ishaan Kor,2026-07-30,03:55:28,-07:00,2026-07-29T20:55:28-07:00,1,30
out/_next/static/{gpB9A42cJEFHOcoJnCQ2A,1,code,51b1a27,Ishaan Kor,2026-07-30,03:55:28,-07:00,2026-07-29T20:55:28-07:00,3,30
out/_next/static/{gpB9A42cJEFHOcoJnCQ2A,1,code,51b1a27,Ishaan Kor,2026-07-30,03:55:28,-07:00,2026-07-29T20:55:28-07:00,3,30
out/contact.html,1,html,51b1a27,Ishaan Kor,2026-07-30,03:55:28,-07:00,2026-07-29T20:55:28-07:00,1,30
out/contact.html,2,html,51b1a27,Ishaan Kor,2026-07-30,03:55:28,-07:00,2026-07-29T20:55:28-07:00,1,30
out/contact.txt,1,txt,51b1a27,Ishaan Kor,2026-07-30,03:55:28,-07:00,2026-07-29T20:55:28-07:00,1,30
out/contact.txt,2,txt,51b1a27,Ishaan Kor,2026-07-30,03:55:28,-07:00,2026-07-29T20:55:28-07:00,1,30
out/index.html,1,html,51b1a27,Ishaan Kor,2026-07-30,03:55:28,-07:00,2026-07-29T20:55:28-07:00,1,30
out/index.html,2,html,51b1a27,Ishaan Kor,2026-07-30,03:55:28,-07:00,2026-07-29T20:55:28-07:00,1,30
out/index.txt,1,txt,51b1a27,Ishaan Kor,2026-07-30,03:55:28,-07:00,2026-07-29T20:55:28-07:00,1,30
out/index.txt,2,txt,51b1a27,Ishaan Kor,2026-07-30,03:55:28,-07:00,2026-07-29T20:55:28-07:00,1,30
out/loc.csv,1,csv,51b1a27,Ishaan Kor,2026-07-30,03:55:28,-07:00,2026-07-29T20:55:28-07:00,1,30
out/loc.csv,2,csv,51b1a27,Ishaan Kor,2026-07-30,03:55:28,-07:00,2026-07-29T20:55:28-07:00,1,30
out/loc.csv,3,csv,51b1a27,Ishaan Kor,2026-07-30,03:55:28,-07:00,2026-07-29T20:55:28-07:00,1,30
out/loc.csv,4,csv,51b1a27,Ishaan Kor,2026-07-30,03:55:28,-07:00,2026-07-29T20:55:28-07:00,1,30
out/loc.csv,5,csv,51b1a27,Ishaan Kor,2026-07-30,03:55:28,-07:00,2026-07-29T20:55:28-07:00,1,30
out/loc.csv,6,csv,51b1a27,Ishaan Kor,2026-07-30,03:55:28,-07:00,2026-07-29T20:55:28-07:00,1,30
out/loc.csv,7,csv,51b1a27,Ishaan Kor,2026-07-30,03:55:28,-07:00,2026-07-29T20:55:28-07:00,1,30
out/loc.csv,8,csv,51b1a27,Ishaan Kor,2026-07-30,03:55:28,-07:00,2026-07-29T20:55:28-07:00,1,30
out/loc.csv,9,csv,51b1a27,Ishaan Kor,2026-07-30,03:55:28,-07:00,2026-07-29T20:55:28-07:00,1,30
out/loc.csv,10,csv,51b1a27,Ishaan Kor,2026-07-30,03:55:28,-07:00,2026-07-29T20:55:28-07:00,1,30
out/loc.csv,11,csv,51b1a27,Ishaan Kor,2026-07-30,03:55:28,-07:00,2026-07-29T20:55:28-07:00,1,30
out/loc.csv,12,csv,51b1a27,Ishaan Kor,2026-07-30,03:55:28,-07:00,2026-07-29T20:55:28-07:00,1,30
out/loc.csv,13,csv,51b1a27,Ishaan Kor,2026-07-30,03:55:28,-07:00,2026-07-29T20:55:28-07:00,1,30
out/loc.csv,14,csv,51b1a27,Ishaan Kor,2026-07-30,03:55:28,-07:00,2026-07-29T20:55:28-07:00,1,30
out/loc.csv,15,csv,51b1a27,Ishaan Kor,2026-07-30,03:55:28,-07:00,2026-07-29T20:55:28-07:00,1,30
out/loc.csv,16,csv,51b1a27,Ishaan Kor,2026-07-30,03:55:28,-07:00,2026-07-29T20:55:28-07:00,1,30
out/loc.csv,17,csv,51b1a27,Ishaan Kor,2026-07-30,03:55:28,-07:00,2026-07-29T20:55:28-07:00,1,30
out/loc.csv,18,csv,51b1a27,Ishaan Kor,2026-07-30,03:55:28,-07:00,2026-07-29T20:55:28-07:00,1,30
out/loc.csv,19,csv,51b1a27,Ishaan Kor,2026-07-30,03:55:28,-07:00,2026-07-29T20:55:28-07:00,1,30
out/loc.csv,20,csv,51b1a27,Ishaan Kor,2026-07-30,03:55:28,-07:00,2026-07-29T20:55:28-07:00,1,30
out/loc.csv,21,csv,51b1a27,Ishaan Kor,2026-07-30,03:55:28,-07:00,2026-07-29T20:55:28-07:00,1,30
out/loc.csv,22,csv,51b1a27,Ishaan Kor,2026-07-30,03:55:28,-07:00,2026-07-29T20:55:28-07:00,1,30
out/loc.csv,23,csv,51b1a27,Ishaan Kor,2026-07-30,03:55:28,-07:00,2026-07-29T20:55:28-07:00,1,30
out/loc.csv,24,csv,51b1a27,Ishaan Kor,2026-07-30,03:55:28,-07:00,2026-07-29T20:55:28-07:00,1,30
out/loc.csv,25,csv,51b1a27,Ishaan Kor,2026-07-30,03:55:28,-07:00,2026-07-29T20:55:28-07:00,1,30
out/loc.csv,26,csv,51b1a27,Ishaan Kor,2026-07-30,03:55:28,-07:00,2026-07-29T20:55:28-07:00,1,30
out/loc.csv,27,csv,51b1a27,Ishaan Kor,2026-07-30,03:55:28,-07:00,2026-07-29T20:55:28-07:00,1,30
out/loc.csv,28,csv,51b1a27,Ishaan Kor,2026-07-30,03:55:28,-07:00,2026-07-29T20:55:28-07:00,1,30
out/loc.csv,29,csv,51b1a27,Ishaan Kor,2026-07-30,03:55:28,-07:00,2026-07-29T20:55:28-07:00,1,30
out/loc.csv,30,csv,51b1a27,Ishaan Kor,2026-07-30,03:55:28,-07:00,2026-07-29T20:55:28-07:00,1,30
out/loc.csv,31,csv,51b1a27,Ishaan Kor,2026-07-30,03:55:28,-07:00,2026-07-29T20:55:28-07:00,1,30
out/loc.csv,32,csv,51b1a27,Ishaan Kor,2026-07-30,03:55:28,-07:00,2026-07-29T20:55:28-07:00,1,30
out/loc.csv,33,csv,51b1a27,Ishaan Kor,2026-07-30,03:55:28,-07:00,2026-07-29T20:55:28-07:00,1,30
out/loc.csv,34,csv,51b1a27,Ishaan Kor,2026-07-30,03:55:28,-07:00,2026-07-29T20:55:28-07:00,1,30
out/loc.csv,35,csv,51b1a27,Ishaan Kor,2026-07-30,03:55:28,-07:00,2026-07-29T20:55:28-07:00,1,30
out/loc.csv,36,csv,51b1a27,Ishaan Kor,2026-07-30,03:55:28,-07:00,2026-07-29T20:55:28-07:00,1,30
out/loc.csv,37,csv,51b1a27,Ishaan Kor,2026-07-30,03:55:28,-07:00,2026-07-29T20:55:28-07:00,1,30
out/loc.csv,38,csv,51b1a27,Ishaan Kor,2026-07-30,03:55:28,-07:00,2026-07-29T20:55:28-07:00,1,30
out/loc.csv,39,csv,51b1a27,Ishaan Kor,2026-07-30,03:55:28,-07:00,2026-07-29T20:55:28-07:00,1,30
out/loc.csv,40,csv,51b1a27,Ishaan Kor,2026-07-30,03:55:28,-07:00,2026-07-29T20:55:28-07:00,1,30
out/loc.csv,41,csv,51b1a27,Ishaan Kor,2026-07-30,03:55:28,-07:00,2026-07-29T20:55:28-07:00,1,30
out/loc.csv,42,csv,51b1a27,Ishaan Kor,2026-07-30,03:55:28,-07:00,2026-07-29T20:55:28-07:00,1,30
out/loc.csv,43,csv,51b1a27,Ishaan Kor,2026-07-30,03:55:28,-07:00,2026-07-29T20:55:28-07:00,1,30
out/loc.csv,44,csv,51b1a27,Ishaan Kor,2026-07-30,03:55:28,-07:00,2026-07-29T20:55:28-07:00,1,30
out/loc.csv,45,csv,51b1a27,Ishaan Kor,2026-07-30,03:55:28,-07:00,2026-07-29T20:55:28-07:00,1,30
out/loc.csv,46,csv,51b1a27,Ishaan Kor,2026-07-30,03:55:28,-07:00,2026-07-29T20:55:28-07:00,1,30
out/loc.csv,47,csv,51b1a27,Ishaan Kor,2026-07-30,03:55:28,-07:00,2026-07-29T20:55:28-07:00,1,30
out/loc.csv,48,csv,51b1a27,Ishaan Kor,2026-07-30,03:55:28,-07:00,2026-07-29T20:55:28-07:00,1,30
out/loc.csv,49,csv,51b1a27,Ishaan Kor,2026-07-30,03:55:28,-07:00,2026-07-29T20:55:28-07:00,1,30
out/loc.csv,50,csv,51b1a27,Ishaan Kor,2026-07-30,03:55:28,-07:00,2026-07-29T20:55:28-07:00,1,30
out/meta.html,1,html,51b1a27,Ishaan Kor,2026-07-30,03:55:28,-07:00,2026-07-29T20:55:28-07:00,1,30
out/meta.html,2,html,51b1a27,Ishaan Kor,2026-07-30,03:55:28,-07:00,2026-07-29T20:55:28-07:00,1,30
out/meta.txt,1,txt,51b1a27,Ishaan Kor,2026-07-30,03:55:28,-07:00,2026-07-29T20:55:28-07:00,1,30
out/meta.txt,2,txt,51b1a27,Ishaan Kor,2026-07-30,03:55:28,-07:00,2026-07-29T20:55:28-07:00,1,30
out/projects.html,1,html,51b1a27,Ishaan Kor,2026-07-30,03:55:28,-07:00,2026-07-29T20:55:28-07:00,1,30
out/projects.html,2,html,51b1a27,Ishaan Kor,2026-07-30,03:55:28,-07:00,2026-07-29T20:55:28-07:00,1,30
out/projects.txt,1,txt,51b1a27,Ishaan Kor,2026-07-30,03:55:28,-07:00,2026-07-29T20:55:28-07:00,1,30
out/projects.txt,2,txt,51b1a27,Ishaan Kor,2026-07-30,03:55:28,-07:00,2026-07-29T20:55:28-07:00,1,30
out/resume.html,1,html,51b1a27,Ishaan Kor,2026-07-30,03:55:28,-07:00,2026-07-29T20:55:28-07:00,1,30
out/resume.html,2,html,51b1a27,Ishaan Kor,2026-07-30,03:55:28,-07:00,2026-07-29T20:55:28-07:00,1,30
out/resume.txt,1,txt,51b1a27,Ishaan Kor,2026-07-30,03:55:28,-07:00,2026-07-29T20:55:28-07:00,1,30
out/resume.txt,2,txt,51b1a27,Ishaan Kor,2026-07-30,03:55:28,-07:00,2026-07-29T20:55:28-07:00,1,30
package.json,1,json,51b1a27,Ishaan Kor,2026-07-30,03:55:28,-07:00,2026-07-29T20:55:28-07:00,0,30
package.json,2,json,51b1a27,Ishaan Kor,2026-07-30,03:55:28,-07:00,2026-07-29T20:55:28-07:00,0,30
public/loc.csv,1,csv,51b1a27,Ishaan Kor,2026-07-30,03:55:28,-07:00,2026-07-29T20:55:28-07:00,1,30
public/loc.csv,2,csv,51b1a27,Ishaan Kor,2026-07-30,03:55:28,-07:00,2026-07-29T20:55:28-07:00,1,30
public/loc.csv,3,csv,51b1a27,Ishaan Kor,2026-07-30,03:55:28,-07:00,2026-07-29T20:55:28-07:00,1,30
public/loc.csv,4,csv,51b1a27,Ishaan Kor,2026-07-30,03:55:28,-07:00,2026-07-29T20:55:28-07:00,1,30
public/loc.csv,5,csv,51b1a27,Ishaan Kor,2026-07-30,03:55:28,-07:00,2026-07-29T20:55:28-07:00,1,30
public/loc.csv,6,csv,51b1a27,Ishaan Kor,2026-07-30,03:55:28,-07:00,2026-07-29T20:55:28-07:00,1,30
public/loc.csv,7,csv,51b1a27,Ishaan Kor,2026-07-30,03:55:28,-07:00,2026-07-29T20:55:28-07:00,1,30
public/loc.csv,8,csv,51b1a27,Ishaan Kor,2026-07-30,03:55:28,-07:00,2026-07-29T20:55:28-07:00,1,30
public/loc.csv,9,csv,51b1a27,Ishaan Kor,2026-07-30,03:55:28,-07:00,2026-07-29T20:55:28-07:00,1,30
public/loc.csv,10,csv,51b1a27,Ishaan Kor,2026-07-30,03:55:28,-07:00,2026-07-29T20:55:28-07:00,1,30
public/loc.csv,11,csv,51b1a27,Ishaan Kor,2026-07-30,03:55:28,-07:00,2026-07-29T20:55:28-07:00,1,30
public/loc.csv,12,csv,51b1a27,Ishaan Kor,2026-07-30,03:55:28,-07:00,2026-07-29T20:55:28-07:00,1,30
public/loc.csv,13,csv,51b1a27,Ishaan Kor,2026-07-30,03:55:28,-07:00,2026-07-29T20:55:28-07:00,1,30
public/loc.csv,14,csv,51b1a27,Ishaan Kor,2026-07-30,03:55:28,-07:00,2026-07-29T20:55:28-07:00,1,30
public/loc.csv,15,csv,51b1a27,Ishaan Kor,2026-07-30,03:55:28,-07:00,2026-07-29T20:55:28-07:00,1,30
public/loc.csv,16,csv,51b1a27,Ishaan Kor,2026-07-30,03:55:28,-07:00,2026-07-29T20:55:28-07:00,1,30
public/loc.csv,17,csv,51b1a27,Ishaan Kor,2026-07-30,03:55:28,-07:00,2026-07-29T20:55:28-07:00,1,30
public/loc.csv,18,csv,51b1a27,Ishaan Kor,2026-07-30,03:55:28,-07:00,2026-07-29T20:55:28-07:00,1,30
public/loc.csv,19,csv,51b1a27,Ishaan Kor,2026-07-30,03:55:28,-07:00,2026-07-29T20:55:28-07:00,1,30
public/loc.csv,20,csv,51b1a27,Ishaan Kor,2026-07-30,03:55:28,-07:00,2026-07-29T20:55:28-07:00,1,30
public/loc.csv,21,csv,51b1a27,Ishaan Kor,2026-07-30,03:55:28,-07:00,2026-07-29T20:55:28-07:00,1,30
public/loc.csv,22,csv,51b1a27,Ishaan Kor,2026-07-30,03:55:28,-07:00,2026-07-29T20:55:28-07:00,1,30
public/loc.csv,23,csv,51b1a27,Ishaan Kor,2026-07-30,03:55:28,-07:00,2026-07-29T20:55:28-07:00,1,30
public/loc.csv,24,csv,51b1a27,Ishaan Kor,2026-07-30,03:55:28,-07:00,2026-07-29T20:55:28-07:00,1,30
public/loc.csv,25,csv,51b1a27,Ishaan Kor,2026-07-30,03:55:28,-07:00,2026-07-29T20:55:28-07:00,1,30
public/loc.csv,26,csv,51b1a27,Ishaan Kor,2026-07-30,03:55:28,-07:00,2026-07-29T20:55:28-07:00,1,30
public/loc.csv,27,csv,51b1a27,Ishaan Kor,2026-07-30,03:55:28,-07:00,2026-07-29T20:55:28-07:00,1,30
public/loc.csv,28,csv,51b1a27,Ishaan Kor,2026-07-30,03:55:28,-07:00,2026-07-29T20:55:28-07:00,1,30
public/loc.csv,29,csv,51b1a27,Ishaan Kor,2026-07-30,03:55:28,-07:00,2026-07-29T20:55:28-07:00,1,30
public/loc.csv,30,csv,51b1a27,Ishaan Kor,2026-07-30,03:55:28,-07:00,2026-07-29T20:55:28-07:00,1,30
public/loc.csv,31,csv,51b1a27,Ishaan Kor,2026-07-30,03:55:28,-07:00,2026-07-29T20:55:28-07:00,1,30
public/loc.csv,32,csv,51b1a27,Ishaan Kor,2026-07-30,03:55:28,-07:00,2026-07-29T20:55:28-07:00,1,30
public/loc.csv,33,csv,51b1a27,Ishaan Kor,2026-07-30,03:55:28,-07:00,2026-07-29T20:55:28-07:00,1,30
public/loc.csv,34,csv,51b1a27,Ishaan Kor,2026-07-30,03:55:28,-07:00,2026-07-29T20:55:28-07:00,1,30
public/loc.csv,35,csv,51b1a27,Ishaan Kor,2026-07-30,03:55:28,-07:00,2026-07-29T20:55:28-07:00,1,30
public/loc.csv,36,csv,51b1a27,Ishaan Kor,2026-07-30,03:55:28,-07:00,2026-07-29T20:55:28-07:00,1,30
public/loc.csv,37,csv,51b1a27,Ishaan Kor,2026-07-30,03:55:28,-07:00,2026-07-29T20:55:28-07:00,1,30
public/loc.csv,38,csv,51b1a27,Ishaan Kor,2026-07-30,03:55:28,-07:00,2026-07-29T20:55:28-07:00,1,30
public/loc.csv,39,csv,51b1a27,Ishaan Kor,2026-07-30,03:55:28,-07:00,2026-07-29T20:55:28-07:00,1,30
public/loc.csv,40,csv,51b1a27,Ishaan Kor,2026-07-30,03:55:28,-07:00,2026-07-29T20:55:28-07:00,1,30
public/loc.csv,41,csv,51b1a27,Ishaan Kor,2026-07-30,03:55:28,-07:00,2026-07-29T20:55:28-07:00,1,30
public/loc.csv,42,csv,51b1a27,Ishaan Kor,2026-07-30,03:55:28,-07:00,2026-07-29T20:55:28-07:00,1,30
public/loc.csv,43,csv,51b1a27,Ishaan Kor,2026-07-30,03:55:28,-07:00,2026-07-29T20:55:28-07:00,1,30
public/loc.csv,44,csv,51b1a27,Ishaan Kor,2026-07-30,03:55:28,-07:00,2026-07-29T20:55:28-07:00,1,30
public/loc.csv,45,csv,51b1a27,Ishaan Kor,2026-07-30,03:55:28,-07:00,2026-07-29T20:55:28-07:00,1,30
public/loc.csv,46,csv,51b1a27,Ishaan Kor,2026-07-30,03:55:28,-07:00,2026-07-29T20:55:28-07:00,1,30
public/loc.csv,47,csv,51b1a27,Ishaan Kor,2026-07-30,03:55:28,-07:00,2026-07-29T20:55:28-07:00,1,30
public/loc.csv,48,csv,51b1a27,Ishaan Kor,2026-07-30,03:55:28,-07:00,2026-07-29T20:55:28-07:00,1,30
public/loc.csv,49,csv,51b1a27,Ishaan Kor,2026-07-30,03:55:28,-07:00,2026-07-29T20:55:28-07:00,1,30
public/loc.csv,50,csv,51b1a27,Ishaan Kor,2026-07-30,03:55:28,-07:00,2026-07-29T20:55:28-07:00,1,30
scripts/generate-loc.mjs,1,mjs,51b1a27,Ishaan Kor,2026-07-30,03:55:28,-07:00,2026-07-29T20:55:28-07:00,1,30
scripts/generate-loc.mjs,2,mjs,51b1a27,Ishaan Kor,2026-07-30,03:55:28,-07:00,2026-07-29T20:55:28-07:00,1,30
scripts/generate-loc.mjs,3,mjs,51b1a27,Ishaan Kor,2026-07-30,03:55:28,-07:00,2026-07-29T20:55:28-07:00,1,30
scripts/generate-loc.mjs,4,mjs,51b1a27,Ishaan Kor,2026-07-30,03:55:28,-07:00,2026-07-29T20:55:28-07:00,1,30
scripts/generate-loc.mjs,5,mjs,51b1a27,Ishaan Kor,2026-07-30,03:55:28,-07:00,2026-07-29T20:55:28-07:00,1,30
scripts/generate-loc.mjs,6,mjs,51b1a27,Ishaan Kor,2026-07-30,03:55:28,-07:00,2026-07-29T20:55:28-07:00,1,30
scripts/generate-loc.mjs,7,mjs,51b1a27,Ishaan Kor,2026-07-30,03:55:28,-07:00,2026-07-29T20:55:28-07:00,1,30
scripts/generate-loc.mjs,8,mjs,51b1a27,Ishaan Kor,2026-07-30,03:55:28,-07:00,2026-07-29T20:55:28-07:00,1,30
scripts/generate-loc.mjs,9,mjs,51b1a27,Ishaan Kor,2026-07-30,03:55:28,-07:00,2026-07-29T20:55:28-07:00,1,30
scripts/generate-loc.mjs,10,mjs,51b1a27,Ishaan Kor,2026-07-30,03:55:28,-07:00,2026-07-29T20:55:28-07:00,1,30
scripts/generate-loc.mjs,11,mjs,51b1a27,Ishaan Kor,2026-07-30,03:55:28,-07:00,2026-07-29T20:55:28-07:00,1,30
scripts/generate-loc.mjs,12,mjs,51b1a27,Ishaan Kor,2026-07-30,03:55:28,-07:00,2026-07-29T20:55:28-07:00,1,30
scripts/generate-loc.mjs,13,mjs,51b1a27,Ishaan Kor,2026-07-30,03:55:28,-07:00,2026-07-29T20:55:28-07:00,1,30
scripts/generate-loc.mjs,14,mjs,51b1a27,Ishaan Kor,2026-07-30,03:55:28,-07:00,2026-07-29T20:55:28-07:00,1,30
scripts/generate-loc.mjs,15,mjs,51b1a27,Ishaan Kor,2026-07-30,03:55:28,-07:00,2026-07-29T20:55:28-07:00,1,30
scripts/generate-loc.mjs,16,mjs,51b1a27,Ishaan Kor,2026-07-30,03:55:28,-07:00,2026-07-29T20:55:28-07:00,1,30
scripts/generate-loc.mjs,17,mjs,51b1a27,Ishaan Kor,2026-07-30,03:55:28,-07:00,2026-07-29T20:55:28-07:00,1,30
scripts/generate-loc.mjs,18,mjs,51b1a27,Ishaan Kor,2026-07-30,03:55:28,-07:00,2026-07-29T20:55:28-07:00,1,30
scripts/generate-loc.mjs,19,mjs,51b1a27,Ishaan Kor,2026-07-30,03:55:28,-07:00,2026-07-29T20:55:28-07:00,1,30
scripts/generate-loc.mjs,20,mjs,51b1a27,Ishaan Kor,2026-07-30,03:55:28,-07:00,2026-07-29T20:55:28-07:00,1,30
scripts/generate-loc.mjs,21,mjs,51b1a27,Ishaan Kor,2026-07-30,03:55:28,-07:00,2026-07-29T20:55:28-07:00,1,30
scripts/generate-loc.mjs,22,mjs,51b1a27,Ishaan Kor,2026-07-30,03:55:28,-07:00,2026-07-29T20:55:28-07:00,1,30
scripts/generate-loc.mjs,23,mjs,51b1a27,Ishaan Kor,2026-07-30,03:55:28,-07:00,2026-07-29T20:55:28-07:00,1,30
scripts/generate-loc.mjs,24,mjs,51b1a27,Ishaan Kor,2026-07-30,03:55:28,-07:00,2026-07-29T20:55:28-07:00,1,30
scripts/generate-loc.mjs,25,mjs,51b1a27,Ishaan Kor,2026-07-30,03:55:28,-07:00,2026-07-29T20:55:28-07:00,1,30
scripts/generate-loc.mjs,26,mjs,51b1a27,Ishaan Kor,2026-07-30,03:55:28,-07:00,2026-07-29T20:55:28-07:00,1,30
scripts/generate-loc.mjs,27,mjs,51b1a27,Ishaan Kor,2026-07-30,03:55:28,-07:00,2026-07-29T20:55:28-07:00,1,30
scripts/generate-loc.mjs,28,mjs,51b1a27,Ishaan Kor,2026-07-30,03:55:28,-07:00,2026-07-29T20:55:28-07:00,1,30
scripts/generate-loc.mjs,29,mjs,51b1a27,Ishaan Kor,2026-07-30,03:55:28,-07:00,2026-07-29T20:55:28-07:00,1,30
scripts/generate-loc.mjs,30,mjs,51b1a27,Ishaan Kor,2026-07-30,03:55:28,-07:00,2026-07-29T20:55:28-07:00,1,30
scripts/generate-loc.mjs,31,mjs,51b1a27,Ishaan Kor,2026-07-30,03:55:28,-07:00,2026-07-29T20:55:28-07:00,1,30
scripts/generate-loc.mjs,32,mjs,51b1a27,Ishaan Kor,2026-07-30,03:55:28,-07:00,2026-07-29T20:55:28-07:00,1,30
scripts/generate-loc.mjs,33,mjs,51b1a27,Ishaan Kor,2026-07-30,03:55:28,-07:00,2026-07-29T20:55:28-07:00,1,30
scripts/generate-loc.mjs,34,mjs,51b1a27,Ishaan Kor,2026-07-30,03:55:28,-07:00,2026-07-29T20:55:28-07:00,1,30
scripts/generate-loc.mjs,35,mjs,51b1a27,Ishaan Kor,2026-07-30,03:55:28,-07:00,2026-07-29T20:55:28-07:00,1,30
scripts/generate-loc.mjs,36,mjs,51b1a27,Ishaan Kor,2026-07-30,03:55:28,-07:00,2026-07-29T20:55:28-07:00,1,30
scripts/generate-loc.mjs,37,mjs,51b1a27,Ishaan Kor,2026-07-30,03:55:28,-07:00,2026-07-29T20:55:28-07:00,1,30
scripts/generate-loc.mjs,38,mjs,51b1a27,Ishaan Kor,2026-07-30,03:55:28,-07:00,2026-07-29T20:55:28-07:00,1,30
scripts/generate-loc.mjs,39,mjs,51b1a27,Ishaan Kor,2026-07-30,03:55:28,-07:00,2026-07-29T20:55:28-07:00,1,30
scripts/generate-loc.mjs,40,mjs,51b1a27,Ishaan Kor,2026-07-30,03:55:28,-07:00,2026-07-29T20:55:28-07:00,1,30
scripts/generate-loc.mjs,41,mjs,51b1a27,Ishaan Kor,2026-07-30,03:55:28,-07:00,2026-07-29T20:55:28-07:00,1,30
scripts/generate-loc.mjs,42,mjs,51b1a27,Ishaan Kor,2026-07-30,03:55:28,-07:00,2026-07-29T20:55:28-07:00,1,30
scripts/generate-loc.mjs,43,mjs,51b1a27,Ishaan Kor,2026-07-30,03:55:28,-07:00,2026-07-29T20:55:28-07:00,1,30
scripts/generate-loc.mjs,44,mjs,51b1a27,Ishaan Kor,2026-07-30,03:55:28,-07:00,2026-07-29T20:55:28-07:00,1,30
scripts/generate-loc.mjs,45,mjs,51b1a27,Ishaan Kor,2026-07-30,03:55:28,-07:00,2026-07-29T20:55:28-07:00,1,30
scripts/generate-loc.mjs,46,mjs,51b1a27,Ishaan Kor,2026-07-30,03:55:28,-07:00,2026-07-29T20:55:28-07:00,1,30
scripts/generate-loc.mjs,47,mjs,51b1a27,Ishaan Kor,2026-07-30,03:55:28,-07:00,2026-07-29T20:55:28-07:00,1,30
scripts/generate-loc.mjs,48,mjs,51b1a27,Ishaan Kor,2026-07-30,03:55:28,-07:00,2026-07-29T20:55:28-07:00,1,30
scripts/generate-loc.mjs,49,mjs,51b1a27,Ishaan Kor,2026-07-30,03:55:28,-07:00,2026-07-29T20:55:28-07:00,1,30
scripts/generate-loc.mjs,50,mjs,51b1a27,Ishaan Kor,2026-07-30,03:55:28,-07:00,2026-07-29T20:55:28-07:00,1,30
components/meta/CodebaseEvolutionSuite.tsx,1,tsx,c143d7c,Ishaan Kor,2026-07-30,03:36:19,-07:00,2026-07-29T20:36:19-07:00,2,30
components/meta/CodebaseEvolutionSuite.tsx,2,tsx,c143d7c,Ishaan Kor,2026-07-30,03:36:19,-07:00,2026-07-29T20:36:19-07:00,2,30
components/meta/CodebaseEvolutionSuite.tsx,3,tsx,c143d7c,Ishaan Kor,2026-07-30,03:36:19,-07:00,2026-07-29T20:36:19-07:00,2,30
components/meta/CodebaseEvolutionSuite.tsx,4,tsx,c143d7c,Ishaan Kor,2026-07-30,03:36:19,-07:00,2026-07-29T20:36:19-07:00,2,30
components/meta/CodebaseEvolutionSuite.tsx,5,tsx,c143d7c,Ishaan Kor,2026-07-30,03:36:19,-07:00,2026-07-29T20:36:19-07:00,2,30
components/meta/CodebaseEvolutionSuite.tsx,6,tsx,c143d7c,Ishaan Kor,2026-07-30,03:36:19,-07:00,2026-07-29T20:36:19-07:00,2,30
components/meta/CodebaseEvolutionSuite.tsx,7,tsx,c143d7c,Ishaan Kor,2026-07-30,03:36:19,-07:00,2026-07-29T20:36:19-07:00,2,30
components/meta/CodebaseEvolutionSuite.tsx,8,tsx,c143d7c,Ishaan Kor,2026-07-30,03:36:19,-07:00,2026-07-29T20:36:19-07:00,2,30
components/meta/CodebaseEvolutionSuite.tsx,9,tsx,c143d7c,Ishaan Kor,2026-07-30,03:36:19,-07:00,2026-07-29T20:36:19-07:00,2,30
components/meta/CodebaseEvolutionSuite.tsx,10,tsx,c143d7c,Ishaan Kor,2026-07-30,03:36:19,-07:00,2026-07-29T20:36:19-07:00,2,30
components/meta/CodebaseEvolutionSuite.tsx,11,tsx,c143d7c,Ishaan Kor,2026-07-30,03:36:19,-07:00,2026-07-29T20:36:19-07:00,2,30
components/meta/CodebaseEvolutionSuite.tsx,12,tsx,c143d7c,Ishaan Kor,2026-07-30,03:36:19,-07:00,2026-07-29T20:36:19-07:00,2,30
components/meta/CodebaseEvolutionSuite.tsx,13,tsx,c143d7c,Ishaan Kor,2026-07-30,03:36:19,-07:00,2026-07-29T20:36:19-07:00,2,30
components/meta/CodebaseEvolutionSuite.tsx,14,tsx,c143d7c,Ishaan Kor,2026-07-30,03:36:19,-07:00,2026-07-29T20:36:19-07:00,2,30
components/meta/CodebaseEvolutionSuite.tsx,15,tsx,c143d7c,Ishaan Kor,2026-07-30,03:36:19,-07:00,2026-07-29T20:36:19-07:00,2,30
components/meta/CodebaseEvolutionSuite.tsx,16,tsx,c143d7c,Ishaan Kor,2026-07-30,03:36:19,-07:00,2026-07-29T20:36:19-07:00,2,30
components/meta/CodebaseEvolutionSuite.tsx,17,tsx,c143d7c,Ishaan Kor,2026-07-30,03:36:19,-07:00,2026-07-29T20:36:19-07:00,2,30
components/meta/CodebaseEvolutionSuite.tsx,18,tsx,c143d7c,Ishaan Kor,2026-07-30,03:36:19,-07:00,2026-07-29T20:36:19-07:00,2,30
components/meta/CodebaseEvolutionSuite.tsx,19,tsx,c143d7c,Ishaan Kor,2026-07-30,03:36:19,-07:00,2026-07-29T20:36:19-07:00,2,30
components/meta/CodebaseEvolutionSuite.tsx,20,tsx,c143d7c,Ishaan Kor,2026-07-30,03:36:19,-07:00,2026-07-29T20:36:19-07:00,2,30
components/meta/CodebaseEvolutionSuite.tsx,21,tsx,c143d7c,Ishaan Kor,2026-07-30,03:36:19,-07:00,2026-07-29T20:36:19-07:00,2,30
components/meta/CodebaseEvolutionSuite.tsx,22,tsx,c143d7c,Ishaan Kor,2026-07-30,03:36:19,-07:00,2026-07-29T20:36:19-07:00,2,30
components/meta/CodebaseEvolutionSuite.tsx,23,tsx,c143d7c,Ishaan Kor,2026-07-30,03:36:19,-07:00,2026-07-29T20:36:19-07:00,2,30
components/meta/CodebaseEvolutionSuite.tsx,24,tsx,c143d7c,Ishaan Kor,2026-07-30,03:36:19,-07:00,2026-07-29T20:36:19-07:00,2,30
components/meta/CodebaseEvolutionSuite.tsx,25,tsx,c143d7c,Ishaan Kor,2026-07-30,03:36:19,-07:00,2026-07-29T20:36:19-07:00,2,30
components/meta/CodebaseEvolutionSuite.tsx,26,tsx,c143d7c,Ishaan Kor,2026-07-30,03:36:19,-07:00,2026-07-29T20:36:19-07:00,2,30
components/meta/CodebaseEvolutionSuite.tsx,27,tsx,c143d7c,Ishaan Kor,2026-07-30,03:36:19,-07:00,2026-07-29T20:36:19-07:00,2,30
components/meta/CodebaseEvolutionSuite.tsx,28,tsx,c143d7c,Ishaan Kor,2026-07-30,03:36:19,-07:00,2026-07-29T20:36:19-07:00,2,30
components/meta/CodebaseEvolutionSuite.tsx,29,tsx,c143d7c,Ishaan Kor,2026-07-30,03:36:19,-07:00,2026-07-29T20:36:19-07:00,2,30
components/meta/CodebaseEvolutionSuite.tsx,30,tsx,c143d7c,Ishaan Kor,2026-07-30,03:36:19,-07:00,2026-07-29T20:36:19-07:00,2,30
components/meta/CodebaseEvolutionSuite.tsx,31,tsx,c143d7c,Ishaan Kor,2026-07-30,03:36:19,-07:00,2026-07-29T20:36:19-07:00,2,30
components/meta/CodebaseEvolutionSuite.tsx,32,tsx,c143d7c,Ishaan Kor,2026-07-30,03:36:19,-07:00,2026-07-29T20:36:19-07:00,2,30
components/meta/CodebaseEvolutionSuite.tsx,33,tsx,c143d7c,Ishaan Kor,2026-07-30,03:36:19,-07:00,2026-07-29T20:36:19-07:00,2,30
components/meta/CodebaseEvolutionSuite.tsx,34,tsx,c143d7c,Ishaan Kor,2026-07-30,03:36:19,-07:00,2026-07-29T20:36:19-07:00,2,30
components/meta/CodebaseEvolutionSuite.tsx,35,tsx,c143d7c,Ishaan Kor,2026-07-30,03:36:19,-07:00,2026-07-29T20:36:19-07:00,2,30
components/meta/CodebaseEvolutionSuite.tsx,36,tsx,c143d7c,Ishaan Kor,2026-07-30,03:36:19,-07:00,2026-07-29T20:36:19-07:00,2,30
components/meta/CodebaseEvolutionSuite.tsx,37,tsx,c143d7c,Ishaan Kor,2026-07-30,03:36:19,-07:00,2026-07-29T20:36:19-07:00,2,30
components/meta/CodebaseEvolutionSuite.tsx,38,tsx,c143d7c,Ishaan Kor,2026-07-30,03:36:19,-07:00,2026-07-29T20:36:19-07:00,2,30
components/meta/CodebaseEvolutionSuite.tsx,39,tsx,c143d7c,Ishaan Kor,2026-07-30,03:36:19,-07:00,2026-07-29T20:36:19-07:00,2,30
components/meta/CodebaseEvolutionSuite.tsx,40,tsx,c143d7c,Ishaan Kor,2026-07-30,03:36:19,-07:00,2026-07-29T20:36:19-07:00,2,30
components/meta/CodebaseEvolutionSuite.tsx,41,tsx,c143d7c,Ishaan Kor,2026-07-30,03:36:19,-07:00,2026-07-29T20:36:19-07:00,2,30
components/meta/CodebaseEvolutionSuite.tsx,42,tsx,c143d7c,Ishaan Kor,2026-07-30,03:36:19,-07:00,2026-07-29T20:36:19-07:00,2,30
components/meta/CodebaseEvolutionSuite.tsx,43,tsx,c143d7c,Ishaan Kor,2026-07-30,03:36:19,-07:00,2026-07-29T20:36:19-07:00,2,30
components/meta/CodebaseEvolutionSuite.tsx,44,tsx,c143d7c,Ishaan Kor,2026-07-30,03:36:19,-07:00,2026-07-29T20:36:19-07:00,2,30
components/meta/CodebaseEvolutionSuite.tsx,45,tsx,c143d7c,Ishaan Kor,2026-07-30,03:36:19,-07:00,2026-07-29T20:36:19-07:00,2,30
components/meta/CodebaseEvolutionSuite.tsx,46,tsx,c143d7c,Ishaan Kor,2026-07-30,03:36:19,-07:00,2026-07-29T20:36:19-07:00,2,30
components/meta/CodebaseEvolutionSuite.tsx,47,tsx,c143d7c,Ishaan Kor,2026-07-30,03:36:19,-07:00,2026-07-29T20:36:19-07:00,2,30
components/meta/CodebaseEvolutionSuite.tsx,48,tsx,c143d7c,Ishaan Kor,2026-07-30,03:36:19,-07:00,2026-07-29T20:36:19-07:00,2,30
components/meta/CodebaseEvolutionSuite.tsx,49,tsx,c143d7c,Ishaan Kor,2026-07-30,03:36:19,-07:00,2026-07-29T20:36:19-07:00,2,30
components/meta/CodebaseEvolutionSuite.tsx,50,tsx,c143d7c,Ishaan Kor,2026-07-30,03:36:19,-07:00,2026-07-29T20:36:19-07:00,2,30
components/meta/GitHubMetaDashboard.tsx,1,tsx,c143d7c,Ishaan Kor,2026-07-30,03:36:19,-07:00,2026-07-29T20:36:19-07:00,2,30
components/meta/GitHubMetaDashboard.tsx,2,tsx,c143d7c,Ishaan Kor,2026-07-30,03:36:19,-07:00,2026-07-29T20:36:19-07:00,2,30
components/meta/GitHubMetaDashboard.tsx,3,tsx,c143d7c,Ishaan Kor,2026-07-30,03:36:19,-07:00,2026-07-29T20:36:19-07:00,2,30
components/meta/GitHubMetaDashboard.tsx,4,tsx,c143d7c,Ishaan Kor,2026-07-30,03:36:19,-07:00,2026-07-29T20:36:19-07:00,2,30
components/meta/GitHubMetaDashboard.tsx,5,tsx,c143d7c,Ishaan Kor,2026-07-30,03:36:19,-07:00,2026-07-29T20:36:19-07:00,2,30
components/meta/GitHubMetaDashboard.tsx,6,tsx,c143d7c,Ishaan Kor,2026-07-30,03:36:19,-07:00,2026-07-29T20:36:19-07:00,2,30
components/meta/GitHubMetaDashboard.tsx,7,tsx,c143d7c,Ishaan Kor,2026-07-30,03:36:19,-07:00,2026-07-29T20:36:19-07:00,2,30
components/meta/GitHubMetaDashboard.tsx,8,tsx,c143d7c,Ishaan Kor,2026-07-30,03:36:19,-07:00,2026-07-29T20:36:19-07:00,2,30
components/meta/GitHubMetaDashboard.tsx,9,tsx,c143d7c,Ishaan Kor,2026-07-30,03:36:19,-07:00,2026-07-29T20:36:19-07:00,2,30
components/meta/GitHubMetaDashboard.tsx,10,tsx,c143d7c,Ishaan Kor,2026-07-30,03:36:19,-07:00,2026-07-29T20:36:19-07:00,2,30
components/meta/GitHubMetaDashboard.tsx,11,tsx,c143d7c,Ishaan Kor,2026-07-30,03:36:19,-07:00,2026-07-29T20:36:19-07:00,2,30
components/meta/GitHubMetaDashboard.tsx,12,tsx,c143d7c,Ishaan Kor,2026-07-30,03:36:19,-07:00,2026-07-29T20:36:19-07:00,2,30
components/meta/GitHubMetaDashboard.tsx,13,tsx,c143d7c,Ishaan Kor,2026-07-30,03:36:19,-07:00,2026-07-29T20:36:19-07:00,2,30
components/meta/GitHubMetaDashboard.tsx,14,tsx,c143d7c,Ishaan Kor,2026-07-30,03:36:19,-07:00,2026-07-29T20:36:19-07:00,2,30
components/meta/GitHubMetaDashboard.tsx,15,tsx,c143d7c,Ishaan Kor,2026-07-30,03:36:19,-07:00,2026-07-29T20:36:19-07:00,2,30
components/meta/GitHubMetaDashboard.tsx,16,tsx,c143d7c,Ishaan Kor,2026-07-30,03:36:19,-07:00,2026-07-29T20:36:19-07:00,2,30
components/meta/GitHubMetaDashboard.tsx,17,tsx,c143d7c,Ishaan Kor,2026-07-30,03:36:19,-07:00,2026-07-29T20:36:19-07:00,2,30
components/meta/GitHubMetaDashboard.tsx,18,tsx,c143d7c,Ishaan Kor,2026-07-30,03:36:19,-07:00,2026-07-29T20:36:19-07:00,2,30
components/meta/GitHubMetaDashboard.tsx,19,tsx,c143d7c,Ishaan Kor,2026-07-30,03:36:19,-07:00,2026-07-29T20:36:19-07:00,2,30
components/meta/GitHubMetaDashboard.tsx,20,tsx,c143d7c,Ishaan Kor,2026-07-30,03:36:19,-07:00,2026-07-29T20:36:19-07:00,2,30
components/meta/GitHubMetaDashboard.tsx,21,tsx,c143d7c,Ishaan Kor,2026-07-30,03:36:19,-07:00,2026-07-29T20:36:19-07:00,2,30
components/meta/GitHubMetaDashboard.tsx,22,tsx,c143d7c,Ishaan Kor,2026-07-30,03:36:19,-07:00,2026-07-29T20:36:19-07:00,2,30
components/meta/GitHubMetaDashboard.tsx,23,tsx,c143d7c,Ishaan Kor,2026-07-30,03:36:19,-07:00,2026-07-29T20:36:19-07:00,2,30
components/meta/GitHubMetaDashboard.tsx,24,tsx,c143d7c,Ishaan Kor,2026-07-30,03:36:19,-07:00,2026-07-29T20:36:19-07:00,2,30
components/meta/GitHubMetaDashboard.tsx,25,tsx,c143d7c,Ishaan Kor,2026-07-30,03:36:19,-07:00,2026-07-29T20:36:19-07:00,2,30
components/meta/GitHubMetaDashboard.tsx,26,tsx,c143d7c,Ishaan Kor,2026-07-30,03:36:19,-07:00,2026-07-29T20:36:19-07:00,2,30
components/meta/GitHubMetaDashboard.tsx,27,tsx,c143d7c,Ishaan Kor,2026-07-30,03:36:19,-07:00,2026-07-29T20:36:19-07:00,2,30
components/meta/GitHubMetaDashboard.tsx,28,tsx,c143d7c,Ishaan Kor,2026-07-30,03:36:19,-07:00,2026-07-29T20:36:19-07:00,2,30
components/meta/GitHubMetaDashboard.tsx,29,tsx,c143d7c,Ishaan Kor,2026-07-30,03:36:19,-07:00,2026-07-29T20:36:19-07:00,2,30
components/meta/GitHubMetaDashboard.tsx,30,tsx,c143d7c,Ishaan Kor,2026-07-30,03:36:19,-07:00,2026-07-29T20:36:19-07:00,2,30
components/meta/GitHubMetaDashboard.tsx,31,tsx,c143d7c,Ishaan Kor,2026-07-30,03:36:19,-07:00,2026-07-29T20:36:19-07:00,2,30
components/meta/GitHubMetaDashboard.tsx,32,tsx,c143d7c,Ishaan Kor,2026-07-30,03:36:19,-07:00,2026-07-29T20:36:19-07:00,2,30
components/meta/GitHubMetaDashboard.tsx,33,tsx,c143d7c,Ishaan Kor,2026-07-30,03:36:19,-07:00,2026-07-29T20:36:19-07:00,2,30
components/meta/GitHubMetaDashboard.tsx,34,tsx,c143d7c,Ishaan Kor,2026-07-30,03:36:19,-07:00,2026-07-29T20:36:19-07:00,2,30
components/meta/GitHubMetaDashboard.tsx,35,tsx,c143d7c,Ishaan Kor,2026-07-30,03:36:19,-07:00,2026-07-29T20:36:19-07:00,2,30
components/meta/GitHubMetaDashboard.tsx,36,tsx,c143d7c,Ishaan Kor,2026-07-30,03:36:19,-07:00,2026-07-29T20:36:19-07:00,2,30
components/meta/GitHubMetaDashboard.tsx,37,tsx,c143d7c,Ishaan Kor,2026-07-30,03:36:19,-07:00,2026-07-29T20:36:19-07:00,2,30
components/meta/GitHubMetaDashboard.tsx,38,tsx,c143d7c,Ishaan Kor,2026-07-30,03:36:19,-07:00,2026-07-29T20:36:19-07:00,2,30
components/meta/GitHubMetaDashboard.tsx,39,tsx,c143d7c,Ishaan Kor,2026-07-30,03:36:19,-07:00,2026-07-29T20:36:19-07:00,2,30
components/meta/GitHubMetaDashboard.tsx,40,tsx,c143d7c,Ishaan Kor,2026-07-30,03:36:19,-07:00,2026-07-29T20:36:19-07:00,2,30
components/meta/GitHubMetaDashboard.tsx,41,tsx,c143d7c,Ishaan Kor,2026-07-30,03:36:19,-07:00,2026-07-29T20:36:19-07:00,2,30
components/meta/GitHubMetaDashboard.tsx,42,tsx,c143d7c,Ishaan Kor,2026-07-30,03:36:19,-07:00,2026-07-29T20:36:19-07:00,2,30
components/meta/GitHubMetaDashboard.tsx,43,tsx,c143d7c,Ishaan Kor,2026-07-30,03:36:19,-07:00,2026-07-29T20:36:19-07:00,2,30
components/meta/GitHubMetaDashboard.tsx,44,tsx,c143d7c,Ishaan Kor,2026-07-30,03:36:19,-07:00,2026-07-29T20:36:19-07:00,2,30
components/meta/GitHubMetaDashboard.tsx,45,tsx,c143d7c,Ishaan Kor,2026-07-30,03:36:19,-07:00,2026-07-29T20:36:19-07:00,2,30
components/meta/GitHubMetaDashboard.tsx,46,tsx,c143d7c,Ishaan Kor,2026-07-30,03:36:19,-07:00,2026-07-29T20:36:19-07:00,2,30
components/meta/GitHubMetaDashboard.tsx,47,tsx,c143d7c,Ishaan Kor,2026-07-30,03:36:19,-07:00,2026-07-29T20:36:19-07:00,2,30
components/meta/GitHubMetaDashboard.tsx,48,tsx,c143d7c,Ishaan Kor,2026-07-30,03:36:19,-07:00,2026-07-29T20:36:19-07:00,2,30
components/meta/GitHubMetaDashboard.tsx,49,tsx,c143d7c,Ishaan Kor,2026-07-30,03:36:19,-07:00,2026-07-29T20:36:19-07:00,2,30
components/meta/GitHubMetaDashboard.tsx,50,tsx,c143d7c,Ishaan Kor,2026-07-30,03:36:19,-07:00,2026-07-29T20:36:19-07:00,2,30
meta/main.js,1,js,c143d7c,Ishaan Kor,2026-07-30,03:36:19,-07:00,2026-07-29T20:36:19-07:00,1,30
meta/main.js,2,js,c143d7c,Ishaan Kor,2026-07-30,03:36:19,-07:00,2026-07-29T20:36:19-07:00,1,30
meta/main.js,3,js,c143d7c,Ishaan Kor,2026-07-30,03:36:19,-07:00,2026-07-29T20:36:19-07:00,1,30
meta/main.js,4,js,c143d7c,Ishaan Kor,2026-07-30,03:36:19,-07:00,2026-07-29T20:36:19-07:00,1,30
meta/main.js,5,js,c143d7c,Ishaan Kor,2026-07-30,03:36:19,-07:00,2026-07-29T20:36:19-07:00,1,30
meta/main.js,6,js,c143d7c,Ishaan Kor,2026-07-30,03:36:19,-07:00,2026-07-29T20:36:19-07:00,1,30
meta/main.js,7,js,c143d7c,Ishaan Kor,2026-07-30,03:36:19,-07:00,2026-07-29T20:36:19-07:00,1,30
meta/main.js,8,js,c143d7c,Ishaan Kor,2026-07-30,03:36:19,-07:00,2026-07-29T20:36:19-07:00,1,30
meta/main.js,9,js,c143d7c,Ishaan Kor,2026-07-30,03:36:19,-07:00,2026-07-29T20:36:19-07:00,1,30
meta/main.js,10,js,c143d7c,Ishaan Kor,2026-07-30,03:36:19,-07:00,2026-07-29T20:36:19-07:00,1,30
meta/main.js,11,js,c143d7c,Ishaan Kor,2026-07-30,03:36:19,-07:00,2026-07-29T20:36:19-07:00,1,30
meta/main.js,12,js,c143d7c,Ishaan Kor,2026-07-30,03:36:19,-07:00,2026-07-29T20:36:19-07:00,1,30
meta/main.js,13,js,c143d7c,Ishaan Kor,2026-07-30,03:36:19,-07:00,2026-07-29T20:36:19-07:00,1,30
meta/main.js,14,js,c143d7c,Ishaan Kor,2026-07-30,03:36:19,-07:00,2026-07-29T20:36:19-07:00,1,30
meta/main.js,15,js,c143d7c,Ishaan Kor,2026-07-30,03:36:19,-07:00,2026-07-29T20:36:19-07:00,1,30
meta/main.js,16,js,c143d7c,Ishaan Kor,2026-07-30,03:36:19,-07:00,2026-07-29T20:36:19-07:00,1,30
meta/main.js,17,js,c143d7c,Ishaan Kor,2026-07-30,03:36:19,-07:00,2026-07-29T20:36:19-07:00,1,30
meta/main.js,18,js,c143d7c,Ishaan Kor,2026-07-30,03:36:19,-07:00,2026-07-29T20:36:19-07:00,1,30
meta/main.js,19,js,c143d7c,Ishaan Kor,2026-07-30,03:36:19,-07:00,2026-07-29T20:36:19-07:00,1,30
meta/main.js,20,js,c143d7c,Ishaan Kor,2026-07-30,03:36:19,-07:00,2026-07-29T20:36:19-07:00,1,30
meta/main.js,21,js,c143d7c,Ishaan Kor,2026-07-30,03:36:19,-07:00,2026-07-29T20:36:19-07:00,1,30
meta/main.js,22,js,c143d7c,Ishaan Kor,2026-07-30,03:36:19,-07:00,2026-07-29T20:36:19-07:00,1,30
meta/main.js,23,js,c143d7c,Ishaan Kor,2026-07-30,03:36:19,-07:00,2026-07-29T20:36:19-07:00,1,30
meta/main.js,24,js,c143d7c,Ishaan Kor,2026-07-30,03:36:19,-07:00,2026-07-29T20:36:19-07:00,1,30
meta/main.js,25,js,c143d7c,Ishaan Kor,2026-07-30,03:36:19,-07:00,2026-07-29T20:36:19-07:00,1,30
meta/main.js,26,js,c143d7c,Ishaan Kor,2026-07-30,03:36:19,-07:00,2026-07-29T20:36:19-07:00,1,30
meta/main.js,27,js,c143d7c,Ishaan Kor,2026-07-30,03:36:19,-07:00,2026-07-29T20:36:19-07:00,1,30
meta/main.js,28,js,c143d7c,Ishaan Kor,2026-07-30,03:36:19,-07:00,2026-07-29T20:36:19-07:00,1,30
meta/main.js,29,js,c143d7c,Ishaan Kor,2026-07-30,03:36:19,-07:00,2026-07-29T20:36:19-07:00,1,30
meta/main.js,30,js,c143d7c,Ishaan Kor,2026-07-30,03:36:19,-07:00,2026-07-29T20:36:19-07:00,1,30
meta/main.js,31,js,c143d7c,Ishaan Kor,2026-07-30,03:36:19,-07:00,2026-07-29T20:36:19-07:00,1,30
meta/main.js,32,js,c143d7c,Ishaan Kor,2026-07-30,03:36:19,-07:00,2026-07-29T20:36:19-07:00,1,30
meta/main.js,33,js,c143d7c,Ishaan Kor,2026-07-30,03:36:19,-07:00,2026-07-29T20:36:19-07:00,1,30
meta/main.js,34,js,c143d7c,Ishaan Kor,2026-07-30,03:36:19,-07:00,2026-07-29T20:36:19-07:00,1,30
meta/main.js,35,js,c143d7c,Ishaan Kor,2026-07-30,03:36:19,-07:00,2026-07-29T20:36:19-07:00,1,30
meta/main.js,36,js,c143d7c,Ishaan Kor,2026-07-30,03:36:19,-07:00,2026-07-29T20:36:19-07:00,1,30
meta/main.js,37,js,c143d7c,Ishaan Kor,2026-07-30,03:36:19,-07:00,2026-07-29T20:36:19-07:00,1,30
meta/main.js,38,js,c143d7c,Ishaan Kor,2026-07-30,03:36:19,-07:00,2026-07-29T20:36:19-07:00,1,30
meta/main.js,39,js,c143d7c,Ishaan Kor,2026-07-30,03:36:19,-07:00,2026-07-29T20:36:19-07:00,1,30
meta/main.js,40,js,c143d7c,Ishaan Kor,2026-07-30,03:36:19,-07:00,2026-07-29T20:36:19-07:00,1,30
meta/main.js,41,js,c143d7c,Ishaan Kor,2026-07-30,03:36:19,-07:00,2026-07-29T20:36:19-07:00,1,30
meta/main.js,42,js,c143d7c,Ishaan Kor,2026-07-30,03:36:19,-07:00,2026-07-29T20:36:19-07:00,1,30
meta/main.js,43,js,c143d7c,Ishaan Kor,2026-07-30,03:36:19,-07:00,2026-07-29T20:36:19-07:00,1,30
meta/main.js,44,js,c143d7c,Ishaan Kor,2026-07-30,03:36:19,-07:00,2026-07-29T20:36:19-07:00,1,30
meta/main.js,45,js,c143d7c,Ishaan Kor,2026-07-30,03:36:19,-07:00,2026-07-29T20:36:19-07:00,1,30
meta/main.js,46,js,c143d7c,Ishaan Kor,2026-07-30,03:36:19,-07:00,2026-07-29T20:36:19-07:00,1,30
meta/main.js,47,js,c143d7c,Ishaan Kor,2026-07-30,03:36:19,-07:00,2026-07-29T20:36:19-07:00,1,30
meta/main.js,48,js,c143d7c,Ishaan Kor,2026-07-30,03:36:19,-07:00,2026-07-29T20:36:19-07:00,1,30
meta/main.js,49,js,c143d7c,Ishaan Kor,2026-07-30,03:36:19,-07:00,2026-07-29T20:36:19-07:00,1,30
meta/main.js,50,js,c143d7c,Ishaan Kor,2026-07-30,03:36:19,-07:00,2026-07-29T20:36:19-07:00,1,30
out/404.html,1,html,c143d7c,Ishaan Kor,2026-07-30,03:36:19,-07:00,2026-07-29T20:36:19-07:00,1,30
out/404.html,2,html,c143d7c,Ishaan Kor,2026-07-30,03:36:19,-07:00,2026-07-29T20:36:19-07:00,1,30
out/_next/static/chunks/app/meta/page-180f14a86d4fc745.js,1,js,c143d7c,Ishaan Kor,2026-07-30,03:36:19,-07:00,2026-07-29T20:36:19-07:00,6,30
out/_next/static/chunks/app/meta/page-c338b65d290ec5a8.js,1,js,c143d7c,Ishaan Kor,2026-07-30,03:36:19,-07:00,2026-07-29T20:36:19-07:00,6,30
out/_next/static/css/d2bac20b666e9f6b.css,1,css,c143d7c,Ishaan Kor,2026-07-30,03:36:19,-07:00,2026-07-29T20:36:19-07:00,4,30
out/_next/static/css/d2bac20b666e9f6b.css,2,css,c143d7c,Ishaan Kor,2026-07-30,03:36:19,-07:00,2026-07-29T20:36:19-07:00,4,30
out/_next/static/css/d2bac20b666e9f6b.css,3,css,c143d7c,Ishaan Kor,2026-07-30,03:36:19,-07:00,2026-07-29T20:36:19-07:00,4,30
out/_next/static/css/d7e2679c1ae5c737.css,1,css,c143d7c,Ishaan Kor,2026-07-30,03:36:19,-07:00,2026-07-29T20:36:19-07:00,4,30
out/_next/static/css/d7e2679c1ae5c737.css,2,css,c143d7c,Ishaan Kor,2026-07-30,03:36:19,-07:00,2026-07-29T20:36:19-07:00,4,30
out/_next/static/css/d7e2679c1ae5c737.css,3,css,c143d7c,Ishaan Kor,2026-07-30,03:36:19,-07:00,2026-07-29T20:36:19-07:00,4,30
out/_next/static/{44IqUZUXVlHOviCmCXEON,1,code,c143d7c,Ishaan Kor,2026-07-30,03:36:19,-07:00,2026-07-29T20:36:19-07:00,3,30
out/_next/static/{44IqUZUXVlHOviCmCXEON,1,code,c143d7c,Ishaan Kor,2026-07-30,03:36:19,-07:00,2026-07-29T20:36:19-07:00,3,30
out/contact.html,1,html,c143d7c,Ishaan Kor,2026-07-30,03:36:19,-07:00,2026-07-29T20:36:19-07:00,1,30
out/contact.html,2,html,c143d7c,Ishaan Kor,2026-07-30,03:36:19,-07:00,2026-07-29T20:36:19-07:00,1,30
out/contact.txt,1,txt,c143d7c,Ishaan Kor,2026-07-30,03:36:19,-07:00,2026-07-29T20:36:19-07:00,1,30
out/contact.txt,2,txt,c143d7c,Ishaan Kor,2026-07-30,03:36:19,-07:00,2026-07-29T20:36:19-07:00,1,30
out/index.html,1,html,c143d7c,Ishaan Kor,2026-07-30,03:36:19,-07:00,2026-07-29T20:36:19-07:00,1,30
out/index.html,2,html,c143d7c,Ishaan Kor,2026-07-30,03:36:19,-07:00,2026-07-29T20:36:19-07:00,1,30
out/index.txt,1,txt,c143d7c,Ishaan Kor,2026-07-30,03:36:19,-07:00,2026-07-29T20:36:19-07:00,1,30
out/index.txt,2,txt,c143d7c,Ishaan Kor,2026-07-30,03:36:19,-07:00,2026-07-29T20:36:19-07:00,1,30
out/loc.csv,1,csv,c143d7c,Ishaan Kor,2026-07-30,03:36:19,-07:00,2026-07-29T20:36:19-07:00,1,30
out/loc.csv,2,csv,c143d7c,Ishaan Kor,2026-07-30,03:36:19,-07:00,2026-07-29T20:36:19-07:00,1,30
out/loc.csv,3,csv,c143d7c,Ishaan Kor,2026-07-30,03:36:19,-07:00,2026-07-29T20:36:19-07:00,1,30
out/loc.csv,4,csv,c143d7c,Ishaan Kor,2026-07-30,03:36:19,-07:00,2026-07-29T20:36:19-07:00,1,30
out/loc.csv,5,csv,c143d7c,Ishaan Kor,2026-07-30,03:36:19,-07:00,2026-07-29T20:36:19-07:00,1,30
out/loc.csv,6,csv,c143d7c,Ishaan Kor,2026-07-30,03:36:19,-07:00,2026-07-29T20:36:19-07:00,1,30
out/loc.csv,7,csv,c143d7c,Ishaan Kor,2026-07-30,03:36:19,-07:00,2026-07-29T20:36:19-07:00,1,30
out/loc.csv,8,csv,c143d7c,Ishaan Kor,2026-07-30,03:36:19,-07:00,2026-07-29T20:36:19-07:00,1,30
out/loc.csv,9,csv,c143d7c,Ishaan Kor,2026-07-30,03:36:19,-07:00,2026-07-29T20:36:19-07:00,1,30
out/loc.csv,10,csv,c143d7c,Ishaan Kor,2026-07-30,03:36:19,-07:00,2026-07-29T20:36:19-07:00,1,30
out/loc.csv,11,csv,c143d7c,Ishaan Kor,2026-07-30,03:36:19,-07:00,2026-07-29T20:36:19-07:00,1,30
out/loc.csv,12,csv,c143d7c,Ishaan Kor,2026-07-30,03:36:19,-07:00,2026-07-29T20:36:19-07:00,1,30
out/loc.csv,13,csv,c143d7c,Ishaan Kor,2026-07-30,03:36:19,-07:00,2026-07-29T20:36:19-07:00,1,30
out/loc.csv,14,csv,c143d7c,Ishaan Kor,2026-07-30,03:36:19,-07:00,2026-07-29T20:36:19-07:00,1,30
out/loc.csv,15,csv,c143d7c,Ishaan Kor,2026-07-30,03:36:19,-07:00,2026-07-29T20:36:19-07:00,1,30
out/loc.csv,16,csv,c143d7c,Ishaan Kor,2026-07-30,03:36:19,-07:00,2026-07-29T20:36:19-07:00,1,30
out/loc.csv,17,csv,c143d7c,Ishaan Kor,2026-07-30,03:36:19,-07:00,2026-07-29T20:36:19-07:00,1,30
out/loc.csv,18,csv,c143d7c,Ishaan Kor,2026-07-30,03:36:19,-07:00,2026-07-29T20:36:19-07:00,1,30
out/loc.csv,19,csv,c143d7c,Ishaan Kor,2026-07-30,03:36:19,-07:00,2026-07-29T20:36:19-07:00,1,30
out/loc.csv,20,csv,c143d7c,Ishaan Kor,2026-07-30,03:36:19,-07:00,2026-07-29T20:36:19-07:00,1,30
out/loc.csv,21,csv,c143d7c,Ishaan Kor,2026-07-30,03:36:19,-07:00,2026-07-29T20:36:19-07:00,1,30
out/loc.csv,22,csv,c143d7c,Ishaan Kor,2026-07-30,03:36:19,-07:00,2026-07-29T20:36:19-07:00,1,30
out/loc.csv,23,csv,c143d7c,Ishaan Kor,2026-07-30,03:36:19,-07:00,2026-07-29T20:36:19-07:00,1,30
out/loc.csv,24,csv,c143d7c,Ishaan Kor,2026-07-30,03:36:19,-07:00,2026-07-29T20:36:19-07:00,1,30
out/loc.csv,25,csv,c143d7c,Ishaan Kor,2026-07-30,03:36:19,-07:00,2026-07-29T20:36:19-07:00,1,30
out/loc.csv,26,csv,c143d7c,Ishaan Kor,2026-07-30,03:36:19,-07:00,2026-07-29T20:36:19-07:00,1,30
out/loc.csv,27,csv,c143d7c,Ishaan Kor,2026-07-30,03:36:19,-07:00,2026-07-29T20:36:19-07:00,1,30
out/loc.csv,28,csv,c143d7c,Ishaan Kor,2026-07-30,03:36:19,-07:00,2026-07-29T20:36:19-07:00,1,30
out/loc.csv,29,csv,c143d7c,Ishaan Kor,2026-07-30,03:36:19,-07:00,2026-07-29T20:36:19-07:00,1,30
out/loc.csv,30,csv,c143d7c,Ishaan Kor,2026-07-30,03:36:19,-07:00,2026-07-29T20:36:19-07:00,1,30
out/loc.csv,31,csv,c143d7c,Ishaan Kor,2026-07-30,03:36:19,-07:00,2026-07-29T20:36:19-07:00,1,30
out/loc.csv,32,csv,c143d7c,Ishaan Kor,2026-07-30,03:36:19,-07:00,2026-07-29T20:36:19-07:00,1,30
out/loc.csv,33,csv,c143d7c,Ishaan Kor,2026-07-30,03:36:19,-07:00,2026-07-29T20:36:19-07:00,1,30
out/loc.csv,34,csv,c143d7c,Ishaan Kor,2026-07-30,03:36:19,-07:00,2026-07-29T20:36:19-07:00,1,30
out/loc.csv,35,csv,c143d7c,Ishaan Kor,2026-07-30,03:36:19,-07:00,2026-07-29T20:36:19-07:00,1,30
out/loc.csv,36,csv,c143d7c,Ishaan Kor,2026-07-30,03:36:19,-07:00,2026-07-29T20:36:19-07:00,1,30
out/loc.csv,37,csv,c143d7c,Ishaan Kor,2026-07-30,03:36:19,-07:00,2026-07-29T20:36:19-07:00,1,30
out/loc.csv,38,csv,c143d7c,Ishaan Kor,2026-07-30,03:36:19,-07:00,2026-07-29T20:36:19-07:00,1,30
out/loc.csv,39,csv,c143d7c,Ishaan Kor,2026-07-30,03:36:19,-07:00,2026-07-29T20:36:19-07:00,1,30
out/loc.csv,40,csv,c143d7c,Ishaan Kor,2026-07-30,03:36:19,-07:00,2026-07-29T20:36:19-07:00,1,30
out/loc.csv,41,csv,c143d7c,Ishaan Kor,2026-07-30,03:36:19,-07:00,2026-07-29T20:36:19-07:00,1,30
out/loc.csv,42,csv,c143d7c,Ishaan Kor,2026-07-30,03:36:19,-07:00,2026-07-29T20:36:19-07:00,1,30
out/loc.csv,43,csv,c143d7c,Ishaan Kor,2026-07-30,03:36:19,-07:00,2026-07-29T20:36:19-07:00,1,30
out/loc.csv,44,csv,c143d7c,Ishaan Kor,2026-07-30,03:36:19,-07:00,2026-07-29T20:36:19-07:00,1,30
out/loc.csv,45,csv,c143d7c,Ishaan Kor,2026-07-30,03:36:19,-07:00,2026-07-29T20:36:19-07:00,1,30
out/loc.csv,46,csv,c143d7c,Ishaan Kor,2026-07-30,03:36:19,-07:00,2026-07-29T20:36:19-07:00,1,30
out/loc.csv,47,csv,c143d7c,Ishaan Kor,2026-07-30,03:36:19,-07:00,2026-07-29T20:36:19-07:00,1,30
out/loc.csv,48,csv,c143d7c,Ishaan Kor,2026-07-30,03:36:19,-07:00,2026-07-29T20:36:19-07:00,1,30
out/loc.csv,49,csv,c143d7c,Ishaan Kor,2026-07-30,03:36:19,-07:00,2026-07-29T20:36:19-07:00,1,30
out/loc.csv,50,csv,c143d7c,Ishaan Kor,2026-07-30,03:36:19,-07:00,2026-07-29T20:36:19-07:00,1,30
out/meta.html,1,html,c143d7c,Ishaan Kor,2026-07-30,03:36:19,-07:00,2026-07-29T20:36:19-07:00,1,30
out/meta.html,2,html,c143d7c,Ishaan Kor,2026-07-30,03:36:19,-07:00,2026-07-29T20:36:19-07:00,1,30
out/meta.txt,1,txt,c143d7c,Ishaan Kor,2026-07-30,03:36:19,-07:00,2026-07-29T20:36:19-07:00,1,30
out/meta.txt,2,txt,c143d7c,Ishaan Kor,2026-07-30,03:36:19,-07:00,2026-07-29T20:36:19-07:00,1,30
out/meta.txt,3,txt,c143d7c,Ishaan Kor,2026-07-30,03:36:19,-07:00,2026-07-29T20:36:19-07:00,1,30
out/meta.txt,4,txt,c143d7c,Ishaan Kor,2026-07-30,03:36:19,-07:00,2026-07-29T20:36:19-07:00,1,30
out/projects.html,1,html,c143d7c,Ishaan Kor,2026-07-30,03:36:19,-07:00,2026-07-29T20:36:19-07:00,1,30
out/projects.html,2,html,c143d7c,Ishaan Kor,2026-07-30,03:36:19,-07:00,2026-07-29T20:36:19-07:00,1,30
out/projects.txt,1,txt,c143d7c,Ishaan Kor,2026-07-30,03:36:19,-07:00,2026-07-29T20:36:19-07:00,1,30
out/projects.txt,2,txt,c143d7c,Ishaan Kor,2026-07-30,03:36:19,-07:00,2026-07-29T20:36:19-07:00,1,30
out/resume.html,1,html,c143d7c,Ishaan Kor,2026-07-30,03:36:19,-07:00,2026-07-29T20:36:19-07:00,1,30
out/resume.html,2,html,c143d7c,Ishaan Kor,2026-07-30,03:36:19,-07:00,2026-07-29T20:36:19-07:00,1,30
out/resume.txt,1,txt,c143d7c,Ishaan Kor,2026-07-30,03:36:19,-07:00,2026-07-29T20:36:19-07:00,1,30
out/resume.txt,2,txt,c143d7c,Ishaan Kor,2026-07-30,03:36:19,-07:00,2026-07-29T20:36:19-07:00,1,30
public/loc.csv,1,csv,c143d7c,Ishaan Kor,2026-07-30,03:36:19,-07:00,2026-07-29T20:36:19-07:00,1,30
public/loc.csv,2,csv,c143d7c,Ishaan Kor,2026-07-30,03:36:19,-07:00,2026-07-29T20:36:19-07:00,1,30
public/loc.csv,3,csv,c143d7c,Ishaan Kor,2026-07-30,03:36:19,-07:00,2026-07-29T20:36:19-07:00,1,30
public/loc.csv,4,csv,c143d7c,Ishaan Kor,2026-07-30,03:36:19,-07:00,2026-07-29T20:36:19-07:00,1,30
public/loc.csv,5,csv,c143d7c,Ishaan Kor,2026-07-30,03:36:19,-07:00,2026-07-29T20:36:19-07:00,1,30
public/loc.csv,6,csv,c143d7c,Ishaan Kor,2026-07-30,03:36:19,-07:00,2026-07-29T20:36:19-07:00,1,30
public/loc.csv,7,csv,c143d7c,Ishaan Kor,2026-07-30,03:36:19,-07:00,2026-07-29T20:36:19-07:00,1,30
public/loc.csv,8,csv,c143d7c,Ishaan Kor,2026-07-30,03:36:19,-07:00,2026-07-29T20:36:19-07:00,1,30
public/loc.csv,9,csv,c143d7c,Ishaan Kor,2026-07-30,03:36:19,-07:00,2026-07-29T20:36:19-07:00,1,30
public/loc.csv,10,csv,c143d7c,Ishaan Kor,2026-07-30,03:36:19,-07:00,2026-07-29T20:36:19-07:00,1,30
public/loc.csv,11,csv,c143d7c,Ishaan Kor,2026-07-30,03:36:19,-07:00,2026-07-29T20:36:19-07:00,1,30
public/loc.csv,12,csv,c143d7c,Ishaan Kor,2026-07-30,03:36:19,-07:00,2026-07-29T20:36:19-07:00,1,30
public/loc.csv,13,csv,c143d7c,Ishaan Kor,2026-07-30,03:36:19,-07:00,2026-07-29T20:36:19-07:00,1,30
public/loc.csv,14,csv,c143d7c,Ishaan Kor,2026-07-30,03:36:19,-07:00,2026-07-29T20:36:19-07:00,1,30
public/loc.csv,15,csv,c143d7c,Ishaan Kor,2026-07-30,03:36:19,-07:00,2026-07-29T20:36:19-07:00,1,30
public/loc.csv,16,csv,c143d7c,Ishaan Kor,2026-07-30,03:36:19,-07:00,2026-07-29T20:36:19-07:00,1,30
public/loc.csv,17,csv,c143d7c,Ishaan Kor,2026-07-30,03:36:19,-07:00,2026-07-29T20:36:19-07:00,1,30
public/loc.csv,18,csv,c143d7c,Ishaan Kor,2026-07-30,03:36:19,-07:00,2026-07-29T20:36:19-07:00,1,30
public/loc.csv,19,csv,c143d7c,Ishaan Kor,2026-07-30,03:36:19,-07:00,2026-07-29T20:36:19-07:00,1,30
public/loc.csv,20,csv,c143d7c,Ishaan Kor,2026-07-30,03:36:19,-07:00,2026-07-29T20:36:19-07:00,1,30
public/loc.csv,21,csv,c143d7c,Ishaan Kor,2026-07-30,03:36:19,-07:00,2026-07-29T20:36:19-07:00,1,30
public/loc.csv,22,csv,c143d7c,Ishaan Kor,2026-07-30,03:36:19,-07:00,2026-07-29T20:36:19-07:00,1,30
public/loc.csv,23,csv,c143d7c,Ishaan Kor,2026-07-30,03:36:19,-07:00,2026-07-29T20:36:19-07:00,1,30
public/loc.csv,24,csv,c143d7c,Ishaan Kor,2026-07-30,03:36:19,-07:00,2026-07-29T20:36:19-07:00,1,30
public/loc.csv,25,csv,c143d7c,Ishaan Kor,2026-07-30,03:36:19,-07:00,2026-07-29T20:36:19-07:00,1,30
public/loc.csv,26,csv,c143d7c,Ishaan Kor,2026-07-30,03:36:19,-07:00,2026-07-29T20:36:19-07:00,1,30
public/loc.csv,27,csv,c143d7c,Ishaan Kor,2026-07-30,03:36:19,-07:00,2026-07-29T20:36:19-07:00,1,30
public/loc.csv,28,csv,c143d7c,Ishaan Kor,2026-07-30,03:36:19,-07:00,2026-07-29T20:36:19-07:00,1,30
public/loc.csv,29,csv,c143d7c,Ishaan Kor,2026-07-30,03:36:19,-07:00,2026-07-29T20:36:19-07:00,1,30
public/loc.csv,30,csv,c143d7c,Ishaan Kor,2026-07-30,03:36:19,-07:00,2026-07-29T20:36:19-07:00,1,30
public/loc.csv,31,csv,c143d7c,Ishaan Kor,2026-07-30,03:36:19,-07:00,2026-07-29T20:36:19-07:00,1,30
public/loc.csv,32,csv,c143d7c,Ishaan Kor,2026-07-30,03:36:19,-07:00,2026-07-29T20:36:19-07:00,1,30
public/loc.csv,33,csv,c143d7c,Ishaan Kor,2026-07-30,03:36:19,-07:00,2026-07-29T20:36:19-07:00,1,30
public/loc.csv,34,csv,c143d7c,Ishaan Kor,2026-07-30,03:36:19,-07:00,2026-07-29T20:36:19-07:00,1,30
public/loc.csv,35,csv,c143d7c,Ishaan Kor,2026-07-30,03:36:19,-07:00,2026-07-29T20:36:19-07:00,1,30
public/loc.csv,36,csv,c143d7c,Ishaan Kor,2026-07-30,03:36:19,-07:00,2026-07-29T20:36:19-07:00,1,30
public/loc.csv,37,csv,c143d7c,Ishaan Kor,2026-07-30,03:36:19,-07:00,2026-07-29T20:36:19-07:00,1,30
public/loc.csv,38,csv,c143d7c,Ishaan Kor,2026-07-30,03:36:19,-07:00,2026-07-29T20:36:19-07:00,1,30
public/loc.csv,39,csv,c143d7c,Ishaan Kor,2026-07-30,03:36:19,-07:00,2026-07-29T20:36:19-07:00,1,30
public/loc.csv,40,csv,c143d7c,Ishaan Kor,2026-07-30,03:36:19,-07:00,2026-07-29T20:36:19-07:00,1,30
public/loc.csv,41,csv,c143d7c,Ishaan Kor,2026-07-30,03:36:19,-07:00,2026-07-29T20:36:19-07:00,1,30
public/loc.csv,42,csv,c143d7c,Ishaan Kor,2026-07-30,03:36:19,-07:00,2026-07-29T20:36:19-07:00,1,30
public/loc.csv,43,csv,c143d7c,Ishaan Kor,2026-07-30,03:36:19,-07:00,2026-07-29T20:36:19-07:00,1,30
public/loc.csv,44,csv,c143d7c,Ishaan Kor,2026-07-30,03:36:19,-07:00,2026-07-29T20:36:19-07:00,1,30
public/loc.csv,45,csv,c143d7c,Ishaan Kor,2026-07-30,03:36:19,-07:00,2026-07-29T20:36:19-07:00,1,30
public/loc.csv,46,csv,c143d7c,Ishaan Kor,2026-07-30,03:36:19,-07:00,2026-07-29T20:36:19-07:00,1,30
public/loc.csv,47,csv,c143d7c,Ishaan Kor,2026-07-30,03:36:19,-07:00,2026-07-29T20:36:19-07:00,1,30
public/loc.csv,48,csv,c143d7c,Ishaan Kor,2026-07-30,03:36:19,-07:00,2026-07-29T20:36:19-07:00,1,30
public/loc.csv,49,csv,c143d7c,Ishaan Kor,2026-07-30,03:36:19,-07:00,2026-07-29T20:36:19-07:00,1,30
public/loc.csv,50,csv,c143d7c,Ishaan Kor,2026-07-30,03:36:19,-07:00,2026-07-29T20:36:19-07:00,1,30
app/api/contact/route.ts,1,ts,321fa0d,Ishaan Kor,2026-07-30,03:02:09,-07:00,2026-07-29T20:02:09-07:00,3,30
app/api/contact/route.ts,2,ts,321fa0d,Ishaan Kor,2026-07-30,03:02:09,-07:00,2026-07-29T20:02:09-07:00,3,30
app/api/contact/route.ts,3,ts,321fa0d,Ishaan Kor,2026-07-30,03:02:09,-07:00,2026-07-29T20:02:09-07:00,3,30
app/api/contact/route.ts,4,ts,321fa0d,Ishaan Kor,2026-07-30,03:02:09,-07:00,2026-07-29T20:02:09-07:00,3,30
app/api/contact/route.ts,5,ts,321fa0d,Ishaan Kor,2026-07-30,03:02:09,-07:00,2026-07-29T20:02:09-07:00,3,30
app/api/contact/route.ts,6,ts,321fa0d,Ishaan Kor,2026-07-30,03:02:09,-07:00,2026-07-29T20:02:09-07:00,3,30
app/api/contact/route.ts,7,ts,321fa0d,Ishaan Kor,2026-07-30,03:02:09,-07:00,2026-07-29T20:02:09-07:00,3,30
app/api/contact/route.ts,8,ts,321fa0d,Ishaan Kor,2026-07-30,03:02:09,-07:00,2026-07-29T20:02:09-07:00,3,30
app/api/contact/route.ts,9,ts,321fa0d,Ishaan Kor,2026-07-30,03:02:09,-07:00,2026-07-29T20:02:09-07:00,3,30
app/api/contact/route.ts,10,ts,321fa0d,Ishaan Kor,2026-07-30,03:02:09,-07:00,2026-07-29T20:02:09-07:00,3,30
app/api/contact/route.ts,11,ts,321fa0d,Ishaan Kor,2026-07-30,03:02:09,-07:00,2026-07-29T20:02:09-07:00,3,30
app/api/contact/route.ts,12,ts,321fa0d,Ishaan Kor,2026-07-30,03:02:09,-07:00,2026-07-29T20:02:09-07:00,3,30
app/api/contact/route.ts,13,ts,321fa0d,Ishaan Kor,2026-07-30,03:02:09,-07:00,2026-07-29T20:02:09-07:00,3,30
app/api/contact/route.ts,14,ts,321fa0d,Ishaan Kor,2026-07-30,03:02:09,-07:00,2026-07-29T20:02:09-07:00,3,30
app/api/contact/route.ts,15,ts,321fa0d,Ishaan Kor,2026-07-30,03:02:09,-07:00,2026-07-29T20:02:09-07:00,3,30
app/api/contact/route.ts,16,ts,321fa0d,Ishaan Kor,2026-07-30,03:02:09,-07:00,2026-07-29T20:02:09-07:00,3,30
app/api/contact/route.ts,17,ts,321fa0d,Ishaan Kor,2026-07-30,03:02:09,-07:00,2026-07-29T20:02:09-07:00,3,30
app/api/contact/route.ts,18,ts,321fa0d,Ishaan Kor,2026-07-30,03:02:09,-07:00,2026-07-29T20:02:09-07:00,3,30
app/api/contact/route.ts,19,ts,321fa0d,Ishaan Kor,2026-07-30,03:02:09,-07:00,2026-07-29T20:02:09-07:00,3,30
app/api/contact/route.ts,20,ts,321fa0d,Ishaan Kor,2026-07-30,03:02:09,-07:00,2026-07-29T20:02:09-07:00,3,30
app/api/contact/route.ts,21,ts,321fa0d,Ishaan Kor,2026-07-30,03:02:09,-07:00,2026-07-29T20:02:09-07:00,3,30
app/api/contact/route.ts,22,ts,321fa0d,Ishaan Kor,2026-07-30,03:02:09,-07:00,2026-07-29T20:02:09-07:00,3,30
app/api/contact/route.ts,23,ts,321fa0d,Ishaan Kor,2026-07-30,03:02:09,-07:00,2026-07-29T20:02:09-07:00,3,30
app/api/contact/route.ts,24,ts,321fa0d,Ishaan Kor,2026-07-30,03:02:09,-07:00,2026-07-29T20:02:09-07:00,3,30
app/api/contact/route.ts,25,ts,321fa0d,Ishaan Kor,2026-07-30,03:02:09,-07:00,2026-07-29T20:02:09-07:00,3,30
app/api/contact/route.ts,26,ts,321fa0d,Ishaan Kor,2026-07-30,03:02:09,-07:00,2026-07-29T20:02:09-07:00,3,30
app/api/contact/route.ts,27,ts,321fa0d,Ishaan Kor,2026-07-30,03:02:09,-07:00,2026-07-29T20:02:09-07:00,3,30
app/api/contact/route.ts,28,ts,321fa0d,Ishaan Kor,2026-07-30,03:02:09,-07:00,2026-07-29T20:02:09-07:00,3,30
app/api/contact/route.ts,29,ts,321fa0d,Ishaan Kor,2026-07-30,03:02:09,-07:00,2026-07-29T20:02:09-07:00,3,30
app/api/contact/route.ts,30,ts,321fa0d,Ishaan Kor,2026-07-30,03:02:09,-07:00,2026-07-29T20:02:09-07:00,3,30
app/api/contact/route.ts,31,ts,321fa0d,Ishaan Kor,2026-07-30,03:02:09,-07:00,2026-07-29T20:02:09-07:00,3,30
app/api/contact/route.ts,32,ts,321fa0d,Ishaan Kor,2026-07-30,03:02:09,-07:00,2026-07-29T20:02:09-07:00,3,30
app/api/contact/route.ts,33,ts,321fa0d,Ishaan Kor,2026-07-30,03:02:09,-07:00,2026-07-29T20:02:09-07:00,3,30
app/api/contact/route.ts,34,ts,321fa0d,Ishaan Kor,2026-07-30,03:02:09,-07:00,2026-07-29T20:02:09-07:00,3,30
app/api/contact/route.ts,35,ts,321fa0d,Ishaan Kor,2026-07-30,03:02:09,-07:00,2026-07-29T20:02:09-07:00,3,30
app/api/contact/route.ts,36,ts,321fa0d,Ishaan Kor,2026-07-30,03:02:09,-07:00,2026-07-29T20:02:09-07:00,3,30
app/api/contact/route.ts,37,ts,321fa0d,Ishaan Kor,2026-07-30,03:02:09,-07:00,2026-07-29T20:02:09-07:00,3,30
app/api/contact/route.ts,38,ts,321fa0d,Ishaan Kor,2026-07-30,03:02:09,-07:00,2026-07-29T20:02:09-07:00,3,30
app/api/contact/route.ts,39,ts,321fa0d,Ishaan Kor,2026-07-30,03:02:09,-07:00,2026-07-29T20:02:09-07:00,3,30
app/api/contact/route.ts,40,ts,321fa0d,Ishaan Kor,2026-07-30,03:02:09,-07:00,2026-07-29T20:02:09-07:00,3,30
app/api/contact/route.ts,41,ts,321fa0d,Ishaan Kor,2026-07-30,03:02:09,-07:00,2026-07-29T20:02:09-07:00,3,30
app/api/contact/route.ts,42,ts,321fa0d,Ishaan Kor,2026-07-30,03:02:09,-07:00,2026-07-29T20:02:09-07:00,3,30
app/api/contact/route.ts,43,ts,321fa0d,Ishaan Kor,2026-07-30,03:02:09,-07:00,2026-07-29T20:02:09-07:00,3,30
app/contact/page.tsx,1,tsx,321fa0d,Ishaan Kor,2026-07-30,03:02:09,-07:00,2026-07-29T20:02:09-07:00,2,30
app/contact/page.tsx,2,tsx,321fa0d,Ishaan Kor,2026-07-30,03:02:09,-07:00,2026-07-29T20:02:09-07:00,2,30
app/contact/page.tsx,3,tsx,321fa0d,Ishaan Kor,2026-07-30,03:02:09,-07:00,2026-07-29T20:02:09-07:00,2,30
app/contact/page.tsx,4,tsx,321fa0d,Ishaan Kor,2026-07-30,03:02:09,-07:00,2026-07-29T20:02:09-07:00,2,30
app/contact/page.tsx,5,tsx,321fa0d,Ishaan Kor,2026-07-30,03:02:09,-07:00,2026-07-29T20:02:09-07:00,2,30
app/contact/page.tsx,6,tsx,321fa0d,Ishaan Kor,2026-07-30,03:02:09,-07:00,2026-07-29T20:02:09-07:00,2,30
app/contact/page.tsx,7,tsx,321fa0d,Ishaan Kor,2026-07-30,03:02:09,-07:00,2026-07-29T20:02:09-07:00,2,30
app/contact/page.tsx,8,tsx,321fa0d,Ishaan Kor,2026-07-30,03:02:09,-07:00,2026-07-29T20:02:09-07:00,2,30
app/contact/page.tsx,9,tsx,321fa0d,Ishaan Kor,2026-07-30,03:02:09,-07:00,2026-07-29T20:02:09-07:00,2,30
app/page.tsx,1,tsx,321fa0d,Ishaan Kor,2026-07-30,03:02:09,-07:00,2026-07-29T20:02:09-07:00,1,30
app/page.tsx,2,tsx,321fa0d,Ishaan Kor,2026-07-30,03:02:09,-07:00,2026-07-29T20:02:09-07:00,1,30
components/contact/ContactSection.tsx,1,tsx,321fa0d,Ishaan Kor,2026-07-30,03:02:09,-07:00,2026-07-29T20:02:09-07:00,2,30
components/contact/ContactSection.tsx,2,tsx,321fa0d,Ishaan Kor,2026-07-30,03:02:09,-07:00,2026-07-29T20:02:09-07:00,2,30
components/contact/ContactSection.tsx,3,tsx,321fa0d,Ishaan Kor,2026-07-30,03:02:09,-07:00,2026-07-29T20:02:09-07:00,2,30
components/contact/ContactSection.tsx,4,tsx,321fa0d,Ishaan Kor,2026-07-30,03:02:09,-07:00,2026-07-29T20:02:09-07:00,2,30
components/contact/ContactSection.tsx,5,tsx,321fa0d,Ishaan Kor,2026-07-30,03:02:09,-07:00,2026-07-29T20:02:09-07:00,2,30
components/contact/ContactSection.tsx,6,tsx,321fa0d,Ishaan Kor,2026-07-30,03:02:09,-07:00,2026-07-29T20:02:09-07:00,2,30
components/contact/ContactSection.tsx,7,tsx,321fa0d,Ishaan Kor,2026-07-30,03:02:09,-07:00,2026-07-29T20:02:09-07:00,2,30
components/contact/ContactSection.tsx,8,tsx,321fa0d,Ishaan Kor,2026-07-30,03:02:09,-07:00,2026-07-29T20:02:09-07:00,2,30
components/contact/ContactSection.tsx,9,tsx,321fa0d,Ishaan Kor,2026-07-30,03:02:09,-07:00,2026-07-29T20:02:09-07:00,2,30
components/contact/ContactSection.tsx,10,tsx,321fa0d,Ishaan Kor,2026-07-30,03:02:09,-07:00,2026-07-29T20:02:09-07:00,2,30
components/contact/ContactSection.tsx,11,tsx,321fa0d,Ishaan Kor,2026-07-30,03:02:09,-07:00,2026-07-29T20:02:09-07:00,2,30
components/contact/ContactSection.tsx,12,tsx,321fa0d,Ishaan Kor,2026-07-30,03:02:09,-07:00,2026-07-29T20:02:09-07:00,2,30
components/contact/ContactSection.tsx,13,tsx,321fa0d,Ishaan Kor,2026-07-30,03:02:09,-07:00,2026-07-29T20:02:09-07:00,2,30
components/contact/ContactSection.tsx,14,tsx,321fa0d,Ishaan Kor,2026-07-30,03:02:09,-07:00,2026-07-29T20:02:09-07:00,2,30
components/contact/ContactSection.tsx,15,tsx,321fa0d,Ishaan Kor,2026-07-30,03:02:09,-07:00,2026-07-29T20:02:09-07:00,2,30
components/contact/ContactSection.tsx,16,tsx,321fa0d,Ishaan Kor,2026-07-30,03:02:09,-07:00,2026-07-29T20:02:09-07:00,2,30
components/contact/ContactSection.tsx,17,tsx,321fa0d,Ishaan Kor,2026-07-30,03:02:09,-07:00,2026-07-29T20:02:09-07:00,2,30
components/contact/ContactSection.tsx,18,tsx,321fa0d,Ishaan Kor,2026-07-30,03:02:09,-07:00,2026-07-29T20:02:09-07:00,2,30
components/contact/ContactSection.tsx,19,tsx,321fa0d,Ishaan Kor,2026-07-30,03:02:09,-07:00,2026-07-29T20:02:09-07:00,2,30
components/contact/ContactSection.tsx,20,tsx,321fa0d,Ishaan Kor,2026-07-30,03:02:09,-07:00,2026-07-29T20:02:09-07:00,2,30
components/contact/ContactSection.tsx,21,tsx,321fa0d,Ishaan Kor,2026-07-30,03:02:09,-07:00,2026-07-29T20:02:09-07:00,2,30
components/contact/ContactSection.tsx,22,tsx,321fa0d,Ishaan Kor,2026-07-30,03:02:09,-07:00,2026-07-29T20:02:09-07:00,2,30
components/contact/ContactSection.tsx,23,tsx,321fa0d,Ishaan Kor,2026-07-30,03:02:09,-07:00,2026-07-29T20:02:09-07:00,2,30
components/contact/ContactSection.tsx,24,tsx,321fa0d,Ishaan Kor,2026-07-30,03:02:09,-07:00,2026-07-29T20:02:09-07:00,2,30
components/contact/ContactSection.tsx,25,tsx,321fa0d,Ishaan Kor,2026-07-30,03:02:09,-07:00,2026-07-29T20:02:09-07:00,2,30
components/contact/ContactSection.tsx,26,tsx,321fa0d,Ishaan Kor,2026-07-30,03:02:09,-07:00,2026-07-29T20:02:09-07:00,2,30
components/contact/ContactSection.tsx,27,tsx,321fa0d,Ishaan Kor,2026-07-30,03:02:09,-07:00,2026-07-29T20:02:09-07:00,2,30
components/contact/ContactSection.tsx,28,tsx,321fa0d,Ishaan Kor,2026-07-30,03:02:09,-07:00,2026-07-29T20:02:09-07:00,2,30
components/contact/ContactSection.tsx,29,tsx,321fa0d,Ishaan Kor,2026-07-30,03:02:09,-07:00,2026-07-29T20:02:09-07:00,2,30
components/contact/ContactSection.tsx,30,tsx,321fa0d,Ishaan Kor,2026-07-30,03:02:09,-07:00,2026-07-29T20:02:09-07:00,2,30
components/contact/ContactSection.tsx,31,tsx,321fa0d,Ishaan Kor,2026-07-30,03:02:09,-07:00,2026-07-29T20:02:09-07:00,2,30
components/contact/ContactSection.tsx,32,tsx,321fa0d,Ishaan Kor,2026-07-30,03:02:09,-07:00,2026-07-29T20:02:09-07:00,2,30
components/contact/ContactSection.tsx,33,tsx,321fa0d,Ishaan Kor,2026-07-30,03:02:09,-07:00,2026-07-29T20:02:09-07:00,2,30
components/contact/ContactSection.tsx,34,tsx,321fa0d,Ishaan Kor,2026-07-30,03:02:09,-07:00,2026-07-29T20:02:09-07:00,2,30
components/contact/ContactSection.tsx,35,tsx,321fa0d,Ishaan Kor,2026-07-30,03:02:09,-07:00,2026-07-29T20:02:09-07:00,2,30
components/contact/ContactSection.tsx,36,tsx,321fa0d,Ishaan Kor,2026-07-30,03:02:09,-07:00,2026-07-29T20:02:09-07:00,2,30
components/contact/ContactSection.tsx,37,tsx,321fa0d,Ishaan Kor,2026-07-30,03:02:09,-07:00,2026-07-29T20:02:09-07:00,2,30
components/contact/ContactSection.tsx,38,tsx,321fa0d,Ishaan Kor,2026-07-30,03:02:09,-07:00,2026-07-29T20:02:09-07:00,2,30
components/contact/ContactSection.tsx,39,tsx,321fa0d,Ishaan Kor,2026-07-30,03:02:09,-07:00,2026-07-29T20:02:09-07:00,2,30
components/contact/ContactSection.tsx,40,tsx,321fa0d,Ishaan Kor,2026-07-30,03:02:09,-07:00,2026-07-29T20:02:09-07:00,2,30
components/contact/ContactSection.tsx,41,tsx,321fa0d,Ishaan Kor,2026-07-30,03:02:09,-07:00,2026-07-29T20:02:09-07:00,2,30
components/contact/ContactSection.tsx,42,tsx,321fa0d,Ishaan Kor,2026-07-30,03:02:09,-07:00,2026-07-29T20:02:09-07:00,2,30
components/contact/ContactSection.tsx,43,tsx,321fa0d,Ishaan Kor,2026-07-30,03:02:09,-07:00,2026-07-29T20:02:09-07:00,2,30
components/contact/ContactSection.tsx,44,tsx,321fa0d,Ishaan Kor,2026-07-30,03:02:09,-07:00,2026-07-29T20:02:09-07:00,2,30
components/contact/ContactSection.tsx,45,tsx,321fa0d,Ishaan Kor,2026-07-30,03:02:09,-07:00,2026-07-29T20:02:09-07:00,2,30
components/contact/ContactSection.tsx,46,tsx,321fa0d,Ishaan Kor,2026-07-30,03:02:09,-07:00,2026-07-29T20:02:09-07:00,2,30
components/contact/ContactSection.tsx,47,tsx,321fa0d,Ishaan Kor,2026-07-30,03:02:09,-07:00,2026-07-29T20:02:09-07:00,2,30
components/contact/ContactSection.tsx,48,tsx,321fa0d,Ishaan Kor,2026-07-30,03:02:09,-07:00,2026-07-29T20:02:09-07:00,2,30
components/contact/ContactSection.tsx,49,tsx,321fa0d,Ishaan Kor,2026-07-30,03:02:09,-07:00,2026-07-29T20:02:09-07:00,2,30
components/contact/ContactSection.tsx,50,tsx,321fa0d,Ishaan Kor,2026-07-30,03:02:09,-07:00,2026-07-29T20:02:09-07:00,2,30
components/layout/Footer.tsx,1,tsx,321fa0d,Ishaan Kor,2026-07-30,03:02:09,-07:00,2026-07-29T20:02:09-07:00,2,30
components/layout/Footer.tsx,2,tsx,321fa0d,Ishaan Kor,2026-07-30,03:02:09,-07:00,2026-07-29T20:02:09-07:00,2,30
components/layout/Footer.tsx,3,tsx,321fa0d,Ishaan Kor,2026-07-30,03:02:09,-07:00,2026-07-29T20:02:09-07:00,2,30
components/layout/Navbar.tsx,1,tsx,321fa0d,Ishaan Kor,2026-07-30,03:02:09,-07:00,2026-07-29T20:02:09-07:00,2,30
components/layout/Navbar.tsx,2,tsx,321fa0d,Ishaan Kor,2026-07-30,03:02:09,-07:00,2026-07-29T20:02:09-07:00,2,30
components/layout/Navbar.tsx,3,tsx,321fa0d,Ishaan Kor,2026-07-30,03:02:09,-07:00,2026-07-29T20:02:09-07:00,2,30
out/404.html,1,html,321fa0d,Ishaan Kor,2026-07-30,03:02:09,-07:00,2026-07-29T20:02:09-07:00,1,30
out/404.html,2,html,321fa0d,Ishaan Kor,2026-07-30,03:02:09,-07:00,2026-07-29T20:02:09-07:00,1,30
out/_next/static/{BaQtBwyHr_xLbjjzA5qxf,1,code,321fa0d,Ishaan Kor,2026-07-30,03:02:09,-07:00,2026-07-29T20:02:09-07:00,3,30
out/_next/static/{BaQtBwyHr_xLbjjzA5qxf,1,code,321fa0d,Ishaan Kor,2026-07-30,03:02:09,-07:00,2026-07-29T20:02:09-07:00,3,30
out/_next/static/chunks/181-0621ed6a0f08b144.js,1,js,321fa0d,Ishaan Kor,2026-07-30,03:02:09,-07:00,2026-07-29T20:02:09-07:00,4,30
out/_next/static/chunks/441-9b1997a0aecb2f45.js,1,js,321fa0d,Ishaan Kor,2026-07-30,03:02:09,-07:00,2026-07-29T20:02:09-07:00,4,30
out/_next/static/chunks/app/contact/page-119c1247aadde62c.js,1,js,321fa0d,Ishaan Kor,2026-07-30,03:02:09,-07:00,2026-07-29T20:02:09-07:00,6,30
out/_next/static/chunks/app/contact/page-67bd8ca8470b9705.js,1,js,321fa0d,Ishaan Kor,2026-07-30,03:02:09,-07:00,2026-07-29T20:02:09-07:00,6,30
out/_next/static/chunks/app/layout-149355c28375d599.js,1,js,321fa0d,Ishaan Kor,2026-07-30,03:02:09,-07:00,2026-07-29T20:02:09-07:00,5,30
out/_next/static/chunks/app/layout-e314b84c24c9047c.js,1,js,321fa0d,Ishaan Kor,2026-07-30,03:02:09,-07:00,2026-07-29T20:02:09-07:00,5,30
out/_next/static/chunks/app/page-022676dc280d8a75.js,1,js,321fa0d,Ishaan Kor,2026-07-30,03:02:09,-07:00,2026-07-29T20:02:09-07:00,5,30
out/_next/static/chunks/app/page-475ea4d0b01aed5d.js,1,js,321fa0d,Ishaan Kor,2026-07-30,03:02:09,-07:00,2026-07-29T20:02:09-07:00,5,30
out/_next/static/chunks/{main-2a2610d6e7bfa655.js,1,js,321fa0d,Ishaan Kor,2026-07-30,03:02:09,-07:00,2026-07-29T20:02:09-07:00,4,30
out/_next/static/chunks/{main-2a2610d6e7bfa655.js,2,js,321fa0d,Ishaan Kor,2026-07-30,03:02:09,-07:00,2026-07-29T20:02:09-07:00,4,30
out/_next/static/css/ccc655e148b024ae.css,1,css,321fa0d,Ishaan Kor,2026-07-30,03:02:09,-07:00,2026-07-29T20:02:09-07:00,4,30
out/_next/static/css/ccc655e148b024ae.css,2,css,321fa0d,Ishaan Kor,2026-07-30,03:02:09,-07:00,2026-07-29T20:02:09-07:00,4,30
out/_next/static/css/ccc655e148b024ae.css,3,css,321fa0d,Ishaan Kor,2026-07-30,03:02:09,-07:00,2026-07-29T20:02:09-07:00,4,30
out/_next/static/css/d7e2679c1ae5c737.css,1,css,321fa0d,Ishaan Kor,2026-07-30,03:02:09,-07:00,2026-07-29T20:02:09-07:00,4,30
out/_next/static/css/d7e2679c1ae5c737.css,2,css,321fa0d,Ishaan Kor,2026-07-30,03:02:09,-07:00,2026-07-29T20:02:09-07:00,4,30
out/_next/static/css/d7e2679c1ae5c737.css,3,css,321fa0d,Ishaan Kor,2026-07-30,03:02:09,-07:00,2026-07-29T20:02:09-07:00,4,30
out/contact.html,1,html,321fa0d,Ishaan Kor,2026-07-30,03:02:09,-07:00,2026-07-29T20:02:09-07:00,1,30
out/contact.html,2,html,321fa0d,Ishaan Kor,2026-07-30,03:02:09,-07:00,2026-07-29T20:02:09-07:00,1,30
out/contact.txt,1,txt,321fa0d,Ishaan Kor,2026-07-30,03:02:09,-07:00,2026-07-29T20:02:09-07:00,1,30
out/contact.txt,2,txt,321fa0d,Ishaan Kor,2026-07-30,03:02:09,-07:00,2026-07-29T20:02:09-07:00,1,30
out/contact.txt,3,txt,321fa0d,Ishaan Kor,2026-07-30,03:02:09,-07:00,2026-07-29T20:02:09-07:00,1,30
out/contact.txt,4,txt,321fa0d,Ishaan Kor,2026-07-30,03:02:09,-07:00,2026-07-29T20:02:09-07:00,1,30
out/contact.txt,5,txt,321fa0d,Ishaan Kor,2026-07-30,03:02:09,-07:00,2026-07-29T20:02:09-07:00,1,30
out/contact.txt,6,txt,321fa0d,Ishaan Kor,2026-07-30,03:02:09,-07:00,2026-07-29T20:02:09-07:00,1,30
out/contact.txt,7,txt,321fa0d,Ishaan Kor,2026-07-30,03:02:09,-07:00,2026-07-29T20:02:09-07:00,1,30
out/contact.txt,8,txt,321fa0d,Ishaan Kor,2026-07-30,03:02:09,-07:00,2026-07-29T20:02:09-07:00,1,30
out/contact.txt,9,txt,321fa0d,Ishaan Kor,2026-07-30,03:02:09,-07:00,2026-07-29T20:02:09-07:00,1,30
out/contact.txt,10,txt,321fa0d,Ishaan Kor,2026-07-30,03:02:09,-07:00,2026-07-29T20:02:09-07:00,1,30
out/index.html,1,html,321fa0d,Ishaan Kor,2026-07-30,03:02:09,-07:00,2026-07-29T20:02:09-07:00,1,30
out/index.html,2,html,321fa0d,Ishaan Kor,2026-07-30,03:02:09,-07:00,2026-07-29T20:02:09-07:00,1,30
out/index.txt,1,txt,321fa0d,Ishaan Kor,2026-07-30,03:02:09,-07:00,2026-07-29T20:02:09-07:00,1,30
out/index.txt,2,txt,321fa0d,Ishaan Kor,2026-07-30,03:02:09,-07:00,2026-07-29T20:02:09-07:00,1,30
out/index.txt,3,txt,321fa0d,Ishaan Kor,2026-07-30,03:02:09,-07:00,2026-07-29T20:02:09-07:00,1,30
out/index.txt,4,txt,321fa0d,Ishaan Kor,2026-07-30,03:02:09,-07:00,2026-07-29T20:02:09-07:00,1,30
out/index.txt,5,txt,321fa0d,Ishaan Kor,2026-07-30,03:02:09,-07:00,2026-07-29T20:02:09-07:00,1,30
out/index.txt,6,txt,321fa0d,Ishaan Kor,2026-07-30,03:02:09,-07:00,2026-07-29T20:02:09-07:00,1,30
out/index.txt,7,txt,321fa0d,Ishaan Kor,2026-07-30,03:02:09,-07:00,2026-07-29T20:02:09-07:00,1,30
out/index.txt,8,txt,321fa0d,Ishaan Kor,2026-07-30,03:02:09,-07:00,2026-07-29T20:02:09-07:00,1,30
out/index.txt,9,txt,321fa0d,Ishaan Kor,2026-07-30,03:02:09,-07:00,2026-07-29T20:02:09-07:00,1,30
out/index.txt,10,txt,321fa0d,Ishaan Kor,2026-07-30,03:02:09,-07:00,2026-07-29T20:02:09-07:00,1,30
out/index.txt,11,txt,321fa0d,Ishaan Kor,2026-07-30,03:02:09,-07:00,2026-07-29T20:02:09-07:00,1,30
out/index.txt,12,txt,321fa0d,Ishaan Kor,2026-07-30,03:02:09,-07:00,2026-07-29T20:02:09-07:00,1,30
out/index.txt,13,txt,321fa0d,Ishaan Kor,2026-07-30,03:02:09,-07:00,2026-07-29T20:02:09-07:00,1,30
out/index.txt,14,txt,321fa0d,Ishaan Kor,2026-07-30,03:02:09,-07:00,2026-07-29T20:02:09-07:00,1,30
out/index.txt,15,txt,321fa0d,Ishaan Kor,2026-07-30,03:02:09,-07:00,2026-07-29T20:02:09-07:00,1,30
out/index.txt,16,txt,321fa0d,Ishaan Kor,2026-07-30,03:02:09,-07:00,2026-07-29T20:02:09-07:00,1,30
out/index.txt,17,txt,321fa0d,Ishaan Kor,2026-07-30,03:02:09,-07:00,2026-07-29T20:02:09-07:00,1,30
out/index.txt,18,txt,321fa0d,Ishaan Kor,2026-07-30,03:02:09,-07:00,2026-07-29T20:02:09-07:00,1,30
out/index.txt,19,txt,321fa0d,Ishaan Kor,2026-07-30,03:02:09,-07:00,2026-07-29T20:02:09-07:00,1,30
out/index.txt,20,txt,321fa0d,Ishaan Kor,2026-07-30,03:02:09,-07:00,2026-07-29T20:02:09-07:00,1,30
out/index.txt,21,txt,321fa0d,Ishaan Kor,2026-07-30,03:02:09,-07:00,2026-07-29T20:02:09-07:00,1,30
out/index.txt,22,txt,321fa0d,Ishaan Kor,2026-07-30,03:02:09,-07:00,2026-07-29T20:02:09-07:00,1,30
out/index.txt,23,txt,321fa0d,Ishaan Kor,2026-07-30,03:02:09,-07:00,2026-07-29T20:02:09-07:00,1,30
out/index.txt,24,txt,321fa0d,Ishaan Kor,2026-07-30,03:02:09,-07:00,2026-07-29T20:02:09-07:00,1,30
out/index.txt,25,txt,321fa0d,Ishaan Kor,2026-07-30,03:02:09,-07:00,2026-07-29T20:02:09-07:00,1,30
out/index.txt,26,txt,321fa0d,Ishaan Kor,2026-07-30,03:02:09,-07:00,2026-07-29T20:02:09-07:00,1,30
out/index.txt,27,txt,321fa0d,Ishaan Kor,2026-07-30,03:02:09,-07:00,2026-07-29T20:02:09-07:00,1,30
out/meta.html,1,html,321fa0d,Ishaan Kor,2026-07-30,03:02:09,-07:00,2026-07-29T20:02:09-07:00,1,30
out/meta.html,2,html,321fa0d,Ishaan Kor,2026-07-30,03:02:09,-07:00,2026-07-29T20:02:09-07:00,1,30
out/meta.txt,1,txt,321fa0d,Ishaan Kor,2026-07-30,03:02:09,-07:00,2026-07-29T20:02:09-07:00,1,30
out/meta.txt,2,txt,321fa0d,Ishaan Kor,2026-07-30,03:02:09,-07:00,2026-07-29T20:02:09-07:00,1,30
out/meta.txt,3,txt,321fa0d,Ishaan Kor,2026-07-30,03:02:09,-07:00,2026-07-29T20:02:09-07:00,1,30
out/meta.txt,4,txt,321fa0d,Ishaan Kor,2026-07-30,03:02:09,-07:00,2026-07-29T20:02:09-07:00,1,30
out/meta.txt,5,txt,321fa0d,Ishaan Kor,2026-07-30,03:02:09,-07:00,2026-07-29T20:02:09-07:00,1,30
out/meta.txt,6,txt,321fa0d,Ishaan Kor,2026-07-30,03:02:09,-07:00,2026-07-29T20:02:09-07:00,1,30
out/projects.html,1,html,321fa0d,Ishaan Kor,2026-07-30,03:02:09,-07:00,2026-07-29T20:02:09-07:00,1,30
out/projects.html,2,html,321fa0d,Ishaan Kor,2026-07-30,03:02:09,-07:00,2026-07-29T20:02:09-07:00,1,30
out/projects.txt,1,txt,321fa0d,Ishaan Kor,2026-07-30,03:02:09,-07:00,2026-07-29T20:02:09-07:00,1,30
out/projects.txt,2,txt,321fa0d,Ishaan Kor,2026-07-30,03:02:09,-07:00,2026-07-29T20:02:09-07:00,1,30
out/projects.txt,3,txt,321fa0d,Ishaan Kor,2026-07-30,03:02:09,-07:00,2026-07-29T20:02:09-07:00,1,30
out/projects.txt,4,txt,321fa0d,Ishaan Kor,2026-07-30,03:02:09,-07:00,2026-07-29T20:02:09-07:00,1,30
out/projects.txt,5,txt,321fa0d,Ishaan Kor,2026-07-30,03:02:09,-07:00,2026-07-29T20:02:09-07:00,1,30
out/projects.txt,6,txt,321fa0d,Ishaan Kor,2026-07-30,03:02:09,-07:00,2026-07-29T20:02:09-07:00,1,30
out/resume.html,1,html,321fa0d,Ishaan Kor,2026-07-30,03:02:09,-07:00,2026-07-29T20:02:09-07:00,1,30
out/resume.html,2,html,321fa0d,Ishaan Kor,2026-07-30,03:02:09,-07:00,2026-07-29T20:02:09-07:00,1,30
out/resume.txt,1,txt,321fa0d,Ishaan Kor,2026-07-30,03:02:09,-07:00,2026-07-29T20:02:09-07:00,1,30
out/resume.txt,2,txt,321fa0d,Ishaan Kor,2026-07-30,03:02:09,-07:00,2026-07-29T20:02:09-07:00,1,30
out/resume.txt,3,txt,321fa0d,Ishaan Kor,2026-07-30,03:02:09,-07:00,2026-07-29T20:02:09-07:00,1,30
out/resume.txt,4,txt,321fa0d,Ishaan Kor,2026-07-30,03:02:09,-07:00,2026-07-29T20:02:09-07:00,1,30
out/resume.txt,5,txt,321fa0d,Ishaan Kor,2026-07-30,03:02:09,-07:00,2026-07-29T20:02:09-07:00,1,30
out/resume.txt,6,txt,321fa0d,Ishaan Kor,2026-07-30,03:02:09,-07:00,2026-07-29T20:02:09-07:00,1,30
components/meta/GitHubMetaDashboard.tsx,1,tsx,29e8b6d,Ishaan Kor,2026-07-30,02:20:41,-07:00,2026-07-29T19:20:41-07:00,2,30
components/meta/GitHubMetaDashboard.tsx,2,tsx,29e8b6d,Ishaan Kor,2026-07-30,02:20:41,-07:00,2026-07-29T19:20:41-07:00,2,30
components/meta/GitHubMetaDashboard.tsx,3,tsx,29e8b6d,Ishaan Kor,2026-07-30,02:20:41,-07:00,2026-07-29T19:20:41-07:00,2,30
components/meta/GitHubMetaDashboard.tsx,4,tsx,29e8b6d,Ishaan Kor,2026-07-30,02:20:41,-07:00,2026-07-29T19:20:41-07:00,2,30
components/meta/GitHubMetaDashboard.tsx,5,tsx,29e8b6d,Ishaan Kor,2026-07-30,02:20:41,-07:00,2026-07-29T19:20:41-07:00,2,30
components/meta/GitHubMetaDashboard.tsx,6,tsx,29e8b6d,Ishaan Kor,2026-07-30,02:20:41,-07:00,2026-07-29T19:20:41-07:00,2,30
components/meta/GitHubMetaDashboard.tsx,7,tsx,29e8b6d,Ishaan Kor,2026-07-30,02:20:41,-07:00,2026-07-29T19:20:41-07:00,2,30
components/meta/GitHubMetaDashboard.tsx,8,tsx,29e8b6d,Ishaan Kor,2026-07-30,02:20:41,-07:00,2026-07-29T19:20:41-07:00,2,30
components/meta/GitHubMetaDashboard.tsx,9,tsx,29e8b6d,Ishaan Kor,2026-07-30,02:20:41,-07:00,2026-07-29T19:20:41-07:00,2,30
components/meta/GitHubMetaDashboard.tsx,10,tsx,29e8b6d,Ishaan Kor,2026-07-30,02:20:41,-07:00,2026-07-29T19:20:41-07:00,2,30
components/meta/GitHubMetaDashboard.tsx,11,tsx,29e8b6d,Ishaan Kor,2026-07-30,02:20:41,-07:00,2026-07-29T19:20:41-07:00,2,30
components/meta/GitHubMetaDashboard.tsx,12,tsx,29e8b6d,Ishaan Kor,2026-07-30,02:20:41,-07:00,2026-07-29T19:20:41-07:00,2,30
components/meta/GitHubMetaDashboard.tsx,13,tsx,29e8b6d,Ishaan Kor,2026-07-30,02:20:41,-07:00,2026-07-29T19:20:41-07:00,2,30
components/meta/GitHubMetaDashboard.tsx,14,tsx,29e8b6d,Ishaan Kor,2026-07-30,02:20:41,-07:00,2026-07-29T19:20:41-07:00,2,30
components/meta/GitHubMetaDashboard.tsx,15,tsx,29e8b6d,Ishaan Kor,2026-07-30,02:20:41,-07:00,2026-07-29T19:20:41-07:00,2,30
components/meta/GitHubMetaDashboard.tsx,16,tsx,29e8b6d,Ishaan Kor,2026-07-30,02:20:41,-07:00,2026-07-29T19:20:41-07:00,2,30
components/meta/GitHubMetaDashboard.tsx,17,tsx,29e8b6d,Ishaan Kor,2026-07-30,02:20:41,-07:00,2026-07-29T19:20:41-07:00,2,30
components/meta/GitHubMetaDashboard.tsx,18,tsx,29e8b6d,Ishaan Kor,2026-07-30,02:20:41,-07:00,2026-07-29T19:20:41-07:00,2,30
components/meta/GitHubMetaDashboard.tsx,19,tsx,29e8b6d,Ishaan Kor,2026-07-30,02:20:41,-07:00,2026-07-29T19:20:41-07:00,2,30
components/meta/GitHubMetaDashboard.tsx,20,tsx,29e8b6d,Ishaan Kor,2026-07-30,02:20:41,-07:00,2026-07-29T19:20:41-07:00,2,30
components/meta/GitHubMetaDashboard.tsx,21,tsx,29e8b6d,Ishaan Kor,2026-07-30,02:20:41,-07:00,2026-07-29T19:20:41-07:00,2,30
components/meta/GitHubMetaDashboard.tsx,22,tsx,29e8b6d,Ishaan Kor,2026-07-30,02:20:41,-07:00,2026-07-29T19:20:41-07:00,2,30
components/meta/GitHubMetaDashboard.tsx,23,tsx,29e8b6d,Ishaan Kor,2026-07-30,02:20:41,-07:00,2026-07-29T19:20:41-07:00,2,30
components/meta/GitHubMetaDashboard.tsx,24,tsx,29e8b6d,Ishaan Kor,2026-07-30,02:20:41,-07:00,2026-07-29T19:20:41-07:00,2,30
components/meta/GitHubMetaDashboard.tsx,25,tsx,29e8b6d,Ishaan Kor,2026-07-30,02:20:41,-07:00,2026-07-29T19:20:41-07:00,2,30
components/meta/GitHubMetaDashboard.tsx,26,tsx,29e8b6d,Ishaan Kor,2026-07-30,02:20:41,-07:00,2026-07-29T19:20:41-07:00,2,30
components/meta/GitHubMetaDashboard.tsx,27,tsx,29e8b6d,Ishaan Kor,2026-07-30,02:20:41,-07:00,2026-07-29T19:20:41-07:00,2,30
components/meta/GitHubMetaDashboard.tsx,28,tsx,29e8b6d,Ishaan Kor,2026-07-30,02:20:41,-07:00,2026-07-29T19:20:41-07:00,2,30
components/meta/GitHubMetaDashboard.tsx,29,tsx,29e8b6d,Ishaan Kor,2026-07-30,02:20:41,-07:00,2026-07-29T19:20:41-07:00,2,30
components/meta/GitHubMetaDashboard.tsx,30,tsx,29e8b6d,Ishaan Kor,2026-07-30,02:20:41,-07:00,2026-07-29T19:20:41-07:00,2,30
components/meta/GitHubMetaDashboard.tsx,31,tsx,29e8b6d,Ishaan Kor,2026-07-30,02:20:41,-07:00,2026-07-29T19:20:41-07:00,2,30
components/meta/GitHubMetaDashboard.tsx,32,tsx,29e8b6d,Ishaan Kor,2026-07-30,02:20:41,-07:00,2026-07-29T19:20:41-07:00,2,30
components/meta/GitHubMetaDashboard.tsx,33,tsx,29e8b6d,Ishaan Kor,2026-07-30,02:20:41,-07:00,2026-07-29T19:20:41-07:00,2,30
components/meta/GitHubMetaDashboard.tsx,34,tsx,29e8b6d,Ishaan Kor,2026-07-30,02:20:41,-07:00,2026-07-29T19:20:41-07:00,2,30
components/meta/GitHubMetaDashboard.tsx,35,tsx,29e8b6d,Ishaan Kor,2026-07-30,02:20:41,-07:00,2026-07-29T19:20:41-07:00,2,30
components/meta/GitHubMetaDashboard.tsx,36,tsx,29e8b6d,Ishaan Kor,2026-07-30,02:20:41,-07:00,2026-07-29T19:20:41-07:00,2,30
components/meta/GitHubMetaDashboard.tsx,37,tsx,29e8b6d,Ishaan Kor,2026-07-30,02:20:41,-07:00,2026-07-29T19:20:41-07:00,2,30
components/meta/GitHubMetaDashboard.tsx,38,tsx,29e8b6d,Ishaan Kor,2026-07-30,02:20:41,-07:00,2026-07-29T19:20:41-07:00,2,30
components/meta/GitHubMetaDashboard.tsx,39,tsx,29e8b6d,Ishaan Kor,2026-07-30,02:20:41,-07:00,2026-07-29T19:20:41-07:00,2,30
components/meta/GitHubMetaDashboard.tsx,40,tsx,29e8b6d,Ishaan Kor,2026-07-30,02:20:41,-07:00,2026-07-29T19:20:41-07:00,2,30
components/meta/GitHubMetaDashboard.tsx,41,tsx,29e8b6d,Ishaan Kor,2026-07-30,02:20:41,-07:00,2026-07-29T19:20:41-07:00,2,30
components/meta/GitHubMetaDashboard.tsx,42,tsx,29e8b6d,Ishaan Kor,2026-07-30,02:20:41,-07:00,2026-07-29T19:20:41-07:00,2,30
components/meta/GitHubMetaDashboard.tsx,43,tsx,29e8b6d,Ishaan Kor,2026-07-30,02:20:41,-07:00,2026-07-29T19:20:41-07:00,2,30
components/meta/GitHubMetaDashboard.tsx,44,tsx,29e8b6d,Ishaan Kor,2026-07-30,02:20:41,-07:00,2026-07-29T19:20:41-07:00,2,30
components/meta/GitHubMetaDashboard.tsx,45,tsx,29e8b6d,Ishaan Kor,2026-07-30,02:20:41,-07:00,2026-07-29T19:20:41-07:00,2,30
components/meta/GitHubMetaDashboard.tsx,46,tsx,29e8b6d,Ishaan Kor,2026-07-30,02:20:41,-07:00,2026-07-29T19:20:41-07:00,2,30
components/meta/GitHubMetaDashboard.tsx,47,tsx,29e8b6d,Ishaan Kor,2026-07-30,02:20:41,-07:00,2026-07-29T19:20:41-07:00,2,30
components/meta/GitHubMetaDashboard.tsx,48,tsx,29e8b6d,Ishaan Kor,2026-07-30,02:20:41,-07:00,2026-07-29T19:20:41-07:00,2,30
components/meta/GitHubMetaDashboard.tsx,49,tsx,29e8b6d,Ishaan Kor,2026-07-30,02:20:41,-07:00,2026-07-29T19:20:41-07:00,2,30
components/meta/GitHubMetaDashboard.tsx,50,tsx,29e8b6d,Ishaan Kor,2026-07-30,02:20:41,-07:00,2026-07-29T19:20:41-07:00,2,30
index.js,1,js,29e8b6d,Ishaan Kor,2026-07-30,02:20:41,-07:00,2026-07-29T19:20:41-07:00,0,30
index.js,2,js,29e8b6d,Ishaan Kor,2026-07-30,02:20:41,-07:00,2026-07-29T19:20:41-07:00,0,30
index.js,3,js,29e8b6d,Ishaan Kor,2026-07-30,02:20:41,-07:00,2026-07-29T19:20:41-07:00,0,30
index.js,4,js,29e8b6d,Ishaan Kor,2026-07-30,02:20:41,-07:00,2026-07-29T19:20:41-07:00,0,30
index.js,5,js,29e8b6d,Ishaan Kor,2026-07-30,02:20:41,-07:00,2026-07-29T19:20:41-07:00,0,30
index.js,6,js,29e8b6d,Ishaan Kor,2026-07-30,02:20:41,-07:00,2026-07-29T19:20:41-07:00,0,30
index.js,7,js,29e8b6d,Ishaan Kor,2026-07-30,02:20:41,-07:00,2026-07-29T19:20:41-07:00,0,30
meta/main.js,1,js,29e8b6d,Ishaan Kor,2026-07-30,02:20:41,-07:00,2026-07-29T19:20:41-07:00,1,30
meta/main.js,2,js,29e8b6d,Ishaan Kor,2026-07-30,02:20:41,-07:00,2026-07-29T19:20:41-07:00,1,30
meta/main.js,3,js,29e8b6d,Ishaan Kor,2026-07-30,02:20:41,-07:00,2026-07-29T19:20:41-07:00,1,30
meta/main.js,4,js,29e8b6d,Ishaan Kor,2026-07-30,02:20:41,-07:00,2026-07-29T19:20:41-07:00,1,30
meta/main.js,5,js,29e8b6d,Ishaan Kor,2026-07-30,02:20:41,-07:00,2026-07-29T19:20:41-07:00,1,30
meta/main.js,6,js,29e8b6d,Ishaan Kor,2026-07-30,02:20:41,-07:00,2026-07-29T19:20:41-07:00,1,30
meta/main.js,7,js,29e8b6d,Ishaan Kor,2026-07-30,02:20:41,-07:00,2026-07-29T19:20:41-07:00,1,30
meta/main.js,8,js,29e8b6d,Ishaan Kor,2026-07-30,02:20:41,-07:00,2026-07-29T19:20:41-07:00,1,30
meta/main.js,9,js,29e8b6d,Ishaan Kor,2026-07-30,02:20:41,-07:00,2026-07-29T19:20:41-07:00,1,30
meta/main.js,10,js,29e8b6d,Ishaan Kor,2026-07-30,02:20:41,-07:00,2026-07-29T19:20:41-07:00,1,30
meta/main.js,11,js,29e8b6d,Ishaan Kor,2026-07-30,02:20:41,-07:00,2026-07-29T19:20:41-07:00,1,30
meta/main.js,12,js,29e8b6d,Ishaan Kor,2026-07-30,02:20:41,-07:00,2026-07-29T19:20:41-07:00,1,30
meta/main.js,13,js,29e8b6d,Ishaan Kor,2026-07-30,02:20:41,-07:00,2026-07-29T19:20:41-07:00,1,30
out/404.html,1,html,29e8b6d,Ishaan Kor,2026-07-30,02:20:41,-07:00,2026-07-29T19:20:41-07:00,1,30
out/404.html,2,html,29e8b6d,Ishaan Kor,2026-07-30,02:20:41,-07:00,2026-07-29T19:20:41-07:00,1,30
out/_next/static/{Lm33cWzG_tG9HVWFuw8bO,1,code,29e8b6d,Ishaan Kor,2026-07-30,02:20:41,-07:00,2026-07-29T19:20:41-07:00,3,30
out/_next/static/{Lm33cWzG_tG9HVWFuw8bO,1,code,29e8b6d,Ishaan Kor,2026-07-30,02:20:41,-07:00,2026-07-29T19:20:41-07:00,3,30
out/_next/static/chunks/app/meta/page-4e83becfe4b76f0c.js,1,js,29e8b6d,Ishaan Kor,2026-07-30,02:20:41,-07:00,2026-07-29T19:20:41-07:00,6,30
out/_next/static/chunks/app/meta/page-c338b65d290ec5a8.js,1,js,29e8b6d,Ishaan Kor,2026-07-30,02:20:41,-07:00,2026-07-29T19:20:41-07:00,6,30
out/contact.html,1,html,29e8b6d,Ishaan Kor,2026-07-30,02:20:41,-07:00,2026-07-29T19:20:41-07:00,1,30
out/contact.html,2,html,29e8b6d,Ishaan Kor,2026-07-30,02:20:41,-07:00,2026-07-29T19:20:41-07:00,1,30
out/contact.txt,1,txt,29e8b6d,Ishaan Kor,2026-07-30,02:20:41,-07:00,2026-07-29T19:20:41-07:00,1,30
out/contact.txt,2,txt,29e8b6d,Ishaan Kor,2026-07-30,02:20:41,-07:00,2026-07-29T19:20:41-07:00,1,30
out/index.html,1,html,29e8b6d,Ishaan Kor,2026-07-30,02:20:41,-07:00,2026-07-29T19:20:41-07:00,1,30
out/index.html,2,html,29e8b6d,Ishaan Kor,2026-07-30,02:20:41,-07:00,2026-07-29T19:20:41-07:00,1,30
out/index.txt,1,txt,29e8b6d,Ishaan Kor,2026-07-30,02:20:41,-07:00,2026-07-29T19:20:41-07:00,1,30
out/index.txt,2,txt,29e8b6d,Ishaan Kor,2026-07-30,02:20:41,-07:00,2026-07-29T19:20:41-07:00,1,30
out/meta.html,1,html,29e8b6d,Ishaan Kor,2026-07-30,02:20:41,-07:00,2026-07-29T19:20:41-07:00,1,30
out/meta.html,2,html,29e8b6d,Ishaan Kor,2026-07-30,02:20:41,-07:00,2026-07-29T19:20:41-07:00,1,30
out/meta.txt,1,txt,29e8b6d,Ishaan Kor,2026-07-30,02:20:41,-07:00,2026-07-29T19:20:41-07:00,1,30
out/meta.txt,2,txt,29e8b6d,Ishaan Kor,2026-07-30,02:20:41,-07:00,2026-07-29T19:20:41-07:00,1,30
out/meta.txt,3,txt,29e8b6d,Ishaan Kor,2026-07-30,02:20:41,-07:00,2026-07-29T19:20:41-07:00,1,30
out/meta.txt,4,txt,29e8b6d,Ishaan Kor,2026-07-30,02:20:41,-07:00,2026-07-29T19:20:41-07:00,1,30
out/projects.html,1,html,29e8b6d,Ishaan Kor,2026-07-30,02:20:41,-07:00,2026-07-29T19:20:41-07:00,1,30
out/projects.html,2,html,29e8b6d,Ishaan Kor,2026-07-30,02:20:41,-07:00,2026-07-29T19:20:41-07:00,1,30
out/projects.txt,1,txt,29e8b6d,Ishaan Kor,2026-07-30,02:20:41,-07:00,2026-07-29T19:20:41-07:00,1,30
out/projects.txt,2,txt,29e8b6d,Ishaan Kor,2026-07-30,02:20:41,-07:00,2026-07-29T19:20:41-07:00,1,30
out/resume.html,1,html,29e8b6d,Ishaan Kor,2026-07-30,02:20:41,-07:00,2026-07-29T19:20:41-07:00,1,30
out/resume.html,2,html,29e8b6d,Ishaan Kor,2026-07-30,02:20:41,-07:00,2026-07-29T19:20:41-07:00,1,30
out/resume.txt,1,txt,29e8b6d,Ishaan Kor,2026-07-30,02:20:41,-07:00,2026-07-29T19:20:41-07:00,1,30
out/resume.txt,2,txt,29e8b6d,Ishaan Kor,2026-07-30,02:20:41,-07:00,2026-07-29T19:20:41-07:00,1,30
components/meta/GitHubMetaDashboard.tsx,1,tsx,5ee39b4,Ishaan Kor,2026-07-30,01:40:13,-07:00,2026-07-29T18:40:13-07:00,2,30
components/meta/GitHubMetaDashboard.tsx,2,tsx,5ee39b4,Ishaan Kor,2026-07-30,01:40:13,-07:00,2026-07-29T18:40:13-07:00,2,30
components/meta/GitHubMetaDashboard.tsx,3,tsx,5ee39b4,Ishaan Kor,2026-07-30,01:40:13,-07:00,2026-07-29T18:40:13-07:00,2,30
components/meta/GitHubMetaDashboard.tsx,4,tsx,5ee39b4,Ishaan Kor,2026-07-30,01:40:13,-07:00,2026-07-29T18:40:13-07:00,2,30
components/meta/GitHubMetaDashboard.tsx,5,tsx,5ee39b4,Ishaan Kor,2026-07-30,01:40:13,-07:00,2026-07-29T18:40:13-07:00,2,30
components/meta/GitHubMetaDashboard.tsx,6,tsx,5ee39b4,Ishaan Kor,2026-07-30,01:40:13,-07:00,2026-07-29T18:40:13-07:00,2,30
components/meta/GitHubMetaDashboard.tsx,7,tsx,5ee39b4,Ishaan Kor,2026-07-30,01:40:13,-07:00,2026-07-29T18:40:13-07:00,2,30
components/meta/GitHubMetaDashboard.tsx,8,tsx,5ee39b4,Ishaan Kor,2026-07-30,01:40:13,-07:00,2026-07-29T18:40:13-07:00,2,30
components/meta/GitHubMetaDashboard.tsx,9,tsx,5ee39b4,Ishaan Kor,2026-07-30,01:40:13,-07:00,2026-07-29T18:40:13-07:00,2,30
components/meta/GitHubMetaDashboard.tsx,10,tsx,5ee39b4,Ishaan Kor,2026-07-30,01:40:13,-07:00,2026-07-29T18:40:13-07:00,2,30
components/meta/GitHubMetaDashboard.tsx,11,tsx,5ee39b4,Ishaan Kor,2026-07-30,01:40:13,-07:00,2026-07-29T18:40:13-07:00,2,30
components/meta/GitHubMetaDashboard.tsx,12,tsx,5ee39b4,Ishaan Kor,2026-07-30,01:40:13,-07:00,2026-07-29T18:40:13-07:00,2,30
components/meta/GitHubMetaDashboard.tsx,13,tsx,5ee39b4,Ishaan Kor,2026-07-30,01:40:13,-07:00,2026-07-29T18:40:13-07:00,2,30
components/meta/GitHubMetaDashboard.tsx,14,tsx,5ee39b4,Ishaan Kor,2026-07-30,01:40:13,-07:00,2026-07-29T18:40:13-07:00,2,30
components/meta/GitHubMetaDashboard.tsx,15,tsx,5ee39b4,Ishaan Kor,2026-07-30,01:40:13,-07:00,2026-07-29T18:40:13-07:00,2,30
components/meta/GitHubMetaDashboard.tsx,16,tsx,5ee39b4,Ishaan Kor,2026-07-30,01:40:13,-07:00,2026-07-29T18:40:13-07:00,2,30
components/meta/GitHubMetaDashboard.tsx,17,tsx,5ee39b4,Ishaan Kor,2026-07-30,01:40:13,-07:00,2026-07-29T18:40:13-07:00,2,30
components/meta/GitHubMetaDashboard.tsx,18,tsx,5ee39b4,Ishaan Kor,2026-07-30,01:40:13,-07:00,2026-07-29T18:40:13-07:00,2,30
components/meta/GitHubMetaDashboard.tsx,19,tsx,5ee39b4,Ishaan Kor,2026-07-30,01:40:13,-07:00,2026-07-29T18:40:13-07:00,2,30
components/meta/GitHubMetaDashboard.tsx,20,tsx,5ee39b4,Ishaan Kor,2026-07-30,01:40:13,-07:00,2026-07-29T18:40:13-07:00,2,30
components/meta/GitHubMetaDashboard.tsx,21,tsx,5ee39b4,Ishaan Kor,2026-07-30,01:40:13,-07:00,2026-07-29T18:40:13-07:00,2,30
components/meta/GitHubMetaDashboard.tsx,22,tsx,5ee39b4,Ishaan Kor,2026-07-30,01:40:13,-07:00,2026-07-29T18:40:13-07:00,2,30
components/meta/GitHubMetaDashboard.tsx,23,tsx,5ee39b4,Ishaan Kor,2026-07-30,01:40:13,-07:00,2026-07-29T18:40:13-07:00,2,30
components/meta/GitHubMetaDashboard.tsx,24,tsx,5ee39b4,Ishaan Kor,2026-07-30,01:40:13,-07:00,2026-07-29T18:40:13-07:00,2,30
components/meta/GitHubMetaDashboard.tsx,25,tsx,5ee39b4,Ishaan Kor,2026-07-30,01:40:13,-07:00,2026-07-29T18:40:13-07:00,2,30
components/meta/GitHubMetaDashboard.tsx,26,tsx,5ee39b4,Ishaan Kor,2026-07-30,01:40:13,-07:00,2026-07-29T18:40:13-07:00,2,30
components/meta/GitHubMetaDashboard.tsx,27,tsx,5ee39b4,Ishaan Kor,2026-07-30,01:40:13,-07:00,2026-07-29T18:40:13-07:00,2,30
components/meta/GitHubMetaDashboard.tsx,28,tsx,5ee39b4,Ishaan Kor,2026-07-30,01:40:13,-07:00,2026-07-29T18:40:13-07:00,2,30
components/meta/GitHubMetaDashboard.tsx,29,tsx,5ee39b4,Ishaan Kor,2026-07-30,01:40:13,-07:00,2026-07-29T18:40:13-07:00,2,30
components/meta/GitHubMetaDashboard.tsx,30,tsx,5ee39b4,Ishaan Kor,2026-07-30,01:40:13,-07:00,2026-07-29T18:40:13-07:00,2,30
components/meta/GitHubMetaDashboard.tsx,31,tsx,5ee39b4,Ishaan Kor,2026-07-30,01:40:13,-07:00,2026-07-29T18:40:13-07:00,2,30
components/meta/GitHubMetaDashboard.tsx,32,tsx,5ee39b4,Ishaan Kor,2026-07-30,01:40:13,-07:00,2026-07-29T18:40:13-07:00,2,30
components/meta/GitHubMetaDashboard.tsx,33,tsx,5ee39b4,Ishaan Kor,2026-07-30,01:40:13,-07:00,2026-07-29T18:40:13-07:00,2,30
components/meta/GitHubMetaDashboard.tsx,34,tsx,5ee39b4,Ishaan Kor,2026-07-30,01:40:13,-07:00,2026-07-29T18:40:13-07:00,2,30
components/meta/GitHubMetaDashboard.tsx,35,tsx,5ee39b4,Ishaan Kor,2026-07-30,01:40:13,-07:00,2026-07-29T18:40:13-07:00,2,30
components/meta/GitHubMetaDashboard.tsx,36,tsx,5ee39b4,Ishaan Kor,2026-07-30,01:40:13,-07:00,2026-07-29T18:40:13-07:00,2,30
components/meta/GitHubMetaDashboard.tsx,37,tsx,5ee39b4,Ishaan Kor,2026-07-30,01:40:13,-07:00,2026-07-29T18:40:13-07:00,2,30
components/meta/GitHubMetaDashboard.tsx,38,tsx,5ee39b4,Ishaan Kor,2026-07-30,01:40:13,-07:00,2026-07-29T18:40:13-07:00,2,30
components/meta/GitHubMetaDashboard.tsx,39,tsx,5ee39b4,Ishaan Kor,2026-07-30,01:40:13,-07:00,2026-07-29T18:40:13-07:00,2,30
components/meta/GitHubMetaDashboard.tsx,40,tsx,5ee39b4,Ishaan Kor,2026-07-30,01:40:13,-07:00,2026-07-29T18:40:13-07:00,2,30
components/meta/GitHubMetaDashboard.tsx,41,tsx,5ee39b4,Ishaan Kor,2026-07-30,01:40:13,-07:00,2026-07-29T18:40:13-07:00,2,30
components/meta/GitHubMetaDashboard.tsx,42,tsx,5ee39b4,Ishaan Kor,2026-07-30,01:40:13,-07:00,2026-07-29T18:40:13-07:00,2,30
components/meta/GitHubMetaDashboard.tsx,43,tsx,5ee39b4,Ishaan Kor,2026-07-30,01:40:13,-07:00,2026-07-29T18:40:13-07:00,2,30
components/meta/GitHubMetaDashboard.tsx,44,tsx,5ee39b4,Ishaan Kor,2026-07-30,01:40:13,-07:00,2026-07-29T18:40:13-07:00,2,30
components/meta/GitHubMetaDashboard.tsx,45,tsx,5ee39b4,Ishaan Kor,2026-07-30,01:40:13,-07:00,2026-07-29T18:40:13-07:00,2,30
components/meta/GitHubMetaDashboard.tsx,46,tsx,5ee39b4,Ishaan Kor,2026-07-30,01:40:13,-07:00,2026-07-29T18:40:13-07:00,2,30
components/meta/GitHubMetaDashboard.tsx,47,tsx,5ee39b4,Ishaan Kor,2026-07-30,01:40:13,-07:00,2026-07-29T18:40:13-07:00,2,30
components/meta/GitHubMetaDashboard.tsx,48,tsx,5ee39b4,Ishaan Kor,2026-07-30,01:40:13,-07:00,2026-07-29T18:40:13-07:00,2,30
components/meta/GitHubMetaDashboard.tsx,49,tsx,5ee39b4,Ishaan Kor,2026-07-30,01:40:13,-07:00,2026-07-29T18:40:13-07:00,2,30
components/meta/GitHubMetaDashboard.tsx,50,tsx,5ee39b4,Ishaan Kor,2026-07-30,01:40:13,-07:00,2026-07-29T18:40:13-07:00,2,30
data/github-cache.json,1,json,5ee39b4,Ishaan Kor,2026-07-30,01:40:13,-07:00,2026-07-29T18:40:13-07:00,1,30
data/github-cache.json,2,json,5ee39b4,Ishaan Kor,2026-07-30,01:40:13,-07:00,2026-07-29T18:40:13-07:00,1,30
out/404.html,1,html,5ee39b4,Ishaan Kor,2026-07-30,01:40:13,-07:00,2026-07-29T18:40:13-07:00,1,30
out/404.html,2,html,5ee39b4,Ishaan Kor,2026-07-30,01:40:13,-07:00,2026-07-29T18:40:13-07:00,1,30
out/_next/static/{-X73LbYfdTe-ElKKyre0Z,1,code,5ee39b4,Ishaan Kor,2026-07-30,01:40:13,-07:00,2026-07-29T18:40:13-07:00,3,30
out/_next/static/{-X73LbYfdTe-ElKKyre0Z,1,code,5ee39b4,Ishaan Kor,2026-07-30,01:40:13,-07:00,2026-07-29T18:40:13-07:00,3,30
out/_next/static/chunks/app/meta/page-4e83becfe4b76f0c.js,1,js,5ee39b4,Ishaan Kor,2026-07-30,01:40:13,-07:00,2026-07-29T18:40:13-07:00,6,30
out/_next/static/chunks/app/meta/page-73086cb075cf339e.js,1,js,5ee39b4,Ishaan Kor,2026-07-30,01:40:13,-07:00,2026-07-29T18:40:13-07:00,6,30
out/_next/static/chunks/app/{page-d920a6413d73250b.js,1,js,5ee39b4,Ishaan Kor,2026-07-30,01:40:13,-07:00,2026-07-29T18:40:13-07:00,5,30
out/_next/static/chunks/app/{page-d920a6413d73250b.js,2,js,5ee39b4,Ishaan Kor,2026-07-30,01:40:13,-07:00,2026-07-29T18:40:13-07:00,5,30
out/_next/static/css/c86ab419613571a6.css,1,css,5ee39b4,Ishaan Kor,2026-07-30,01:40:13,-07:00,2026-07-29T18:40:13-07:00,4,30
out/_next/static/css/c86ab419613571a6.css,2,css,5ee39b4,Ishaan Kor,2026-07-30,01:40:13,-07:00,2026-07-29T18:40:13-07:00,4,30
out/_next/static/css/c86ab419613571a6.css,3,css,5ee39b4,Ishaan Kor,2026-07-30,01:40:13,-07:00,2026-07-29T18:40:13-07:00,4,30
out/_next/static/css/ccc655e148b024ae.css,1,css,5ee39b4,Ishaan Kor,2026-07-30,01:40:13,-07:00,2026-07-29T18:40:13-07:00,4,30
out/_next/static/css/ccc655e148b024ae.css,2,css,5ee39b4,Ishaan Kor,2026-07-30,01:40:13,-07:00,2026-07-29T18:40:13-07:00,4,30
out/_next/static/css/ccc655e148b024ae.css,3,css,5ee39b4,Ishaan Kor,2026-07-30,01:40:13,-07:00,2026-07-29T18:40:13-07:00,4,30
out/contact.html,1,html,5ee39b4,Ishaan Kor,2026-07-30,01:40:13,-07:00,2026-07-29T18:40:13-07:00,1,30
out/contact.html,2,html,5ee39b4,Ishaan Kor,2026-07-30,01:40:13,-07:00,2026-07-29T18:40:13-07:00,1,30
out/contact.txt,1,txt,5ee39b4,Ishaan Kor,2026-07-30,01:40:13,-07:00,2026-07-29T18:40:13-07:00,1,30
out/contact.txt,2,txt,5ee39b4,Ishaan Kor,2026-07-30,01:40:13,-07:00,2026-07-29T18:40:13-07:00,1,30
out/index.html,1,html,5ee39b4,Ishaan Kor,2026-07-30,01:40:13,-07:00,2026-07-29T18:40:13-07:00,1,30
out/index.html,2,html,5ee39b4,Ishaan Kor,2026-07-30,01:40:13,-07:00,2026-07-29T18:40:13-07:00,1,30
out/index.txt,1,txt,5ee39b4,Ishaan Kor,2026-07-30,01:40:13,-07:00,2026-07-29T18:40:13-07:00,1,30
out/index.txt,2,txt,5ee39b4,Ishaan Kor,2026-07-30,01:40:13,-07:00,2026-07-29T18:40:13-07:00,1,30
out/index.txt,3,txt,5ee39b4,Ishaan Kor,2026-07-30,01:40:13,-07:00,2026-07-29T18:40:13-07:00,1,30
out/index.txt,4,txt,5ee39b4,Ishaan Kor,2026-07-30,01:40:13,-07:00,2026-07-29T18:40:13-07:00,1,30
out/index.txt,5,txt,5ee39b4,Ishaan Kor,2026-07-30,01:40:13,-07:00,2026-07-29T18:40:13-07:00,1,30
out/index.txt,6,txt,5ee39b4,Ishaan Kor,2026-07-30,01:40:13,-07:00,2026-07-29T18:40:13-07:00,1,30
out/index.txt,7,txt,5ee39b4,Ishaan Kor,2026-07-30,01:40:13,-07:00,2026-07-29T18:40:13-07:00,1,30
out/index.txt,8,txt,5ee39b4,Ishaan Kor,2026-07-30,01:40:13,-07:00,2026-07-29T18:40:13-07:00,1,30
out/index.txt,9,txt,5ee39b4,Ishaan Kor,2026-07-30,01:40:13,-07:00,2026-07-29T18:40:13-07:00,1,30
out/index.txt,10,txt,5ee39b4,Ishaan Kor,2026-07-30,01:40:13,-07:00,2026-07-29T18:40:13-07:00,1,30
out/index.txt,11,txt,5ee39b4,Ishaan Kor,2026-07-30,01:40:13,-07:00,2026-07-29T18:40:13-07:00,1,30
out/index.txt,12,txt,5ee39b4,Ishaan Kor,2026-07-30,01:40:13,-07:00,2026-07-29T18:40:13-07:00,1,30
out/index.txt,13,txt,5ee39b4,Ishaan Kor,2026-07-30,01:40:13,-07:00,2026-07-29T18:40:13-07:00,1,30
out/index.txt,14,txt,5ee39b4,Ishaan Kor,2026-07-30,01:40:13,-07:00,2026-07-29T18:40:13-07:00,1,30
out/index.txt,15,txt,5ee39b4,Ishaan Kor,2026-07-30,01:40:13,-07:00,2026-07-29T18:40:13-07:00,1,30
out/index.txt,16,txt,5ee39b4,Ishaan Kor,2026-07-30,01:40:13,-07:00,2026-07-29T18:40:13-07:00,1,30
out/index.txt,17,txt,5ee39b4,Ishaan Kor,2026-07-30,01:40:13,-07:00,2026-07-29T18:40:13-07:00,1,30
out/index.txt,18,txt,5ee39b4,Ishaan Kor,2026-07-30,01:40:13,-07:00,2026-07-29T18:40:13-07:00,1,30
out/meta.html,1,html,5ee39b4,Ishaan Kor,2026-07-30,01:40:13,-07:00,2026-07-29T18:40:13-07:00,1,30
out/meta.html,2,html,5ee39b4,Ishaan Kor,2026-07-30,01:40:13,-07:00,2026-07-29T18:40:13-07:00,1,30
out/meta.txt,1,txt,5ee39b4,Ishaan Kor,2026-07-30,01:40:13,-07:00,2026-07-29T18:40:13-07:00,1,30
out/meta.txt,2,txt,5ee39b4,Ishaan Kor,2026-07-30,01:40:13,-07:00,2026-07-29T18:40:13-07:00,1,30
out/meta.txt,3,txt,5ee39b4,Ishaan Kor,2026-07-30,01:40:13,-07:00,2026-07-29T18:40:13-07:00,1,30
out/meta.txt,4,txt,5ee39b4,Ishaan Kor,2026-07-30,01:40:13,-07:00,2026-07-29T18:40:13-07:00,1,30
out/projects.html,1,html,5ee39b4,Ishaan Kor,2026-07-30,01:40:13,-07:00,2026-07-29T18:40:13-07:00,1,30
out/projects.html,2,html,5ee39b4,Ishaan Kor,2026-07-30,01:40:13,-07:00,2026-07-29T18:40:13-07:00,1,30
out/projects.txt,1,txt,5ee39b4,Ishaan Kor,2026-07-30,01:40:13,-07:00,2026-07-29T18:40:13-07:00,1,30
out/projects.txt,2,txt,5ee39b4,Ishaan Kor,2026-07-30,01:40:13,-07:00,2026-07-29T18:40:13-07:00,1,30
out/resume.html,1,html,5ee39b4,Ishaan Kor,2026-07-30,01:40:13,-07:00,2026-07-29T18:40:13-07:00,1,30
out/resume.html,2,html,5ee39b4,Ishaan Kor,2026-07-30,01:40:13,-07:00,2026-07-29T18:40:13-07:00,1,30
out/resume.txt,1,txt,5ee39b4,Ishaan Kor,2026-07-30,01:40:13,-07:00,2026-07-29T18:40:13-07:00,1,30
out/resume.txt,2,txt,5ee39b4,Ishaan Kor,2026-07-30,01:40:13,-07:00,2026-07-29T18:40:13-07:00,1,30
app/api/contact/route.ts,1,ts,677249e,Ishaan Kor,2026-07-30,01:27:21,-07:00,2026-07-29T18:27:21-07:00,3,30
app/api/contact/route.ts,2,ts,677249e,Ishaan Kor,2026-07-30,01:27:21,-07:00,2026-07-29T18:27:21-07:00,3,30
app/api/contact/route.ts,3,ts,677249e,Ishaan Kor,2026-07-30,01:27:21,-07:00,2026-07-29T18:27:21-07:00,3,30
app/api/contact/route.ts,4,ts,677249e,Ishaan Kor,2026-07-30,01:27:21,-07:00,2026-07-29T18:27:21-07:00,3,30
components/meta/GitHubMetaDashboard.tsx,1,tsx,677249e,Ishaan Kor,2026-07-30,01:27:21,-07:00,2026-07-29T18:27:21-07:00,2,30
components/meta/GitHubMetaDashboard.tsx,2,tsx,677249e,Ishaan Kor,2026-07-30,01:27:21,-07:00,2026-07-29T18:27:21-07:00,2,30
components/meta/GitHubMetaDashboard.tsx,3,tsx,677249e,Ishaan Kor,2026-07-30,01:27:21,-07:00,2026-07-29T18:27:21-07:00,2,30
components/meta/GitHubMetaDashboard.tsx,4,tsx,677249e,Ishaan Kor,2026-07-30,01:27:21,-07:00,2026-07-29T18:27:21-07:00,2,30
next.config.mjs,1,mjs,677249e,Ishaan Kor,2026-07-30,01:27:21,-07:00,2026-07-29T18:27:21-07:00,0,30
out/.nojekyll,1,code,677249e,Ishaan Kor,2026-07-30,01:27:21,-07:00,2026-07-29T18:27:21-07:00,1,30
out/404,1,code,677249e,Ishaan Kor,2026-07-30,01:27:21,-07:00,2026-07-29T18:27:21-07:00,1,30
out/404.html,1,html,677249e,Ishaan Kor,2026-07-30,01:27:21,-07:00,2026-07-29T18:27:21-07:00,1,30
out/404.html,2,html,677249e,Ishaan Kor,2026-07-30,01:27:21,-07:00,2026-07-29T18:27:21-07:00,1,30
out/_next/static/{mZkRi9Bs8VI1O_KOHio3b,1,code,677249e,Ishaan Kor,2026-07-30,01:27:21,-07:00,2026-07-29T18:27:21-07:00,3,30
out/_next/static/{mZkRi9Bs8VI1O_KOHio3b,1,code,677249e,Ishaan Kor,2026-07-30,01:27:21,-07:00,2026-07-29T18:27:21-07:00,3,30
out/_next/static/chunks/app/meta/page-73086cb075cf339e.js,1,js,677249e,Ishaan Kor,2026-07-30,01:27:21,-07:00,2026-07-29T18:27:21-07:00,6,30
out/_next/static/chunks/app/meta/page-fd3a8e2b92a1aa40.js,1,js,677249e,Ishaan Kor,2026-07-30,01:27:21,-07:00,2026-07-29T18:27:21-07:00,6,30
out/_next/static/chunks/{main-ca96ced90407b78a.js,1,js,677249e,Ishaan Kor,2026-07-30,01:27:21,-07:00,2026-07-29T18:27:21-07:00,4,30
out/_next/static/chunks/{main-ca96ced90407b78a.js,2,js,677249e,Ishaan Kor,2026-07-30,01:27:21,-07:00,2026-07-29T18:27:21-07:00,4,30
out/api/github,1,code,677249e,Ishaan Kor,2026-07-30,01:27:21,-07:00,2026-07-29T18:27:21-07:00,2,30
out/contact,1,code,677249e,Ishaan Kor,2026-07-30,01:27:21,-07:00,2026-07-29T18:27:21-07:00,1,30
out/contact,1,code,677249e,Ishaan Kor,2026-07-30,01:27:21,-07:00,2026-07-29T18:27:21-07:00,1,30
out/contact,2,code,677249e,Ishaan Kor,2026-07-30,01:27:21,-07:00,2026-07-29T18:27:21-07:00,1,30
out/contact,3,code,677249e,Ishaan Kor,2026-07-30,01:27:21,-07:00,2026-07-29T18:27:21-07:00,1,30
out/contact,4,code,677249e,Ishaan Kor,2026-07-30,01:27:21,-07:00,2026-07-29T18:27:21-07:00,1,30
out/contact,5,code,677249e,Ishaan Kor,2026-07-30,01:27:21,-07:00,2026-07-29T18:27:21-07:00,1,30
out/contact,6,code,677249e,Ishaan Kor,2026-07-30,01:27:21,-07:00,2026-07-29T18:27:21-07:00,1,30
out/contact,7,code,677249e,Ishaan Kor,2026-07-30,01:27:21,-07:00,2026-07-29T18:27:21-07:00,1,30
out/contact,8,code,677249e,Ishaan Kor,2026-07-30,01:27:21,-07:00,2026-07-29T18:27:21-07:00,1,30
out/contact.html,1,html,677249e,Ishaan Kor,2026-07-30,01:27:21,-07:00,2026-07-29T18:27:21-07:00,1,30
out/contact.html,2,html,677249e,Ishaan Kor,2026-07-30,01:27:21,-07:00,2026-07-29T18:27:21-07:00,1,30
out/contact.txt,1,txt,677249e,Ishaan Kor,2026-07-30,01:27:21,-07:00,2026-07-29T18:27:21-07:00,1,30
out/contact.txt,2,txt,677249e,Ishaan Kor,2026-07-30,01:27:21,-07:00,2026-07-29T18:27:21-07:00,1,30
out/index,1,code,677249e,Ishaan Kor,2026-07-30,01:27:21,-07:00,2026-07-29T18:27:21-07:00,1,30
out/index,1,code,677249e,Ishaan Kor,2026-07-30,01:27:21,-07:00,2026-07-29T18:27:21-07:00,1,30
out/index,2,code,677249e,Ishaan Kor,2026-07-30,01:27:21,-07:00,2026-07-29T18:27:21-07:00,1,30
out/index,3,code,677249e,Ishaan Kor,2026-07-30,01:27:21,-07:00,2026-07-29T18:27:21-07:00,1,30
out/index,4,code,677249e,Ishaan Kor,2026-07-30,01:27:21,-07:00,2026-07-29T18:27:21-07:00,1,30
out/index,5,code,677249e,Ishaan Kor,2026-07-30,01:27:21,-07:00,2026-07-29T18:27:21-07:00,1,30
out/index,6,code,677249e,Ishaan Kor,2026-07-30,01:27:21,-07:00,2026-07-29T18:27:21-07:00,1,30
out/index,7,code,677249e,Ishaan Kor,2026-07-30,01:27:21,-07:00,2026-07-29T18:27:21-07:00,1,30
out/index,8,code,677249e,Ishaan Kor,2026-07-30,01:27:21,-07:00,2026-07-29T18:27:21-07:00,1,30
out/index,9,code,677249e,Ishaan Kor,2026-07-30,01:27:21,-07:00,2026-07-29T18:27:21-07:00,1,30
out/index,10,code,677249e,Ishaan Kor,2026-07-30,01:27:21,-07:00,2026-07-29T18:27:21-07:00,1,30
out/index,11,code,677249e,Ishaan Kor,2026-07-30,01:27:21,-07:00,2026-07-29T18:27:21-07:00,1,30
out/index,12,code,677249e,Ishaan Kor,2026-07-30,01:27:21,-07:00,2026-07-29T18:27:21-07:00,1,30
out/index,13,code,677249e,Ishaan Kor,2026-07-30,01:27:21,-07:00,2026-07-29T18:27:21-07:00,1,30
out/index,14,code,677249e,Ishaan Kor,2026-07-30,01:27:21,-07:00,2026-07-29T18:27:21-07:00,1,30
out/index,15,code,677249e,Ishaan Kor,2026-07-30,01:27:21,-07:00,2026-07-29T18:27:21-07:00,1,30
out/index.html,1,html,677249e,Ishaan Kor,2026-07-30,01:27:21,-07:00,2026-07-29T18:27:21-07:00,1,30
out/index.html,2,html,677249e,Ishaan Kor,2026-07-30,01:27:21,-07:00,2026-07-29T18:27:21-07:00,1,30
out/index.txt,1,txt,677249e,Ishaan Kor,2026-07-30,01:27:21,-07:00,2026-07-29T18:27:21-07:00,1,30
out/index.txt,2,txt,677249e,Ishaan Kor,2026-07-30,01:27:21,-07:00,2026-07-29T18:27:21-07:00,1,30
out/meta,1,code,677249e,Ishaan Kor,2026-07-30,01:27:21,-07:00,2026-07-29T18:27:21-07:00,1,30
out/meta,1,code,677249e,Ishaan Kor,2026-07-30,01:27:21,-07:00,2026-07-29T18:27:21-07:00,1,30
out/meta,2,code,677249e,Ishaan Kor,2026-07-30,01:27:21,-07:00,2026-07-29T18:27:21-07:00,1,30
out/meta,3,code,677249e,Ishaan Kor,2026-07-30,01:27:21,-07:00,2026-07-29T18:27:21-07:00,1,30
out/meta,4,code,677249e,Ishaan Kor,2026-07-30,01:27:21,-07:00,2026-07-29T18:27:21-07:00,1,30
out/meta,5,code,677249e,Ishaan Kor,2026-07-30,01:27:21,-07:00,2026-07-29T18:27:21-07:00,1,30
out/meta,6,code,677249e,Ishaan Kor,2026-07-30,01:27:21,-07:00,2026-07-29T18:27:21-07:00,1,30
out/meta,7,code,677249e,Ishaan Kor,2026-07-30,01:27:21,-07:00,2026-07-29T18:27:21-07:00,1,30
out/meta,8,code,677249e,Ishaan Kor,2026-07-30,01:27:21,-07:00,2026-07-29T18:27:21-07:00,1,30
out/meta.html,1,html,677249e,Ishaan Kor,2026-07-30,01:27:21,-07:00,2026-07-29T18:27:21-07:00,1,30
out/meta.html,2,html,677249e,Ishaan Kor,2026-07-30,01:27:21,-07:00,2026-07-29T18:27:21-07:00,1,30
out/meta.txt,1,txt,677249e,Ishaan Kor,2026-07-30,01:27:21,-07:00,2026-07-29T18:27:21-07:00,1,30
out/meta.txt,2,txt,677249e,Ishaan Kor,2026-07-30,01:27:21,-07:00,2026-07-29T18:27:21-07:00,1,30
out/meta.txt,3,txt,677249e,Ishaan Kor,2026-07-30,01:27:21,-07:00,2026-07-29T18:27:21-07:00,1,30
out/meta.txt,4,txt,677249e,Ishaan Kor,2026-07-30,01:27:21,-07:00,2026-07-29T18:27:21-07:00,1,30
out/projects,1,code,677249e,Ishaan Kor,2026-07-30,01:27:21,-07:00,2026-07-29T18:27:21-07:00,1,30
out/projects,1,code,677249e,Ishaan Kor,2026-07-30,01:27:21,-07:00,2026-07-29T18:27:21-07:00,1,30
out/projects,2,code,677249e,Ishaan Kor,2026-07-30,01:27:21,-07:00,2026-07-29T18:27:21-07:00,1,30
out/projects,3,code,677249e,Ishaan Kor,2026-07-30,01:27:21,-07:00,2026-07-29T18:27:21-07:00,1,30
out/projects,4,code,677249e,Ishaan Kor,2026-07-30,01:27:21,-07:00,2026-07-29T18:27:21-07:00,1,30
out/projects,5,code,677249e,Ishaan Kor,2026-07-30,01:27:21,-07:00,2026-07-29T18:27:21-07:00,1,30
out/projects,6,code,677249e,Ishaan Kor,2026-07-30,01:27:21,-07:00,2026-07-29T18:27:21-07:00,1,30
out/projects,7,code,677249e,Ishaan Kor,2026-07-30,01:27:21,-07:00,2026-07-29T18:27:21-07:00,1,30
out/projects,8,code,677249e,Ishaan Kor,2026-07-30,01:27:21,-07:00,2026-07-29T18:27:21-07:00,1,30
out/projects,9,code,677249e,Ishaan Kor,2026-07-30,01:27:21,-07:00,2026-07-29T18:27:21-07:00,1,30
out/projects.html,1,html,677249e,Ishaan Kor,2026-07-30,01:27:21,-07:00,2026-07-29T18:27:21-07:00,1,30
out/projects.html,2,html,677249e,Ishaan Kor,2026-07-30,01:27:21,-07:00,2026-07-29T18:27:21-07:00,1,30
out/projects.txt,1,txt,677249e,Ishaan Kor,2026-07-30,01:27:21,-07:00,2026-07-29T18:27:21-07:00,1,30
out/projects.txt,2,txt,677249e,Ishaan Kor,2026-07-30,01:27:21,-07:00,2026-07-29T18:27:21-07:00,1,30
out/resume,1,code,677249e,Ishaan Kor,2026-07-30,01:27:21,-07:00,2026-07-29T18:27:21-07:00,1,30
out/resume,1,code,677249e,Ishaan Kor,2026-07-30,01:27:21,-07:00,2026-07-29T18:27:21-07:00,1,30
out/resume,2,code,677249e,Ishaan Kor,2026-07-30,01:27:21,-07:00,2026-07-29T18:27:21-07:00,1,30
out/resume,3,code,677249e,Ishaan Kor,2026-07-30,01:27:21,-07:00,2026-07-29T18:27:21-07:00,1,30
out/resume,4,code,677249e,Ishaan Kor,2026-07-30,01:27:21,-07:00,2026-07-29T18:27:21-07:00,1,30
out/resume,5,code,677249e,Ishaan Kor,2026-07-30,01:27:21,-07:00,2026-07-29T18:27:21-07:00,1,30
out/resume,6,code,677249e,Ishaan Kor,2026-07-30,01:27:21,-07:00,2026-07-29T18:27:21-07:00,1,30
out/resume,7,code,677249e,Ishaan Kor,2026-07-30,01:27:21,-07:00,2026-07-29T18:27:21-07:00,1,30
out/resume,8,code,677249e,Ishaan Kor,2026-07-30,01:27:21,-07:00,2026-07-29T18:27:21-07:00,1,30
out/resume,9,code,677249e,Ishaan Kor,2026-07-30,01:27:21,-07:00,2026-07-29T18:27:21-07:00,1,30
out/resume.html,1,html,677249e,Ishaan Kor,2026-07-30,01:27:21,-07:00,2026-07-29T18:27:21-07:00,1,30
out/resume.html,2,html,677249e,Ishaan Kor,2026-07-30,01:27:21,-07:00,2026-07-29T18:27:21-07:00,1,30
out/resume.txt,1,txt,677249e,Ishaan Kor,2026-07-30,01:27:21,-07:00,2026-07-29T18:27:21-07:00,1,30
out/resume.txt,2,txt,677249e,Ishaan Kor,2026-07-30,01:27:21,-07:00,2026-07-29T18:27:21-07:00,1,30
scripts/fetch-github-cache.mjs,1,mjs,677249e,Ishaan Kor,2026-07-30,01:27:21,-07:00,2026-07-29T18:27:21-07:00,1,30
scripts/fetch-github-cache.mjs,2,mjs,677249e,Ishaan Kor,2026-07-30,01:27:21,-07:00,2026-07-29T18:27:21-07:00,1,30
scripts/fetch-github-cache.mjs,3,mjs,677249e,Ishaan Kor,2026-07-30,01:27:21,-07:00,2026-07-29T18:27:21-07:00,1,30
scripts/fetch-github-cache.mjs,4,mjs,677249e,Ishaan Kor,2026-07-30,01:27:21,-07:00,2026-07-29T18:27:21-07:00,1,30
scripts/fetch-github-cache.mjs,5,mjs,677249e,Ishaan Kor,2026-07-30,01:27:21,-07:00,2026-07-29T18:27:21-07:00,1,30
scripts/fetch-github-cache.mjs,6,mjs,677249e,Ishaan Kor,2026-07-30,01:27:21,-07:00,2026-07-29T18:27:21-07:00,1,30
scripts/fetch-github-cache.mjs,7,mjs,677249e,Ishaan Kor,2026-07-30,01:27:21,-07:00,2026-07-29T18:27:21-07:00,1,30
scripts/fetch-github-cache.mjs,8,mjs,677249e,Ishaan Kor,2026-07-30,01:27:21,-07:00,2026-07-29T18:27:21-07:00,1,30
scripts/fetch-github-cache.mjs,9,mjs,677249e,Ishaan Kor,2026-07-30,01:27:21,-07:00,2026-07-29T18:27:21-07:00,1,30
scripts/fetch-github-cache.mjs,10,mjs,677249e,Ishaan Kor,2026-07-30,01:27:21,-07:00,2026-07-29T18:27:21-07:00,1,30
scripts/fetch-github-cache.mjs,11,mjs,677249e,Ishaan Kor,2026-07-30,01:27:21,-07:00,2026-07-29T18:27:21-07:00,1,30
scripts/fetch-github-cache.mjs,12,mjs,677249e,Ishaan Kor,2026-07-30,01:27:21,-07:00,2026-07-29T18:27:21-07:00,1,30
scripts/fetch-github-cache.mjs,13,mjs,677249e,Ishaan Kor,2026-07-30,01:27:21,-07:00,2026-07-29T18:27:21-07:00,1,30
scripts/fetch-github-cache.mjs,14,mjs,677249e,Ishaan Kor,2026-07-30,01:27:21,-07:00,2026-07-29T18:27:21-07:00,1,30
scripts/fetch-github-cache.mjs,15,mjs,677249e,Ishaan Kor,2026-07-30,01:27:21,-07:00,2026-07-29T18:27:21-07:00,1,30
scripts/fetch-github-cache.mjs,16,mjs,677249e,Ishaan Kor,2026-07-30,01:27:21,-07:00,2026-07-29T18:27:21-07:00,1,30
scripts/fetch-github-cache.mjs,17,mjs,677249e,Ishaan Kor,2026-07-30,01:27:21,-07:00,2026-07-29T18:27:21-07:00,1,30
scripts/fetch-github-cache.mjs,18,mjs,677249e,Ishaan Kor,2026-07-30,01:27:21,-07:00,2026-07-29T18:27:21-07:00,1,30
scripts/fetch-github-cache.mjs,19,mjs,677249e,Ishaan Kor,2026-07-30,01:27:21,-07:00,2026-07-29T18:27:21-07:00,1,30
scripts/fetch-github-cache.mjs,20,mjs,677249e,Ishaan Kor,2026-07-30,01:27:21,-07:00,2026-07-29T18:27:21-07:00,1,30
scripts/fetch-github-cache.mjs,21,mjs,677249e,Ishaan Kor,2026-07-30,01:27:21,-07:00,2026-07-29T18:27:21-07:00,1,30
scripts/fetch-github-cache.mjs,22,mjs,677249e,Ishaan Kor,2026-07-30,01:27:21,-07:00,2026-07-29T18:27:21-07:00,1,30
scripts/fetch-github-cache.mjs,23,mjs,677249e,Ishaan Kor,2026-07-30,01:27:21,-07:00,2026-07-29T18:27:21-07:00,1,30
app/api/github/route.ts,1,ts,9b302cc,Ishaan Kor,2026-07-30,01:21:54,-07:00,2026-07-29T18:21:54-07:00,3,30
app/api/github/route.ts,2,ts,9b302cc,Ishaan Kor,2026-07-30,01:21:54,-07:00,2026-07-29T18:21:54-07:00,3,30
app/api/github/route.ts,3,ts,9b302cc,Ishaan Kor,2026-07-30,01:21:54,-07:00,2026-07-29T18:21:54-07:00,3,30
app/api/github/route.ts,4,ts,9b302cc,Ishaan Kor,2026-07-30,01:21:54,-07:00,2026-07-29T18:21:54-07:00,3,30
app/api/github/route.ts,5,ts,9b302cc,Ishaan Kor,2026-07-30,01:21:54,-07:00,2026-07-29T18:21:54-07:00,3,30
app/api/github/route.ts,6,ts,9b302cc,Ishaan Kor,2026-07-30,01:21:54,-07:00,2026-07-29T18:21:54-07:00,3,30
app/api/github/route.ts,7,ts,9b302cc,Ishaan Kor,2026-07-30,01:21:54,-07:00,2026-07-29T18:21:54-07:00,3,30
app/api/github/route.ts,8,ts,9b302cc,Ishaan Kor,2026-07-30,01:21:54,-07:00,2026-07-29T18:21:54-07:00,3,30
app/api/github/route.ts,9,ts,9b302cc,Ishaan Kor,2026-07-30,01:21:54,-07:00,2026-07-29T18:21:54-07:00,3,30
app/api/github/route.ts,10,ts,9b302cc,Ishaan Kor,2026-07-30,01:21:54,-07:00,2026-07-29T18:21:54-07:00,3,30
app/api/github/route.ts,11,ts,9b302cc,Ishaan Kor,2026-07-30,01:21:54,-07:00,2026-07-29T18:21:54-07:00,3,30
app/api/github/route.ts,12,ts,9b302cc,Ishaan Kor,2026-07-30,01:21:54,-07:00,2026-07-29T18:21:54-07:00,3,30
app/api/github/route.ts,13,ts,9b302cc,Ishaan Kor,2026-07-30,01:21:54,-07:00,2026-07-29T18:21:54-07:00,3,30
app/api/github/route.ts,14,ts,9b302cc,Ishaan Kor,2026-07-30,01:21:54,-07:00,2026-07-29T18:21:54-07:00,3,30
app/api/github/route.ts,15,ts,9b302cc,Ishaan Kor,2026-07-30,01:21:54,-07:00,2026-07-29T18:21:54-07:00,3,30
app/api/github/route.ts,16,ts,9b302cc,Ishaan Kor,2026-07-30,01:21:54,-07:00,2026-07-29T18:21:54-07:00,3,30
app/api/github/route.ts,17,ts,9b302cc,Ishaan Kor,2026-07-30,01:21:54,-07:00,2026-07-29T18:21:54-07:00,3,30
app/api/github/route.ts,18,ts,9b302cc,Ishaan Kor,2026-07-30,01:21:54,-07:00,2026-07-29T18:21:54-07:00,3,30
app/api/github/route.ts,19,ts,9b302cc,Ishaan Kor,2026-07-30,01:21:54,-07:00,2026-07-29T18:21:54-07:00,3,30
app/api/github/route.ts,20,ts,9b302cc,Ishaan Kor,2026-07-30,01:21:54,-07:00,2026-07-29T18:21:54-07:00,3,30
app/api/github/route.ts,21,ts,9b302cc,Ishaan Kor,2026-07-30,01:21:54,-07:00,2026-07-29T18:21:54-07:00,3,30
app/api/github/route.ts,22,ts,9b302cc,Ishaan Kor,2026-07-30,01:21:54,-07:00,2026-07-29T18:21:54-07:00,3,30
app/api/github/route.ts,23,ts,9b302cc,Ishaan Kor,2026-07-30,01:21:54,-07:00,2026-07-29T18:21:54-07:00,3,30
app/api/github/route.ts,24,ts,9b302cc,Ishaan Kor,2026-07-30,01:21:54,-07:00,2026-07-29T18:21:54-07:00,3,30
app/api/github/route.ts,25,ts,9b302cc,Ishaan Kor,2026-07-30,01:21:54,-07:00,2026-07-29T18:21:54-07:00,3,30
app/api/github/route.ts,26,ts,9b302cc,Ishaan Kor,2026-07-30,01:21:54,-07:00,2026-07-29T18:21:54-07:00,3,30
app/api/github/route.ts,27,ts,9b302cc,Ishaan Kor,2026-07-30,01:21:54,-07:00,2026-07-29T18:21:54-07:00,3,30
app/api/github/route.ts,28,ts,9b302cc,Ishaan Kor,2026-07-30,01:21:54,-07:00,2026-07-29T18:21:54-07:00,3,30
app/api/github/route.ts,29,ts,9b302cc,Ishaan Kor,2026-07-30,01:21:54,-07:00,2026-07-29T18:21:54-07:00,3,30
app/api/github/route.ts,30,ts,9b302cc,Ishaan Kor,2026-07-30,01:21:54,-07:00,2026-07-29T18:21:54-07:00,3,30
app/api/github/route.ts,31,ts,9b302cc,Ishaan Kor,2026-07-30,01:21:54,-07:00,2026-07-29T18:21:54-07:00,3,30
app/api/github/route.ts,32,ts,9b302cc,Ishaan Kor,2026-07-30,01:21:54,-07:00,2026-07-29T18:21:54-07:00,3,30
app/api/github/route.ts,33,ts,9b302cc,Ishaan Kor,2026-07-30,01:21:54,-07:00,2026-07-29T18:21:54-07:00,3,30
app/api/github/route.ts,34,ts,9b302cc,Ishaan Kor,2026-07-30,01:21:54,-07:00,2026-07-29T18:21:54-07:00,3,30
app/api/github/route.ts,35,ts,9b302cc,Ishaan Kor,2026-07-30,01:21:54,-07:00,2026-07-29T18:21:54-07:00,3,30
app/api/github/route.ts,36,ts,9b302cc,Ishaan Kor,2026-07-30,01:21:54,-07:00,2026-07-29T18:21:54-07:00,3,30
app/api/github/route.ts,37,ts,9b302cc,Ishaan Kor,2026-07-30,01:21:54,-07:00,2026-07-29T18:21:54-07:00,3,30
app/api/github/route.ts,38,ts,9b302cc,Ishaan Kor,2026-07-30,01:21:54,-07:00,2026-07-29T18:21:54-07:00,3,30
app/api/github/route.ts,39,ts,9b302cc,Ishaan Kor,2026-07-30,01:21:54,-07:00,2026-07-29T18:21:54-07:00,3,30
app/api/github/route.ts,40,ts,9b302cc,Ishaan Kor,2026-07-30,01:21:54,-07:00,2026-07-29T18:21:54-07:00,3,30
app/api/github/route.ts,41,ts,9b302cc,Ishaan Kor,2026-07-30,01:21:54,-07:00,2026-07-29T18:21:54-07:00,3,30
app/api/github/route.ts,42,ts,9b302cc,Ishaan Kor,2026-07-30,01:21:54,-07:00,2026-07-29T18:21:54-07:00,3,30
app/api/github/route.ts,43,ts,9b302cc,Ishaan Kor,2026-07-30,01:21:54,-07:00,2026-07-29T18:21:54-07:00,3,30
app/api/github/route.ts,44,ts,9b302cc,Ishaan Kor,2026-07-30,01:21:54,-07:00,2026-07-29T18:21:54-07:00,3,30
components/meta/GitHubMetaDashboard.tsx,1,tsx,49eba39,Ishaan Kor,2026-07-30,01:17:27,-07:00,2026-07-29T18:17:27-07:00,2,30
components/meta/GitHubMetaDashboard.tsx,2,tsx,49eba39,Ishaan Kor,2026-07-30,01:17:27,-07:00,2026-07-29T18:17:27-07:00,2,30
app/api/github/route.ts,1,ts,815e4e1,Ishaan Kor,2026-07-30,01:05:18,-07:00,2026-07-29T18:05:18-07:00,3,30
app/api/github/route.ts,2,ts,815e4e1,Ishaan Kor,2026-07-30,01:05:18,-07:00,2026-07-29T18:05:18-07:00,3,30
app/api/github/route.ts,3,ts,815e4e1,Ishaan Kor,2026-07-30,01:05:18,-07:00,2026-07-29T18:05:18-07:00,3,30
app/api/github/route.ts,4,ts,815e4e1,Ishaan Kor,2026-07-30,01:05:18,-07:00,2026-07-29T18:05:18-07:00,3,30
app/api/github/route.ts,5,ts,815e4e1,Ishaan Kor,2026-07-30,01:05:18,-07:00,2026-07-29T18:05:18-07:00,3,30
app/api/github/route.ts,6,ts,815e4e1,Ishaan Kor,2026-07-30,01:05:18,-07:00,2026-07-29T18:05:18-07:00,3,30
app/api/github/route.ts,7,ts,815e4e1,Ishaan Kor,2026-07-30,01:05:18,-07:00,2026-07-29T18:05:18-07:00,3,30
app/api/github/route.ts,8,ts,815e4e1,Ishaan Kor,2026-07-30,01:05:18,-07:00,2026-07-29T18:05:18-07:00,3,30
app/api/github/route.ts,9,ts,815e4e1,Ishaan Kor,2026-07-30,01:05:18,-07:00,2026-07-29T18:05:18-07:00,3,30
app/api/github/route.ts,10,ts,815e4e1,Ishaan Kor,2026-07-30,01:05:18,-07:00,2026-07-29T18:05:18-07:00,3,30
app/api/github/route.ts,11,ts,815e4e1,Ishaan Kor,2026-07-30,01:05:18,-07:00,2026-07-29T18:05:18-07:00,3,30
app/api/github/route.ts,12,ts,815e4e1,Ishaan Kor,2026-07-30,01:05:18,-07:00,2026-07-29T18:05:18-07:00,3,30
app/api/github/route.ts,13,ts,815e4e1,Ishaan Kor,2026-07-30,01:05:18,-07:00,2026-07-29T18:05:18-07:00,3,30
app/api/github/route.ts,14,ts,815e4e1,Ishaan Kor,2026-07-30,01:05:18,-07:00,2026-07-29T18:05:18-07:00,3,30
app/api/github/route.ts,15,ts,815e4e1,Ishaan Kor,2026-07-30,01:05:18,-07:00,2026-07-29T18:05:18-07:00,3,30
app/api/github/route.ts,16,ts,815e4e1,Ishaan Kor,2026-07-30,01:05:18,-07:00,2026-07-29T18:05:18-07:00,3,30
app/api/github/route.ts,17,ts,815e4e1,Ishaan Kor,2026-07-30,01:05:18,-07:00,2026-07-29T18:05:18-07:00,3,30
app/api/github/route.ts,18,ts,815e4e1,Ishaan Kor,2026-07-30,01:05:18,-07:00,2026-07-29T18:05:18-07:00,3,30
app/api/github/route.ts,19,ts,815e4e1,Ishaan Kor,2026-07-30,01:05:18,-07:00,2026-07-29T18:05:18-07:00,3,30
app/api/github/route.ts,20,ts,815e4e1,Ishaan Kor,2026-07-30,01:05:18,-07:00,2026-07-29T18:05:18-07:00,3,30
app/api/github/route.ts,21,ts,815e4e1,Ishaan Kor,2026-07-30,01:05:18,-07:00,2026-07-29T18:05:18-07:00,3,30
app/api/github/route.ts,22,ts,815e4e1,Ishaan Kor,2026-07-30,01:05:18,-07:00,2026-07-29T18:05:18-07:00,3,30
app/api/github/route.ts,23,ts,815e4e1,Ishaan Kor,2026-07-30,01:05:18,-07:00,2026-07-29T18:05:18-07:00,3,30
app/api/github/route.ts,24,ts,815e4e1,Ishaan Kor,2026-07-30,01:05:18,-07:00,2026-07-29T18:05:18-07:00,3,30
app/api/github/route.ts,25,ts,815e4e1,Ishaan Kor,2026-07-30,01:05:18,-07:00,2026-07-29T18:05:18-07:00,3,30
app/api/github/route.ts,26,ts,815e4e1,Ishaan Kor,2026-07-30,01:05:18,-07:00,2026-07-29T18:05:18-07:00,3,30
app/api/github/route.ts,27,ts,815e4e1,Ishaan Kor,2026-07-30,01:05:18,-07:00,2026-07-29T18:05:18-07:00,3,30
app/api/github/route.ts,28,ts,815e4e1,Ishaan Kor,2026-07-30,01:05:18,-07:00,2026-07-29T18:05:18-07:00,3,30
app/api/github/route.ts,29,ts,815e4e1,Ishaan Kor,2026-07-30,01:05:18,-07:00,2026-07-29T18:05:18-07:00,3,30
app/api/github/route.ts,30,ts,815e4e1,Ishaan Kor,2026-07-30,01:05:18,-07:00,2026-07-29T18:05:18-07:00,3,30
app/api/github/route.ts,31,ts,815e4e1,Ishaan Kor,2026-07-30,01:05:18,-07:00,2026-07-29T18:05:18-07:00,3,30
app/api/github/route.ts,32,ts,815e4e1,Ishaan Kor,2026-07-30,01:05:18,-07:00,2026-07-29T18:05:18-07:00,3,30
app/api/github/route.ts,33,ts,815e4e1,Ishaan Kor,2026-07-30,01:05:18,-07:00,2026-07-29T18:05:18-07:00,3,30
app/api/github/route.ts,34,ts,815e4e1,Ishaan Kor,2026-07-30,01:05:18,-07:00,2026-07-29T18:05:18-07:00,3,30
app/api/github/route.ts,35,ts,815e4e1,Ishaan Kor,2026-07-30,01:05:18,-07:00,2026-07-29T18:05:18-07:00,3,30
app/api/github/route.ts,36,ts,815e4e1,Ishaan Kor,2026-07-30,01:05:18,-07:00,2026-07-29T18:05:18-07:00,3,30
app/api/github/route.ts,37,ts,815e4e1,Ishaan Kor,2026-07-30,01:05:18,-07:00,2026-07-29T18:05:18-07:00,3,30
app/api/github/route.ts,38,ts,815e4e1,Ishaan Kor,2026-07-30,01:05:18,-07:00,2026-07-29T18:05:18-07:00,3,30
app/api/github/route.ts,39,ts,815e4e1,Ishaan Kor,2026-07-30,01:05:18,-07:00,2026-07-29T18:05:18-07:00,3,30
app/api/github/route.ts,40,ts,815e4e1,Ishaan Kor,2026-07-30,01:05:18,-07:00,2026-07-29T18:05:18-07:00,3,30
app/api/github/route.ts,41,ts,815e4e1,Ishaan Kor,2026-07-30,01:05:18,-07:00,2026-07-29T18:05:18-07:00,3,30
app/api/github/route.ts,42,ts,815e4e1,Ishaan Kor,2026-07-30,01:05:18,-07:00,2026-07-29T18:05:18-07:00,3,30
app/api/github/route.ts,43,ts,815e4e1,Ishaan Kor,2026-07-30,01:05:18,-07:00,2026-07-29T18:05:18-07:00,3,30
app/api/github/route.ts,44,ts,815e4e1,Ishaan Kor,2026-07-30,01:05:18,-07:00,2026-07-29T18:05:18-07:00,3,30
app/api/github/route.ts,45,ts,815e4e1,Ishaan Kor,2026-07-30,01:05:18,-07:00,2026-07-29T18:05:18-07:00,3,30
app/api/github/route.ts,46,ts,815e4e1,Ishaan Kor,2026-07-30,01:05:18,-07:00,2026-07-29T18:05:18-07:00,3,30
app/api/github/route.ts,47,ts,815e4e1,Ishaan Kor,2026-07-30,01:05:18,-07:00,2026-07-29T18:05:18-07:00,3,30
app/api/github/route.ts,48,ts,815e4e1,Ishaan Kor,2026-07-30,01:05:18,-07:00,2026-07-29T18:05:18-07:00,3,30
app/api/github/route.ts,49,ts,815e4e1,Ishaan Kor,2026-07-30,01:05:18,-07:00,2026-07-29T18:05:18-07:00,3,30
app/api/github/route.ts,50,ts,815e4e1,Ishaan Kor,2026-07-30,01:05:18,-07:00,2026-07-29T18:05:18-07:00,3,30
app/api/github/route.ts,1,ts,3bab746,Ishaan Kor,2026-07-30,00:55:35,-07:00,2026-07-29T17:55:35-07:00,3,30
app/api/github/route.ts,2,ts,3bab746,Ishaan Kor,2026-07-30,00:55:35,-07:00,2026-07-29T17:55:35-07:00,3,30
app/api/github/route.ts,3,ts,3bab746,Ishaan Kor,2026-07-30,00:55:35,-07:00,2026-07-29T17:55:35-07:00,3,30
app/api/github/route.ts,4,ts,3bab746,Ishaan Kor,2026-07-30,00:55:35,-07:00,2026-07-29T17:55:35-07:00,3,30
app/api/github/route.ts,5,ts,3bab746,Ishaan Kor,2026-07-30,00:55:35,-07:00,2026-07-29T17:55:35-07:00,3,30
app/api/github/route.ts,6,ts,3bab746,Ishaan Kor,2026-07-30,00:55:35,-07:00,2026-07-29T17:55:35-07:00,3,30
app/api/github/route.ts,7,ts,3bab746,Ishaan Kor,2026-07-30,00:55:35,-07:00,2026-07-29T17:55:35-07:00,3,30
app/api/github/route.ts,8,ts,3bab746,Ishaan Kor,2026-07-30,00:55:35,-07:00,2026-07-29T17:55:35-07:00,3,30
app/api/github/route.ts,9,ts,3bab746,Ishaan Kor,2026-07-30,00:55:35,-07:00,2026-07-29T17:55:35-07:00,3,30
app/api/github/route.ts,10,ts,3bab746,Ishaan Kor,2026-07-30,00:55:35,-07:00,2026-07-29T17:55:35-07:00,3,30
app/api/github/route.ts,11,ts,3bab746,Ishaan Kor,2026-07-30,00:55:35,-07:00,2026-07-29T17:55:35-07:00,3,30
app/api/github/route.ts,12,ts,3bab746,Ishaan Kor,2026-07-30,00:55:35,-07:00,2026-07-29T17:55:35-07:00,3,30
app/api/github/route.ts,13,ts,3bab746,Ishaan Kor,2026-07-30,00:55:35,-07:00,2026-07-29T17:55:35-07:00,3,30
app/api/github/route.ts,14,ts,3bab746,Ishaan Kor,2026-07-30,00:55:35,-07:00,2026-07-29T17:55:35-07:00,3,30
app/api/github/route.ts,15,ts,3bab746,Ishaan Kor,2026-07-30,00:55:35,-07:00,2026-07-29T17:55:35-07:00,3,30
app/api/github/route.ts,16,ts,3bab746,Ishaan Kor,2026-07-30,00:55:35,-07:00,2026-07-29T17:55:35-07:00,3,30
app/api/github/route.ts,17,ts,3bab746,Ishaan Kor,2026-07-30,00:55:35,-07:00,2026-07-29T17:55:35-07:00,3,30
app/api/github/route.ts,18,ts,3bab746,Ishaan Kor,2026-07-30,00:55:35,-07:00,2026-07-29T17:55:35-07:00,3,30
app/api/github/route.ts,19,ts,3bab746,Ishaan Kor,2026-07-30,00:55:35,-07:00,2026-07-29T17:55:35-07:00,3,30
app/api/github/route.ts,20,ts,3bab746,Ishaan Kor,2026-07-30,00:55:35,-07:00,2026-07-29T17:55:35-07:00,3,30
app/api/github/route.ts,21,ts,3bab746,Ishaan Kor,2026-07-30,00:55:35,-07:00,2026-07-29T17:55:35-07:00,3,30
app/api/github/route.ts,22,ts,3bab746,Ishaan Kor,2026-07-30,00:55:35,-07:00,2026-07-29T17:55:35-07:00,3,30
app/api/github/route.ts,23,ts,3bab746,Ishaan Kor,2026-07-30,00:55:35,-07:00,2026-07-29T17:55:35-07:00,3,30
app/api/github/route.ts,24,ts,3bab746,Ishaan Kor,2026-07-30,00:55:35,-07:00,2026-07-29T17:55:35-07:00,3,30
app/api/github/route.ts,25,ts,3bab746,Ishaan Kor,2026-07-30,00:55:35,-07:00,2026-07-29T17:55:35-07:00,3,30
app/api/github/route.ts,26,ts,3bab746,Ishaan Kor,2026-07-30,00:55:35,-07:00,2026-07-29T17:55:35-07:00,3,30
app/api/github/route.ts,27,ts,3bab746,Ishaan Kor,2026-07-30,00:55:35,-07:00,2026-07-29T17:55:35-07:00,3,30
app/api/github/route.ts,28,ts,3bab746,Ishaan Kor,2026-07-30,00:55:35,-07:00,2026-07-29T17:55:35-07:00,3,30
app/api/github/route.ts,29,ts,3bab746,Ishaan Kor,2026-07-30,00:55:35,-07:00,2026-07-29T17:55:35-07:00,3,30
app/api/github/route.ts,30,ts,3bab746,Ishaan Kor,2026-07-30,00:55:35,-07:00,2026-07-29T17:55:35-07:00,3,30
app/api/github/route.ts,31,ts,3bab746,Ishaan Kor,2026-07-30,00:55:35,-07:00,2026-07-29T17:55:35-07:00,3,30
app/api/github/route.ts,32,ts,3bab746,Ishaan Kor,2026-07-30,00:55:35,-07:00,2026-07-29T17:55:35-07:00,3,30
app/api/github/route.ts,33,ts,3bab746,Ishaan Kor,2026-07-30,00:55:35,-07:00,2026-07-29T17:55:35-07:00,3,30
app/api/github/route.ts,34,ts,3bab746,Ishaan Kor,2026-07-30,00:55:35,-07:00,2026-07-29T17:55:35-07:00,3,30
app/api/github/route.ts,35,ts,3bab746,Ishaan Kor,2026-07-30,00:55:35,-07:00,2026-07-29T17:55:35-07:00,3,30
app/api/github/route.ts,36,ts,3bab746,Ishaan Kor,2026-07-30,00:55:35,-07:00,2026-07-29T17:55:35-07:00,3,30
app/api/github/route.ts,37,ts,3bab746,Ishaan Kor,2026-07-30,00:55:35,-07:00,2026-07-29T17:55:35-07:00,3,30
app/api/github/route.ts,38,ts,3bab746,Ishaan Kor,2026-07-30,00:55:35,-07:00,2026-07-29T17:55:35-07:00,3,30
app/api/github/route.ts,39,ts,3bab746,Ishaan Kor,2026-07-30,00:55:35,-07:00,2026-07-29T17:55:35-07:00,3,30
app/api/github/route.ts,40,ts,3bab746,Ishaan Kor,2026-07-30,00:55:35,-07:00,2026-07-29T17:55:35-07:00,3,30
app/api/github/route.ts,41,ts,3bab746,Ishaan Kor,2026-07-30,00:55:35,-07:00,2026-07-29T17:55:35-07:00,3,30
app/api/github/route.ts,42,ts,3bab746,Ishaan Kor,2026-07-30,00:55:35,-07:00,2026-07-29T17:55:35-07:00,3,30
app/api/github/route.ts,43,ts,3bab746,Ishaan Kor,2026-07-30,00:55:35,-07:00,2026-07-29T17:55:35-07:00,3,30
app/api/github/route.ts,44,ts,3bab746,Ishaan Kor,2026-07-30,00:55:35,-07:00,2026-07-29T17:55:35-07:00,3,30
app/api/github/route.ts,45,ts,3bab746,Ishaan Kor,2026-07-30,00:55:35,-07:00,2026-07-29T17:55:35-07:00,3,30
app/api/github/route.ts,46,ts,3bab746,Ishaan Kor,2026-07-30,00:55:35,-07:00,2026-07-29T17:55:35-07:00,3,30
app/api/github/route.ts,47,ts,3bab746,Ishaan Kor,2026-07-30,00:55:35,-07:00,2026-07-29T17:55:35-07:00,3,30
app/api/github/route.ts,48,ts,3bab746,Ishaan Kor,2026-07-30,00:55:35,-07:00,2026-07-29T17:55:35-07:00,3,30
app/api/github/route.ts,49,ts,3bab746,Ishaan Kor,2026-07-30,00:55:35,-07:00,2026-07-29T17:55:35-07:00,3,30
app/api/github/route.ts,50,ts,3bab746,Ishaan Kor,2026-07-30,00:55:35,-07:00,2026-07-29T17:55:35-07:00,3,30
components/meta/GitHubMetaDashboard.tsx,1,tsx,3bab746,Ishaan Kor,2026-07-30,00:55:35,-07:00,2026-07-29T17:55:35-07:00,2,30
components/meta/GitHubMetaDashboard.tsx,2,tsx,3bab746,Ishaan Kor,2026-07-30,00:55:35,-07:00,2026-07-29T17:55:35-07:00,2,30
components/meta/GitHubMetaDashboard.tsx,3,tsx,3bab746,Ishaan Kor,2026-07-30,00:55:35,-07:00,2026-07-29T17:55:35-07:00,2,30
components/meta/GitHubMetaDashboard.tsx,4,tsx,3bab746,Ishaan Kor,2026-07-30,00:55:35,-07:00,2026-07-29T17:55:35-07:00,2,30
components/meta/GitHubMetaDashboard.tsx,5,tsx,3bab746,Ishaan Kor,2026-07-30,00:55:35,-07:00,2026-07-29T17:55:35-07:00,2,30
components/meta/GitHubMetaDashboard.tsx,6,tsx,3bab746,Ishaan Kor,2026-07-30,00:55:35,-07:00,2026-07-29T17:55:35-07:00,2,30
components/meta/GitHubMetaDashboard.tsx,7,tsx,3bab746,Ishaan Kor,2026-07-30,00:55:35,-07:00,2026-07-29T17:55:35-07:00,2,30
components/meta/GitHubMetaDashboard.tsx,8,tsx,3bab746,Ishaan Kor,2026-07-30,00:55:35,-07:00,2026-07-29T17:55:35-07:00,2,30
components/meta/GitHubMetaDashboard.tsx,9,tsx,3bab746,Ishaan Kor,2026-07-30,00:55:35,-07:00,2026-07-29T17:55:35-07:00,2,30
components/meta/GitHubMetaDashboard.tsx,10,tsx,3bab746,Ishaan Kor,2026-07-30,00:55:35,-07:00,2026-07-29T17:55:35-07:00,2,30
components/meta/GitHubMetaDashboard.tsx,11,tsx,3bab746,Ishaan Kor,2026-07-30,00:55:35,-07:00,2026-07-29T17:55:35-07:00,2,30
components/meta/GitHubMetaDashboard.tsx,12,tsx,3bab746,Ishaan Kor,2026-07-30,00:55:35,-07:00,2026-07-29T17:55:35-07:00,2,30
components/meta/GitHubMetaDashboard.tsx,13,tsx,3bab746,Ishaan Kor,2026-07-30,00:55:35,-07:00,2026-07-29T17:55:35-07:00,2,30
components/meta/GitHubMetaDashboard.tsx,14,tsx,3bab746,Ishaan Kor,2026-07-30,00:55:35,-07:00,2026-07-29T17:55:35-07:00,2,30
components/meta/GitHubMetaDashboard.tsx,15,tsx,3bab746,Ishaan Kor,2026-07-30,00:55:35,-07:00,2026-07-29T17:55:35-07:00,2,30
components/meta/GitHubMetaDashboard.tsx,16,tsx,3bab746,Ishaan Kor,2026-07-30,00:55:35,-07:00,2026-07-29T17:55:35-07:00,2,30
components/meta/GitHubMetaDashboard.tsx,17,tsx,3bab746,Ishaan Kor,2026-07-30,00:55:35,-07:00,2026-07-29T17:55:35-07:00,2,30
components/meta/GitHubMetaDashboard.tsx,18,tsx,3bab746,Ishaan Kor,2026-07-30,00:55:35,-07:00,2026-07-29T17:55:35-07:00,2,30
components/meta/GitHubMetaDashboard.tsx,19,tsx,3bab746,Ishaan Kor,2026-07-30,00:55:35,-07:00,2026-07-29T17:55:35-07:00,2,30
components/meta/GitHubMetaDashboard.tsx,20,tsx,3bab746,Ishaan Kor,2026-07-30,00:55:35,-07:00,2026-07-29T17:55:35-07:00,2,30
components/meta/GitHubMetaDashboard.tsx,21,tsx,3bab746,Ishaan Kor,2026-07-30,00:55:35,-07:00,2026-07-29T17:55:35-07:00,2,30
components/meta/GitHubMetaDashboard.tsx,22,tsx,3bab746,Ishaan Kor,2026-07-30,00:55:35,-07:00,2026-07-29T17:55:35-07:00,2,30
components/meta/GitHubMetaDashboard.tsx,23,tsx,3bab746,Ishaan Kor,2026-07-30,00:55:35,-07:00,2026-07-29T17:55:35-07:00,2,30
components/meta/GitHubMetaDashboard.tsx,24,tsx,3bab746,Ishaan Kor,2026-07-30,00:55:35,-07:00,2026-07-29T17:55:35-07:00,2,30
components/meta/GitHubMetaDashboard.tsx,25,tsx,3bab746,Ishaan Kor,2026-07-30,00:55:35,-07:00,2026-07-29T17:55:35-07:00,2,30
components/meta/GitHubMetaDashboard.tsx,26,tsx,3bab746,Ishaan Kor,2026-07-30,00:55:35,-07:00,2026-07-29T17:55:35-07:00,2,30
components/meta/GitHubMetaDashboard.tsx,27,tsx,3bab746,Ishaan Kor,2026-07-30,00:55:35,-07:00,2026-07-29T17:55:35-07:00,2,30
components/meta/GitHubMetaDashboard.tsx,28,tsx,3bab746,Ishaan Kor,2026-07-30,00:55:35,-07:00,2026-07-29T17:55:35-07:00,2,30
components/meta/GitHubMetaDashboard.tsx,29,tsx,3bab746,Ishaan Kor,2026-07-30,00:55:35,-07:00,2026-07-29T17:55:35-07:00,2,30
data/github-cache.json,1,json,3bab746,Ishaan Kor,2026-07-30,00:55:35,-07:00,2026-07-29T17:55:35-07:00,1,30
data/github-cache.json,2,json,3bab746,Ishaan Kor,2026-07-30,00:55:35,-07:00,2026-07-29T17:55:35-07:00,1,30
data/github-cache.json,3,json,3bab746,Ishaan Kor,2026-07-30,00:55:35,-07:00,2026-07-29T17:55:35-07:00,1,30
data/github-cache.json,4,json,3bab746,Ishaan Kor,2026-07-30,00:55:35,-07:00,2026-07-29T17:55:35-07:00,1,30
data/github-cache.json,5,json,3bab746,Ishaan Kor,2026-07-30,00:55:35,-07:00,2026-07-29T17:55:35-07:00,1,30
data/github-cache.json,6,json,3bab746,Ishaan Kor,2026-07-30,00:55:35,-07:00,2026-07-29T17:55:35-07:00,1,30
data/github-cache.json,7,json,3bab746,Ishaan Kor,2026-07-30,00:55:35,-07:00,2026-07-29T17:55:35-07:00,1,30
data/github-cache.json,8,json,3bab746,Ishaan Kor,2026-07-30,00:55:35,-07:00,2026-07-29T17:55:35-07:00,1,30
data/github-cache.json,9,json,3bab746,Ishaan Kor,2026-07-30,00:55:35,-07:00,2026-07-29T17:55:35-07:00,1,30
data/github-cache.json,10,json,3bab746,Ishaan Kor,2026-07-30,00:55:35,-07:00,2026-07-29T17:55:35-07:00,1,30
data/github-cache.json,11,json,3bab746,Ishaan Kor,2026-07-30,00:55:35,-07:00,2026-07-29T17:55:35-07:00,1,30
data/github-cache.json,12,json,3bab746,Ishaan Kor,2026-07-30,00:55:35,-07:00,2026-07-29T17:55:35-07:00,1,30
data/github-cache.json,13,json,3bab746,Ishaan Kor,2026-07-30,00:55:35,-07:00,2026-07-29T17:55:35-07:00,1,30
data/github-cache.json,14,json,3bab746,Ishaan Kor,2026-07-30,00:55:35,-07:00,2026-07-29T17:55:35-07:00,1,30
data/github-cache.json,15,json,3bab746,Ishaan Kor,2026-07-30,00:55:35,-07:00,2026-07-29T17:55:35-07:00,1,30
data/github-cache.json,16,json,3bab746,Ishaan Kor,2026-07-30,00:55:35,-07:00,2026-07-29T17:55:35-07:00,1,30
data/github-cache.json,17,json,3bab746,Ishaan Kor,2026-07-30,00:55:35,-07:00,2026-07-29T17:55:35-07:00,1,30
data/github-cache.json,18,json,3bab746,Ishaan Kor,2026-07-30,00:55:35,-07:00,2026-07-29T17:55:35-07:00,1,30
data/github-cache.json,19,json,3bab746,Ishaan Kor,2026-07-30,00:55:35,-07:00,2026-07-29T17:55:35-07:00,1,30
data/github-cache.json,20,json,3bab746,Ishaan Kor,2026-07-30,00:55:35,-07:00,2026-07-29T17:55:35-07:00,1,30
data/github-cache.json,21,json,3bab746,Ishaan Kor,2026-07-30,00:55:35,-07:00,2026-07-29T17:55:35-07:00,1,30
data/github-cache.json,22,json,3bab746,Ishaan Kor,2026-07-30,00:55:35,-07:00,2026-07-29T17:55:35-07:00,1,30
data/github-cache.json,23,json,3bab746,Ishaan Kor,2026-07-30,00:55:35,-07:00,2026-07-29T17:55:35-07:00,1,30
data/github-cache.json,24,json,3bab746,Ishaan Kor,2026-07-30,00:55:35,-07:00,2026-07-29T17:55:35-07:00,1,30
data/github-cache.json,25,json,3bab746,Ishaan Kor,2026-07-30,00:55:35,-07:00,2026-07-29T17:55:35-07:00,1,30
data/github-cache.json,26,json,3bab746,Ishaan Kor,2026-07-30,00:55:35,-07:00,2026-07-29T17:55:35-07:00,1,30
data/github-cache.json,27,json,3bab746,Ishaan Kor,2026-07-30,00:55:35,-07:00,2026-07-29T17:55:35-07:00,1,30
data/github-cache.json,28,json,3bab746,Ishaan Kor,2026-07-30,00:55:35,-07:00,2026-07-29T17:55:35-07:00,1,30
data/github-cache.json,29,json,3bab746,Ishaan Kor,2026-07-30,00:55:35,-07:00,2026-07-29T17:55:35-07:00,1,30
data/github-cache.json,30,json,3bab746,Ishaan Kor,2026-07-30,00:55:35,-07:00,2026-07-29T17:55:35-07:00,1,30
data/github-cache.json,31,json,3bab746,Ishaan Kor,2026-07-30,00:55:35,-07:00,2026-07-29T17:55:35-07:00,1,30
data/github-cache.json,32,json,3bab746,Ishaan Kor,2026-07-30,00:55:35,-07:00,2026-07-29T17:55:35-07:00,1,30
data/github-cache.json,33,json,3bab746,Ishaan Kor,2026-07-30,00:55:35,-07:00,2026-07-29T17:55:35-07:00,1,30
data/github-cache.json,34,json,3bab746,Ishaan Kor,2026-07-30,00:55:35,-07:00,2026-07-29T17:55:35-07:00,1,30
data/github-cache.json,35,json,3bab746,Ishaan Kor,2026-07-30,00:55:35,-07:00,2026-07-29T17:55:35-07:00,1,30
data/github-cache.json,36,json,3bab746,Ishaan Kor,2026-07-30,00:55:35,-07:00,2026-07-29T17:55:35-07:00,1,30
data/github-cache.json,37,json,3bab746,Ishaan Kor,2026-07-30,00:55:35,-07:00,2026-07-29T17:55:35-07:00,1,30
data/github-cache.json,38,json,3bab746,Ishaan Kor,2026-07-30,00:55:35,-07:00,2026-07-29T17:55:35-07:00,1,30
data/github-cache.json,39,json,3bab746,Ishaan Kor,2026-07-30,00:55:35,-07:00,2026-07-29T17:55:35-07:00,1,30
data/github-cache.json,40,json,3bab746,Ishaan Kor,2026-07-30,00:55:35,-07:00,2026-07-29T17:55:35-07:00,1,30
data/github-cache.json,41,json,3bab746,Ishaan Kor,2026-07-30,00:55:35,-07:00,2026-07-29T17:55:35-07:00,1,30
data/github-cache.json,42,json,3bab746,Ishaan Kor,2026-07-30,00:55:35,-07:00,2026-07-29T17:55:35-07:00,1,30
data/github-cache.json,43,json,3bab746,Ishaan Kor,2026-07-30,00:55:35,-07:00,2026-07-29T17:55:35-07:00,1,30
next.config.mjs,1,mjs,3bab746,Ishaan Kor,2026-07-30,00:55:35,-07:00,2026-07-29T17:55:35-07:00,0,30
out/.nojekyll,1,code,3bab746,Ishaan Kor,2026-07-30,00:55:35,-07:00,2026-07-29T17:55:35-07:00,1,30
out/404,1,code,3bab746,Ishaan Kor,2026-07-30,00:55:35,-07:00,2026-07-29T17:55:35-07:00,1,30
out/404.html,1,html,3bab746,Ishaan Kor,2026-07-30,00:55:35,-07:00,2026-07-29T17:55:35-07:00,1,30
out/404.html,2,html,3bab746,Ishaan Kor,2026-07-30,00:55:35,-07:00,2026-07-29T17:55:35-07:00,1,30
out/_next/static/chunks/app/meta/page-5a4cafd3857dd483.js,1,js,3bab746,Ishaan Kor,2026-07-30,00:55:35,-07:00,2026-07-29T17:55:35-07:00,6,30
out/_next/static/chunks/app/meta/page-fd3a8e2b92a1aa40.js,1,js,3bab746,Ishaan Kor,2026-07-30,00:55:35,-07:00,2026-07-29T17:55:35-07:00,6,30
out/_next/static/chunks/app/{page-c3c2e295b2797b8f.js,1,js,3bab746,Ishaan Kor,2026-07-30,00:55:35,-07:00,2026-07-29T17:55:35-07:00,5,30
out/_next/static/chunks/app/{page-c3c2e295b2797b8f.js,2,js,3bab746,Ishaan Kor,2026-07-30,00:55:35,-07:00,2026-07-29T17:55:35-07:00,5,30
out/_next/static/css/5f4f3350c13062d4.css,1,css,3bab746,Ishaan Kor,2026-07-30,00:55:35,-07:00,2026-07-29T17:55:35-07:00,4,30
out/_next/static/css/5f4f3350c13062d4.css,2,css,3bab746,Ishaan Kor,2026-07-30,00:55:35,-07:00,2026-07-29T17:55:35-07:00,4,30
out/_next/static/css/5f4f3350c13062d4.css,3,css,3bab746,Ishaan Kor,2026-07-30,00:55:35,-07:00,2026-07-29T17:55:35-07:00,4,30
out/_next/static/css/c86ab419613571a6.css,1,css,3bab746,Ishaan Kor,2026-07-30,00:55:35,-07:00,2026-07-29T17:55:35-07:00,4,30
out/_next/static/css/c86ab419613571a6.css,2,css,3bab746,Ishaan Kor,2026-07-30,00:55:35,-07:00,2026-07-29T17:55:35-07:00,4,30
out/_next/static/css/c86ab419613571a6.css,3,css,3bab746,Ishaan Kor,2026-07-30,00:55:35,-07:00,2026-07-29T17:55:35-07:00,4,30
out/_next/static/{fh99wwQXv8P70L0z2fTh1,1,code,3bab746,Ishaan Kor,2026-07-30,00:55:35,-07:00,2026-07-29T17:55:35-07:00,3,30
out/_next/static/{fh99wwQXv8P70L0z2fTh1,1,code,3bab746,Ishaan Kor,2026-07-30,00:55:35,-07:00,2026-07-29T17:55:35-07:00,3,30
out/api/github,1,code,3bab746,Ishaan Kor,2026-07-30,00:55:35,-07:00,2026-07-29T17:55:35-07:00,2,30
out/api/github,2,code,3bab746,Ishaan Kor,2026-07-30,00:55:35,-07:00,2026-07-29T17:55:35-07:00,2,30
out/contact,1,code,3bab746,Ishaan Kor,2026-07-30,00:55:35,-07:00,2026-07-29T17:55:35-07:00,1,30
out/contact,1,code,3bab746,Ishaan Kor,2026-07-30,00:55:35,-07:00,2026-07-29T17:55:35-07:00,1,30
out/contact,2,code,3bab746,Ishaan Kor,2026-07-30,00:55:35,-07:00,2026-07-29T17:55:35-07:00,1,30
out/contact,3,code,3bab746,Ishaan Kor,2026-07-30,00:55:35,-07:00,2026-07-29T17:55:35-07:00,1,30
out/contact,4,code,3bab746,Ishaan Kor,2026-07-30,00:55:35,-07:00,2026-07-29T17:55:35-07:00,1,30
out/contact,5,code,3bab746,Ishaan Kor,2026-07-30,00:55:35,-07:00,2026-07-29T17:55:35-07:00,1,30
out/contact,6,code,3bab746,Ishaan Kor,2026-07-30,00:55:35,-07:00,2026-07-29T17:55:35-07:00,1,30
out/contact,7,code,3bab746,Ishaan Kor,2026-07-30,00:55:35,-07:00,2026-07-29T17:55:35-07:00,1,30
out/contact,8,code,3bab746,Ishaan Kor,2026-07-30,00:55:35,-07:00,2026-07-29T17:55:35-07:00,1,30
out/contact.html,1,html,3bab746,Ishaan Kor,2026-07-30,00:55:35,-07:00,2026-07-29T17:55:35-07:00,1,30
out/contact.html,2,html,3bab746,Ishaan Kor,2026-07-30,00:55:35,-07:00,2026-07-29T17:55:35-07:00,1,30
out/contact.txt,1,txt,3bab746,Ishaan Kor,2026-07-30,00:55:35,-07:00,2026-07-29T17:55:35-07:00,1,30
out/contact.txt,2,txt,3bab746,Ishaan Kor,2026-07-30,00:55:35,-07:00,2026-07-29T17:55:35-07:00,1,30
out/index,1,code,3bab746,Ishaan Kor,2026-07-30,00:55:35,-07:00,2026-07-29T17:55:35-07:00,1,30
out/index,1,code,3bab746,Ishaan Kor,2026-07-30,00:55:35,-07:00,2026-07-29T17:55:35-07:00,1,30
out/index,2,code,3bab746,Ishaan Kor,2026-07-30,00:55:35,-07:00,2026-07-29T17:55:35-07:00,1,30
out/index,3,code,3bab746,Ishaan Kor,2026-07-30,00:55:35,-07:00,2026-07-29T17:55:35-07:00,1,30
out/index,4,code,3bab746,Ishaan Kor,2026-07-30,00:55:35,-07:00,2026-07-29T17:55:35-07:00,1,30
out/index,5,code,3bab746,Ishaan Kor,2026-07-30,00:55:35,-07:00,2026-07-29T17:55:35-07:00,1,30
out/index,6,code,3bab746,Ishaan Kor,2026-07-30,00:55:35,-07:00,2026-07-29T17:55:35-07:00,1,30
out/index,7,code,3bab746,Ishaan Kor,2026-07-30,00:55:35,-07:00,2026-07-29T17:55:35-07:00,1,30
out/index,8,code,3bab746,Ishaan Kor,2026-07-30,00:55:35,-07:00,2026-07-29T17:55:35-07:00,1,30
out/index,9,code,3bab746,Ishaan Kor,2026-07-30,00:55:35,-07:00,2026-07-29T17:55:35-07:00,1,30
out/index,10,code,3bab746,Ishaan Kor,2026-07-30,00:55:35,-07:00,2026-07-29T17:55:35-07:00,1,30
out/index,11,code,3bab746,Ishaan Kor,2026-07-30,00:55:35,-07:00,2026-07-29T17:55:35-07:00,1,30
out/index,12,code,3bab746,Ishaan Kor,2026-07-30,00:55:35,-07:00,2026-07-29T17:55:35-07:00,1,30
out/index,13,code,3bab746,Ishaan Kor,2026-07-30,00:55:35,-07:00,2026-07-29T17:55:35-07:00,1,30
out/index,14,code,3bab746,Ishaan Kor,2026-07-30,00:55:35,-07:00,2026-07-29T17:55:35-07:00,1,30
out/index,15,code,3bab746,Ishaan Kor,2026-07-30,00:55:35,-07:00,2026-07-29T17:55:35-07:00,1,30
out/index.html,1,html,3bab746,Ishaan Kor,2026-07-30,00:55:35,-07:00,2026-07-29T17:55:35-07:00,1,30
out/index.html,2,html,3bab746,Ishaan Kor,2026-07-30,00:55:35,-07:00,2026-07-29T17:55:35-07:00,1,30
out/index.txt,1,txt,3bab746,Ishaan Kor,2026-07-30,00:55:35,-07:00,2026-07-29T17:55:35-07:00,1,30
out/index.txt,2,txt,3bab746,Ishaan Kor,2026-07-30,00:55:35,-07:00,2026-07-29T17:55:35-07:00,1,30
out/index.txt,3,txt,3bab746,Ishaan Kor,2026-07-30,00:55:35,-07:00,2026-07-29T17:55:35-07:00,1,30
out/index.txt,4,txt,3bab746,Ishaan Kor,2026-07-30,00:55:35,-07:00,2026-07-29T17:55:35-07:00,1,30
out/index.txt,5,txt,3bab746,Ishaan Kor,2026-07-30,00:55:35,-07:00,2026-07-29T17:55:35-07:00,1,30
out/index.txt,6,txt,3bab746,Ishaan Kor,2026-07-30,00:55:35,-07:00,2026-07-29T17:55:35-07:00,1,30
out/index.txt,7,txt,3bab746,Ishaan Kor,2026-07-30,00:55:35,-07:00,2026-07-29T17:55:35-07:00,1,30
out/index.txt,8,txt,3bab746,Ishaan Kor,2026-07-30,00:55:35,-07:00,2026-07-29T17:55:35-07:00,1,30
out/index.txt,9,txt,3bab746,Ishaan Kor,2026-07-30,00:55:35,-07:00,2026-07-29T17:55:35-07:00,1,30
out/index.txt,10,txt,3bab746,Ishaan Kor,2026-07-30,00:55:35,-07:00,2026-07-29T17:55:35-07:00,1,30
out/index.txt,11,txt,3bab746,Ishaan Kor,2026-07-30,00:55:35,-07:00,2026-07-29T17:55:35-07:00,1,30
out/index.txt,12,txt,3bab746,Ishaan Kor,2026-07-30,00:55:35,-07:00,2026-07-29T17:55:35-07:00,1,30
out/index.txt,13,txt,3bab746,Ishaan Kor,2026-07-30,00:55:35,-07:00,2026-07-29T17:55:35-07:00,1,30
out/index.txt,14,txt,3bab746,Ishaan Kor,2026-07-30,00:55:35,-07:00,2026-07-29T17:55:35-07:00,1,30
out/index.txt,15,txt,3bab746,Ishaan Kor,2026-07-30,00:55:35,-07:00,2026-07-29T17:55:35-07:00,1,30
out/index.txt,16,txt,3bab746,Ishaan Kor,2026-07-30,00:55:35,-07:00,2026-07-29T17:55:35-07:00,1,30
out/index.txt,17,txt,3bab746,Ishaan Kor,2026-07-30,00:55:35,-07:00,2026-07-29T17:55:35-07:00,1,30
out/index.txt,18,txt,3bab746,Ishaan Kor,2026-07-30,00:55:35,-07:00,2026-07-29T17:55:35-07:00,1,30
out/meta,1,code,3bab746,Ishaan Kor,2026-07-30,00:55:35,-07:00,2026-07-29T17:55:35-07:00,1,30
out/meta,1,code,3bab746,Ishaan Kor,2026-07-30,00:55:35,-07:00,2026-07-29T17:55:35-07:00,1,30
out/meta,2,code,3bab746,Ishaan Kor,2026-07-30,00:55:35,-07:00,2026-07-29T17:55:35-07:00,1,30
out/meta,3,code,3bab746,Ishaan Kor,2026-07-30,00:55:35,-07:00,2026-07-29T17:55:35-07:00,1,30
out/meta,4,code,3bab746,Ishaan Kor,2026-07-30,00:55:35,-07:00,2026-07-29T17:55:35-07:00,1,30
out/meta,5,code,3bab746,Ishaan Kor,2026-07-30,00:55:35,-07:00,2026-07-29T17:55:35-07:00,1,30
out/meta,6,code,3bab746,Ishaan Kor,2026-07-30,00:55:35,-07:00,2026-07-29T17:55:35-07:00,1,30
out/meta,7,code,3bab746,Ishaan Kor,2026-07-30,00:55:35,-07:00,2026-07-29T17:55:35-07:00,1,30
out/meta,8,code,3bab746,Ishaan Kor,2026-07-30,00:55:35,-07:00,2026-07-29T17:55:35-07:00,1,30
out/meta.html,1,html,3bab746,Ishaan Kor,2026-07-30,00:55:35,-07:00,2026-07-29T17:55:35-07:00,1,30
out/meta.html,2,html,3bab746,Ishaan Kor,2026-07-30,00:55:35,-07:00,2026-07-29T17:55:35-07:00,1,30
out/meta.txt,1,txt,3bab746,Ishaan Kor,2026-07-30,00:55:35,-07:00,2026-07-29T17:55:35-07:00,1,30
out/meta.txt,2,txt,3bab746,Ishaan Kor,2026-07-30,00:55:35,-07:00,2026-07-29T17:55:35-07:00,1,30
out/meta.txt,3,txt,3bab746,Ishaan Kor,2026-07-30,00:55:35,-07:00,2026-07-29T17:55:35-07:00,1,30
out/meta.txt,4,txt,3bab746,Ishaan Kor,2026-07-30,00:55:35,-07:00,2026-07-29T17:55:35-07:00,1,30
out/projects,1,code,3bab746,Ishaan Kor,2026-07-30,00:55:35,-07:00,2026-07-29T17:55:35-07:00,1,30
out/projects,1,code,3bab746,Ishaan Kor,2026-07-30,00:55:35,-07:00,2026-07-29T17:55:35-07:00,1,30
out/projects,2,code,3bab746,Ishaan Kor,2026-07-30,00:55:35,-07:00,2026-07-29T17:55:35-07:00,1,30
out/projects,3,code,3bab746,Ishaan Kor,2026-07-30,00:55:35,-07:00,2026-07-29T17:55:35-07:00,1,30
out/projects,4,code,3bab746,Ishaan Kor,2026-07-30,00:55:35,-07:00,2026-07-29T17:55:35-07:00,1,30
out/projects,5,code,3bab746,Ishaan Kor,2026-07-30,00:55:35,-07:00,2026-07-29T17:55:35-07:00,1,30
out/projects,6,code,3bab746,Ishaan Kor,2026-07-30,00:55:35,-07:00,2026-07-29T17:55:35-07:00,1,30
out/projects,7,code,3bab746,Ishaan Kor,2026-07-30,00:55:35,-07:00,2026-07-29T17:55:35-07:00,1,30
out/projects,8,code,3bab746,Ishaan Kor,2026-07-30,00:55:35,-07:00,2026-07-29T17:55:35-07:00,1,30
out/projects,9,code,3bab746,Ishaan Kor,2026-07-30,00:55:35,-07:00,2026-07-29T17:55:35-07:00,1,30
out/projects.html,1,html,3bab746,Ishaan Kor,2026-07-30,00:55:35,-07:00,2026-07-29T17:55:35-07:00,1,30
out/projects.html,2,html,3bab746,Ishaan Kor,2026-07-30,00:55:35,-07:00,2026-07-29T17:55:35-07:00,1,30
out/projects.txt,1,txt,3bab746,Ishaan Kor,2026-07-30,00:55:35,-07:00,2026-07-29T17:55:35-07:00,1,30
out/projects.txt,2,txt,3bab746,Ishaan Kor,2026-07-30,00:55:35,-07:00,2026-07-29T17:55:35-07:00,1,30
out/resume,1,code,3bab746,Ishaan Kor,2026-07-30,00:55:35,-07:00,2026-07-29T17:55:35-07:00,1,30
out/resume,1,code,3bab746,Ishaan Kor,2026-07-30,00:55:35,-07:00,2026-07-29T17:55:35-07:00,1,30
out/resume,2,code,3bab746,Ishaan Kor,2026-07-30,00:55:35,-07:00,2026-07-29T17:55:35-07:00,1,30
out/resume,3,code,3bab746,Ishaan Kor,2026-07-30,00:55:35,-07:00,2026-07-29T17:55:35-07:00,1,30
out/resume,4,code,3bab746,Ishaan Kor,2026-07-30,00:55:35,-07:00,2026-07-29T17:55:35-07:00,1,30
out/resume,5,code,3bab746,Ishaan Kor,2026-07-30,00:55:35,-07:00,2026-07-29T17:55:35-07:00,1,30
out/resume,6,code,3bab746,Ishaan Kor,2026-07-30,00:55:35,-07:00,2026-07-29T17:55:35-07:00,1,30
out/resume,7,code,3bab746,Ishaan Kor,2026-07-30,00:55:35,-07:00,2026-07-29T17:55:35-07:00,1,30
out/resume,8,code,3bab746,Ishaan Kor,2026-07-30,00:55:35,-07:00,2026-07-29T17:55:35-07:00,1,30
out/resume,9,code,3bab746,Ishaan Kor,2026-07-30,00:55:35,-07:00,2026-07-29T17:55:35-07:00,1,30
out/resume.html,1,html,3bab746,Ishaan Kor,2026-07-30,00:55:35,-07:00,2026-07-29T17:55:35-07:00,1,30
out/resume.html,2,html,3bab746,Ishaan Kor,2026-07-30,00:55:35,-07:00,2026-07-29T17:55:35-07:00,1,30
out/resume.txt,1,txt,3bab746,Ishaan Kor,2026-07-30,00:55:35,-07:00,2026-07-29T17:55:35-07:00,1,30
out/resume.txt,2,txt,3bab746,Ishaan Kor,2026-07-30,00:55:35,-07:00,2026-07-29T17:55:35-07:00,1,30
scripts/fetch-github-cache.mjs,1,mjs,3bab746,Ishaan Kor,2026-07-30,00:55:35,-07:00,2026-07-29T17:55:35-07:00,1,30
scripts/fetch-github-cache.mjs,2,mjs,3bab746,Ishaan Kor,2026-07-30,00:55:35,-07:00,2026-07-29T17:55:35-07:00,1,30
scripts/fetch-github-cache.mjs,3,mjs,3bab746,Ishaan Kor,2026-07-30,00:55:35,-07:00,2026-07-29T17:55:35-07:00,1,30
scripts/fetch-github-cache.mjs,4,mjs,3bab746,Ishaan Kor,2026-07-30,00:55:35,-07:00,2026-07-29T17:55:35-07:00,1,30
scripts/fetch-github-cache.mjs,5,mjs,3bab746,Ishaan Kor,2026-07-30,00:55:35,-07:00,2026-07-29T17:55:35-07:00,1,30
scripts/fetch-github-cache.mjs,6,mjs,3bab746,Ishaan Kor,2026-07-30,00:55:35,-07:00,2026-07-29T17:55:35-07:00,1,30
scripts/fetch-github-cache.mjs,7,mjs,3bab746,Ishaan Kor,2026-07-30,00:55:35,-07:00,2026-07-29T17:55:35-07:00,1,30
scripts/fetch-github-cache.mjs,8,mjs,3bab746,Ishaan Kor,2026-07-30,00:55:35,-07:00,2026-07-29T17:55:35-07:00,1,30
scripts/fetch-github-cache.mjs,9,mjs,3bab746,Ishaan Kor,2026-07-30,00:55:35,-07:00,2026-07-29T17:55:35-07:00,1,30
scripts/fetch-github-cache.mjs,10,mjs,3bab746,Ishaan Kor,2026-07-30,00:55:35,-07:00,2026-07-29T17:55:35-07:00,1,30
scripts/fetch-github-cache.mjs,11,mjs,3bab746,Ishaan Kor,2026-07-30,00:55:35,-07:00,2026-07-29T17:55:35-07:00,1,30
scripts/fetch-github-cache.mjs,12,mjs,3bab746,Ishaan Kor,2026-07-30,00:55:35,-07:00,2026-07-29T17:55:35-07:00,1,30
scripts/fetch-github-cache.mjs,13,mjs,3bab746,Ishaan Kor,2026-07-30,00:55:35,-07:00,2026-07-29T17:55:35-07:00,1,30
scripts/fetch-github-cache.mjs,14,mjs,3bab746,Ishaan Kor,2026-07-30,00:55:35,-07:00,2026-07-29T17:55:35-07:00,1,30
scripts/fetch-github-cache.mjs,15,mjs,3bab746,Ishaan Kor,2026-07-30,00:55:35,-07:00,2026-07-29T17:55:35-07:00,1,30
scripts/fetch-github-cache.mjs,16,mjs,3bab746,Ishaan Kor,2026-07-30,00:55:35,-07:00,2026-07-29T17:55:35-07:00,1,30
scripts/fetch-github-cache.mjs,17,mjs,3bab746,Ishaan Kor,2026-07-30,00:55:35,-07:00,2026-07-29T17:55:35-07:00,1,30
scripts/fetch-github-cache.mjs,18,mjs,3bab746,Ishaan Kor,2026-07-30,00:55:35,-07:00,2026-07-29T17:55:35-07:00,1,30
scripts/fetch-github-cache.mjs,19,mjs,3bab746,Ishaan Kor,2026-07-30,00:55:35,-07:00,2026-07-29T17:55:35-07:00,1,30
scripts/fetch-github-cache.mjs,20,mjs,3bab746,Ishaan Kor,2026-07-30,00:55:35,-07:00,2026-07-29T17:55:35-07:00,1,30
scripts/fetch-github-cache.mjs,21,mjs,3bab746,Ishaan Kor,2026-07-30,00:55:35,-07:00,2026-07-29T17:55:35-07:00,1,30
scripts/fetch-github-cache.mjs,22,mjs,3bab746,Ishaan Kor,2026-07-30,00:55:35,-07:00,2026-07-29T17:55:35-07:00,1,30
scripts/fetch-github-cache.mjs,23,mjs,3bab746,Ishaan Kor,2026-07-30,00:55:35,-07:00,2026-07-29T17:55:35-07:00,1,30
scripts/fetch-github-cache.mjs,24,mjs,3bab746,Ishaan Kor,2026-07-30,00:55:35,-07:00,2026-07-29T17:55:35-07:00,1,30
scripts/fetch-github-cache.mjs,25,mjs,3bab746,Ishaan Kor,2026-07-30,00:55:35,-07:00,2026-07-29T17:55:35-07:00,1,30
scripts/fetch-github-cache.mjs,26,mjs,3bab746,Ishaan Kor,2026-07-30,00:55:35,-07:00,2026-07-29T17:55:35-07:00,1,30
scripts/fetch-github-cache.mjs,27,mjs,3bab746,Ishaan Kor,2026-07-30,00:55:35,-07:00,2026-07-29T17:55:35-07:00,1,30
scripts/fetch-github-cache.mjs,28,mjs,3bab746,Ishaan Kor,2026-07-30,00:55:35,-07:00,2026-07-29T17:55:35-07:00,1,30
scripts/fetch-github-cache.mjs,29,mjs,3bab746,Ishaan Kor,2026-07-30,00:55:35,-07:00,2026-07-29T17:55:35-07:00,1,30
scripts/fetch-github-cache.mjs,30,mjs,3bab746,Ishaan Kor,2026-07-30,00:55:35,-07:00,2026-07-29T17:55:35-07:00,1,30
scripts/fetch-github-cache.mjs,31,mjs,3bab746,Ishaan Kor,2026-07-30,00:55:35,-07:00,2026-07-29T17:55:35-07:00,1,30
scripts/fetch-github-cache.mjs,32,mjs,3bab746,Ishaan Kor,2026-07-30,00:55:35,-07:00,2026-07-29T17:55:35-07:00,1,30
scripts/fetch-github-cache.mjs,33,mjs,3bab746,Ishaan Kor,2026-07-30,00:55:35,-07:00,2026-07-29T17:55:35-07:00,1,30
scripts/fetch-github-cache.mjs,34,mjs,3bab746,Ishaan Kor,2026-07-30,00:55:35,-07:00,2026-07-29T17:55:35-07:00,1,30
scripts/fetch-github-cache.mjs,35,mjs,3bab746,Ishaan Kor,2026-07-30,00:55:35,-07:00,2026-07-29T17:55:35-07:00,1,30
scripts/fetch-github-cache.mjs,36,mjs,3bab746,Ishaan Kor,2026-07-30,00:55:35,-07:00,2026-07-29T17:55:35-07:00,1,30
scripts/fetch-github-cache.mjs,37,mjs,3bab746,Ishaan Kor,2026-07-30,00:55:35,-07:00,2026-07-29T17:55:35-07:00,1,30
scripts/fetch-github-cache.mjs,38,mjs,3bab746,Ishaan Kor,2026-07-30,00:55:35,-07:00,2026-07-29T17:55:35-07:00,1,30
scripts/fetch-github-cache.mjs,39,mjs,3bab746,Ishaan Kor,2026-07-30,00:55:35,-07:00,2026-07-29T17:55:35-07:00,1,30
scripts/fetch-github-cache.mjs,40,mjs,3bab746,Ishaan Kor,2026-07-30,00:55:35,-07:00,2026-07-29T17:55:35-07:00,1,30
scripts/fetch-github-cache.mjs,41,mjs,3bab746,Ishaan Kor,2026-07-30,00:55:35,-07:00,2026-07-29T17:55:35-07:00,1,30
scripts/fetch-github-cache.mjs,42,mjs,3bab746,Ishaan Kor,2026-07-30,00:55:35,-07:00,2026-07-29T17:55:35-07:00,1,30
scripts/fetch-github-cache.mjs,43,mjs,3bab746,Ishaan Kor,2026-07-30,00:55:35,-07:00,2026-07-29T17:55:35-07:00,1,30
scripts/fetch-github-cache.mjs,44,mjs,3bab746,Ishaan Kor,2026-07-30,00:55:35,-07:00,2026-07-29T17:55:35-07:00,1,30
scripts/fetch-github-cache.mjs,45,mjs,3bab746,Ishaan Kor,2026-07-30,00:55:35,-07:00,2026-07-29T17:55:35-07:00,1,30
scripts/fetch-github-cache.mjs,46,mjs,3bab746,Ishaan Kor,2026-07-30,00:55:35,-07:00,2026-07-29T17:55:35-07:00,1,30
scripts/fetch-github-cache.mjs,47,mjs,3bab746,Ishaan Kor,2026-07-30,00:55:35,-07:00,2026-07-29T17:55:35-07:00,1,30
scripts/fetch-github-cache.mjs,48,mjs,3bab746,Ishaan Kor,2026-07-30,00:55:35,-07:00,2026-07-29T17:55:35-07:00,1,30
scripts/fetch-github-cache.mjs,49,mjs,3bab746,Ishaan Kor,2026-07-30,00:55:35,-07:00,2026-07-29T17:55:35-07:00,1,30
scripts/fetch-github-cache.mjs,50,mjs,3bab746,Ishaan Kor,2026-07-30,00:55:35,-07:00,2026-07-29T17:55:35-07:00,1,30
app/api/github/route.ts,1,ts,ccb1870,Ishaan Kor,2026-07-29,22:15:50,-07:00,2026-07-29T15:15:50-07:00,3,30
app/api/github/route.ts,2,ts,ccb1870,Ishaan Kor,2026-07-29,22:15:50,-07:00,2026-07-29T15:15:50-07:00,3,30
components/meta/GitHubMetaDashboard.tsx,1,tsx,ccb1870,Ishaan Kor,2026-07-29,22:15:50,-07:00,2026-07-29T15:15:50-07:00,2,30
components/meta/GitHubMetaDashboard.tsx,2,tsx,ccb1870,Ishaan Kor,2026-07-29,22:15:50,-07:00,2026-07-29T15:15:50-07:00,2,30
components/meta/GitHubMetaDashboard.tsx,3,tsx,ccb1870,Ishaan Kor,2026-07-29,22:15:50,-07:00,2026-07-29T15:15:50-07:00,2,30
components/meta/GitHubMetaDashboard.tsx,4,tsx,ccb1870,Ishaan Kor,2026-07-29,22:15:50,-07:00,2026-07-29T15:15:50-07:00,2,30
components/meta/GitHubMetaDashboard.tsx,5,tsx,ccb1870,Ishaan Kor,2026-07-29,22:15:50,-07:00,2026-07-29T15:15:50-07:00,2,30
components/meta/GitHubMetaDashboard.tsx,6,tsx,ccb1870,Ishaan Kor,2026-07-29,22:15:50,-07:00,2026-07-29T15:15:50-07:00,2,30
components/meta/GitHubMetaDashboard.tsx,7,tsx,ccb1870,Ishaan Kor,2026-07-29,22:15:50,-07:00,2026-07-29T15:15:50-07:00,2,30
components/meta/GitHubMetaDashboard.tsx,8,tsx,ccb1870,Ishaan Kor,2026-07-29,22:15:50,-07:00,2026-07-29T15:15:50-07:00,2,30
components/meta/GitHubMetaDashboard.tsx,9,tsx,ccb1870,Ishaan Kor,2026-07-29,22:15:50,-07:00,2026-07-29T15:15:50-07:00,2,30
components/meta/GitHubMetaDashboard.tsx,10,tsx,ccb1870,Ishaan Kor,2026-07-29,22:15:50,-07:00,2026-07-29T15:15:50-07:00,2,30
data/github-cache.json,1,json,ccb1870,Ishaan Kor,2026-07-29,22:15:50,-07:00,2026-07-29T15:15:50-07:00,1,30
data/github-cache.json,2,json,ccb1870,Ishaan Kor,2026-07-29,22:15:50,-07:00,2026-07-29T15:15:50-07:00,1,30
data/github-cache.json,3,json,ccb1870,Ishaan Kor,2026-07-29,22:15:50,-07:00,2026-07-29T15:15:50-07:00,1,30
data/github-cache.json,4,json,ccb1870,Ishaan Kor,2026-07-29,22:15:50,-07:00,2026-07-29T15:15:50-07:00,1,30
data/github-cache.json,5,json,ccb1870,Ishaan Kor,2026-07-29,22:15:50,-07:00,2026-07-29T15:15:50-07:00,1,30
data/github-cache.json,6,json,ccb1870,Ishaan Kor,2026-07-29,22:15:50,-07:00,2026-07-29T15:15:50-07:00,1,30
data/github-cache.json,7,json,ccb1870,Ishaan Kor,2026-07-29,22:15:50,-07:00,2026-07-29T15:15:50-07:00,1,30
data/github-cache.json,8,json,ccb1870,Ishaan Kor,2026-07-29,22:15:50,-07:00,2026-07-29T15:15:50-07:00,1,30
data/github-cache.json,9,json,ccb1870,Ishaan Kor,2026-07-29,22:15:50,-07:00,2026-07-29T15:15:50-07:00,1,30
data/github-cache.json,10,json,ccb1870,Ishaan Kor,2026-07-29,22:15:50,-07:00,2026-07-29T15:15:50-07:00,1,30
data/github-cache.json,11,json,ccb1870,Ishaan Kor,2026-07-29,22:15:50,-07:00,2026-07-29T15:15:50-07:00,1,30
data/github-cache.json,12,json,ccb1870,Ishaan Kor,2026-07-29,22:15:50,-07:00,2026-07-29T15:15:50-07:00,1,30
data/github-cache.json,13,json,ccb1870,Ishaan Kor,2026-07-29,22:15:50,-07:00,2026-07-29T15:15:50-07:00,1,30
data/github-cache.json,14,json,ccb1870,Ishaan Kor,2026-07-29,22:15:50,-07:00,2026-07-29T15:15:50-07:00,1,30
data/github-cache.json,15,json,ccb1870,Ishaan Kor,2026-07-29,22:15:50,-07:00,2026-07-29T15:15:50-07:00,1,30
data/github-cache.json,16,json,ccb1870,Ishaan Kor,2026-07-29,22:15:50,-07:00,2026-07-29T15:15:50-07:00,1,30
data/github-cache.json,17,json,ccb1870,Ishaan Kor,2026-07-29,22:15:50,-07:00,2026-07-29T15:15:50-07:00,1,30
data/github-cache.json,18,json,ccb1870,Ishaan Kor,2026-07-29,22:15:50,-07:00,2026-07-29T15:15:50-07:00,1,30
data/github-cache.json,19,json,ccb1870,Ishaan Kor,2026-07-29,22:15:50,-07:00,2026-07-29T15:15:50-07:00,1,30
data/github-cache.json,20,json,ccb1870,Ishaan Kor,2026-07-29,22:15:50,-07:00,2026-07-29T15:15:50-07:00,1,30
data/github-cache.json,21,json,ccb1870,Ishaan Kor,2026-07-29,22:15:50,-07:00,2026-07-29T15:15:50-07:00,1,30
data/github-cache.json,22,json,ccb1870,Ishaan Kor,2026-07-29,22:15:50,-07:00,2026-07-29T15:15:50-07:00,1,30
data/github-cache.json,23,json,ccb1870,Ishaan Kor,2026-07-29,22:15:50,-07:00,2026-07-29T15:15:50-07:00,1,30
data/github-cache.json,24,json,ccb1870,Ishaan Kor,2026-07-29,22:15:50,-07:00,2026-07-29T15:15:50-07:00,1,30
data/github-cache.json,25,json,ccb1870,Ishaan Kor,2026-07-29,22:15:50,-07:00,2026-07-29T15:15:50-07:00,1,30
data/github-cache.json,26,json,ccb1870,Ishaan Kor,2026-07-29,22:15:50,-07:00,2026-07-29T15:15:50-07:00,1,30
data/github-cache.json,27,json,ccb1870,Ishaan Kor,2026-07-29,22:15:50,-07:00,2026-07-29T15:15:50-07:00,1,30
data/github-cache.json,28,json,ccb1870,Ishaan Kor,2026-07-29,22:15:50,-07:00,2026-07-29T15:15:50-07:00,1,30
data/github-cache.json,29,json,ccb1870,Ishaan Kor,2026-07-29,22:15:50,-07:00,2026-07-29T15:15:50-07:00,1,30
data/github-cache.json,30,json,ccb1870,Ishaan Kor,2026-07-29,22:15:50,-07:00,2026-07-29T15:15:50-07:00,1,30
data/github-cache.json,31,json,ccb1870,Ishaan Kor,2026-07-29,22:15:50,-07:00,2026-07-29T15:15:50-07:00,1,30
data/github-cache.json,32,json,ccb1870,Ishaan Kor,2026-07-29,22:15:50,-07:00,2026-07-29T15:15:50-07:00,1,30
out/404.html,1,html,ccb1870,Ishaan Kor,2026-07-29,22:15:50,-07:00,2026-07-29T15:15:50-07:00,1,30
out/404.html,2,html,ccb1870,Ishaan Kor,2026-07-29,22:15:50,-07:00,2026-07-29T15:15:50-07:00,1,30
out/_next/static/chunks/app/meta/page-3e0e016e902cc320.js,1,js,ccb1870,Ishaan Kor,2026-07-29,22:15:50,-07:00,2026-07-29T15:15:50-07:00,6,30
out/_next/static/chunks/app/meta/page-5a4cafd3857dd483.js,1,js,ccb1870,Ishaan Kor,2026-07-29,22:15:50,-07:00,2026-07-29T15:15:50-07:00,6,30
out/_next/static/chunks/app/{page-c035dbab2e41e0bb.js,1,js,ccb1870,Ishaan Kor,2026-07-29,22:15:50,-07:00,2026-07-29T15:15:50-07:00,5,30
out/_next/static/chunks/app/{page-c035dbab2e41e0bb.js,2,js,ccb1870,Ishaan Kor,2026-07-29,22:15:50,-07:00,2026-07-29T15:15:50-07:00,5,30
out/_next/static/{JqTAuAnoQXXzfKmfjqkJN,1,code,ccb1870,Ishaan Kor,2026-07-29,22:15:50,-07:00,2026-07-29T15:15:50-07:00,3,30
out/_next/static/{JqTAuAnoQXXzfKmfjqkJN,1,code,ccb1870,Ishaan Kor,2026-07-29,22:15:50,-07:00,2026-07-29T15:15:50-07:00,3,30
out/api/github,1,code,ccb1870,Ishaan Kor,2026-07-29,22:15:50,-07:00,2026-07-29T15:15:50-07:00,2,30
out/api/github,2,code,ccb1870,Ishaan Kor,2026-07-29,22:15:50,-07:00,2026-07-29T15:15:50-07:00,2,30
out/contact.html,1,html,ccb1870,Ishaan Kor,2026-07-29,22:15:50,-07:00,2026-07-29T15:15:50-07:00,1,30
out/contact.html,2,html,ccb1870,Ishaan Kor,2026-07-29,22:15:50,-07:00,2026-07-29T15:15:50-07:00,1,30
out/contact.txt,1,txt,ccb1870,Ishaan Kor,2026-07-29,22:15:50,-07:00,2026-07-29T15:15:50-07:00,1,30
out/contact.txt,2,txt,ccb1870,Ishaan Kor,2026-07-29,22:15:50,-07:00,2026-07-29T15:15:50-07:00,1,30
out/index.html,1,html,ccb1870,Ishaan Kor,2026-07-29,22:15:50,-07:00,2026-07-29T15:15:50-07:00,1,30
out/index.html,2,html,ccb1870,Ishaan Kor,2026-07-29,22:15:50,-07:00,2026-07-29T15:15:50-07:00,1,30
out/index.txt,1,txt,ccb1870,Ishaan Kor,2026-07-29,22:15:50,-07:00,2026-07-29T15:15:50-07:00,1,30
out/index.txt,2,txt,ccb1870,Ishaan Kor,2026-07-29,22:15:50,-07:00,2026-07-29T15:15:50-07:00,1,30
out/index.txt,3,txt,ccb1870,Ishaan Kor,2026-07-29,22:15:50,-07:00,2026-07-29T15:15:50-07:00,1,30
out/index.txt,4,txt,ccb1870,Ishaan Kor,2026-07-29,22:15:50,-07:00,2026-07-29T15:15:50-07:00,1,30
out/index.txt,5,txt,ccb1870,Ishaan Kor,2026-07-29,22:15:50,-07:00,2026-07-29T15:15:50-07:00,1,30
out/index.txt,6,txt,ccb1870,Ishaan Kor,2026-07-29,22:15:50,-07:00,2026-07-29T15:15:50-07:00,1,30
out/index.txt,7,txt,ccb1870,Ishaan Kor,2026-07-29,22:15:50,-07:00,2026-07-29T15:15:50-07:00,1,30
out/index.txt,8,txt,ccb1870,Ishaan Kor,2026-07-29,22:15:50,-07:00,2026-07-29T15:15:50-07:00,1,30
out/index.txt,9,txt,ccb1870,Ishaan Kor,2026-07-29,22:15:50,-07:00,2026-07-29T15:15:50-07:00,1,30
out/index.txt,10,txt,ccb1870,Ishaan Kor,2026-07-29,22:15:50,-07:00,2026-07-29T15:15:50-07:00,1,30
out/index.txt,11,txt,ccb1870,Ishaan Kor,2026-07-29,22:15:50,-07:00,2026-07-29T15:15:50-07:00,1,30
out/index.txt,12,txt,ccb1870,Ishaan Kor,2026-07-29,22:15:50,-07:00,2026-07-29T15:15:50-07:00,1,30
out/index.txt,13,txt,ccb1870,Ishaan Kor,2026-07-29,22:15:50,-07:00,2026-07-29T15:15:50-07:00,1,30
out/index.txt,14,txt,ccb1870,Ishaan Kor,2026-07-29,22:15:50,-07:00,2026-07-29T15:15:50-07:00,1,30
out/index.txt,15,txt,ccb1870,Ishaan Kor,2026-07-29,22:15:50,-07:00,2026-07-29T15:15:50-07:00,1,30
out/index.txt,16,txt,ccb1870,Ishaan Kor,2026-07-29,22:15:50,-07:00,2026-07-29T15:15:50-07:00,1,30
out/index.txt,17,txt,ccb1870,Ishaan Kor,2026-07-29,22:15:50,-07:00,2026-07-29T15:15:50-07:00,1,30
out/index.txt,18,txt,ccb1870,Ishaan Kor,2026-07-29,22:15:50,-07:00,2026-07-29T15:15:50-07:00,1,30
out/meta.html,1,html,ccb1870,Ishaan Kor,2026-07-29,22:15:50,-07:00,2026-07-29T15:15:50-07:00,1,30
out/meta.html,2,html,ccb1870,Ishaan Kor,2026-07-29,22:15:50,-07:00,2026-07-29T15:15:50-07:00,1,30
out/meta.txt,1,txt,ccb1870,Ishaan Kor,2026-07-29,22:15:50,-07:00,2026-07-29T15:15:50-07:00,1,30
out/meta.txt,2,txt,ccb1870,Ishaan Kor,2026-07-29,22:15:50,-07:00,2026-07-29T15:15:50-07:00,1,30
out/meta.txt,3,txt,ccb1870,Ishaan Kor,2026-07-29,22:15:50,-07:00,2026-07-29T15:15:50-07:00,1,30
out/meta.txt,4,txt,ccb1870,Ishaan Kor,2026-07-29,22:15:50,-07:00,2026-07-29T15:15:50-07:00,1,30
out/projects.html,1,html,ccb1870,Ishaan Kor,2026-07-29,22:15:50,-07:00,2026-07-29T15:15:50-07:00,1,30
out/projects.html,2,html,ccb1870,Ishaan Kor,2026-07-29,22:15:50,-07:00,2026-07-29T15:15:50-07:00,1,30
out/projects.txt,1,txt,ccb1870,Ishaan Kor,2026-07-29,22:15:50,-07:00,2026-07-29T15:15:50-07:00,1,30
out/projects.txt,2,txt,ccb1870,Ishaan Kor,2026-07-29,22:15:50,-07:00,2026-07-29T15:15:50-07:00,1,30
out/resume.html,1,html,ccb1870,Ishaan Kor,2026-07-29,22:15:50,-07:00,2026-07-29T15:15:50-07:00,1,30
out/resume.html,2,html,ccb1870,Ishaan Kor,2026-07-29,22:15:50,-07:00,2026-07-29T15:15:50-07:00,1,30
out/resume.txt,1,txt,ccb1870,Ishaan Kor,2026-07-29,22:15:50,-07:00,2026-07-29T15:15:50-07:00,1,30
out/resume.txt,2,txt,ccb1870,Ishaan Kor,2026-07-29,22:15:50,-07:00,2026-07-29T15:15:50-07:00,1,30
components/analytics/GitHubAnalytics.tsx,1,tsx,c5f48d3,Ishaan Kor,2026-07-29,20:46:01,-07:00,2026-07-29T13:46:01-07:00,2,30
components/analytics/GitHubAnalytics.tsx,2,tsx,c5f48d3,Ishaan Kor,2026-07-29,20:46:01,-07:00,2026-07-29T13:46:01-07:00,2,30
components/analytics/GitHubAnalytics.tsx,3,tsx,c5f48d3,Ishaan Kor,2026-07-29,20:46:01,-07:00,2026-07-29T13:46:01-07:00,2,30
components/analytics/GitHubAnalytics.tsx,4,tsx,c5f48d3,Ishaan Kor,2026-07-29,20:46:01,-07:00,2026-07-29T13:46:01-07:00,2,30
components/analytics/GitHubAnalytics.tsx,5,tsx,c5f48d3,Ishaan Kor,2026-07-29,20:46:01,-07:00,2026-07-29T13:46:01-07:00,2,30
components/analytics/GitHubAnalytics.tsx,6,tsx,c5f48d3,Ishaan Kor,2026-07-29,20:46:01,-07:00,2026-07-29T13:46:01-07:00,2,30
components/analytics/GitHubAnalytics.tsx,7,tsx,c5f48d3,Ishaan Kor,2026-07-29,20:46:01,-07:00,2026-07-29T13:46:01-07:00,2,30
components/analytics/GitHubAnalytics.tsx,8,tsx,c5f48d3,Ishaan Kor,2026-07-29,20:46:01,-07:00,2026-07-29T13:46:01-07:00,2,30
components/analytics/GitHubAnalytics.tsx,9,tsx,c5f48d3,Ishaan Kor,2026-07-29,20:46:01,-07:00,2026-07-29T13:46:01-07:00,2,30
components/analytics/GitHubAnalytics.tsx,10,tsx,c5f48d3,Ishaan Kor,2026-07-29,20:46:01,-07:00,2026-07-29T13:46:01-07:00,2,30
components/analytics/GitHubAnalytics.tsx,11,tsx,c5f48d3,Ishaan Kor,2026-07-29,20:46:01,-07:00,2026-07-29T13:46:01-07:00,2,30
components/analytics/GitHubAnalytics.tsx,12,tsx,c5f48d3,Ishaan Kor,2026-07-29,20:46:01,-07:00,2026-07-29T13:46:01-07:00,2,30
components/analytics/GitHubAnalytics.tsx,13,tsx,c5f48d3,Ishaan Kor,2026-07-29,20:46:01,-07:00,2026-07-29T13:46:01-07:00,2,30
components/analytics/GitHubAnalytics.tsx,14,tsx,c5f48d3,Ishaan Kor,2026-07-29,20:46:01,-07:00,2026-07-29T13:46:01-07:00,2,30
components/analytics/GitHubAnalytics.tsx,15,tsx,c5f48d3,Ishaan Kor,2026-07-29,20:46:01,-07:00,2026-07-29T13:46:01-07:00,2,30
components/analytics/GitHubAnalytics.tsx,16,tsx,c5f48d3,Ishaan Kor,2026-07-29,20:46:01,-07:00,2026-07-29T13:46:01-07:00,2,30
components/analytics/GitHubAnalytics.tsx,17,tsx,c5f48d3,Ishaan Kor,2026-07-29,20:46:01,-07:00,2026-07-29T13:46:01-07:00,2,30
components/analytics/GitHubAnalytics.tsx,18,tsx,c5f48d3,Ishaan Kor,2026-07-29,20:46:01,-07:00,2026-07-29T13:46:01-07:00,2,30
components/analytics/GitHubAnalytics.tsx,19,tsx,c5f48d3,Ishaan Kor,2026-07-29,20:46:01,-07:00,2026-07-29T13:46:01-07:00,2,30
components/analytics/GitHubAnalytics.tsx,20,tsx,c5f48d3,Ishaan Kor,2026-07-29,20:46:01,-07:00,2026-07-29T13:46:01-07:00,2,30
components/analytics/GitHubAnalytics.tsx,21,tsx,c5f48d3,Ishaan Kor,2026-07-29,20:46:01,-07:00,2026-07-29T13:46:01-07:00,2,30
components/analytics/GitHubAnalytics.tsx,22,tsx,c5f48d3,Ishaan Kor,2026-07-29,20:46:01,-07:00,2026-07-29T13:46:01-07:00,2,30
components/analytics/GitHubAnalytics.tsx,23,tsx,c5f48d3,Ishaan Kor,2026-07-29,20:46:01,-07:00,2026-07-29T13:46:01-07:00,2,30
components/meta/GitHubMetaDashboard.tsx,1,tsx,c5f48d3,Ishaan Kor,2026-07-29,20:46:01,-07:00,2026-07-29T13:46:01-07:00,2,30
components/meta/GitHubMetaDashboard.tsx,2,tsx,c5f48d3,Ishaan Kor,2026-07-29,20:46:01,-07:00,2026-07-29T13:46:01-07:00,2,30
components/meta/GitHubMetaDashboard.tsx,3,tsx,c5f48d3,Ishaan Kor,2026-07-29,20:46:01,-07:00,2026-07-29T13:46:01-07:00,2,30
components/meta/GitHubMetaDashboard.tsx,4,tsx,c5f48d3,Ishaan Kor,2026-07-29,20:46:01,-07:00,2026-07-29T13:46:01-07:00,2,30
components/meta/GitHubMetaDashboard.tsx,5,tsx,c5f48d3,Ishaan Kor,2026-07-29,20:46:01,-07:00,2026-07-29T13:46:01-07:00,2,30
components/meta/GitHubMetaDashboard.tsx,6,tsx,c5f48d3,Ishaan Kor,2026-07-29,20:46:01,-07:00,2026-07-29T13:46:01-07:00,2,30
components/meta/GitHubMetaDashboard.tsx,7,tsx,c5f48d3,Ishaan Kor,2026-07-29,20:46:01,-07:00,2026-07-29T13:46:01-07:00,2,30
components/meta/GitHubMetaDashboard.tsx,8,tsx,c5f48d3,Ishaan Kor,2026-07-29,20:46:01,-07:00,2026-07-29T13:46:01-07:00,2,30
components/meta/GitHubMetaDashboard.tsx,9,tsx,c5f48d3,Ishaan Kor,2026-07-29,20:46:01,-07:00,2026-07-29T13:46:01-07:00,2,30
components/meta/GitHubMetaDashboard.tsx,10,tsx,c5f48d3,Ishaan Kor,2026-07-29,20:46:01,-07:00,2026-07-29T13:46:01-07:00,2,30
components/meta/GitHubMetaDashboard.tsx,11,tsx,c5f48d3,Ishaan Kor,2026-07-29,20:46:01,-07:00,2026-07-29T13:46:01-07:00,2,30
components/meta/GitHubMetaDashboard.tsx,12,tsx,c5f48d3,Ishaan Kor,2026-07-29,20:46:01,-07:00,2026-07-29T13:46:01-07:00,2,30
components/meta/GitHubMetaDashboard.tsx,13,tsx,c5f48d3,Ishaan Kor,2026-07-29,20:46:01,-07:00,2026-07-29T13:46:01-07:00,2,30
components/meta/GitHubMetaDashboard.tsx,14,tsx,c5f48d3,Ishaan Kor,2026-07-29,20:46:01,-07:00,2026-07-29T13:46:01-07:00,2,30
components/meta/GitHubMetaDashboard.tsx,15,tsx,c5f48d3,Ishaan Kor,2026-07-29,20:46:01,-07:00,2026-07-29T13:46:01-07:00,2,30
components/meta/GitHubMetaDashboard.tsx,16,tsx,c5f48d3,Ishaan Kor,2026-07-29,20:46:01,-07:00,2026-07-29T13:46:01-07:00,2,30
components/meta/GitHubMetaDashboard.tsx,17,tsx,c5f48d3,Ishaan Kor,2026-07-29,20:46:01,-07:00,2026-07-29T13:46:01-07:00,2,30
components/meta/GitHubMetaDashboard.tsx,18,tsx,c5f48d3,Ishaan Kor,2026-07-29,20:46:01,-07:00,2026-07-29T13:46:01-07:00,2,30
components/meta/GitHubMetaDashboard.tsx,19,tsx,c5f48d3,Ishaan Kor,2026-07-29,20:46:01,-07:00,2026-07-29T13:46:01-07:00,2,30
components/meta/GitHubMetaDashboard.tsx,20,tsx,c5f48d3,Ishaan Kor,2026-07-29,20:46:01,-07:00,2026-07-29T13:46:01-07:00,2,30
components/meta/GitHubMetaDashboard.tsx,21,tsx,c5f48d3,Ishaan Kor,2026-07-29,20:46:01,-07:00,2026-07-29T13:46:01-07:00,2,30
components/meta/GitHubMetaDashboard.tsx,22,tsx,c5f48d3,Ishaan Kor,2026-07-29,20:46:01,-07:00,2026-07-29T13:46:01-07:00,2,30
components/meta/GitHubMetaDashboard.tsx,23,tsx,c5f48d3,Ishaan Kor,2026-07-29,20:46:01,-07:00,2026-07-29T13:46:01-07:00,2,30
components/meta/GitHubMetaDashboard.tsx,24,tsx,c5f48d3,Ishaan Kor,2026-07-29,20:46:01,-07:00,2026-07-29T13:46:01-07:00,2,30
components/meta/GitHubMetaDashboard.tsx,25,tsx,c5f48d3,Ishaan Kor,2026-07-29,20:46:01,-07:00,2026-07-29T13:46:01-07:00,2,30
components/meta/GitHubMetaDashboard.tsx,26,tsx,c5f48d3,Ishaan Kor,2026-07-29,20:46:01,-07:00,2026-07-29T13:46:01-07:00,2,30
components/meta/GitHubMetaDashboard.tsx,27,tsx,c5f48d3,Ishaan Kor,2026-07-29,20:46:01,-07:00,2026-07-29T13:46:01-07:00,2,30
components/meta/GitHubMetaDashboard.tsx,28,tsx,c5f48d3,Ishaan Kor,2026-07-29,20:46:01,-07:00,2026-07-29T13:46:01-07:00,2,30
components/meta/GitHubMetaDashboard.tsx,29,tsx,c5f48d3,Ishaan Kor,2026-07-29,20:46:01,-07:00,2026-07-29T13:46:01-07:00,2,30
components/meta/GitHubMetaDashboard.tsx,30,tsx,c5f48d3,Ishaan Kor,2026-07-29,20:46:01,-07:00,2026-07-29T13:46:01-07:00,2,30
components/meta/GitHubMetaDashboard.tsx,31,tsx,c5f48d3,Ishaan Kor,2026-07-29,20:46:01,-07:00,2026-07-29T13:46:01-07:00,2,30
components/meta/GitHubMetaDashboard.tsx,32,tsx,c5f48d3,Ishaan Kor,2026-07-29,20:46:01,-07:00,2026-07-29T13:46:01-07:00,2,30
components/meta/GitHubMetaDashboard.tsx,33,tsx,c5f48d3,Ishaan Kor,2026-07-29,20:46:01,-07:00,2026-07-29T13:46:01-07:00,2,30
components/meta/GitHubMetaDashboard.tsx,34,tsx,c5f48d3,Ishaan Kor,2026-07-29,20:46:01,-07:00,2026-07-29T13:46:01-07:00,2,30
components/meta/GitHubMetaDashboard.tsx,35,tsx,c5f48d3,Ishaan Kor,2026-07-29,20:46:01,-07:00,2026-07-29T13:46:01-07:00,2,30
components/meta/GitHubMetaDashboard.tsx,36,tsx,c5f48d3,Ishaan Kor,2026-07-29,20:46:01,-07:00,2026-07-29T13:46:01-07:00,2,30
components/meta/GitHubMetaDashboard.tsx,37,tsx,c5f48d3,Ishaan Kor,2026-07-29,20:46:01,-07:00,2026-07-29T13:46:01-07:00,2,30
components/meta/GitHubMetaDashboard.tsx,38,tsx,c5f48d3,Ishaan Kor,2026-07-29,20:46:01,-07:00,2026-07-29T13:46:01-07:00,2,30
components/meta/GitHubMetaDashboard.tsx,39,tsx,c5f48d3,Ishaan Kor,2026-07-29,20:46:01,-07:00,2026-07-29T13:46:01-07:00,2,30
components/meta/GitHubMetaDashboard.tsx,40,tsx,c5f48d3,Ishaan Kor,2026-07-29,20:46:01,-07:00,2026-07-29T13:46:01-07:00,2,30
components/meta/GitHubMetaDashboard.tsx,41,tsx,c5f48d3,Ishaan Kor,2026-07-29,20:46:01,-07:00,2026-07-29T13:46:01-07:00,2,30
components/meta/GitHubMetaDashboard.tsx,42,tsx,c5f48d3,Ishaan Kor,2026-07-29,20:46:01,-07:00,2026-07-29T13:46:01-07:00,2,30
components/meta/GitHubMetaDashboard.tsx,43,tsx,c5f48d3,Ishaan Kor,2026-07-29,20:46:01,-07:00,2026-07-29T13:46:01-07:00,2,30
components/meta/GitHubMetaDashboard.tsx,44,tsx,c5f48d3,Ishaan Kor,2026-07-29,20:46:01,-07:00,2026-07-29T13:46:01-07:00,2,30
components/meta/GitHubMetaDashboard.tsx,45,tsx,c5f48d3,Ishaan Kor,2026-07-29,20:46:01,-07:00,2026-07-29T13:46:01-07:00,2,30
components/meta/GitHubMetaDashboard.tsx,46,tsx,c5f48d3,Ishaan Kor,2026-07-29,20:46:01,-07:00,2026-07-29T13:46:01-07:00,2,30
components/meta/GitHubMetaDashboard.tsx,47,tsx,c5f48d3,Ishaan Kor,2026-07-29,20:46:01,-07:00,2026-07-29T13:46:01-07:00,2,30
components/meta/GitHubMetaDashboard.tsx,48,tsx,c5f48d3,Ishaan Kor,2026-07-29,20:46:01,-07:00,2026-07-29T13:46:01-07:00,2,30
components/meta/GitHubMetaDashboard.tsx,49,tsx,c5f48d3,Ishaan Kor,2026-07-29,20:46:01,-07:00,2026-07-29T13:46:01-07:00,2,30
components/meta/GitHubMetaDashboard.tsx,50,tsx,c5f48d3,Ishaan Kor,2026-07-29,20:46:01,-07:00,2026-07-29T13:46:01-07:00,2,30
data/github-cache.json,1,json,c5f48d3,Ishaan Kor,2026-07-29,20:46:01,-07:00,2026-07-29T13:46:01-07:00,1,30
data/github-cache.json,2,json,c5f48d3,Ishaan Kor,2026-07-29,20:46:01,-07:00,2026-07-29T13:46:01-07:00,1,30
data/github-cache.json,3,json,c5f48d3,Ishaan Kor,2026-07-29,20:46:01,-07:00,2026-07-29T13:46:01-07:00,1,30
data/github-cache.json,4,json,c5f48d3,Ishaan Kor,2026-07-29,20:46:01,-07:00,2026-07-29T13:46:01-07:00,1,30
data/github-cache.json,5,json,c5f48d3,Ishaan Kor,2026-07-29,20:46:01,-07:00,2026-07-29T13:46:01-07:00,1,30
data/github-cache.json,6,json,c5f48d3,Ishaan Kor,2026-07-29,20:46:01,-07:00,2026-07-29T13:46:01-07:00,1,30
data/github-cache.json,7,json,c5f48d3,Ishaan Kor,2026-07-29,20:46:01,-07:00,2026-07-29T13:46:01-07:00,1,30
data/github-cache.json,8,json,c5f48d3,Ishaan Kor,2026-07-29,20:46:01,-07:00,2026-07-29T13:46:01-07:00,1,30
data/github-cache.json,9,json,c5f48d3,Ishaan Kor,2026-07-29,20:46:01,-07:00,2026-07-29T13:46:01-07:00,1,30
data/github-cache.json,10,json,c5f48d3,Ishaan Kor,2026-07-29,20:46:01,-07:00,2026-07-29T13:46:01-07:00,1,30
data/github-cache.json,11,json,c5f48d3,Ishaan Kor,2026-07-29,20:46:01,-07:00,2026-07-29T13:46:01-07:00,1,30
data/github-cache.json,12,json,c5f48d3,Ishaan Kor,2026-07-29,20:46:01,-07:00,2026-07-29T13:46:01-07:00,1,30
data/github-cache.json,13,json,c5f48d3,Ishaan Kor,2026-07-29,20:46:01,-07:00,2026-07-29T13:46:01-07:00,1,30
data/github-cache.json,14,json,c5f48d3,Ishaan Kor,2026-07-29,20:46:01,-07:00,2026-07-29T13:46:01-07:00,1,30
data/github-cache.json,15,json,c5f48d3,Ishaan Kor,2026-07-29,20:46:01,-07:00,2026-07-29T13:46:01-07:00,1,30
data/github-cache.json,16,json,c5f48d3,Ishaan Kor,2026-07-29,20:46:01,-07:00,2026-07-29T13:46:01-07:00,1,30
data/github-cache.json,17,json,c5f48d3,Ishaan Kor,2026-07-29,20:46:01,-07:00,2026-07-29T13:46:01-07:00,1,30
data/github-cache.json,18,json,c5f48d3,Ishaan Kor,2026-07-29,20:46:01,-07:00,2026-07-29T13:46:01-07:00,1,30
data/github-cache.json,19,json,c5f48d3,Ishaan Kor,2026-07-29,20:46:01,-07:00,2026-07-29T13:46:01-07:00,1,30
data/github-cache.json,20,json,c5f48d3,Ishaan Kor,2026-07-29,20:46:01,-07:00,2026-07-29T13:46:01-07:00,1,30
data/github-cache.json,21,json,c5f48d3,Ishaan Kor,2026-07-29,20:46:01,-07:00,2026-07-29T13:46:01-07:00,1,30
data/github-cache.json,22,json,c5f48d3,Ishaan Kor,2026-07-29,20:46:01,-07:00,2026-07-29T13:46:01-07:00,1,30
data/github-cache.json,23,json,c5f48d3,Ishaan Kor,2026-07-29,20:46:01,-07:00,2026-07-29T13:46:01-07:00,1,30
data/github-cache.json,24,json,c5f48d3,Ishaan Kor,2026-07-29,20:46:01,-07:00,2026-07-29T13:46:01-07:00,1,30
data/github-cache.json,25,json,c5f48d3,Ishaan Kor,2026-07-29,20:46:01,-07:00,2026-07-29T13:46:01-07:00,1,30
data/github-cache.json,26,json,c5f48d3,Ishaan Kor,2026-07-29,20:46:01,-07:00,2026-07-29T13:46:01-07:00,1,30
data/github-cache.json,27,json,c5f48d3,Ishaan Kor,2026-07-29,20:46:01,-07:00,2026-07-29T13:46:01-07:00,1,30
data/github-cache.json,28,json,c5f48d3,Ishaan Kor,2026-07-29,20:46:01,-07:00,2026-07-29T13:46:01-07:00,1,30
data/github-cache.json,29,json,c5f48d3,Ishaan Kor,2026-07-29,20:46:01,-07:00,2026-07-29T13:46:01-07:00,1,30
data/github-cache.json,30,json,c5f48d3,Ishaan Kor,2026-07-29,20:46:01,-07:00,2026-07-29T13:46:01-07:00,1,30
out/404.html,1,html,c5f48d3,Ishaan Kor,2026-07-29,20:46:01,-07:00,2026-07-29T13:46:01-07:00,1,30
out/404.html,2,html,c5f48d3,Ishaan Kor,2026-07-29,20:46:01,-07:00,2026-07-29T13:46:01-07:00,1,30
out/_next/static/{NAXY5l8sKSaag12E2CH3G,1,code,c5f48d3,Ishaan Kor,2026-07-29,20:46:01,-07:00,2026-07-29T13:46:01-07:00,3,30
out/_next/static/{NAXY5l8sKSaag12E2CH3G,1,code,c5f48d3,Ishaan Kor,2026-07-29,20:46:01,-07:00,2026-07-29T13:46:01-07:00,3,30
out/_next/static/chunks/app/meta/page-3e0e016e902cc320.js,1,js,c5f48d3,Ishaan Kor,2026-07-29,20:46:01,-07:00,2026-07-29T13:46:01-07:00,6,30
out/_next/static/chunks/app/meta/page-8e0fff70cf94b118.js,1,js,c5f48d3,Ishaan Kor,2026-07-29,20:46:01,-07:00,2026-07-29T13:46:01-07:00,6,30
out/_next/static/chunks/app/page-16de0fb7938a1e89.js,1,js,c5f48d3,Ishaan Kor,2026-07-29,20:46:01,-07:00,2026-07-29T13:46:01-07:00,5,30
out/_next/static/chunks/app/page-c035dbab2e41e0bb.js,1,js,c5f48d3,Ishaan Kor,2026-07-29,20:46:01,-07:00,2026-07-29T13:46:01-07:00,5,30
out/api/github,1,code,c5f48d3,Ishaan Kor,2026-07-29,20:46:01,-07:00,2026-07-29T13:46:01-07:00,2,30
out/api/github,2,code,c5f48d3,Ishaan Kor,2026-07-29,20:46:01,-07:00,2026-07-29T13:46:01-07:00,2,30
out/contact.html,1,html,c5f48d3,Ishaan Kor,2026-07-29,20:46:01,-07:00,2026-07-29T13:46:01-07:00,1,30
out/contact.html,2,html,c5f48d3,Ishaan Kor,2026-07-29,20:46:01,-07:00,2026-07-29T13:46:01-07:00,1,30
out/contact.txt,1,txt,c5f48d3,Ishaan Kor,2026-07-29,20:46:01,-07:00,2026-07-29T13:46:01-07:00,1,30
out/contact.txt,2,txt,c5f48d3,Ishaan Kor,2026-07-29,20:46:01,-07:00,2026-07-29T13:46:01-07:00,1,30
out/index.html,1,html,c5f48d3,Ishaan Kor,2026-07-29,20:46:01,-07:00,2026-07-29T13:46:01-07:00,1,30
out/index.html,2,html,c5f48d3,Ishaan Kor,2026-07-29,20:46:01,-07:00,2026-07-29T13:46:01-07:00,1,30
out/index.txt,1,txt,c5f48d3,Ishaan Kor,2026-07-29,20:46:01,-07:00,2026-07-29T13:46:01-07:00,1,30
out/index.txt,2,txt,c5f48d3,Ishaan Kor,2026-07-29,20:46:01,-07:00,2026-07-29T13:46:01-07:00,1,30
out/index.txt,3,txt,c5f48d3,Ishaan Kor,2026-07-29,20:46:01,-07:00,2026-07-29T13:46:01-07:00,1,30
out/index.txt,4,txt,c5f48d3,Ishaan Kor,2026-07-29,20:46:01,-07:00,2026-07-29T13:46:01-07:00,1,30
out/index.txt,5,txt,c5f48d3,Ishaan Kor,2026-07-29,20:46:01,-07:00,2026-07-29T13:46:01-07:00,1,30
out/index.txt,6,txt,c5f48d3,Ishaan Kor,2026-07-29,20:46:01,-07:00,2026-07-29T13:46:01-07:00,1,30
out/index.txt,7,txt,c5f48d3,Ishaan Kor,2026-07-29,20:46:01,-07:00,2026-07-29T13:46:01-07:00,1,30
out/index.txt,8,txt,c5f48d3,Ishaan Kor,2026-07-29,20:46:01,-07:00,2026-07-29T13:46:01-07:00,1,30
out/index.txt,9,txt,c5f48d3,Ishaan Kor,2026-07-29,20:46:01,-07:00,2026-07-29T13:46:01-07:00,1,30
out/index.txt,10,txt,c5f48d3,Ishaan Kor,2026-07-29,20:46:01,-07:00,2026-07-29T13:46:01-07:00,1,30
out/index.txt,11,txt,c5f48d3,Ishaan Kor,2026-07-29,20:46:01,-07:00,2026-07-29T13:46:01-07:00,1,30
out/index.txt,12,txt,c5f48d3,Ishaan Kor,2026-07-29,20:46:01,-07:00,2026-07-29T13:46:01-07:00,1,30
out/index.txt,13,txt,c5f48d3,Ishaan Kor,2026-07-29,20:46:01,-07:00,2026-07-29T13:46:01-07:00,1,30
out/index.txt,14,txt,c5f48d3,Ishaan Kor,2026-07-29,20:46:01,-07:00,2026-07-29T13:46:01-07:00,1,30
out/index.txt,15,txt,c5f48d3,Ishaan Kor,2026-07-29,20:46:01,-07:00,2026-07-29T13:46:01-07:00,1,30
out/index.txt,16,txt,c5f48d3,Ishaan Kor,2026-07-29,20:46:01,-07:00,2026-07-29T13:46:01-07:00,1,30
out/index.txt,17,txt,c5f48d3,Ishaan Kor,2026-07-29,20:46:01,-07:00,2026-07-29T13:46:01-07:00,1,30
out/index.txt,18,txt,c5f48d3,Ishaan Kor,2026-07-29,20:46:01,-07:00,2026-07-29T13:46:01-07:00,1,30
out/meta.html,1,html,c5f48d3,Ishaan Kor,2026-07-29,20:46:01,-07:00,2026-07-29T13:46:01-07:00,1,30
out/meta.html,2,html,c5f48d3,Ishaan Kor,2026-07-29,20:46:01,-07:00,2026-07-29T13:46:01-07:00,1,30
out/meta.txt,1,txt,c5f48d3,Ishaan Kor,2026-07-29,20:46:01,-07:00,2026-07-29T13:46:01-07:00,1,30
out/meta.txt,2,txt,c5f48d3,Ishaan Kor,2026-07-29,20:46:01,-07:00,2026-07-29T13:46:01-07:00,1,30
out/meta.txt,3,txt,c5f48d3,Ishaan Kor,2026-07-29,20:46:01,-07:00,2026-07-29T13:46:01-07:00,1,30
out/meta.txt,4,txt,c5f48d3,Ishaan Kor,2026-07-29,20:46:01,-07:00,2026-07-29T13:46:01-07:00,1,30
out/projects.html,1,html,c5f48d3,Ishaan Kor,2026-07-29,20:46:01,-07:00,2026-07-29T13:46:01-07:00,1,30
out/projects.html,2,html,c5f48d3,Ishaan Kor,2026-07-29,20:46:01,-07:00,2026-07-29T13:46:01-07:00,1,30
out/projects.txt,1,txt,c5f48d3,Ishaan Kor,2026-07-29,20:46:01,-07:00,2026-07-29T13:46:01-07:00,1,30
out/projects.txt,2,txt,c5f48d3,Ishaan Kor,2026-07-29,20:46:01,-07:00,2026-07-29T13:46:01-07:00,1,30
out/resume.html,1,html,c5f48d3,Ishaan Kor,2026-07-29,20:46:01,-07:00,2026-07-29T13:46:01-07:00,1,30
out/resume.html,2,html,c5f48d3,Ishaan Kor,2026-07-29,20:46:01,-07:00,2026-07-29T13:46:01-07:00,1,30
out/resume.txt,1,txt,c5f48d3,Ishaan Kor,2026-07-29,20:46:01,-07:00,2026-07-29T13:46:01-07:00,1,30
out/resume.txt,2,txt,c5f48d3,Ishaan Kor,2026-07-29,20:46:01,-07:00,2026-07-29T13:46:01-07:00,1,30
components/meta/GitHubMetaDashboard.tsx,1,tsx,1b0f813,Ishaan Kor,2026-07-29,20:04:49,-07:00,2026-07-29T13:04:49-07:00,2,30
components/meta/GitHubMetaDashboard.tsx,2,tsx,1b0f813,Ishaan Kor,2026-07-29,20:04:49,-07:00,2026-07-29T13:04:49-07:00,2,30
components/meta/GitHubMetaDashboard.tsx,3,tsx,1b0f813,Ishaan Kor,2026-07-29,20:04:49,-07:00,2026-07-29T13:04:49-07:00,2,30
components/meta/GitHubMetaDashboard.tsx,4,tsx,1b0f813,Ishaan Kor,2026-07-29,20:04:49,-07:00,2026-07-29T13:04:49-07:00,2,30
components/meta/GitHubMetaDashboard.tsx,5,tsx,1b0f813,Ishaan Kor,2026-07-29,20:04:49,-07:00,2026-07-29T13:04:49-07:00,2,30
components/meta/GitHubMetaDashboard.tsx,6,tsx,1b0f813,Ishaan Kor,2026-07-29,20:04:49,-07:00,2026-07-29T13:04:49-07:00,2,30
components/meta/GitHubMetaDashboard.tsx,7,tsx,1b0f813,Ishaan Kor,2026-07-29,20:04:49,-07:00,2026-07-29T13:04:49-07:00,2,30
components/meta/GitHubMetaDashboard.tsx,8,tsx,1b0f813,Ishaan Kor,2026-07-29,20:04:49,-07:00,2026-07-29T13:04:49-07:00,2,30
components/meta/GitHubMetaDashboard.tsx,9,tsx,1b0f813,Ishaan Kor,2026-07-29,20:04:49,-07:00,2026-07-29T13:04:49-07:00,2,30
components/meta/GitHubMetaDashboard.tsx,10,tsx,1b0f813,Ishaan Kor,2026-07-29,20:04:49,-07:00,2026-07-29T13:04:49-07:00,2,30
components/meta/GitHubMetaDashboard.tsx,11,tsx,1b0f813,Ishaan Kor,2026-07-29,20:04:49,-07:00,2026-07-29T13:04:49-07:00,2,30
components/meta/GitHubMetaDashboard.tsx,12,tsx,1b0f813,Ishaan Kor,2026-07-29,20:04:49,-07:00,2026-07-29T13:04:49-07:00,2,30
components/meta/GitHubMetaDashboard.tsx,13,tsx,1b0f813,Ishaan Kor,2026-07-29,20:04:49,-07:00,2026-07-29T13:04:49-07:00,2,30
components/meta/GitHubMetaDashboard.tsx,14,tsx,1b0f813,Ishaan Kor,2026-07-29,20:04:49,-07:00,2026-07-29T13:04:49-07:00,2,30
components/meta/GitHubMetaDashboard.tsx,15,tsx,1b0f813,Ishaan Kor,2026-07-29,20:04:49,-07:00,2026-07-29T13:04:49-07:00,2,30
components/meta/GitHubMetaDashboard.tsx,16,tsx,1b0f813,Ishaan Kor,2026-07-29,20:04:49,-07:00,2026-07-29T13:04:49-07:00,2,30
components/meta/GitHubMetaDashboard.tsx,17,tsx,1b0f813,Ishaan Kor,2026-07-29,20:04:49,-07:00,2026-07-29T13:04:49-07:00,2,30
components/meta/GitHubMetaDashboard.tsx,18,tsx,1b0f813,Ishaan Kor,2026-07-29,20:04:49,-07:00,2026-07-29T13:04:49-07:00,2,30
components/meta/GitHubMetaDashboard.tsx,19,tsx,1b0f813,Ishaan Kor,2026-07-29,20:04:49,-07:00,2026-07-29T13:04:49-07:00,2,30
components/meta/GitHubMetaDashboard.tsx,20,tsx,1b0f813,Ishaan Kor,2026-07-29,20:04:49,-07:00,2026-07-29T13:04:49-07:00,2,30
components/meta/GitHubMetaDashboard.tsx,21,tsx,1b0f813,Ishaan Kor,2026-07-29,20:04:49,-07:00,2026-07-29T13:04:49-07:00,2,30
components/meta/GitHubMetaDashboard.tsx,22,tsx,1b0f813,Ishaan Kor,2026-07-29,20:04:49,-07:00,2026-07-29T13:04:49-07:00,2,30
components/meta/GitHubMetaDashboard.tsx,23,tsx,1b0f813,Ishaan Kor,2026-07-29,20:04:49,-07:00,2026-07-29T13:04:49-07:00,2,30
components/meta/GitHubMetaDashboard.tsx,24,tsx,1b0f813,Ishaan Kor,2026-07-29,20:04:49,-07:00,2026-07-29T13:04:49-07:00,2,30
components/meta/GitHubMetaDashboard.tsx,25,tsx,1b0f813,Ishaan Kor,2026-07-29,20:04:49,-07:00,2026-07-29T13:04:49-07:00,2,30
components/meta/GitHubMetaDashboard.tsx,26,tsx,1b0f813,Ishaan Kor,2026-07-29,20:04:49,-07:00,2026-07-29T13:04:49-07:00,2,30
components/meta/GitHubMetaDashboard.tsx,27,tsx,1b0f813,Ishaan Kor,2026-07-29,20:04:49,-07:00,2026-07-29T13:04:49-07:00,2,30
components/meta/GitHubMetaDashboard.tsx,28,tsx,1b0f813,Ishaan Kor,2026-07-29,20:04:49,-07:00,2026-07-29T13:04:49-07:00,2,30
components/meta/GitHubMetaDashboard.tsx,29,tsx,1b0f813,Ishaan Kor,2026-07-29,20:04:49,-07:00,2026-07-29T13:04:49-07:00,2,30
components/meta/GitHubMetaDashboard.tsx,30,tsx,1b0f813,Ishaan Kor,2026-07-29,20:04:49,-07:00,2026-07-29T13:04:49-07:00,2,30
components/meta/GitHubMetaDashboard.tsx,31,tsx,1b0f813,Ishaan Kor,2026-07-29,20:04:49,-07:00,2026-07-29T13:04:49-07:00,2,30
components/meta/GitHubMetaDashboard.tsx,32,tsx,1b0f813,Ishaan Kor,2026-07-29,20:04:49,-07:00,2026-07-29T13:04:49-07:00,2,30
components/meta/GitHubMetaDashboard.tsx,33,tsx,1b0f813,Ishaan Kor,2026-07-29,20:04:49,-07:00,2026-07-29T13:04:49-07:00,2,30
components/meta/GitHubMetaDashboard.tsx,34,tsx,1b0f813,Ishaan Kor,2026-07-29,20:04:49,-07:00,2026-07-29T13:04:49-07:00,2,30
components/meta/GitHubMetaDashboard.tsx,35,tsx,1b0f813,Ishaan Kor,2026-07-29,20:04:49,-07:00,2026-07-29T13:04:49-07:00,2,30
components/meta/GitHubMetaDashboard.tsx,36,tsx,1b0f813,Ishaan Kor,2026-07-29,20:04:49,-07:00,2026-07-29T13:04:49-07:00,2,30
components/meta/GitHubMetaDashboard.tsx,37,tsx,1b0f813,Ishaan Kor,2026-07-29,20:04:49,-07:00,2026-07-29T13:04:49-07:00,2,30
components/meta/GitHubMetaDashboard.tsx,38,tsx,1b0f813,Ishaan Kor,2026-07-29,20:04:49,-07:00,2026-07-29T13:04:49-07:00,2,30
components/meta/GitHubMetaDashboard.tsx,39,tsx,1b0f813,Ishaan Kor,2026-07-29,20:04:49,-07:00,2026-07-29T13:04:49-07:00,2,30
components/meta/GitHubMetaDashboard.tsx,40,tsx,1b0f813,Ishaan Kor,2026-07-29,20:04:49,-07:00,2026-07-29T13:04:49-07:00,2,30
components/meta/GitHubMetaDashboard.tsx,41,tsx,1b0f813,Ishaan Kor,2026-07-29,20:04:49,-07:00,2026-07-29T13:04:49-07:00,2,30
components/meta/GitHubMetaDashboard.tsx,42,tsx,1b0f813,Ishaan Kor,2026-07-29,20:04:49,-07:00,2026-07-29T13:04:49-07:00,2,30
components/meta/GitHubMetaDashboard.tsx,43,tsx,1b0f813,Ishaan Kor,2026-07-29,20:04:49,-07:00,2026-07-29T13:04:49-07:00,2,30
components/meta/GitHubMetaDashboard.tsx,44,tsx,1b0f813,Ishaan Kor,2026-07-29,20:04:49,-07:00,2026-07-29T13:04:49-07:00,2,30
components/meta/GitHubMetaDashboard.tsx,45,tsx,1b0f813,Ishaan Kor,2026-07-29,20:04:49,-07:00,2026-07-29T13:04:49-07:00,2,30
components/meta/GitHubMetaDashboard.tsx,46,tsx,1b0f813,Ishaan Kor,2026-07-29,20:04:49,-07:00,2026-07-29T13:04:49-07:00,2,30
components/meta/GitHubMetaDashboard.tsx,47,tsx,1b0f813,Ishaan Kor,2026-07-29,20:04:49,-07:00,2026-07-29T13:04:49-07:00,2,30
components/meta/GitHubMetaDashboard.tsx,48,tsx,1b0f813,Ishaan Kor,2026-07-29,20:04:49,-07:00,2026-07-29T13:04:49-07:00,2,30
components/meta/GitHubMetaDashboard.tsx,49,tsx,1b0f813,Ishaan Kor,2026-07-29,20:04:49,-07:00,2026-07-29T13:04:49-07:00,2,30
components/meta/GitHubMetaDashboard.tsx,50,tsx,1b0f813,Ishaan Kor,2026-07-29,20:04:49,-07:00,2026-07-29T13:04:49-07:00,2,30
data/github-cache.json,1,json,1b0f813,Ishaan Kor,2026-07-29,20:04:49,-07:00,2026-07-29T13:04:49-07:00,1,30
data/github-cache.json,2,json,1b0f813,Ishaan Kor,2026-07-29,20:04:49,-07:00,2026-07-29T13:04:49-07:00,1,30
data/github-cache.json,3,json,1b0f813,Ishaan Kor,2026-07-29,20:04:49,-07:00,2026-07-29T13:04:49-07:00,1,30
data/github-cache.json,4,json,1b0f813,Ishaan Kor,2026-07-29,20:04:49,-07:00,2026-07-29T13:04:49-07:00,1,30
data/github-cache.json,5,json,1b0f813,Ishaan Kor,2026-07-29,20:04:49,-07:00,2026-07-29T13:04:49-07:00,1,30
data/github-cache.json,6,json,1b0f813,Ishaan Kor,2026-07-29,20:04:49,-07:00,2026-07-29T13:04:49-07:00,1,30
data/github-cache.json,7,json,1b0f813,Ishaan Kor,2026-07-29,20:04:49,-07:00,2026-07-29T13:04:49-07:00,1,30
data/github-cache.json,8,json,1b0f813,Ishaan Kor,2026-07-29,20:04:49,-07:00,2026-07-29T13:04:49-07:00,1,30
data/github-cache.json,9,json,1b0f813,Ishaan Kor,2026-07-29,20:04:49,-07:00,2026-07-29T13:04:49-07:00,1,30
data/github-cache.json,10,json,1b0f813,Ishaan Kor,2026-07-29,20:04:49,-07:00,2026-07-29T13:04:49-07:00,1,30
data/github-cache.json,11,json,1b0f813,Ishaan Kor,2026-07-29,20:04:49,-07:00,2026-07-29T13:04:49-07:00,1,30
data/github-cache.json,12,json,1b0f813,Ishaan Kor,2026-07-29,20:04:49,-07:00,2026-07-29T13:04:49-07:00,1,30
data/github-cache.json,13,json,1b0f813,Ishaan Kor,2026-07-29,20:04:49,-07:00,2026-07-29T13:04:49-07:00,1,30
data/github-cache.json,14,json,1b0f813,Ishaan Kor,2026-07-29,20:04:49,-07:00,2026-07-29T13:04:49-07:00,1,30
data/github-cache.json,15,json,1b0f813,Ishaan Kor,2026-07-29,20:04:49,-07:00,2026-07-29T13:04:49-07:00,1,30
data/github-cache.json,16,json,1b0f813,Ishaan Kor,2026-07-29,20:04:49,-07:00,2026-07-29T13:04:49-07:00,1,30
data/github-cache.json,17,json,1b0f813,Ishaan Kor,2026-07-29,20:04:49,-07:00,2026-07-29T13:04:49-07:00,1,30
data/github-cache.json,18,json,1b0f813,Ishaan Kor,2026-07-29,20:04:49,-07:00,2026-07-29T13:04:49-07:00,1,30
data/github-cache.json,19,json,1b0f813,Ishaan Kor,2026-07-29,20:04:49,-07:00,2026-07-29T13:04:49-07:00,1,30
data/github-cache.json,20,json,1b0f813,Ishaan Kor,2026-07-29,20:04:49,-07:00,2026-07-29T13:04:49-07:00,1,30
data/github-cache.json,21,json,1b0f813,Ishaan Kor,2026-07-29,20:04:49,-07:00,2026-07-29T13:04:49-07:00,1,30
data/github-cache.json,22,json,1b0f813,Ishaan Kor,2026-07-29,20:04:49,-07:00,2026-07-29T13:04:49-07:00,1,30
data/github-cache.json,23,json,1b0f813,Ishaan Kor,2026-07-29,20:04:49,-07:00,2026-07-29T13:04:49-07:00,1,30
data/github-cache.json,24,json,1b0f813,Ishaan Kor,2026-07-29,20:04:49,-07:00,2026-07-29T13:04:49-07:00,1,30
data/github-cache.json,25,json,1b0f813,Ishaan Kor,2026-07-29,20:04:49,-07:00,2026-07-29T13:04:49-07:00,1,30
data/github-cache.json,26,json,1b0f813,Ishaan Kor,2026-07-29,20:04:49,-07:00,2026-07-29T13:04:49-07:00,1,30
data/github-cache.json,27,json,1b0f813,Ishaan Kor,2026-07-29,20:04:49,-07:00,2026-07-29T13:04:49-07:00,1,30
data/github-cache.json,28,json,1b0f813,Ishaan Kor,2026-07-29,20:04:49,-07:00,2026-07-29T13:04:49-07:00,1,30
out/404.html,1,html,1b0f813,Ishaan Kor,2026-07-29,20:04:49,-07:00,2026-07-29T13:04:49-07:00,1,30
out/404.html,2,html,1b0f813,Ishaan Kor,2026-07-29,20:04:49,-07:00,2026-07-29T13:04:49-07:00,1,30
out/_next/static/{G5FqflRxfTbL-5TzR9GDX,1,code,1b0f813,Ishaan Kor,2026-07-29,20:04:49,-07:00,2026-07-29T13:04:49-07:00,3,30
out/_next/static/{G5FqflRxfTbL-5TzR9GDX,1,code,1b0f813,Ishaan Kor,2026-07-29,20:04:49,-07:00,2026-07-29T13:04:49-07:00,3,30
out/_next/static/chunks/app/meta/page-42af485f65def680.js,1,js,1b0f813,Ishaan Kor,2026-07-29,20:04:49,-07:00,2026-07-29T13:04:49-07:00,6,30
out/_next/static/chunks/app/meta/page-8e0fff70cf94b118.js,1,js,1b0f813,Ishaan Kor,2026-07-29,20:04:49,-07:00,2026-07-29T13:04:49-07:00,6,30
out/_next/static/chunks/app/page-16de0fb7938a1e89.js,1,js,1b0f813,Ishaan Kor,2026-07-29,20:04:49,-07:00,2026-07-29T13:04:49-07:00,5,30
out/_next/static/chunks/app/page-41842b00213f1a27.js,1,js,1b0f813,Ishaan Kor,2026-07-29,20:04:49,-07:00,2026-07-29T13:04:49-07:00,5,30
out/_next/static/css/5f4f3350c13062d4.css,1,css,1b0f813,Ishaan Kor,2026-07-29,20:04:49,-07:00,2026-07-29T13:04:49-07:00,4,30
out/_next/static/css/5f4f3350c13062d4.css,2,css,1b0f813,Ishaan Kor,2026-07-29,20:04:49,-07:00,2026-07-29T13:04:49-07:00,4,30
out/_next/static/css/5f4f3350c13062d4.css,3,css,1b0f813,Ishaan Kor,2026-07-29,20:04:49,-07:00,2026-07-29T13:04:49-07:00,4,30
out/_next/static/css/ea339252294fe721.css,1,css,1b0f813,Ishaan Kor,2026-07-29,20:04:49,-07:00,2026-07-29T13:04:49-07:00,4,30
out/_next/static/css/ea339252294fe721.css,2,css,1b0f813,Ishaan Kor,2026-07-29,20:04:49,-07:00,2026-07-29T13:04:49-07:00,4,30
out/_next/static/css/ea339252294fe721.css,3,css,1b0f813,Ishaan Kor,2026-07-29,20:04:49,-07:00,2026-07-29T13:04:49-07:00,4,30
out/api/github,1,code,1b0f813,Ishaan Kor,2026-07-29,20:04:49,-07:00,2026-07-29T13:04:49-07:00,2,30
out/api/github,2,code,1b0f813,Ishaan Kor,2026-07-29,20:04:49,-07:00,2026-07-29T13:04:49-07:00,2,30
out/contact.html,1,html,1b0f813,Ishaan Kor,2026-07-29,20:04:49,-07:00,2026-07-29T13:04:49-07:00,1,30
out/contact.html,2,html,1b0f813,Ishaan Kor,2026-07-29,20:04:49,-07:00,2026-07-29T13:04:49-07:00,1,30
out/contact.txt,1,txt,1b0f813,Ishaan Kor,2026-07-29,20:04:49,-07:00,2026-07-29T13:04:49-07:00,1,30
out/contact.txt,2,txt,1b0f813,Ishaan Kor,2026-07-29,20:04:49,-07:00,2026-07-29T13:04:49-07:00,1,30
out/index.html,1,html,1b0f813,Ishaan Kor,2026-07-29,20:04:49,-07:00,2026-07-29T13:04:49-07:00,1,30
out/index.html,2,html,1b0f813,Ishaan Kor,2026-07-29,20:04:49,-07:00,2026-07-29T13:04:49-07:00,1,30
out/index.txt,1,txt,1b0f813,Ishaan Kor,2026-07-29,20:04:49,-07:00,2026-07-29T13:04:49-07:00,1,30
out/index.txt,2,txt,1b0f813,Ishaan Kor,2026-07-29,20:04:49,-07:00,2026-07-29T13:04:49-07:00,1,30
out/index.txt,3,txt,1b0f813,Ishaan Kor,2026-07-29,20:04:49,-07:00,2026-07-29T13:04:49-07:00,1,30
out/index.txt,4,txt,1b0f813,Ishaan Kor,2026-07-29,20:04:49,-07:00,2026-07-29T13:04:49-07:00,1,30
out/index.txt,5,txt,1b0f813,Ishaan Kor,2026-07-29,20:04:49,-07:00,2026-07-29T13:04:49-07:00,1,30
out/index.txt,6,txt,1b0f813,Ishaan Kor,2026-07-29,20:04:49,-07:00,2026-07-29T13:04:49-07:00,1,30
out/index.txt,7,txt,1b0f813,Ishaan Kor,2026-07-29,20:04:49,-07:00,2026-07-29T13:04:49-07:00,1,30
out/index.txt,8,txt,1b0f813,Ishaan Kor,2026-07-29,20:04:49,-07:00,2026-07-29T13:04:49-07:00,1,30
out/index.txt,9,txt,1b0f813,Ishaan Kor,2026-07-29,20:04:49,-07:00,2026-07-29T13:04:49-07:00,1,30
out/index.txt,10,txt,1b0f813,Ishaan Kor,2026-07-29,20:04:49,-07:00,2026-07-29T13:04:49-07:00,1,30
out/index.txt,11,txt,1b0f813,Ishaan Kor,2026-07-29,20:04:49,-07:00,2026-07-29T13:04:49-07:00,1,30
out/index.txt,12,txt,1b0f813,Ishaan Kor,2026-07-29,20:04:49,-07:00,2026-07-29T13:04:49-07:00,1,30
out/index.txt,13,txt,1b0f813,Ishaan Kor,2026-07-29,20:04:49,-07:00,2026-07-29T13:04:49-07:00,1,30
out/index.txt,14,txt,1b0f813,Ishaan Kor,2026-07-29,20:04:49,-07:00,2026-07-29T13:04:49-07:00,1,30
out/index.txt,15,txt,1b0f813,Ishaan Kor,2026-07-29,20:04:49,-07:00,2026-07-29T13:04:49-07:00,1,30
out/index.txt,16,txt,1b0f813,Ishaan Kor,2026-07-29,20:04:49,-07:00,2026-07-29T13:04:49-07:00,1,30
out/index.txt,17,txt,1b0f813,Ishaan Kor,2026-07-29,20:04:49,-07:00,2026-07-29T13:04:49-07:00,1,30
out/index.txt,18,txt,1b0f813,Ishaan Kor,2026-07-29,20:04:49,-07:00,2026-07-29T13:04:49-07:00,1,30
out/meta.html,1,html,1b0f813,Ishaan Kor,2026-07-29,20:04:49,-07:00,2026-07-29T13:04:49-07:00,1,30
out/meta.html,2,html,1b0f813,Ishaan Kor,2026-07-29,20:04:49,-07:00,2026-07-29T13:04:49-07:00,1,30
out/meta.txt,1,txt,1b0f813,Ishaan Kor,2026-07-29,20:04:49,-07:00,2026-07-29T13:04:49-07:00,1,30
out/meta.txt,2,txt,1b0f813,Ishaan Kor,2026-07-29,20:04:49,-07:00,2026-07-29T13:04:49-07:00,1,30
out/meta.txt,3,txt,1b0f813,Ishaan Kor,2026-07-29,20:04:49,-07:00,2026-07-29T13:04:49-07:00,1,30
out/meta.txt,4,txt,1b0f813,Ishaan Kor,2026-07-29,20:04:49,-07:00,2026-07-29T13:04:49-07:00,1,30
out/projects.html,1,html,1b0f813,Ishaan Kor,2026-07-29,20:04:49,-07:00,2026-07-29T13:04:49-07:00,1,30
out/projects.html,2,html,1b0f813,Ishaan Kor,2026-07-29,20:04:49,-07:00,2026-07-29T13:04:49-07:00,1,30
out/projects.txt,1,txt,1b0f813,Ishaan Kor,2026-07-29,20:04:49,-07:00,2026-07-29T13:04:49-07:00,1,30
out/projects.txt,2,txt,1b0f813,Ishaan Kor,2026-07-29,20:04:49,-07:00,2026-07-29T13:04:49-07:00,1,30
out/resume.html,1,html,1b0f813,Ishaan Kor,2026-07-29,20:04:49,-07:00,2026-07-29T13:04:49-07:00,1,30
out/resume.html,2,html,1b0f813,Ishaan Kor,2026-07-29,20:04:49,-07:00,2026-07-29T13:04:49-07:00,1,30
out/resume.txt,1,txt,1b0f813,Ishaan Kor,2026-07-29,20:04:49,-07:00,2026-07-29T13:04:49-07:00,1,30
out/resume.txt,2,txt,1b0f813,Ishaan Kor,2026-07-29,20:04:49,-07:00,2026-07-29T13:04:49-07:00,1,30
.gitignore,1,code,049bd50,Ishaan Kor,2026-07-29,19:57:21,-07:00,2026-07-29T12:57:21-07:00,0,30
.gitignore,2,code,049bd50,Ishaan Kor,2026-07-29,19:57:21,-07:00,2026-07-29T12:57:21-07:00,0,30
.gitignore,3,code,049bd50,Ishaan Kor,2026-07-29,19:57:21,-07:00,2026-07-29T12:57:21-07:00,0,30
out/_next/static/chunks/main-2a2610d6e7bfa655.js,1,js,049bd50,Ishaan Kor,2026-07-29,19:57:21,-07:00,2026-07-29T12:57:21-07:00,4,30
out/_next/static/chunks/main-2a2610d6e7bfa655.js,2,js,049bd50,Ishaan Kor,2026-07-29,19:57:21,-07:00,2026-07-29T12:57:21-07:00,4,30
app/api/github/route.ts,1,ts,049bd50,Ishaan Kor,2026-07-29,19:57:21,-07:00,2026-07-29T12:57:21-07:00,3,30
app/api/github/route.ts,2,ts,049bd50,Ishaan Kor,2026-07-29,19:57:21,-07:00,2026-07-29T12:57:21-07:00,3,30
app/api/github/route.ts,3,ts,049bd50,Ishaan Kor,2026-07-29,19:57:21,-07:00,2026-07-29T12:57:21-07:00,3,30
app/api/github/route.ts,4,ts,049bd50,Ishaan Kor,2026-07-29,19:57:21,-07:00,2026-07-29T12:57:21-07:00,3,30
app/api/github/route.ts,5,ts,049bd50,Ishaan Kor,2026-07-29,19:57:21,-07:00,2026-07-29T12:57:21-07:00,3,30
app/api/github/route.ts,6,ts,049bd50,Ishaan Kor,2026-07-29,19:57:21,-07:00,2026-07-29T12:57:21-07:00,3,30
app/api/github/route.ts,7,ts,049bd50,Ishaan Kor,2026-07-29,19:57:21,-07:00,2026-07-29T12:57:21-07:00,3,30
app/api/github/route.ts,8,ts,049bd50,Ishaan Kor,2026-07-29,19:57:21,-07:00,2026-07-29T12:57:21-07:00,3,30
app/api/github/route.ts,9,ts,049bd50,Ishaan Kor,2026-07-29,19:57:21,-07:00,2026-07-29T12:57:21-07:00,3,30
app/api/github/route.ts,10,ts,049bd50,Ishaan Kor,2026-07-29,19:57:21,-07:00,2026-07-29T12:57:21-07:00,3,30
app/api/github/route.ts,11,ts,049bd50,Ishaan Kor,2026-07-29,19:57:21,-07:00,2026-07-29T12:57:21-07:00,3,30
app/api/github/route.ts,12,ts,049bd50,Ishaan Kor,2026-07-29,19:57:21,-07:00,2026-07-29T12:57:21-07:00,3,30
app/api/github/route.ts,13,ts,049bd50,Ishaan Kor,2026-07-29,19:57:21,-07:00,2026-07-29T12:57:21-07:00,3,30
app/api/github/route.ts,14,ts,049bd50,Ishaan Kor,2026-07-29,19:57:21,-07:00,2026-07-29T12:57:21-07:00,3,30
app/api/github/route.ts,15,ts,049bd50,Ishaan Kor,2026-07-29,19:57:21,-07:00,2026-07-29T12:57:21-07:00,3,30
app/api/github/route.ts,16,ts,049bd50,Ishaan Kor,2026-07-29,19:57:21,-07:00,2026-07-29T12:57:21-07:00,3,30
app/api/github/route.ts,17,ts,049bd50,Ishaan Kor,2026-07-29,19:57:21,-07:00,2026-07-29T12:57:21-07:00,3,30
app/api/github/route.ts,18,ts,049bd50,Ishaan Kor,2026-07-29,19:57:21,-07:00,2026-07-29T12:57:21-07:00,3,30
app/api/github/route.ts,19,ts,049bd50,Ishaan Kor,2026-07-29,19:57:21,-07:00,2026-07-29T12:57:21-07:00,3,30
app/api/github/route.ts,20,ts,049bd50,Ishaan Kor,2026-07-29,19:57:21,-07:00,2026-07-29T12:57:21-07:00,3,30
app/api/github/route.ts,21,ts,049bd50,Ishaan Kor,2026-07-29,19:57:21,-07:00,2026-07-29T12:57:21-07:00,3,30
app/api/github/route.ts,22,ts,049bd50,Ishaan Kor,2026-07-29,19:57:21,-07:00,2026-07-29T12:57:21-07:00,3,30
app/api/github/route.ts,23,ts,049bd50,Ishaan Kor,2026-07-29,19:57:21,-07:00,2026-07-29T12:57:21-07:00,3,30
app/api/github/route.ts,24,ts,049bd50,Ishaan Kor,2026-07-29,19:57:21,-07:00,2026-07-29T12:57:21-07:00,3,30
app/api/github/route.ts,25,ts,049bd50,Ishaan Kor,2026-07-29,19:57:21,-07:00,2026-07-29T12:57:21-07:00,3,30
app/api/github/route.ts,26,ts,049bd50,Ishaan Kor,2026-07-29,19:57:21,-07:00,2026-07-29T12:57:21-07:00,3,30
app/api/github/route.ts,27,ts,049bd50,Ishaan Kor,2026-07-29,19:57:21,-07:00,2026-07-29T12:57:21-07:00,3,30
app/api/github/route.ts,28,ts,049bd50,Ishaan Kor,2026-07-29,19:57:21,-07:00,2026-07-29T12:57:21-07:00,3,30
app/api/github/route.ts,29,ts,049bd50,Ishaan Kor,2026-07-29,19:57:21,-07:00,2026-07-29T12:57:21-07:00,3,30
app/api/github/route.ts,30,ts,049bd50,Ishaan Kor,2026-07-29,19:57:21,-07:00,2026-07-29T12:57:21-07:00,3,30
app/api/github/route.ts,31,ts,049bd50,Ishaan Kor,2026-07-29,19:57:21,-07:00,2026-07-29T12:57:21-07:00,3,30
app/api/github/route.ts,32,ts,049bd50,Ishaan Kor,2026-07-29,19:57:21,-07:00,2026-07-29T12:57:21-07:00,3,30
app/api/github/route.ts,33,ts,049bd50,Ishaan Kor,2026-07-29,19:57:21,-07:00,2026-07-29T12:57:21-07:00,3,30
app/api/github/route.ts,34,ts,049bd50,Ishaan Kor,2026-07-29,19:57:21,-07:00,2026-07-29T12:57:21-07:00,3,30
app/api/github/route.ts,35,ts,049bd50,Ishaan Kor,2026-07-29,19:57:21,-07:00,2026-07-29T12:57:21-07:00,3,30
app/api/github/route.ts,36,ts,049bd50,Ishaan Kor,2026-07-29,19:57:21,-07:00,2026-07-29T12:57:21-07:00,3,30
app/api/github/route.ts,37,ts,049bd50,Ishaan Kor,2026-07-29,19:57:21,-07:00,2026-07-29T12:57:21-07:00,3,30
app/api/github/route.ts,38,ts,049bd50,Ishaan Kor,2026-07-29,19:57:21,-07:00,2026-07-29T12:57:21-07:00,3,30
app/api/github/route.ts,39,ts,049bd50,Ishaan Kor,2026-07-29,19:57:21,-07:00,2026-07-29T12:57:21-07:00,3,30
app/api/github/route.ts,40,ts,049bd50,Ishaan Kor,2026-07-29,19:57:21,-07:00,2026-07-29T12:57:21-07:00,3,30
app/api/github/route.ts,41,ts,049bd50,Ishaan Kor,2026-07-29,19:57:21,-07:00,2026-07-29T12:57:21-07:00,3,30
app/api/github/route.ts,42,ts,049bd50,Ishaan Kor,2026-07-29,19:57:21,-07:00,2026-07-29T12:57:21-07:00,3,30
app/api/github/route.ts,43,ts,049bd50,Ishaan Kor,2026-07-29,19:57:21,-07:00,2026-07-29T12:57:21-07:00,3,30
app/api/github/route.ts,44,ts,049bd50,Ishaan Kor,2026-07-29,19:57:21,-07:00,2026-07-29T12:57:21-07:00,3,30
app/api/github/route.ts,45,ts,049bd50,Ishaan Kor,2026-07-29,19:57:21,-07:00,2026-07-29T12:57:21-07:00,3,30
app/api/github/route.ts,46,ts,049bd50,Ishaan Kor,2026-07-29,19:57:21,-07:00,2026-07-29T12:57:21-07:00,3,30
app/api/github/route.ts,47,ts,049bd50,Ishaan Kor,2026-07-29,19:57:21,-07:00,2026-07-29T12:57:21-07:00,3,30
app/api/github/route.ts,48,ts,049bd50,Ishaan Kor,2026-07-29,19:57:21,-07:00,2026-07-29T12:57:21-07:00,3,30
app/api/github/route.ts,49,ts,049bd50,Ishaan Kor,2026-07-29,19:57:21,-07:00,2026-07-29T12:57:21-07:00,3,30
app/api/github/route.ts,50,ts,049bd50,Ishaan Kor,2026-07-29,19:57:21,-07:00,2026-07-29T12:57:21-07:00,3,30
components/analytics/GitHubAnalytics.tsx,1,tsx,049bd50,Ishaan Kor,2026-07-29,19:57:21,-07:00,2026-07-29T12:57:21-07:00,2,30
components/analytics/GitHubAnalytics.tsx,2,tsx,049bd50,Ishaan Kor,2026-07-29,19:57:21,-07:00,2026-07-29T12:57:21-07:00,2,30
components/analytics/GitHubAnalytics.tsx,3,tsx,049bd50,Ishaan Kor,2026-07-29,19:57:21,-07:00,2026-07-29T12:57:21-07:00,2,30
components/analytics/GitHubAnalytics.tsx,4,tsx,049bd50,Ishaan Kor,2026-07-29,19:57:21,-07:00,2026-07-29T12:57:21-07:00,2,30
components/analytics/GitHubAnalytics.tsx,5,tsx,049bd50,Ishaan Kor,2026-07-29,19:57:21,-07:00,2026-07-29T12:57:21-07:00,2,30
components/analytics/GitHubAnalytics.tsx,6,tsx,049bd50,Ishaan Kor,2026-07-29,19:57:21,-07:00,2026-07-29T12:57:21-07:00,2,30
components/analytics/GitHubAnalytics.tsx,7,tsx,049bd50,Ishaan Kor,2026-07-29,19:57:21,-07:00,2026-07-29T12:57:21-07:00,2,30
components/analytics/GitHubAnalytics.tsx,8,tsx,049bd50,Ishaan Kor,2026-07-29,19:57:21,-07:00,2026-07-29T12:57:21-07:00,2,30
components/analytics/GitHubAnalytics.tsx,9,tsx,049bd50,Ishaan Kor,2026-07-29,19:57:21,-07:00,2026-07-29T12:57:21-07:00,2,30
components/analytics/GitHubAnalytics.tsx,10,tsx,049bd50,Ishaan Kor,2026-07-29,19:57:21,-07:00,2026-07-29T12:57:21-07:00,2,30
components/analytics/GitHubAnalytics.tsx,11,tsx,049bd50,Ishaan Kor,2026-07-29,19:57:21,-07:00,2026-07-29T12:57:21-07:00,2,30
components/analytics/GitHubAnalytics.tsx,12,tsx,049bd50,Ishaan Kor,2026-07-29,19:57:21,-07:00,2026-07-29T12:57:21-07:00,2,30
components/analytics/GitHubAnalytics.tsx,13,tsx,049bd50,Ishaan Kor,2026-07-29,19:57:21,-07:00,2026-07-29T12:57:21-07:00,2,30
components/analytics/GitHubAnalytics.tsx,14,tsx,049bd50,Ishaan Kor,2026-07-29,19:57:21,-07:00,2026-07-29T12:57:21-07:00,2,30
components/analytics/GitHubAnalytics.tsx,15,tsx,049bd50,Ishaan Kor,2026-07-29,19:57:21,-07:00,2026-07-29T12:57:21-07:00,2,30
components/analytics/GitHubAnalytics.tsx,16,tsx,049bd50,Ishaan Kor,2026-07-29,19:57:21,-07:00,2026-07-29T12:57:21-07:00,2,30
components/analytics/GitHubAnalytics.tsx,17,tsx,049bd50,Ishaan Kor,2026-07-29,19:57:21,-07:00,2026-07-29T12:57:21-07:00,2,30
components/analytics/GitHubAnalytics.tsx,18,tsx,049bd50,Ishaan Kor,2026-07-29,19:57:21,-07:00,2026-07-29T12:57:21-07:00,2,30
components/analytics/GitHubAnalytics.tsx,19,tsx,049bd50,Ishaan Kor,2026-07-29,19:57:21,-07:00,2026-07-29T12:57:21-07:00,2,30
components/analytics/GitHubAnalytics.tsx,20,tsx,049bd50,Ishaan Kor,2026-07-29,19:57:21,-07:00,2026-07-29T12:57:21-07:00,2,30
components/analytics/GitHubAnalytics.tsx,21,tsx,049bd50,Ishaan Kor,2026-07-29,19:57:21,-07:00,2026-07-29T12:57:21-07:00,2,30
components/analytics/GitHubAnalytics.tsx,22,tsx,049bd50,Ishaan Kor,2026-07-29,19:57:21,-07:00,2026-07-29T12:57:21-07:00,2,30
components/analytics/GitHubAnalytics.tsx,23,tsx,049bd50,Ishaan Kor,2026-07-29,19:57:21,-07:00,2026-07-29T12:57:21-07:00,2,30
components/analytics/GitHubAnalytics.tsx,24,tsx,049bd50,Ishaan Kor,2026-07-29,19:57:21,-07:00,2026-07-29T12:57:21-07:00,2,30
components/analytics/GitHubAnalytics.tsx,25,tsx,049bd50,Ishaan Kor,2026-07-29,19:57:21,-07:00,2026-07-29T12:57:21-07:00,2,30
components/analytics/GitHubAnalytics.tsx,26,tsx,049bd50,Ishaan Kor,2026-07-29,19:57:21,-07:00,2026-07-29T12:57:21-07:00,2,30
components/analytics/GitHubAnalytics.tsx,27,tsx,049bd50,Ishaan Kor,2026-07-29,19:57:21,-07:00,2026-07-29T12:57:21-07:00,2,30
components/analytics/GitHubAnalytics.tsx,28,tsx,049bd50,Ishaan Kor,2026-07-29,19:57:21,-07:00,2026-07-29T12:57:21-07:00,2,30
components/analytics/GitHubAnalytics.tsx,29,tsx,049bd50,Ishaan Kor,2026-07-29,19:57:21,-07:00,2026-07-29T12:57:21-07:00,2,30
components/analytics/GitHubAnalytics.tsx,30,tsx,049bd50,Ishaan Kor,2026-07-29,19:57:21,-07:00,2026-07-29T12:57:21-07:00,2,30
components/analytics/GitHubAnalytics.tsx,31,tsx,049bd50,Ishaan Kor,2026-07-29,19:57:21,-07:00,2026-07-29T12:57:21-07:00,2,30
components/analytics/GitHubAnalytics.tsx,32,tsx,049bd50,Ishaan Kor,2026-07-29,19:57:21,-07:00,2026-07-29T12:57:21-07:00,2,30
components/analytics/GitHubAnalytics.tsx,33,tsx,049bd50,Ishaan Kor,2026-07-29,19:57:21,-07:00,2026-07-29T12:57:21-07:00,2,30
components/analytics/GitHubAnalytics.tsx,34,tsx,049bd50,Ishaan Kor,2026-07-29,19:57:21,-07:00,2026-07-29T12:57:21-07:00,2,30
components/analytics/GitHubAnalytics.tsx,35,tsx,049bd50,Ishaan Kor,2026-07-29,19:57:21,-07:00,2026-07-29T12:57:21-07:00,2,30
components/analytics/GitHubAnalytics.tsx,36,tsx,049bd50,Ishaan Kor,2026-07-29,19:57:21,-07:00,2026-07-29T12:57:21-07:00,2,30
components/analytics/GitHubAnalytics.tsx,37,tsx,049bd50,Ishaan Kor,2026-07-29,19:57:21,-07:00,2026-07-29T12:57:21-07:00,2,30
components/analytics/GitHubAnalytics.tsx,38,tsx,049bd50,Ishaan Kor,2026-07-29,19:57:21,-07:00,2026-07-29T12:57:21-07:00,2,30
components/analytics/GitHubAnalytics.tsx,39,tsx,049bd50,Ishaan Kor,2026-07-29,19:57:21,-07:00,2026-07-29T12:57:21-07:00,2,30
components/analytics/GitHubAnalytics.tsx,40,tsx,049bd50,Ishaan Kor,2026-07-29,19:57:21,-07:00,2026-07-29T12:57:21-07:00,2,30
components/analytics/GitHubAnalytics.tsx,41,tsx,049bd50,Ishaan Kor,2026-07-29,19:57:21,-07:00,2026-07-29T12:57:21-07:00,2,30
components/analytics/GitHubAnalytics.tsx,42,tsx,049bd50,Ishaan Kor,2026-07-29,19:57:21,-07:00,2026-07-29T12:57:21-07:00,2,30
components/analytics/GitHubAnalytics.tsx,43,tsx,049bd50,Ishaan Kor,2026-07-29,19:57:21,-07:00,2026-07-29T12:57:21-07:00,2,30
components/analytics/GitHubAnalytics.tsx,44,tsx,049bd50,Ishaan Kor,2026-07-29,19:57:21,-07:00,2026-07-29T12:57:21-07:00,2,30
components/analytics/GitHubAnalytics.tsx,45,tsx,049bd50,Ishaan Kor,2026-07-29,19:57:21,-07:00,2026-07-29T12:57:21-07:00,2,30
components/analytics/GitHubAnalytics.tsx,46,tsx,049bd50,Ishaan Kor,2026-07-29,19:57:21,-07:00,2026-07-29T12:57:21-07:00,2,30
components/analytics/GitHubAnalytics.tsx,47,tsx,049bd50,Ishaan Kor,2026-07-29,19:57:21,-07:00,2026-07-29T12:57:21-07:00,2,30
components/analytics/GitHubAnalytics.tsx,48,tsx,049bd50,Ishaan Kor,2026-07-29,19:57:21,-07:00,2026-07-29T12:57:21-07:00,2,30
components/analytics/GitHubAnalytics.tsx,49,tsx,049bd50,Ishaan Kor,2026-07-29,19:57:21,-07:00,2026-07-29T12:57:21-07:00,2,30
components/analytics/GitHubAnalytics.tsx,50,tsx,049bd50,Ishaan Kor,2026-07-29,19:57:21,-07:00,2026-07-29T12:57:21-07:00,2,30
components/meta/GitHubMetaDashboard.tsx,1,tsx,049bd50,Ishaan Kor,2026-07-29,19:57:21,-07:00,2026-07-29T12:57:21-07:00,2,30
components/meta/GitHubMetaDashboard.tsx,2,tsx,049bd50,Ishaan Kor,2026-07-29,19:57:21,-07:00,2026-07-29T12:57:21-07:00,2,30
components/meta/GitHubMetaDashboard.tsx,3,tsx,049bd50,Ishaan Kor,2026-07-29,19:57:21,-07:00,2026-07-29T12:57:21-07:00,2,30
components/meta/GitHubMetaDashboard.tsx,4,tsx,049bd50,Ishaan Kor,2026-07-29,19:57:21,-07:00,2026-07-29T12:57:21-07:00,2,30
components/meta/GitHubMetaDashboard.tsx,5,tsx,049bd50,Ishaan Kor,2026-07-29,19:57:21,-07:00,2026-07-29T12:57:21-07:00,2,30
components/meta/GitHubMetaDashboard.tsx,6,tsx,049bd50,Ishaan Kor,2026-07-29,19:57:21,-07:00,2026-07-29T12:57:21-07:00,2,30
components/meta/GitHubMetaDashboard.tsx,7,tsx,049bd50,Ishaan Kor,2026-07-29,19:57:21,-07:00,2026-07-29T12:57:21-07:00,2,30
components/meta/GitHubMetaDashboard.tsx,8,tsx,049bd50,Ishaan Kor,2026-07-29,19:57:21,-07:00,2026-07-29T12:57:21-07:00,2,30
components/meta/GitHubMetaDashboard.tsx,9,tsx,049bd50,Ishaan Kor,2026-07-29,19:57:21,-07:00,2026-07-29T12:57:21-07:00,2,30
components/meta/GitHubMetaDashboard.tsx,10,tsx,049bd50,Ishaan Kor,2026-07-29,19:57:21,-07:00,2026-07-29T12:57:21-07:00,2,30
components/meta/GitHubMetaDashboard.tsx,11,tsx,049bd50,Ishaan Kor,2026-07-29,19:57:21,-07:00,2026-07-29T12:57:21-07:00,2,30
components/meta/GitHubMetaDashboard.tsx,12,tsx,049bd50,Ishaan Kor,2026-07-29,19:57:21,-07:00,2026-07-29T12:57:21-07:00,2,30
components/meta/GitHubMetaDashboard.tsx,13,tsx,049bd50,Ishaan Kor,2026-07-29,19:57:21,-07:00,2026-07-29T12:57:21-07:00,2,30
components/meta/GitHubMetaDashboard.tsx,14,tsx,049bd50,Ishaan Kor,2026-07-29,19:57:21,-07:00,2026-07-29T12:57:21-07:00,2,30
components/meta/GitHubMetaDashboard.tsx,15,tsx,049bd50,Ishaan Kor,2026-07-29,19:57:21,-07:00,2026-07-29T12:57:21-07:00,2,30
components/meta/GitHubMetaDashboard.tsx,16,tsx,049bd50,Ishaan Kor,2026-07-29,19:57:21,-07:00,2026-07-29T12:57:21-07:00,2,30
components/meta/GitHubMetaDashboard.tsx,17,tsx,049bd50,Ishaan Kor,2026-07-29,19:57:21,-07:00,2026-07-29T12:57:21-07:00,2,30
components/meta/GitHubMetaDashboard.tsx,18,tsx,049bd50,Ishaan Kor,2026-07-29,19:57:21,-07:00,2026-07-29T12:57:21-07:00,2,30
components/meta/GitHubMetaDashboard.tsx,19,tsx,049bd50,Ishaan Kor,2026-07-29,19:57:21,-07:00,2026-07-29T12:57:21-07:00,2,30
components/meta/GitHubMetaDashboard.tsx,20,tsx,049bd50,Ishaan Kor,2026-07-29,19:57:21,-07:00,2026-07-29T12:57:21-07:00,2,30
components/meta/GitHubMetaDashboard.tsx,21,tsx,049bd50,Ishaan Kor,2026-07-29,19:57:21,-07:00,2026-07-29T12:57:21-07:00,2,30
components/meta/GitHubMetaDashboard.tsx,22,tsx,049bd50,Ishaan Kor,2026-07-29,19:57:21,-07:00,2026-07-29T12:57:21-07:00,2,30
components/meta/GitHubMetaDashboard.tsx,23,tsx,049bd50,Ishaan Kor,2026-07-29,19:57:21,-07:00,2026-07-29T12:57:21-07:00,2,30
components/meta/GitHubMetaDashboard.tsx,24,tsx,049bd50,Ishaan Kor,2026-07-29,19:57:21,-07:00,2026-07-29T12:57:21-07:00,2,30
components/meta/GitHubMetaDashboard.tsx,25,tsx,049bd50,Ishaan Kor,2026-07-29,19:57:21,-07:00,2026-07-29T12:57:21-07:00,2,30
components/meta/GitHubMetaDashboard.tsx,26,tsx,049bd50,Ishaan Kor,2026-07-29,19:57:21,-07:00,2026-07-29T12:57:21-07:00,2,30
components/meta/GitHubMetaDashboard.tsx,27,tsx,049bd50,Ishaan Kor,2026-07-29,19:57:21,-07:00,2026-07-29T12:57:21-07:00,2,30
components/meta/GitHubMetaDashboard.tsx,28,tsx,049bd50,Ishaan Kor,2026-07-29,19:57:21,-07:00,2026-07-29T12:57:21-07:00,2,30
components/meta/GitHubMetaDashboard.tsx,29,tsx,049bd50,Ishaan Kor,2026-07-29,19:57:21,-07:00,2026-07-29T12:57:21-07:00,2,30
components/meta/GitHubMetaDashboard.tsx,30,tsx,049bd50,Ishaan Kor,2026-07-29,19:57:21,-07:00,2026-07-29T12:57:21-07:00,2,30
components/meta/GitHubMetaDashboard.tsx,31,tsx,049bd50,Ishaan Kor,2026-07-29,19:57:21,-07:00,2026-07-29T12:57:21-07:00,2,30
components/meta/GitHubMetaDashboard.tsx,32,tsx,049bd50,Ishaan Kor,2026-07-29,19:57:21,-07:00,2026-07-29T12:57:21-07:00,2,30
components/meta/GitHubMetaDashboard.tsx,33,tsx,049bd50,Ishaan Kor,2026-07-29,19:57:21,-07:00,2026-07-29T12:57:21-07:00,2,30
components/meta/GitHubMetaDashboard.tsx,34,tsx,049bd50,Ishaan Kor,2026-07-29,19:57:21,-07:00,2026-07-29T12:57:21-07:00,2,30
components/meta/GitHubMetaDashboard.tsx,35,tsx,049bd50,Ishaan Kor,2026-07-29,19:57:21,-07:00,2026-07-29T12:57:21-07:00,2,30
components/meta/GitHubMetaDashboard.tsx,36,tsx,049bd50,Ishaan Kor,2026-07-29,19:57:21,-07:00,2026-07-29T12:57:21-07:00,2,30
components/meta/GitHubMetaDashboard.tsx,37,tsx,049bd50,Ishaan Kor,2026-07-29,19:57:21,-07:00,2026-07-29T12:57:21-07:00,2,30
components/meta/GitHubMetaDashboard.tsx,38,tsx,049bd50,Ishaan Kor,2026-07-29,19:57:21,-07:00,2026-07-29T12:57:21-07:00,2,30
components/meta/GitHubMetaDashboard.tsx,39,tsx,049bd50,Ishaan Kor,2026-07-29,19:57:21,-07:00,2026-07-29T12:57:21-07:00,2,30
components/meta/GitHubMetaDashboard.tsx,40,tsx,049bd50,Ishaan Kor,2026-07-29,19:57:21,-07:00,2026-07-29T12:57:21-07:00,2,30
components/meta/GitHubMetaDashboard.tsx,41,tsx,049bd50,Ishaan Kor,2026-07-29,19:57:21,-07:00,2026-07-29T12:57:21-07:00,2,30
components/meta/GitHubMetaDashboard.tsx,42,tsx,049bd50,Ishaan Kor,2026-07-29,19:57:21,-07:00,2026-07-29T12:57:21-07:00,2,30
components/meta/GitHubMetaDashboard.tsx,43,tsx,049bd50,Ishaan Kor,2026-07-29,19:57:21,-07:00,2026-07-29T12:57:21-07:00,2,30
components/meta/GitHubMetaDashboard.tsx,44,tsx,049bd50,Ishaan Kor,2026-07-29,19:57:21,-07:00,2026-07-29T12:57:21-07:00,2,30
components/meta/GitHubMetaDashboard.tsx,45,tsx,049bd50,Ishaan Kor,2026-07-29,19:57:21,-07:00,2026-07-29T12:57:21-07:00,2,30
components/meta/GitHubMetaDashboard.tsx,46,tsx,049bd50,Ishaan Kor,2026-07-29,19:57:21,-07:00,2026-07-29T12:57:21-07:00,2,30
components/meta/GitHubMetaDashboard.tsx,47,tsx,049bd50,Ishaan Kor,2026-07-29,19:57:21,-07:00,2026-07-29T12:57:21-07:00,2,30
components/meta/GitHubMetaDashboard.tsx,48,tsx,049bd50,Ishaan Kor,2026-07-29,19:57:21,-07:00,2026-07-29T12:57:21-07:00,2,30
components/meta/GitHubMetaDashboard.tsx,49,tsx,049bd50,Ishaan Kor,2026-07-29,19:57:21,-07:00,2026-07-29T12:57:21-07:00,2,30
components/meta/GitHubMetaDashboard.tsx,50,tsx,049bd50,Ishaan Kor,2026-07-29,19:57:21,-07:00,2026-07-29T12:57:21-07:00,2,30
data/github-cache.json,1,json,049bd50,Ishaan Kor,2026-07-29,19:57:21,-07:00,2026-07-29T12:57:21-07:00,1,30
data/github-cache.json,2,json,049bd50,Ishaan Kor,2026-07-29,19:57:21,-07:00,2026-07-29T12:57:21-07:00,1,30
data/github-cache.json,3,json,049bd50,Ishaan Kor,2026-07-29,19:57:21,-07:00,2026-07-29T12:57:21-07:00,1,30
data/github-cache.json,4,json,049bd50,Ishaan Kor,2026-07-29,19:57:21,-07:00,2026-07-29T12:57:21-07:00,1,30
data/github-cache.json,5,json,049bd50,Ishaan Kor,2026-07-29,19:57:21,-07:00,2026-07-29T12:57:21-07:00,1,30
data/github-cache.json,6,json,049bd50,Ishaan Kor,2026-07-29,19:57:21,-07:00,2026-07-29T12:57:21-07:00,1,30
data/github-cache.json,7,json,049bd50,Ishaan Kor,2026-07-29,19:57:21,-07:00,2026-07-29T12:57:21-07:00,1,30
data/github-cache.json,8,json,049bd50,Ishaan Kor,2026-07-29,19:57:21,-07:00,2026-07-29T12:57:21-07:00,1,30
data/github-cache.json,9,json,049bd50,Ishaan Kor,2026-07-29,19:57:21,-07:00,2026-07-29T12:57:21-07:00,1,30
data/github-cache.json,10,json,049bd50,Ishaan Kor,2026-07-29,19:57:21,-07:00,2026-07-29T12:57:21-07:00,1,30
data/github-cache.json,11,json,049bd50,Ishaan Kor,2026-07-29,19:57:21,-07:00,2026-07-29T12:57:21-07:00,1,30
data/github-cache.json,12,json,049bd50,Ishaan Kor,2026-07-29,19:57:21,-07:00,2026-07-29T12:57:21-07:00,1,30
data/github-cache.json,13,json,049bd50,Ishaan Kor,2026-07-29,19:57:21,-07:00,2026-07-29T12:57:21-07:00,1,30
data/github-cache.json,14,json,049bd50,Ishaan Kor,2026-07-29,19:57:21,-07:00,2026-07-29T12:57:21-07:00,1,30
data/github-cache.json,15,json,049bd50,Ishaan Kor,2026-07-29,19:57:21,-07:00,2026-07-29T12:57:21-07:00,1,30
data/github-cache.json,16,json,049bd50,Ishaan Kor,2026-07-29,19:57:21,-07:00,2026-07-29T12:57:21-07:00,1,30
data/github-cache.json,17,json,049bd50,Ishaan Kor,2026-07-29,19:57:21,-07:00,2026-07-29T12:57:21-07:00,1,30
data/github-cache.json,18,json,049bd50,Ishaan Kor,2026-07-29,19:57:21,-07:00,2026-07-29T12:57:21-07:00,1,30
data/github-cache.json,19,json,049bd50,Ishaan Kor,2026-07-29,19:57:21,-07:00,2026-07-29T12:57:21-07:00,1,30
data/github-cache.json,20,json,049bd50,Ishaan Kor,2026-07-29,19:57:21,-07:00,2026-07-29T12:57:21-07:00,1,30
data/github-cache.json,21,json,049bd50,Ishaan Kor,2026-07-29,19:57:21,-07:00,2026-07-29T12:57:21-07:00,1,30
data/github-cache.json,22,json,049bd50,Ishaan Kor,2026-07-29,19:57:21,-07:00,2026-07-29T12:57:21-07:00,1,30
data/github-cache.json,23,json,049bd50,Ishaan Kor,2026-07-29,19:57:21,-07:00,2026-07-29T12:57:21-07:00,1,30
data/github-cache.json,24,json,049bd50,Ishaan Kor,2026-07-29,19:57:21,-07:00,2026-07-29T12:57:21-07:00,1,30
data/github-cache.json,25,json,049bd50,Ishaan Kor,2026-07-29,19:57:21,-07:00,2026-07-29T12:57:21-07:00,1,30
data/github-cache.json,26,json,049bd50,Ishaan Kor,2026-07-29,19:57:21,-07:00,2026-07-29T12:57:21-07:00,1,30
data/github-cache.json,27,json,049bd50,Ishaan Kor,2026-07-29,19:57:21,-07:00,2026-07-29T12:57:21-07:00,1,30
data/github-cache.json,28,json,049bd50,Ishaan Kor,2026-07-29,19:57:21,-07:00,2026-07-29T12:57:21-07:00,1,30
data/github-cache.json,29,json,049bd50,Ishaan Kor,2026-07-29,19:57:21,-07:00,2026-07-29T12:57:21-07:00,1,30
data/github-cache.json,30,json,049bd50,Ishaan Kor,2026-07-29,19:57:21,-07:00,2026-07-29T12:57:21-07:00,1,30
data/github-cache.json,31,json,049bd50,Ishaan Kor,2026-07-29,19:57:21,-07:00,2026-07-29T12:57:21-07:00,1,30
data/github-cache.json,32,json,049bd50,Ishaan Kor,2026-07-29,19:57:21,-07:00,2026-07-29T12:57:21-07:00,1,30
data/github-cache.json,33,json,049bd50,Ishaan Kor,2026-07-29,19:57:21,-07:00,2026-07-29T12:57:21-07:00,1,30
data/github-cache.json,34,json,049bd50,Ishaan Kor,2026-07-29,19:57:21,-07:00,2026-07-29T12:57:21-07:00,1,30
data/github-cache.json,35,json,049bd50,Ishaan Kor,2026-07-29,19:57:21,-07:00,2026-07-29T12:57:21-07:00,1,30
data/github-cache.json,36,json,049bd50,Ishaan Kor,2026-07-29,19:57:21,-07:00,2026-07-29T12:57:21-07:00,1,30
data/github-cache.json,37,json,049bd50,Ishaan Kor,2026-07-29,19:57:21,-07:00,2026-07-29T12:57:21-07:00,1,30
data/github-cache.json,38,json,049bd50,Ishaan Kor,2026-07-29,19:57:21,-07:00,2026-07-29T12:57:21-07:00,1,30
data/github-cache.json,39,json,049bd50,Ishaan Kor,2026-07-29,19:57:21,-07:00,2026-07-29T12:57:21-07:00,1,30
data/github-cache.json,40,json,049bd50,Ishaan Kor,2026-07-29,19:57:21,-07:00,2026-07-29T12:57:21-07:00,1,30
data/github-cache.json,41,json,049bd50,Ishaan Kor,2026-07-29,19:57:21,-07:00,2026-07-29T12:57:21-07:00,1,30
data/github-cache.json,42,json,049bd50,Ishaan Kor,2026-07-29,19:57:21,-07:00,2026-07-29T12:57:21-07:00,1,30
data/github-cache.json,43,json,049bd50,Ishaan Kor,2026-07-29,19:57:21,-07:00,2026-07-29T12:57:21-07:00,1,30
data/github-cache.json,44,json,049bd50,Ishaan Kor,2026-07-29,19:57:21,-07:00,2026-07-29T12:57:21-07:00,1,30
data/github-cache.json,45,json,049bd50,Ishaan Kor,2026-07-29,19:57:21,-07:00,2026-07-29T12:57:21-07:00,1,30
data/github-cache.json,46,json,049bd50,Ishaan Kor,2026-07-29,19:57:21,-07:00,2026-07-29T12:57:21-07:00,1,30
data/github-cache.json,47,json,049bd50,Ishaan Kor,2026-07-29,19:57:21,-07:00,2026-07-29T12:57:21-07:00,1,30
data/github-cache.json,48,json,049bd50,Ishaan Kor,2026-07-29,19:57:21,-07:00,2026-07-29T12:57:21-07:00,1,30
data/github-cache.json,49,json,049bd50,Ishaan Kor,2026-07-29,19:57:21,-07:00,2026-07-29T12:57:21-07:00,1,30
data/github-cache.json,50,json,049bd50,Ishaan Kor,2026-07-29,19:57:21,-07:00,2026-07-29T12:57:21-07:00,1,30
out/404.html,1,html,049bd50,Ishaan Kor,2026-07-29,19:57:21,-07:00,2026-07-29T12:57:21-07:00,1,30
out/404.html,2,html,049bd50,Ishaan Kor,2026-07-29,19:57:21,-07:00,2026-07-29T12:57:21-07:00,1,30
out/_next/static/{pIzvZW84dFT6EzRTBJkKE,1,code,049bd50,Ishaan Kor,2026-07-29,19:57:21,-07:00,2026-07-29T12:57:21-07:00,3,30
out/_next/static/{pIzvZW84dFT6EzRTBJkKE,1,code,049bd50,Ishaan Kor,2026-07-29,19:57:21,-07:00,2026-07-29T12:57:21-07:00,3,30
out/_next/static/chunks/app/meta/page-2d31037b3dd0bd99.js,1,js,049bd50,Ishaan Kor,2026-07-29,19:57:21,-07:00,2026-07-29T12:57:21-07:00,6,30
out/_next/static/chunks/app/meta/page-42af485f65def680.js,1,js,049bd50,Ishaan Kor,2026-07-29,19:57:21,-07:00,2026-07-29T12:57:21-07:00,6,30
out/_next/static/chunks/app/page-41842b00213f1a27.js,1,js,049bd50,Ishaan Kor,2026-07-29,19:57:21,-07:00,2026-07-29T12:57:21-07:00,5,30
out/_next/static/chunks/app/page-c8b3e20b30024272.js,1,js,049bd50,Ishaan Kor,2026-07-29,19:57:21,-07:00,2026-07-29T12:57:21-07:00,5,30
out/api/github,1,code,049bd50,Ishaan Kor,2026-07-29,19:57:21,-07:00,2026-07-29T12:57:21-07:00,2,30
out/contact.html,1,html,049bd50,Ishaan Kor,2026-07-29,19:57:21,-07:00,2026-07-29T12:57:21-07:00,1,30
out/contact.html,2,html,049bd50,Ishaan Kor,2026-07-29,19:57:21,-07:00,2026-07-29T12:57:21-07:00,1,30
out/contact.txt,1,txt,049bd50,Ishaan Kor,2026-07-29,19:57:21,-07:00,2026-07-29T12:57:21-07:00,1,30
out/contact.txt,2,txt,049bd50,Ishaan Kor,2026-07-29,19:57:21,-07:00,2026-07-29T12:57:21-07:00,1,30
out/index.html,1,html,049bd50,Ishaan Kor,2026-07-29,19:57:21,-07:00,2026-07-29T12:57:21-07:00,1,30
out/index.html,2,html,049bd50,Ishaan Kor,2026-07-29,19:57:21,-07:00,2026-07-29T12:57:21-07:00,1,30
out/index.txt,1,txt,049bd50,Ishaan Kor,2026-07-29,19:57:21,-07:00,2026-07-29T12:57:21-07:00,1,30
out/index.txt,2,txt,049bd50,Ishaan Kor,2026-07-29,19:57:21,-07:00,2026-07-29T12:57:21-07:00,1,30
out/index.txt,3,txt,049bd50,Ishaan Kor,2026-07-29,19:57:21,-07:00,2026-07-29T12:57:21-07:00,1,30
out/index.txt,4,txt,049bd50,Ishaan Kor,2026-07-29,19:57:21,-07:00,2026-07-29T12:57:21-07:00,1,30
out/index.txt,5,txt,049bd50,Ishaan Kor,2026-07-29,19:57:21,-07:00,2026-07-29T12:57:21-07:00,1,30
out/index.txt,6,txt,049bd50,Ishaan Kor,2026-07-29,19:57:21,-07:00,2026-07-29T12:57:21-07:00,1,30
out/index.txt,7,txt,049bd50,Ishaan Kor,2026-07-29,19:57:21,-07:00,2026-07-29T12:57:21-07:00,1,30
out/index.txt,8,txt,049bd50,Ishaan Kor,2026-07-29,19:57:21,-07:00,2026-07-29T12:57:21-07:00,1,30
out/index.txt,9,txt,049bd50,Ishaan Kor,2026-07-29,19:57:21,-07:00,2026-07-29T12:57:21-07:00,1,30
out/index.txt,10,txt,049bd50,Ishaan Kor,2026-07-29,19:57:21,-07:00,2026-07-29T12:57:21-07:00,1,30
out/index.txt,11,txt,049bd50,Ishaan Kor,2026-07-29,19:57:21,-07:00,2026-07-29T12:57:21-07:00,1,30
out/index.txt,12,txt,049bd50,Ishaan Kor,2026-07-29,19:57:21,-07:00,2026-07-29T12:57:21-07:00,1,30
out/index.txt,13,txt,049bd50,Ishaan Kor,2026-07-29,19:57:21,-07:00,2026-07-29T12:57:21-07:00,1,30
out/index.txt,14,txt,049bd50,Ishaan Kor,2026-07-29,19:57:21,-07:00,2026-07-29T12:57:21-07:00,1,30
out/index.txt,15,txt,049bd50,Ishaan Kor,2026-07-29,19:57:21,-07:00,2026-07-29T12:57:21-07:00,1,30
out/index.txt,16,txt,049bd50,Ishaan Kor,2026-07-29,19:57:21,-07:00,2026-07-29T12:57:21-07:00,1,30
out/index.txt,17,txt,049bd50,Ishaan Kor,2026-07-29,19:57:21,-07:00,2026-07-29T12:57:21-07:00,1,30
out/index.txt,18,txt,049bd50,Ishaan Kor,2026-07-29,19:57:21,-07:00,2026-07-29T12:57:21-07:00,1,30
out/meta.html,1,html,049bd50,Ishaan Kor,2026-07-29,19:57:21,-07:00,2026-07-29T12:57:21-07:00,1,30
out/meta.html,2,html,049bd50,Ishaan Kor,2026-07-29,19:57:21,-07:00,2026-07-29T12:57:21-07:00,1,30
out/meta.txt,1,txt,049bd50,Ishaan Kor,2026-07-29,19:57:21,-07:00,2026-07-29T12:57:21-07:00,1,30
out/meta.txt,2,txt,049bd50,Ishaan Kor,2026-07-29,19:57:21,-07:00,2026-07-29T12:57:21-07:00,1,30
out/meta.txt,3,txt,049bd50,Ishaan Kor,2026-07-29,19:57:21,-07:00,2026-07-29T12:57:21-07:00,1,30
out/meta.txt,4,txt,049bd50,Ishaan Kor,2026-07-29,19:57:21,-07:00,2026-07-29T12:57:21-07:00,1,30
out/projects.html,1,html,049bd50,Ishaan Kor,2026-07-29,19:57:21,-07:00,2026-07-29T12:57:21-07:00,1,30
out/projects.html,2,html,049bd50,Ishaan Kor,2026-07-29,19:57:21,-07:00,2026-07-29T12:57:21-07:00,1,30
out/projects.txt,1,txt,049bd50,Ishaan Kor,2026-07-29,19:57:21,-07:00,2026-07-29T12:57:21-07:00,1,30
out/projects.txt,2,txt,049bd50,Ishaan Kor,2026-07-29,19:57:21,-07:00,2026-07-29T12:57:21-07:00,1,30
out/resume.html,1,html,049bd50,Ishaan Kor,2026-07-29,19:57:21,-07:00,2026-07-29T12:57:21-07:00,1,30
out/resume.html,2,html,049bd50,Ishaan Kor,2026-07-29,19:57:21,-07:00,2026-07-29T12:57:21-07:00,1,30
out/resume.txt,1,txt,049bd50,Ishaan Kor,2026-07-29,19:57:21,-07:00,2026-07-29T12:57:21-07:00,1,30
out/resume.txt,2,txt,049bd50,Ishaan Kor,2026-07-29,19:57:21,-07:00,2026-07-29T12:57:21-07:00,1,30
scripts/fetch-github-cache.mjs,1,mjs,049bd50,Ishaan Kor,2026-07-29,19:57:21,-07:00,2026-07-29T12:57:21-07:00,1,30
scripts/fetch-github-cache.mjs,2,mjs,049bd50,Ishaan Kor,2026-07-29,19:57:21,-07:00,2026-07-29T12:57:21-07:00,1,30
scripts/fetch-github-cache.mjs,3,mjs,049bd50,Ishaan Kor,2026-07-29,19:57:21,-07:00,2026-07-29T12:57:21-07:00,1,30
scripts/fetch-github-cache.mjs,4,mjs,049bd50,Ishaan Kor,2026-07-29,19:57:21,-07:00,2026-07-29T12:57:21-07:00,1,30
scripts/fetch-github-cache.mjs,5,mjs,049bd50,Ishaan Kor,2026-07-29,19:57:21,-07:00,2026-07-29T12:57:21-07:00,1,30
scripts/fetch-github-cache.mjs,6,mjs,049bd50,Ishaan Kor,2026-07-29,19:57:21,-07:00,2026-07-29T12:57:21-07:00,1,30
scripts/fetch-github-cache.mjs,7,mjs,049bd50,Ishaan Kor,2026-07-29,19:57:21,-07:00,2026-07-29T12:57:21-07:00,1,30
scripts/fetch-github-cache.mjs,8,mjs,049bd50,Ishaan Kor,2026-07-29,19:57:21,-07:00,2026-07-29T12:57:21-07:00,1,30
scripts/fetch-github-cache.mjs,9,mjs,049bd50,Ishaan Kor,2026-07-29,19:57:21,-07:00,2026-07-29T12:57:21-07:00,1,30
scripts/fetch-github-cache.mjs,10,mjs,049bd50,Ishaan Kor,2026-07-29,19:57:21,-07:00,2026-07-29T12:57:21-07:00,1,30
scripts/fetch-github-cache.mjs,11,mjs,049bd50,Ishaan Kor,2026-07-29,19:57:21,-07:00,2026-07-29T12:57:21-07:00,1,30
scripts/fetch-github-cache.mjs,12,mjs,049bd50,Ishaan Kor,2026-07-29,19:57:21,-07:00,2026-07-29T12:57:21-07:00,1,30
scripts/fetch-github-cache.mjs,13,mjs,049bd50,Ishaan Kor,2026-07-29,19:57:21,-07:00,2026-07-29T12:57:21-07:00,1,30
scripts/fetch-github-cache.mjs,14,mjs,049bd50,Ishaan Kor,2026-07-29,19:57:21,-07:00,2026-07-29T12:57:21-07:00,1,30
scripts/fetch-github-cache.mjs,15,mjs,049bd50,Ishaan Kor,2026-07-29,19:57:21,-07:00,2026-07-29T12:57:21-07:00,1,30
scripts/fetch-github-cache.mjs,16,mjs,049bd50,Ishaan Kor,2026-07-29,19:57:21,-07:00,2026-07-29T12:57:21-07:00,1,30
scripts/fetch-github-cache.mjs,17,mjs,049bd50,Ishaan Kor,2026-07-29,19:57:21,-07:00,2026-07-29T12:57:21-07:00,1,30
scripts/fetch-github-cache.mjs,18,mjs,049bd50,Ishaan Kor,2026-07-29,19:57:21,-07:00,2026-07-29T12:57:21-07:00,1,30
scripts/fetch-github-cache.mjs,19,mjs,049bd50,Ishaan Kor,2026-07-29,19:57:21,-07:00,2026-07-29T12:57:21-07:00,1,30
scripts/fetch-github-cache.mjs,20,mjs,049bd50,Ishaan Kor,2026-07-29,19:57:21,-07:00,2026-07-29T12:57:21-07:00,1,30
scripts/fetch-github-cache.mjs,21,mjs,049bd50,Ishaan Kor,2026-07-29,19:57:21,-07:00,2026-07-29T12:57:21-07:00,1,30
scripts/fetch-github-cache.mjs,22,mjs,049bd50,Ishaan Kor,2026-07-29,19:57:21,-07:00,2026-07-29T12:57:21-07:00,1,30
scripts/fetch-github-cache.mjs,23,mjs,049bd50,Ishaan Kor,2026-07-29,19:57:21,-07:00,2026-07-29T12:57:21-07:00,1,30
scripts/fetch-github-cache.mjs,24,mjs,049bd50,Ishaan Kor,2026-07-29,19:57:21,-07:00,2026-07-29T12:57:21-07:00,1,30
scripts/fetch-github-cache.mjs,25,mjs,049bd50,Ishaan Kor,2026-07-29,19:57:21,-07:00,2026-07-29T12:57:21-07:00,1,30
scripts/fetch-github-cache.mjs,26,mjs,049bd50,Ishaan Kor,2026-07-29,19:57:21,-07:00,2026-07-29T12:57:21-07:00,1,30
scripts/fetch-github-cache.mjs,27,mjs,049bd50,Ishaan Kor,2026-07-29,19:57:21,-07:00,2026-07-29T12:57:21-07:00,1,30
scripts/fetch-github-cache.mjs,28,mjs,049bd50,Ishaan Kor,2026-07-29,19:57:21,-07:00,2026-07-29T12:57:21-07:00,1,30
scripts/fetch-github-cache.mjs,29,mjs,049bd50,Ishaan Kor,2026-07-29,19:57:21,-07:00,2026-07-29T12:57:21-07:00,1,30
scripts/fetch-github-cache.mjs,30,mjs,049bd50,Ishaan Kor,2026-07-29,19:57:21,-07:00,2026-07-29T12:57:21-07:00,1,30
scripts/fetch-github-cache.mjs,31,mjs,049bd50,Ishaan Kor,2026-07-29,19:57:21,-07:00,2026-07-29T12:57:21-07:00,1,30
scripts/fetch-github-cache.mjs,32,mjs,049bd50,Ishaan Kor,2026-07-29,19:57:21,-07:00,2026-07-29T12:57:21-07:00,1,30
scripts/fetch-github-cache.mjs,33,mjs,049bd50,Ishaan Kor,2026-07-29,19:57:21,-07:00,2026-07-29T12:57:21-07:00,1,30
scripts/fetch-github-cache.mjs,34,mjs,049bd50,Ishaan Kor,2026-07-29,19:57:21,-07:00,2026-07-29T12:57:21-07:00,1,30
scripts/fetch-github-cache.mjs,35,mjs,049bd50,Ishaan Kor,2026-07-29,19:57:21,-07:00,2026-07-29T12:57:21-07:00,1,30
scripts/fetch-github-cache.mjs,36,mjs,049bd50,Ishaan Kor,2026-07-29,19:57:21,-07:00,2026-07-29T12:57:21-07:00,1,30
scripts/fetch-github-cache.mjs,37,mjs,049bd50,Ishaan Kor,2026-07-29,19:57:21,-07:00,2026-07-29T12:57:21-07:00,1,30
scripts/fetch-github-cache.mjs,38,mjs,049bd50,Ishaan Kor,2026-07-29,19:57:21,-07:00,2026-07-29T12:57:21-07:00,1,30
scripts/fetch-github-cache.mjs,39,mjs,049bd50,Ishaan Kor,2026-07-29,19:57:21,-07:00,2026-07-29T12:57:21-07:00,1,30
scripts/fetch-github-cache.mjs,40,mjs,049bd50,Ishaan Kor,2026-07-29,19:57:21,-07:00,2026-07-29T12:57:21-07:00,1,30
scripts/fetch-github-cache.mjs,41,mjs,049bd50,Ishaan Kor,2026-07-29,19:57:21,-07:00,2026-07-29T12:57:21-07:00,1,30
scripts/fetch-github-cache.mjs,42,mjs,049bd50,Ishaan Kor,2026-07-29,19:57:21,-07:00,2026-07-29T12:57:21-07:00,1,30
scripts/fetch-github-cache.mjs,43,mjs,049bd50,Ishaan Kor,2026-07-29,19:57:21,-07:00,2026-07-29T12:57:21-07:00,1,30
scripts/fetch-github-cache.mjs,44,mjs,049bd50,Ishaan Kor,2026-07-29,19:57:21,-07:00,2026-07-29T12:57:21-07:00,1,30
scripts/fetch-github-cache.mjs,45,mjs,049bd50,Ishaan Kor,2026-07-29,19:57:21,-07:00,2026-07-29T12:57:21-07:00,1,30
scripts/fetch-github-cache.mjs,46,mjs,049bd50,Ishaan Kor,2026-07-29,19:57:21,-07:00,2026-07-29T12:57:21-07:00,1,30
scripts/fetch-github-cache.mjs,47,mjs,049bd50,Ishaan Kor,2026-07-29,19:57:21,-07:00,2026-07-29T12:57:21-07:00,1,30
scripts/fetch-github-cache.mjs,48,mjs,049bd50,Ishaan Kor,2026-07-29,19:57:21,-07:00,2026-07-29T12:57:21-07:00,1,30
scripts/fetch-github-cache.mjs,49,mjs,049bd50,Ishaan Kor,2026-07-29,19:57:21,-07:00,2026-07-29T12:57:21-07:00,1,30
scripts/fetch-github-cache.mjs,50,mjs,049bd50,Ishaan Kor,2026-07-29,19:57:21,-07:00,2026-07-29T12:57:21-07:00,1,30
components/meta/GitHubMetaDashboard.tsx,1,tsx,2675057,Ishaan Kor,2026-07-29,05:01:40,-07:00,2026-07-28T22:01:40-07:00,2,30
components/meta/GitHubMetaDashboard.tsx,2,tsx,2675057,Ishaan Kor,2026-07-29,05:01:40,-07:00,2026-07-28T22:01:40-07:00,2,30
components/meta/GitHubMetaDashboard.tsx,3,tsx,2675057,Ishaan Kor,2026-07-29,05:01:40,-07:00,2026-07-28T22:01:40-07:00,2,30
components/meta/GitHubMetaDashboard.tsx,4,tsx,2675057,Ishaan Kor,2026-07-29,05:01:40,-07:00,2026-07-28T22:01:40-07:00,2,30
components/meta/GitHubMetaDashboard.tsx,5,tsx,2675057,Ishaan Kor,2026-07-29,05:01:40,-07:00,2026-07-28T22:01:40-07:00,2,30
components/meta/GitHubMetaDashboard.tsx,6,tsx,2675057,Ishaan Kor,2026-07-29,05:01:40,-07:00,2026-07-28T22:01:40-07:00,2,30
components/meta/GitHubMetaDashboard.tsx,7,tsx,2675057,Ishaan Kor,2026-07-29,05:01:40,-07:00,2026-07-28T22:01:40-07:00,2,30
components/meta/GitHubMetaDashboard.tsx,8,tsx,2675057,Ishaan Kor,2026-07-29,05:01:40,-07:00,2026-07-28T22:01:40-07:00,2,30
components/meta/GitHubMetaDashboard.tsx,9,tsx,2675057,Ishaan Kor,2026-07-29,05:01:40,-07:00,2026-07-28T22:01:40-07:00,2,30
components/meta/GitHubMetaDashboard.tsx,10,tsx,2675057,Ishaan Kor,2026-07-29,05:01:40,-07:00,2026-07-28T22:01:40-07:00,2,30
components/meta/GitHubMetaDashboard.tsx,11,tsx,2675057,Ishaan Kor,2026-07-29,05:01:40,-07:00,2026-07-28T22:01:40-07:00,2,30
components/meta/GitHubMetaDashboard.tsx,12,tsx,2675057,Ishaan Kor,2026-07-29,05:01:40,-07:00,2026-07-28T22:01:40-07:00,2,30
components/meta/GitHubMetaDashboard.tsx,13,tsx,2675057,Ishaan Kor,2026-07-29,05:01:40,-07:00,2026-07-28T22:01:40-07:00,2,30
components/meta/GitHubMetaDashboard.tsx,14,tsx,2675057,Ishaan Kor,2026-07-29,05:01:40,-07:00,2026-07-28T22:01:40-07:00,2,30
components/meta/GitHubMetaDashboard.tsx,15,tsx,2675057,Ishaan Kor,2026-07-29,05:01:40,-07:00,2026-07-28T22:01:40-07:00,2,30
components/meta/GitHubMetaDashboard.tsx,16,tsx,2675057,Ishaan Kor,2026-07-29,05:01:40,-07:00,2026-07-28T22:01:40-07:00,2,30
components/meta/GitHubMetaDashboard.tsx,17,tsx,2675057,Ishaan Kor,2026-07-29,05:01:40,-07:00,2026-07-28T22:01:40-07:00,2,30
components/meta/GitHubMetaDashboard.tsx,18,tsx,2675057,Ishaan Kor,2026-07-29,05:01:40,-07:00,2026-07-28T22:01:40-07:00,2,30
components/meta/GitHubMetaDashboard.tsx,19,tsx,2675057,Ishaan Kor,2026-07-29,05:01:40,-07:00,2026-07-28T22:01:40-07:00,2,30
components/meta/GitHubMetaDashboard.tsx,20,tsx,2675057,Ishaan Kor,2026-07-29,05:01:40,-07:00,2026-07-28T22:01:40-07:00,2,30
components/meta/GitHubMetaDashboard.tsx,21,tsx,2675057,Ishaan Kor,2026-07-29,05:01:40,-07:00,2026-07-28T22:01:40-07:00,2,30
components/meta/GitHubMetaDashboard.tsx,22,tsx,2675057,Ishaan Kor,2026-07-29,05:01:40,-07:00,2026-07-28T22:01:40-07:00,2,30
components/meta/GitHubMetaDashboard.tsx,23,tsx,2675057,Ishaan Kor,2026-07-29,05:01:40,-07:00,2026-07-28T22:01:40-07:00,2,30
components/meta/GitHubMetaDashboard.tsx,24,tsx,2675057,Ishaan Kor,2026-07-29,05:01:40,-07:00,2026-07-28T22:01:40-07:00,2,30
components/meta/GitHubMetaDashboard.tsx,25,tsx,2675057,Ishaan Kor,2026-07-29,05:01:40,-07:00,2026-07-28T22:01:40-07:00,2,30
components/meta/GitHubMetaDashboard.tsx,26,tsx,2675057,Ishaan Kor,2026-07-29,05:01:40,-07:00,2026-07-28T22:01:40-07:00,2,30
components/meta/GitHubMetaDashboard.tsx,27,tsx,2675057,Ishaan Kor,2026-07-29,05:01:40,-07:00,2026-07-28T22:01:40-07:00,2,30
components/meta/GitHubMetaDashboard.tsx,28,tsx,2675057,Ishaan Kor,2026-07-29,05:01:40,-07:00,2026-07-28T22:01:40-07:00,2,30
components/meta/GitHubMetaDashboard.tsx,29,tsx,2675057,Ishaan Kor,2026-07-29,05:01:40,-07:00,2026-07-28T22:01:40-07:00,2,30
components/meta/GitHubMetaDashboard.tsx,30,tsx,2675057,Ishaan Kor,2026-07-29,05:01:40,-07:00,2026-07-28T22:01:40-07:00,2,30
components/meta/GitHubMetaDashboard.tsx,31,tsx,2675057,Ishaan Kor,2026-07-29,05:01:40,-07:00,2026-07-28T22:01:40-07:00,2,30
components/meta/GitHubMetaDashboard.tsx,32,tsx,2675057,Ishaan Kor,2026-07-29,05:01:40,-07:00,2026-07-28T22:01:40-07:00,2,30
components/meta/GitHubMetaDashboard.tsx,33,tsx,2675057,Ishaan Kor,2026-07-29,05:01:40,-07:00,2026-07-28T22:01:40-07:00,2,30
components/meta/GitHubMetaDashboard.tsx,34,tsx,2675057,Ishaan Kor,2026-07-29,05:01:40,-07:00,2026-07-28T22:01:40-07:00,2,30
components/meta/GitHubMetaDashboard.tsx,35,tsx,2675057,Ishaan Kor,2026-07-29,05:01:40,-07:00,2026-07-28T22:01:40-07:00,2,30
components/meta/GitHubMetaDashboard.tsx,36,tsx,2675057,Ishaan Kor,2026-07-29,05:01:40,-07:00,2026-07-28T22:01:40-07:00,2,30
components/meta/GitHubMetaDashboard.tsx,37,tsx,2675057,Ishaan Kor,2026-07-29,05:01:40,-07:00,2026-07-28T22:01:40-07:00,2,30
components/meta/GitHubMetaDashboard.tsx,38,tsx,2675057,Ishaan Kor,2026-07-29,05:01:40,-07:00,2026-07-28T22:01:40-07:00,2,30
components/meta/GitHubMetaDashboard.tsx,39,tsx,2675057,Ishaan Kor,2026-07-29,05:01:40,-07:00,2026-07-28T22:01:40-07:00,2,30
components/meta/GitHubMetaDashboard.tsx,40,tsx,2675057,Ishaan Kor,2026-07-29,05:01:40,-07:00,2026-07-28T22:01:40-07:00,2,30
components/meta/GitHubMetaDashboard.tsx,41,tsx,2675057,Ishaan Kor,2026-07-29,05:01:40,-07:00,2026-07-28T22:01:40-07:00,2,30
components/meta/GitHubMetaDashboard.tsx,42,tsx,2675057,Ishaan Kor,2026-07-29,05:01:40,-07:00,2026-07-28T22:01:40-07:00,2,30
components/meta/GitHubMetaDashboard.tsx,43,tsx,2675057,Ishaan Kor,2026-07-29,05:01:40,-07:00,2026-07-28T22:01:40-07:00,2,30
components/meta/GitHubMetaDashboard.tsx,44,tsx,2675057,Ishaan Kor,2026-07-29,05:01:40,-07:00,2026-07-28T22:01:40-07:00,2,30
components/meta/GitHubMetaDashboard.tsx,45,tsx,2675057,Ishaan Kor,2026-07-29,05:01:40,-07:00,2026-07-28T22:01:40-07:00,2,30
components/meta/GitHubMetaDashboard.tsx,46,tsx,2675057,Ishaan Kor,2026-07-29,05:01:40,-07:00,2026-07-28T22:01:40-07:00,2,30
components/meta/GitHubMetaDashboard.tsx,47,tsx,2675057,Ishaan Kor,2026-07-29,05:01:40,-07:00,2026-07-28T22:01:40-07:00,2,30
components/meta/GitHubMetaDashboard.tsx,48,tsx,2675057,Ishaan Kor,2026-07-29,05:01:40,-07:00,2026-07-28T22:01:40-07:00,2,30
components/meta/GitHubMetaDashboard.tsx,49,tsx,2675057,Ishaan Kor,2026-07-29,05:01:40,-07:00,2026-07-28T22:01:40-07:00,2,30
components/meta/GitHubMetaDashboard.tsx,50,tsx,2675057,Ishaan Kor,2026-07-29,05:01:40,-07:00,2026-07-28T22:01:40-07:00,2,30
data/github-cache.json,1,json,2675057,Ishaan Kor,2026-07-29,05:01:40,-07:00,2026-07-28T22:01:40-07:00,1,30
data/github-cache.json,2,json,2675057,Ishaan Kor,2026-07-29,05:01:40,-07:00,2026-07-28T22:01:40-07:00,1,30
data/github-cache.json,3,json,2675057,Ishaan Kor,2026-07-29,05:01:40,-07:00,2026-07-28T22:01:40-07:00,1,30
data/github-cache.json,4,json,2675057,Ishaan Kor,2026-07-29,05:01:40,-07:00,2026-07-28T22:01:40-07:00,1,30
data/github-cache.json,5,json,2675057,Ishaan Kor,2026-07-29,05:01:40,-07:00,2026-07-28T22:01:40-07:00,1,30
data/github-cache.json,6,json,2675057,Ishaan Kor,2026-07-29,05:01:40,-07:00,2026-07-28T22:01:40-07:00,1,30
data/github-cache.json,7,json,2675057,Ishaan Kor,2026-07-29,05:01:40,-07:00,2026-07-28T22:01:40-07:00,1,30
data/github-cache.json,8,json,2675057,Ishaan Kor,2026-07-29,05:01:40,-07:00,2026-07-28T22:01:40-07:00,1,30
data/github-cache.json,9,json,2675057,Ishaan Kor,2026-07-29,05:01:40,-07:00,2026-07-28T22:01:40-07:00,1,30
data/github-cache.json,10,json,2675057,Ishaan Kor,2026-07-29,05:01:40,-07:00,2026-07-28T22:01:40-07:00,1,30
data/github-cache.json,11,json,2675057,Ishaan Kor,2026-07-29,05:01:40,-07:00,2026-07-28T22:01:40-07:00,1,30
data/github-cache.json,12,json,2675057,Ishaan Kor,2026-07-29,05:01:40,-07:00,2026-07-28T22:01:40-07:00,1,30
data/github-cache.json,13,json,2675057,Ishaan Kor,2026-07-29,05:01:40,-07:00,2026-07-28T22:01:40-07:00,1,30
data/github-cache.json,14,json,2675057,Ishaan Kor,2026-07-29,05:01:40,-07:00,2026-07-28T22:01:40-07:00,1,30
data/github-cache.json,15,json,2675057,Ishaan Kor,2026-07-29,05:01:40,-07:00,2026-07-28T22:01:40-07:00,1,30
data/github-cache.json,16,json,2675057,Ishaan Kor,2026-07-29,05:01:40,-07:00,2026-07-28T22:01:40-07:00,1,30
data/github-cache.json,17,json,2675057,Ishaan Kor,2026-07-29,05:01:40,-07:00,2026-07-28T22:01:40-07:00,1,30
data/github-cache.json,18,json,2675057,Ishaan Kor,2026-07-29,05:01:40,-07:00,2026-07-28T22:01:40-07:00,1,30
data/github-cache.json,19,json,2675057,Ishaan Kor,2026-07-29,05:01:40,-07:00,2026-07-28T22:01:40-07:00,1,30
data/github-cache.json,20,json,2675057,Ishaan Kor,2026-07-29,05:01:40,-07:00,2026-07-28T22:01:40-07:00,1,30
data/github-cache.json,21,json,2675057,Ishaan Kor,2026-07-29,05:01:40,-07:00,2026-07-28T22:01:40-07:00,1,30
data/github-cache.json,22,json,2675057,Ishaan Kor,2026-07-29,05:01:40,-07:00,2026-07-28T22:01:40-07:00,1,30
data/github-cache.json,23,json,2675057,Ishaan Kor,2026-07-29,05:01:40,-07:00,2026-07-28T22:01:40-07:00,1,30
data/github-cache.json,24,json,2675057,Ishaan Kor,2026-07-29,05:01:40,-07:00,2026-07-28T22:01:40-07:00,1,30
data/github-cache.json,25,json,2675057,Ishaan Kor,2026-07-29,05:01:40,-07:00,2026-07-28T22:01:40-07:00,1,30
data/github-cache.json,26,json,2675057,Ishaan Kor,2026-07-29,05:01:40,-07:00,2026-07-28T22:01:40-07:00,1,30
data/github-cache.json,27,json,2675057,Ishaan Kor,2026-07-29,05:01:40,-07:00,2026-07-28T22:01:40-07:00,1,30
data/github-cache.json,28,json,2675057,Ishaan Kor,2026-07-29,05:01:40,-07:00,2026-07-28T22:01:40-07:00,1,30
data/github-cache.json,29,json,2675057,Ishaan Kor,2026-07-29,05:01:40,-07:00,2026-07-28T22:01:40-07:00,1,30
data/github-cache.json,30,json,2675057,Ishaan Kor,2026-07-29,05:01:40,-07:00,2026-07-28T22:01:40-07:00,1,30
data/github-cache.json,31,json,2675057,Ishaan Kor,2026-07-29,05:01:40,-07:00,2026-07-28T22:01:40-07:00,1,30
data/github-cache.json,32,json,2675057,Ishaan Kor,2026-07-29,05:01:40,-07:00,2026-07-28T22:01:40-07:00,1,30
data/github-cache.json,33,json,2675057,Ishaan Kor,2026-07-29,05:01:40,-07:00,2026-07-28T22:01:40-07:00,1,30
data/github-cache.json,34,json,2675057,Ishaan Kor,2026-07-29,05:01:40,-07:00,2026-07-28T22:01:40-07:00,1,30
data/github-cache.json,35,json,2675057,Ishaan Kor,2026-07-29,05:01:40,-07:00,2026-07-28T22:01:40-07:00,1,30
data/github-cache.json,36,json,2675057,Ishaan Kor,2026-07-29,05:01:40,-07:00,2026-07-28T22:01:40-07:00,1,30
data/github-cache.json,37,json,2675057,Ishaan Kor,2026-07-29,05:01:40,-07:00,2026-07-28T22:01:40-07:00,1,30
data/github-cache.json,38,json,2675057,Ishaan Kor,2026-07-29,05:01:40,-07:00,2026-07-28T22:01:40-07:00,1,30
data/github-cache.json,39,json,2675057,Ishaan Kor,2026-07-29,05:01:40,-07:00,2026-07-28T22:01:40-07:00,1,30
data/github-cache.json,40,json,2675057,Ishaan Kor,2026-07-29,05:01:40,-07:00,2026-07-28T22:01:40-07:00,1,30
data/github-cache.json,41,json,2675057,Ishaan Kor,2026-07-29,05:01:40,-07:00,2026-07-28T22:01:40-07:00,1,30
data/github-cache.json,42,json,2675057,Ishaan Kor,2026-07-29,05:01:40,-07:00,2026-07-28T22:01:40-07:00,1,30
data/github-cache.json,43,json,2675057,Ishaan Kor,2026-07-29,05:01:40,-07:00,2026-07-28T22:01:40-07:00,1,30
data/github-cache.json,44,json,2675057,Ishaan Kor,2026-07-29,05:01:40,-07:00,2026-07-28T22:01:40-07:00,1,30
data/github-cache.json,45,json,2675057,Ishaan Kor,2026-07-29,05:01:40,-07:00,2026-07-28T22:01:40-07:00,1,30
data/github-cache.json,46,json,2675057,Ishaan Kor,2026-07-29,05:01:40,-07:00,2026-07-28T22:01:40-07:00,1,30
data/github-cache.json,47,json,2675057,Ishaan Kor,2026-07-29,05:01:40,-07:00,2026-07-28T22:01:40-07:00,1,30
data/github-cache.json,48,json,2675057,Ishaan Kor,2026-07-29,05:01:40,-07:00,2026-07-28T22:01:40-07:00,1,30
data/github-cache.json,49,json,2675057,Ishaan Kor,2026-07-29,05:01:40,-07:00,2026-07-28T22:01:40-07:00,1,30
data/github-cache.json,50,json,2675057,Ishaan Kor,2026-07-29,05:01:40,-07:00,2026-07-28T22:01:40-07:00,1,30
out/404.html,1,html,2675057,Ishaan Kor,2026-07-29,05:01:40,-07:00,2026-07-28T22:01:40-07:00,1,30
out/404.html,2,html,2675057,Ishaan Kor,2026-07-29,05:01:40,-07:00,2026-07-28T22:01:40-07:00,1,30
out/_next/static/chunks/app/meta/page-2d31037b3dd0bd99.js,1,js,2675057,Ishaan Kor,2026-07-29,05:01:40,-07:00,2026-07-28T22:01:40-07:00,6,30
out/_next/static/chunks/app/meta/page-69db1dc753c95a65.js,1,js,2675057,Ishaan Kor,2026-07-29,05:01:40,-07:00,2026-07-28T22:01:40-07:00,6,30
out/_next/static/{oazPmThilvdrdaYK3EE7Y,1,code,2675057,Ishaan Kor,2026-07-29,05:01:40,-07:00,2026-07-28T22:01:40-07:00,3,30
out/_next/static/{oazPmThilvdrdaYK3EE7Y,1,code,2675057,Ishaan Kor,2026-07-29,05:01:40,-07:00,2026-07-28T22:01:40-07:00,3,30
out/contact.html,1,html,2675057,Ishaan Kor,2026-07-29,05:01:40,-07:00,2026-07-28T22:01:40-07:00,1,30
out/contact.html,2,html,2675057,Ishaan Kor,2026-07-29,05:01:40,-07:00,2026-07-28T22:01:40-07:00,1,30
out/contact.txt,1,txt,2675057,Ishaan Kor,2026-07-29,05:01:40,-07:00,2026-07-28T22:01:40-07:00,1,30
out/contact.txt,2,txt,2675057,Ishaan Kor,2026-07-29,05:01:40,-07:00,2026-07-28T22:01:40-07:00,1,30
out/index.html,1,html,2675057,Ishaan Kor,2026-07-29,05:01:40,-07:00,2026-07-28T22:01:40-07:00,1,30
out/index.html,2,html,2675057,Ishaan Kor,2026-07-29,05:01:40,-07:00,2026-07-28T22:01:40-07:00,1,30
out/index.txt,1,txt,2675057,Ishaan Kor,2026-07-29,05:01:40,-07:00,2026-07-28T22:01:40-07:00,1,30
out/index.txt,2,txt,2675057,Ishaan Kor,2026-07-29,05:01:40,-07:00,2026-07-28T22:01:40-07:00,1,30
out/meta.html,1,html,2675057,Ishaan Kor,2026-07-29,05:01:40,-07:00,2026-07-28T22:01:40-07:00,1,30
out/meta.html,2,html,2675057,Ishaan Kor,2026-07-29,05:01:40,-07:00,2026-07-28T22:01:40-07:00,1,30
out/meta.txt,1,txt,2675057,Ishaan Kor,2026-07-29,05:01:40,-07:00,2026-07-28T22:01:40-07:00,1,30
out/meta.txt,2,txt,2675057,Ishaan Kor,2026-07-29,05:01:40,-07:00,2026-07-28T22:01:40-07:00,1,30
out/meta.txt,3,txt,2675057,Ishaan Kor,2026-07-29,05:01:40,-07:00,2026-07-28T22:01:40-07:00,1,30
out/meta.txt,4,txt,2675057,Ishaan Kor,2026-07-29,05:01:40,-07:00,2026-07-28T22:01:40-07:00,1,30
out/projects.html,1,html,2675057,Ishaan Kor,2026-07-29,05:01:40,-07:00,2026-07-28T22:01:40-07:00,1,30
out/projects.html,2,html,2675057,Ishaan Kor,2026-07-29,05:01:40,-07:00,2026-07-28T22:01:40-07:00,1,30
out/projects.txt,1,txt,2675057,Ishaan Kor,2026-07-29,05:01:40,-07:00,2026-07-28T22:01:40-07:00,1,30
out/projects.txt,2,txt,2675057,Ishaan Kor,2026-07-29,05:01:40,-07:00,2026-07-28T22:01:40-07:00,1,30
out/resume.html,1,html,2675057,Ishaan Kor,2026-07-29,05:01:40,-07:00,2026-07-28T22:01:40-07:00,1,30
out/resume.html,2,html,2675057,Ishaan Kor,2026-07-29,05:01:40,-07:00,2026-07-28T22:01:40-07:00,1,30
out/resume.txt,1,txt,2675057,Ishaan Kor,2026-07-29,05:01:40,-07:00,2026-07-28T22:01:40-07:00,1,30
out/resume.txt,2,txt,2675057,Ishaan Kor,2026-07-29,05:01:40,-07:00,2026-07-28T22:01:40-07:00,1,30
package.json,1,json,2675057,Ishaan Kor,2026-07-29,05:01:40,-07:00,2026-07-28T22:01:40-07:00,0,30
scripts/fetch-github-cache.mjs,1,mjs,2675057,Ishaan Kor,2026-07-29,05:01:40,-07:00,2026-07-28T22:01:40-07:00,1,30
scripts/fetch-github-cache.mjs,2,mjs,2675057,Ishaan Kor,2026-07-29,05:01:40,-07:00,2026-07-28T22:01:40-07:00,1,30
scripts/fetch-github-cache.mjs,3,mjs,2675057,Ishaan Kor,2026-07-29,05:01:40,-07:00,2026-07-28T22:01:40-07:00,1,30
scripts/fetch-github-cache.mjs,4,mjs,2675057,Ishaan Kor,2026-07-29,05:01:40,-07:00,2026-07-28T22:01:40-07:00,1,30
scripts/fetch-github-cache.mjs,5,mjs,2675057,Ishaan Kor,2026-07-29,05:01:40,-07:00,2026-07-28T22:01:40-07:00,1,30
scripts/fetch-github-cache.mjs,6,mjs,2675057,Ishaan Kor,2026-07-29,05:01:40,-07:00,2026-07-28T22:01:40-07:00,1,30
scripts/fetch-github-cache.mjs,7,mjs,2675057,Ishaan Kor,2026-07-29,05:01:40,-07:00,2026-07-28T22:01:40-07:00,1,30
scripts/fetch-github-cache.mjs,8,mjs,2675057,Ishaan Kor,2026-07-29,05:01:40,-07:00,2026-07-28T22:01:40-07:00,1,30
scripts/fetch-github-cache.mjs,9,mjs,2675057,Ishaan Kor,2026-07-29,05:01:40,-07:00,2026-07-28T22:01:40-07:00,1,30
scripts/fetch-github-cache.mjs,10,mjs,2675057,Ishaan Kor,2026-07-29,05:01:40,-07:00,2026-07-28T22:01:40-07:00,1,30
scripts/fetch-github-cache.mjs,11,mjs,2675057,Ishaan Kor,2026-07-29,05:01:40,-07:00,2026-07-28T22:01:40-07:00,1,30
scripts/fetch-github-cache.mjs,12,mjs,2675057,Ishaan Kor,2026-07-29,05:01:40,-07:00,2026-07-28T22:01:40-07:00,1,30
scripts/fetch-github-cache.mjs,13,mjs,2675057,Ishaan Kor,2026-07-29,05:01:40,-07:00,2026-07-28T22:01:40-07:00,1,30
scripts/fetch-github-cache.mjs,14,mjs,2675057,Ishaan Kor,2026-07-29,05:01:40,-07:00,2026-07-28T22:01:40-07:00,1,30
scripts/fetch-github-cache.mjs,15,mjs,2675057,Ishaan Kor,2026-07-29,05:01:40,-07:00,2026-07-28T22:01:40-07:00,1,30
scripts/fetch-github-cache.mjs,16,mjs,2675057,Ishaan Kor,2026-07-29,05:01:40,-07:00,2026-07-28T22:01:40-07:00,1,30
scripts/fetch-github-cache.mjs,17,mjs,2675057,Ishaan Kor,2026-07-29,05:01:40,-07:00,2026-07-28T22:01:40-07:00,1,30
scripts/fetch-github-cache.mjs,18,mjs,2675057,Ishaan Kor,2026-07-29,05:01:40,-07:00,2026-07-28T22:01:40-07:00,1,30
scripts/fetch-github-cache.mjs,19,mjs,2675057,Ishaan Kor,2026-07-29,05:01:40,-07:00,2026-07-28T22:01:40-07:00,1,30
scripts/fetch-github-cache.mjs,20,mjs,2675057,Ishaan Kor,2026-07-29,05:01:40,-07:00,2026-07-28T22:01:40-07:00,1,30
scripts/fetch-github-cache.mjs,21,mjs,2675057,Ishaan Kor,2026-07-29,05:01:40,-07:00,2026-07-28T22:01:40-07:00,1,30
scripts/fetch-github-cache.mjs,22,mjs,2675057,Ishaan Kor,2026-07-29,05:01:40,-07:00,2026-07-28T22:01:40-07:00,1,30
scripts/fetch-github-cache.mjs,23,mjs,2675057,Ishaan Kor,2026-07-29,05:01:40,-07:00,2026-07-28T22:01:40-07:00,1,30
scripts/fetch-github-cache.mjs,24,mjs,2675057,Ishaan Kor,2026-07-29,05:01:40,-07:00,2026-07-28T22:01:40-07:00,1,30
scripts/fetch-github-cache.mjs,25,mjs,2675057,Ishaan Kor,2026-07-29,05:01:40,-07:00,2026-07-28T22:01:40-07:00,1,30
scripts/fetch-github-cache.mjs,26,mjs,2675057,Ishaan Kor,2026-07-29,05:01:40,-07:00,2026-07-28T22:01:40-07:00,1,30
scripts/fetch-github-cache.mjs,27,mjs,2675057,Ishaan Kor,2026-07-29,05:01:40,-07:00,2026-07-28T22:01:40-07:00,1,30
scripts/fetch-github-cache.mjs,28,mjs,2675057,Ishaan Kor,2026-07-29,05:01:40,-07:00,2026-07-28T22:01:40-07:00,1,30
scripts/fetch-github-cache.mjs,29,mjs,2675057,Ishaan Kor,2026-07-29,05:01:40,-07:00,2026-07-28T22:01:40-07:00,1,30
scripts/fetch-github-cache.mjs,30,mjs,2675057,Ishaan Kor,2026-07-29,05:01:40,-07:00,2026-07-28T22:01:40-07:00,1,30
scripts/fetch-github-cache.mjs,31,mjs,2675057,Ishaan Kor,2026-07-29,05:01:40,-07:00,2026-07-28T22:01:40-07:00,1,30
scripts/fetch-github-cache.mjs,32,mjs,2675057,Ishaan Kor,2026-07-29,05:01:40,-07:00,2026-07-28T22:01:40-07:00,1,30
scripts/fetch-github-cache.mjs,33,mjs,2675057,Ishaan Kor,2026-07-29,05:01:40,-07:00,2026-07-28T22:01:40-07:00,1,30
scripts/fetch-github-cache.mjs,34,mjs,2675057,Ishaan Kor,2026-07-29,05:01:40,-07:00,2026-07-28T22:01:40-07:00,1,30
scripts/fetch-github-cache.mjs,35,mjs,2675057,Ishaan Kor,2026-07-29,05:01:40,-07:00,2026-07-28T22:01:40-07:00,1,30
scripts/fetch-github-cache.mjs,36,mjs,2675057,Ishaan Kor,2026-07-29,05:01:40,-07:00,2026-07-28T22:01:40-07:00,1,30
scripts/fetch-github-cache.mjs,37,mjs,2675057,Ishaan Kor,2026-07-29,05:01:40,-07:00,2026-07-28T22:01:40-07:00,1,30
scripts/fetch-github-cache.mjs,38,mjs,2675057,Ishaan Kor,2026-07-29,05:01:40,-07:00,2026-07-28T22:01:40-07:00,1,30
scripts/fetch-github-cache.mjs,39,mjs,2675057,Ishaan Kor,2026-07-29,05:01:40,-07:00,2026-07-28T22:01:40-07:00,1,30
scripts/fetch-github-cache.mjs,40,mjs,2675057,Ishaan Kor,2026-07-29,05:01:40,-07:00,2026-07-28T22:01:40-07:00,1,30
scripts/fetch-github-cache.mjs,41,mjs,2675057,Ishaan Kor,2026-07-29,05:01:40,-07:00,2026-07-28T22:01:40-07:00,1,30
scripts/fetch-github-cache.mjs,42,mjs,2675057,Ishaan Kor,2026-07-29,05:01:40,-07:00,2026-07-28T22:01:40-07:00,1,30
scripts/fetch-github-cache.mjs,43,mjs,2675057,Ishaan Kor,2026-07-29,05:01:40,-07:00,2026-07-28T22:01:40-07:00,1,30
scripts/fetch-github-cache.mjs,44,mjs,2675057,Ishaan Kor,2026-07-29,05:01:40,-07:00,2026-07-28T22:01:40-07:00,1,30
scripts/fetch-github-cache.mjs,45,mjs,2675057,Ishaan Kor,2026-07-29,05:01:40,-07:00,2026-07-28T22:01:40-07:00,1,30
scripts/fetch-github-cache.mjs,46,mjs,2675057,Ishaan Kor,2026-07-29,05:01:40,-07:00,2026-07-28T22:01:40-07:00,1,30
scripts/fetch-github-cache.mjs,47,mjs,2675057,Ishaan Kor,2026-07-29,05:01:40,-07:00,2026-07-28T22:01:40-07:00,1,30
scripts/fetch-github-cache.mjs,48,mjs,2675057,Ishaan Kor,2026-07-29,05:01:40,-07:00,2026-07-28T22:01:40-07:00,1,30
scripts/fetch-github-cache.mjs,49,mjs,2675057,Ishaan Kor,2026-07-29,05:01:40,-07:00,2026-07-28T22:01:40-07:00,1,30
scripts/fetch-github-cache.mjs,50,mjs,2675057,Ishaan Kor,2026-07-29,05:01:40,-07:00,2026-07-28T22:01:40-07:00,1,30
components/meta/GitHubMetaDashboard.tsx,1,tsx,f27bd19,Ishaan Kor,2026-07-29,04:44:56,-07:00,2026-07-28T21:44:56-07:00,2,30
components/meta/GitHubMetaDashboard.tsx,2,tsx,f27bd19,Ishaan Kor,2026-07-29,04:44:56,-07:00,2026-07-28T21:44:56-07:00,2,30
components/meta/GitHubMetaDashboard.tsx,3,tsx,f27bd19,Ishaan Kor,2026-07-29,04:44:56,-07:00,2026-07-28T21:44:56-07:00,2,30
components/meta/GitHubMetaDashboard.tsx,4,tsx,f27bd19,Ishaan Kor,2026-07-29,04:44:56,-07:00,2026-07-28T21:44:56-07:00,2,30
components/meta/GitHubMetaDashboard.tsx,5,tsx,f27bd19,Ishaan Kor,2026-07-29,04:44:56,-07:00,2026-07-28T21:44:56-07:00,2,30
components/meta/GitHubMetaDashboard.tsx,6,tsx,f27bd19,Ishaan Kor,2026-07-29,04:44:56,-07:00,2026-07-28T21:44:56-07:00,2,30
components/meta/GitHubMetaDashboard.tsx,7,tsx,f27bd19,Ishaan Kor,2026-07-29,04:44:56,-07:00,2026-07-28T21:44:56-07:00,2,30
components/meta/GitHubMetaDashboard.tsx,8,tsx,f27bd19,Ishaan Kor,2026-07-29,04:44:56,-07:00,2026-07-28T21:44:56-07:00,2,30
components/meta/GitHubMetaDashboard.tsx,9,tsx,f27bd19,Ishaan Kor,2026-07-29,04:44:56,-07:00,2026-07-28T21:44:56-07:00,2,30
components/meta/GitHubMetaDashboard.tsx,10,tsx,f27bd19,Ishaan Kor,2026-07-29,04:44:56,-07:00,2026-07-28T21:44:56-07:00,2,30
components/meta/GitHubMetaDashboard.tsx,11,tsx,f27bd19,Ishaan Kor,2026-07-29,04:44:56,-07:00,2026-07-28T21:44:56-07:00,2,30
components/meta/GitHubMetaDashboard.tsx,12,tsx,f27bd19,Ishaan Kor,2026-07-29,04:44:56,-07:00,2026-07-28T21:44:56-07:00,2,30
components/meta/GitHubMetaDashboard.tsx,13,tsx,f27bd19,Ishaan Kor,2026-07-29,04:44:56,-07:00,2026-07-28T21:44:56-07:00,2,30
components/meta/GitHubMetaDashboard.tsx,14,tsx,f27bd19,Ishaan Kor,2026-07-29,04:44:56,-07:00,2026-07-28T21:44:56-07:00,2,30
components/meta/GitHubMetaDashboard.tsx,15,tsx,f27bd19,Ishaan Kor,2026-07-29,04:44:56,-07:00,2026-07-28T21:44:56-07:00,2,30
components/meta/GitHubMetaDashboard.tsx,16,tsx,f27bd19,Ishaan Kor,2026-07-29,04:44:56,-07:00,2026-07-28T21:44:56-07:00,2,30
components/meta/GitHubMetaDashboard.tsx,17,tsx,f27bd19,Ishaan Kor,2026-07-29,04:44:56,-07:00,2026-07-28T21:44:56-07:00,2,30
components/meta/GitHubMetaDashboard.tsx,18,tsx,f27bd19,Ishaan Kor,2026-07-29,04:44:56,-07:00,2026-07-28T21:44:56-07:00,2,30
components/meta/GitHubMetaDashboard.tsx,19,tsx,f27bd19,Ishaan Kor,2026-07-29,04:44:56,-07:00,2026-07-28T21:44:56-07:00,2,30
components/meta/GitHubMetaDashboard.tsx,20,tsx,f27bd19,Ishaan Kor,2026-07-29,04:44:56,-07:00,2026-07-28T21:44:56-07:00,2,30
components/meta/GitHubMetaDashboard.tsx,21,tsx,f27bd19,Ishaan Kor,2026-07-29,04:44:56,-07:00,2026-07-28T21:44:56-07:00,2,30
components/meta/GitHubMetaDashboard.tsx,22,tsx,f27bd19,Ishaan Kor,2026-07-29,04:44:56,-07:00,2026-07-28T21:44:56-07:00,2,30
components/meta/GitHubMetaDashboard.tsx,23,tsx,f27bd19,Ishaan Kor,2026-07-29,04:44:56,-07:00,2026-07-28T21:44:56-07:00,2,30
components/meta/GitHubMetaDashboard.tsx,24,tsx,f27bd19,Ishaan Kor,2026-07-29,04:44:56,-07:00,2026-07-28T21:44:56-07:00,2,30
components/meta/GitHubMetaDashboard.tsx,25,tsx,f27bd19,Ishaan Kor,2026-07-29,04:44:56,-07:00,2026-07-28T21:44:56-07:00,2,30
components/meta/GitHubMetaDashboard.tsx,26,tsx,f27bd19,Ishaan Kor,2026-07-29,04:44:56,-07:00,2026-07-28T21:44:56-07:00,2,30
components/meta/GitHubMetaDashboard.tsx,27,tsx,f27bd19,Ishaan Kor,2026-07-29,04:44:56,-07:00,2026-07-28T21:44:56-07:00,2,30
components/meta/GitHubMetaDashboard.tsx,28,tsx,f27bd19,Ishaan Kor,2026-07-29,04:44:56,-07:00,2026-07-28T21:44:56-07:00,2,30
components/meta/GitHubMetaDashboard.tsx,29,tsx,f27bd19,Ishaan Kor,2026-07-29,04:44:56,-07:00,2026-07-28T21:44:56-07:00,2,30
components/meta/GitHubMetaDashboard.tsx,30,tsx,f27bd19,Ishaan Kor,2026-07-29,04:44:56,-07:00,2026-07-28T21:44:56-07:00,2,30
components/meta/GitHubMetaDashboard.tsx,31,tsx,f27bd19,Ishaan Kor,2026-07-29,04:44:56,-07:00,2026-07-28T21:44:56-07:00,2,30
components/meta/GitHubMetaDashboard.tsx,32,tsx,f27bd19,Ishaan Kor,2026-07-29,04:44:56,-07:00,2026-07-28T21:44:56-07:00,2,30
components/meta/GitHubMetaDashboard.tsx,33,tsx,f27bd19,Ishaan Kor,2026-07-29,04:44:56,-07:00,2026-07-28T21:44:56-07:00,2,30
components/meta/GitHubMetaDashboard.tsx,34,tsx,f27bd19,Ishaan Kor,2026-07-29,04:44:56,-07:00,2026-07-28T21:44:56-07:00,2,30
components/meta/GitHubMetaDashboard.tsx,35,tsx,f27bd19,Ishaan Kor,2026-07-29,04:44:56,-07:00,2026-07-28T21:44:56-07:00,2,30
components/meta/GitHubMetaDashboard.tsx,36,tsx,f27bd19,Ishaan Kor,2026-07-29,04:44:56,-07:00,2026-07-28T21:44:56-07:00,2,30
components/meta/GitHubMetaDashboard.tsx,37,tsx,f27bd19,Ishaan Kor,2026-07-29,04:44:56,-07:00,2026-07-28T21:44:56-07:00,2,30
components/meta/GitHubMetaDashboard.tsx,38,tsx,f27bd19,Ishaan Kor,2026-07-29,04:44:56,-07:00,2026-07-28T21:44:56-07:00,2,30
components/meta/GitHubMetaDashboard.tsx,39,tsx,f27bd19,Ishaan Kor,2026-07-29,04:44:56,-07:00,2026-07-28T21:44:56-07:00,2,30
components/meta/GitHubMetaDashboard.tsx,40,tsx,f27bd19,Ishaan Kor,2026-07-29,04:44:56,-07:00,2026-07-28T21:44:56-07:00,2,30
components/meta/GitHubMetaDashboard.tsx,41,tsx,f27bd19,Ishaan Kor,2026-07-29,04:44:56,-07:00,2026-07-28T21:44:56-07:00,2,30
components/meta/GitHubMetaDashboard.tsx,42,tsx,f27bd19,Ishaan Kor,2026-07-29,04:44:56,-07:00,2026-07-28T21:44:56-07:00,2,30
components/meta/GitHubMetaDashboard.tsx,43,tsx,f27bd19,Ishaan Kor,2026-07-29,04:44:56,-07:00,2026-07-28T21:44:56-07:00,2,30
components/meta/GitHubMetaDashboard.tsx,44,tsx,f27bd19,Ishaan Kor,2026-07-29,04:44:56,-07:00,2026-07-28T21:44:56-07:00,2,30
components/meta/GitHubMetaDashboard.tsx,45,tsx,f27bd19,Ishaan Kor,2026-07-29,04:44:56,-07:00,2026-07-28T21:44:56-07:00,2,30
components/meta/GitHubMetaDashboard.tsx,46,tsx,f27bd19,Ishaan Kor,2026-07-29,04:44:56,-07:00,2026-07-28T21:44:56-07:00,2,30
components/meta/GitHubMetaDashboard.tsx,47,tsx,f27bd19,Ishaan Kor,2026-07-29,04:44:56,-07:00,2026-07-28T21:44:56-07:00,2,30
components/meta/GitHubMetaDashboard.tsx,48,tsx,f27bd19,Ishaan Kor,2026-07-29,04:44:56,-07:00,2026-07-28T21:44:56-07:00,2,30
components/meta/GitHubMetaDashboard.tsx,49,tsx,f27bd19,Ishaan Kor,2026-07-29,04:44:56,-07:00,2026-07-28T21:44:56-07:00,2,30
components/meta/GitHubMetaDashboard.tsx,50,tsx,f27bd19,Ishaan Kor,2026-07-29,04:44:56,-07:00,2026-07-28T21:44:56-07:00,2,30
out/404.html,1,html,f27bd19,Ishaan Kor,2026-07-29,04:44:56,-07:00,2026-07-28T21:44:56-07:00,1,30
out/404.html,2,html,f27bd19,Ishaan Kor,2026-07-29,04:44:56,-07:00,2026-07-28T21:44:56-07:00,1,30
out/_next/static/chunks/app/meta/page-54c7da2156b573d0.js,1,js,f27bd19,Ishaan Kor,2026-07-29,04:44:56,-07:00,2026-07-28T21:44:56-07:00,6,30
out/_next/static/chunks/app/meta/page-69db1dc753c95a65.js,1,js,f27bd19,Ishaan Kor,2026-07-29,04:44:56,-07:00,2026-07-28T21:44:56-07:00,6,30
out/_next/static/css/a5b2fd4bd1bab52d.css,1,css,f27bd19,Ishaan Kor,2026-07-29,04:44:56,-07:00,2026-07-28T21:44:56-07:00,4,30
out/_next/static/css/a5b2fd4bd1bab52d.css,2,css,f27bd19,Ishaan Kor,2026-07-29,04:44:56,-07:00,2026-07-28T21:44:56-07:00,4,30
out/_next/static/css/a5b2fd4bd1bab52d.css,3,css,f27bd19,Ishaan Kor,2026-07-29,04:44:56,-07:00,2026-07-28T21:44:56-07:00,4,30
out/_next/static/css/ea339252294fe721.css,1,css,f27bd19,Ishaan Kor,2026-07-29,04:44:56,-07:00,2026-07-28T21:44:56-07:00,4,30
out/_next/static/css/ea339252294fe721.css,2,css,f27bd19,Ishaan Kor,2026-07-29,04:44:56,-07:00,2026-07-28T21:44:56-07:00,4,30
out/_next/static/css/ea339252294fe721.css,3,css,f27bd19,Ishaan Kor,2026-07-29,04:44:56,-07:00,2026-07-28T21:44:56-07:00,4,30
out/_next/static/{jpchJPmdK0FHaUn7BPr1Z,1,code,f27bd19,Ishaan Kor,2026-07-29,04:44:56,-07:00,2026-07-28T21:44:56-07:00,3,30
out/_next/static/{jpchJPmdK0FHaUn7BPr1Z,1,code,f27bd19,Ishaan Kor,2026-07-29,04:44:56,-07:00,2026-07-28T21:44:56-07:00,3,30
out/contact.html,1,html,f27bd19,Ishaan Kor,2026-07-29,04:44:56,-07:00,2026-07-28T21:44:56-07:00,1,30
out/contact.html,2,html,f27bd19,Ishaan Kor,2026-07-29,04:44:56,-07:00,2026-07-28T21:44:56-07:00,1,30
out/contact.txt,1,txt,f27bd19,Ishaan Kor,2026-07-29,04:44:56,-07:00,2026-07-28T21:44:56-07:00,1,30
out/contact.txt,2,txt,f27bd19,Ishaan Kor,2026-07-29,04:44:56,-07:00,2026-07-28T21:44:56-07:00,1,30
out/index.html,1,html,f27bd19,Ishaan Kor,2026-07-29,04:44:56,-07:00,2026-07-28T21:44:56-07:00,1,30
out/index.html,2,html,f27bd19,Ishaan Kor,2026-07-29,04:44:56,-07:00,2026-07-28T21:44:56-07:00,1,30
out/index.txt,1,txt,f27bd19,Ishaan Kor,2026-07-29,04:44:56,-07:00,2026-07-28T21:44:56-07:00,1,30
out/index.txt,2,txt,f27bd19,Ishaan Kor,2026-07-29,04:44:56,-07:00,2026-07-28T21:44:56-07:00,1,30
out/meta.html,1,html,f27bd19,Ishaan Kor,2026-07-29,04:44:56,-07:00,2026-07-28T21:44:56-07:00,1,30
out/meta.html,2,html,f27bd19,Ishaan Kor,2026-07-29,04:44:56,-07:00,2026-07-28T21:44:56-07:00,1,30
out/meta.txt,1,txt,f27bd19,Ishaan Kor,2026-07-29,04:44:56,-07:00,2026-07-28T21:44:56-07:00,1,30
out/meta.txt,2,txt,f27bd19,Ishaan Kor,2026-07-29,04:44:56,-07:00,2026-07-28T21:44:56-07:00,1,30
out/meta.txt,3,txt,f27bd19,Ishaan Kor,2026-07-29,04:44:56,-07:00,2026-07-28T21:44:56-07:00,1,30
out/meta.txt,4,txt,f27bd19,Ishaan Kor,2026-07-29,04:44:56,-07:00,2026-07-28T21:44:56-07:00,1,30
out/projects.html,1,html,f27bd19,Ishaan Kor,2026-07-29,04:44:56,-07:00,2026-07-28T21:44:56-07:00,1,30
out/projects.html,2,html,f27bd19,Ishaan Kor,2026-07-29,04:44:56,-07:00,2026-07-28T21:44:56-07:00,1,30
out/projects.txt,1,txt,f27bd19,Ishaan Kor,2026-07-29,04:44:56,-07:00,2026-07-28T21:44:56-07:00,1,30
out/projects.txt,2,txt,f27bd19,Ishaan Kor,2026-07-29,04:44:56,-07:00,2026-07-28T21:44:56-07:00,1,30
out/resume.html,1,html,f27bd19,Ishaan Kor,2026-07-29,04:44:56,-07:00,2026-07-28T21:44:56-07:00,1,30
out/resume.html,2,html,f27bd19,Ishaan Kor,2026-07-29,04:44:56,-07:00,2026-07-28T21:44:56-07:00,1,30
out/resume.txt,1,txt,f27bd19,Ishaan Kor,2026-07-29,04:44:56,-07:00,2026-07-28T21:44:56-07:00,1,30
out/resume.txt,2,txt,f27bd19,Ishaan Kor,2026-07-29,04:44:56,-07:00,2026-07-28T21:44:56-07:00,1,30
components/meta/GitHubMetaDashboard.tsx,1,tsx,b3e8a18,Ishaan Kor,2026-07-29,04:12:42,-07:00,2026-07-28T21:12:42-07:00,2,30
components/meta/GitHubMetaDashboard.tsx,2,tsx,b3e8a18,Ishaan Kor,2026-07-29,04:12:42,-07:00,2026-07-28T21:12:42-07:00,2,30
components/meta/GitHubMetaDashboard.tsx,3,tsx,b3e8a18,Ishaan Kor,2026-07-29,04:12:42,-07:00,2026-07-28T21:12:42-07:00,2,30
components/meta/GitHubMetaDashboard.tsx,4,tsx,b3e8a18,Ishaan Kor,2026-07-29,04:12:42,-07:00,2026-07-28T21:12:42-07:00,2,30
components/meta/GitHubMetaDashboard.tsx,5,tsx,b3e8a18,Ishaan Kor,2026-07-29,04:12:42,-07:00,2026-07-28T21:12:42-07:00,2,30
components/meta/GitHubMetaDashboard.tsx,6,tsx,b3e8a18,Ishaan Kor,2026-07-29,04:12:42,-07:00,2026-07-28T21:12:42-07:00,2,30
components/meta/GitHubMetaDashboard.tsx,7,tsx,b3e8a18,Ishaan Kor,2026-07-29,04:12:42,-07:00,2026-07-28T21:12:42-07:00,2,30
components/meta/GitHubMetaDashboard.tsx,8,tsx,b3e8a18,Ishaan Kor,2026-07-29,04:12:42,-07:00,2026-07-28T21:12:42-07:00,2,30
components/meta/GitHubMetaDashboard.tsx,9,tsx,b3e8a18,Ishaan Kor,2026-07-29,04:12:42,-07:00,2026-07-28T21:12:42-07:00,2,30
components/meta/GitHubMetaDashboard.tsx,10,tsx,b3e8a18,Ishaan Kor,2026-07-29,04:12:42,-07:00,2026-07-28T21:12:42-07:00,2,30
components/meta/GitHubMetaDashboard.tsx,11,tsx,b3e8a18,Ishaan Kor,2026-07-29,04:12:42,-07:00,2026-07-28T21:12:42-07:00,2,30
components/meta/GitHubMetaDashboard.tsx,12,tsx,b3e8a18,Ishaan Kor,2026-07-29,04:12:42,-07:00,2026-07-28T21:12:42-07:00,2,30
components/meta/GitHubMetaDashboard.tsx,13,tsx,b3e8a18,Ishaan Kor,2026-07-29,04:12:42,-07:00,2026-07-28T21:12:42-07:00,2,30
components/meta/GitHubMetaDashboard.tsx,14,tsx,b3e8a18,Ishaan Kor,2026-07-29,04:12:42,-07:00,2026-07-28T21:12:42-07:00,2,30
components/meta/GitHubMetaDashboard.tsx,15,tsx,b3e8a18,Ishaan Kor,2026-07-29,04:12:42,-07:00,2026-07-28T21:12:42-07:00,2,30
components/meta/GitHubMetaDashboard.tsx,16,tsx,b3e8a18,Ishaan Kor,2026-07-29,04:12:42,-07:00,2026-07-28T21:12:42-07:00,2,30
components/meta/GitHubMetaDashboard.tsx,17,tsx,b3e8a18,Ishaan Kor,2026-07-29,04:12:42,-07:00,2026-07-28T21:12:42-07:00,2,30
components/meta/GitHubMetaDashboard.tsx,18,tsx,b3e8a18,Ishaan Kor,2026-07-29,04:12:42,-07:00,2026-07-28T21:12:42-07:00,2,30
components/meta/GitHubMetaDashboard.tsx,19,tsx,b3e8a18,Ishaan Kor,2026-07-29,04:12:42,-07:00,2026-07-28T21:12:42-07:00,2,30
components/meta/GitHubMetaDashboard.tsx,20,tsx,b3e8a18,Ishaan Kor,2026-07-29,04:12:42,-07:00,2026-07-28T21:12:42-07:00,2,30
components/meta/GitHubMetaDashboard.tsx,21,tsx,b3e8a18,Ishaan Kor,2026-07-29,04:12:42,-07:00,2026-07-28T21:12:42-07:00,2,30
components/meta/GitHubMetaDashboard.tsx,22,tsx,b3e8a18,Ishaan Kor,2026-07-29,04:12:42,-07:00,2026-07-28T21:12:42-07:00,2,30
components/meta/GitHubMetaDashboard.tsx,23,tsx,b3e8a18,Ishaan Kor,2026-07-29,04:12:42,-07:00,2026-07-28T21:12:42-07:00,2,30
components/meta/GitHubMetaDashboard.tsx,24,tsx,b3e8a18,Ishaan Kor,2026-07-29,04:12:42,-07:00,2026-07-28T21:12:42-07:00,2,30
components/meta/GitHubMetaDashboard.tsx,25,tsx,b3e8a18,Ishaan Kor,2026-07-29,04:12:42,-07:00,2026-07-28T21:12:42-07:00,2,30
components/meta/GitHubMetaDashboard.tsx,26,tsx,b3e8a18,Ishaan Kor,2026-07-29,04:12:42,-07:00,2026-07-28T21:12:42-07:00,2,30
components/meta/GitHubMetaDashboard.tsx,27,tsx,b3e8a18,Ishaan Kor,2026-07-29,04:12:42,-07:00,2026-07-28T21:12:42-07:00,2,30
components/meta/GitHubMetaDashboard.tsx,28,tsx,b3e8a18,Ishaan Kor,2026-07-29,04:12:42,-07:00,2026-07-28T21:12:42-07:00,2,30
components/meta/GitHubMetaDashboard.tsx,29,tsx,b3e8a18,Ishaan Kor,2026-07-29,04:12:42,-07:00,2026-07-28T21:12:42-07:00,2,30
components/meta/GitHubMetaDashboard.tsx,30,tsx,b3e8a18,Ishaan Kor,2026-07-29,04:12:42,-07:00,2026-07-28T21:12:42-07:00,2,30
components/meta/GitHubMetaDashboard.tsx,31,tsx,b3e8a18,Ishaan Kor,2026-07-29,04:12:42,-07:00,2026-07-28T21:12:42-07:00,2,30
components/meta/GitHubMetaDashboard.tsx,32,tsx,b3e8a18,Ishaan Kor,2026-07-29,04:12:42,-07:00,2026-07-28T21:12:42-07:00,2,30
components/meta/GitHubMetaDashboard.tsx,33,tsx,b3e8a18,Ishaan Kor,2026-07-29,04:12:42,-07:00,2026-07-28T21:12:42-07:00,2,30
components/meta/GitHubMetaDashboard.tsx,34,tsx,b3e8a18,Ishaan Kor,2026-07-29,04:12:42,-07:00,2026-07-28T21:12:42-07:00,2,30
components/meta/GitHubMetaDashboard.tsx,35,tsx,b3e8a18,Ishaan Kor,2026-07-29,04:12:42,-07:00,2026-07-28T21:12:42-07:00,2,30
components/meta/GitHubMetaDashboard.tsx,36,tsx,b3e8a18,Ishaan Kor,2026-07-29,04:12:42,-07:00,2026-07-28T21:12:42-07:00,2,30
components/meta/GitHubMetaDashboard.tsx,37,tsx,b3e8a18,Ishaan Kor,2026-07-29,04:12:42,-07:00,2026-07-28T21:12:42-07:00,2,30
components/meta/GitHubMetaDashboard.tsx,38,tsx,b3e8a18,Ishaan Kor,2026-07-29,04:12:42,-07:00,2026-07-28T21:12:42-07:00,2,30
components/meta/GitHubMetaDashboard.tsx,39,tsx,b3e8a18,Ishaan Kor,2026-07-29,04:12:42,-07:00,2026-07-28T21:12:42-07:00,2,30
components/meta/GitHubMetaDashboard.tsx,40,tsx,b3e8a18,Ishaan Kor,2026-07-29,04:12:42,-07:00,2026-07-28T21:12:42-07:00,2,30
components/meta/GitHubMetaDashboard.tsx,41,tsx,b3e8a18,Ishaan Kor,2026-07-29,04:12:42,-07:00,2026-07-28T21:12:42-07:00,2,30
components/meta/GitHubMetaDashboard.tsx,42,tsx,b3e8a18,Ishaan Kor,2026-07-29,04:12:42,-07:00,2026-07-28T21:12:42-07:00,2,30
components/meta/GitHubMetaDashboard.tsx,43,tsx,b3e8a18,Ishaan Kor,2026-07-29,04:12:42,-07:00,2026-07-28T21:12:42-07:00,2,30
components/meta/GitHubMetaDashboard.tsx,44,tsx,b3e8a18,Ishaan Kor,2026-07-29,04:12:42,-07:00,2026-07-28T21:12:42-07:00,2,30
components/meta/GitHubMetaDashboard.tsx,45,tsx,b3e8a18,Ishaan Kor,2026-07-29,04:12:42,-07:00,2026-07-28T21:12:42-07:00,2,30
components/meta/GitHubMetaDashboard.tsx,46,tsx,b3e8a18,Ishaan Kor,2026-07-29,04:12:42,-07:00,2026-07-28T21:12:42-07:00,2,30
components/meta/GitHubMetaDashboard.tsx,47,tsx,b3e8a18,Ishaan Kor,2026-07-29,04:12:42,-07:00,2026-07-28T21:12:42-07:00,2,30
components/meta/GitHubMetaDashboard.tsx,48,tsx,b3e8a18,Ishaan Kor,2026-07-29,04:12:42,-07:00,2026-07-28T21:12:42-07:00,2,30
components/meta/GitHubMetaDashboard.tsx,49,tsx,b3e8a18,Ishaan Kor,2026-07-29,04:12:42,-07:00,2026-07-28T21:12:42-07:00,2,30
components/meta/GitHubMetaDashboard.tsx,50,tsx,b3e8a18,Ishaan Kor,2026-07-29,04:12:42,-07:00,2026-07-28T21:12:42-07:00,2,30
out/404.html,1,html,b3e8a18,Ishaan Kor,2026-07-29,04:12:42,-07:00,2026-07-28T21:12:42-07:00,1,30
out/404.html,2,html,b3e8a18,Ishaan Kor,2026-07-29,04:12:42,-07:00,2026-07-28T21:12:42-07:00,1,30
out/_next/static/chunks/app/meta/page-54c7da2156b573d0.js,1,js,b3e8a18,Ishaan Kor,2026-07-29,04:12:42,-07:00,2026-07-28T21:12:42-07:00,6,30
out/_next/static/chunks/app/meta/page-5f6f83a7bd388086.js,1,js,b3e8a18,Ishaan Kor,2026-07-29,04:12:42,-07:00,2026-07-28T21:12:42-07:00,6,30
out/_next/static/css/70a4d037a2e58703.css,1,css,b3e8a18,Ishaan Kor,2026-07-29,04:12:42,-07:00,2026-07-28T21:12:42-07:00,4,30
out/_next/static/css/70a4d037a2e58703.css,2,css,b3e8a18,Ishaan Kor,2026-07-29,04:12:42,-07:00,2026-07-28T21:12:42-07:00,4,30
out/_next/static/css/70a4d037a2e58703.css,3,css,b3e8a18,Ishaan Kor,2026-07-29,04:12:42,-07:00,2026-07-28T21:12:42-07:00,4,30
out/_next/static/css/a5b2fd4bd1bab52d.css,1,css,b3e8a18,Ishaan Kor,2026-07-29,04:12:42,-07:00,2026-07-28T21:12:42-07:00,4,30
out/_next/static/css/a5b2fd4bd1bab52d.css,2,css,b3e8a18,Ishaan Kor,2026-07-29,04:12:42,-07:00,2026-07-28T21:12:42-07:00,4,30
out/_next/static/css/a5b2fd4bd1bab52d.css,3,css,b3e8a18,Ishaan Kor,2026-07-29,04:12:42,-07:00,2026-07-28T21:12:42-07:00,4,30
out/_next/static/{rmYcEyZG9j1OlTA1FVzmT,1,code,b3e8a18,Ishaan Kor,2026-07-29,04:12:42,-07:00,2026-07-28T21:12:42-07:00,3,30
out/_next/static/{rmYcEyZG9j1OlTA1FVzmT,1,code,b3e8a18,Ishaan Kor,2026-07-29,04:12:42,-07:00,2026-07-28T21:12:42-07:00,3,30
out/contact.html,1,html,b3e8a18,Ishaan Kor,2026-07-29,04:12:42,-07:00,2026-07-28T21:12:42-07:00,1,30
out/contact.html,2,html,b3e8a18,Ishaan Kor,2026-07-29,04:12:42,-07:00,2026-07-28T21:12:42-07:00,1,30
out/contact.txt,1,txt,b3e8a18,Ishaan Kor,2026-07-29,04:12:42,-07:00,2026-07-28T21:12:42-07:00,1,30
out/contact.txt,2,txt,b3e8a18,Ishaan Kor,2026-07-29,04:12:42,-07:00,2026-07-28T21:12:42-07:00,1,30
out/index.html,1,html,b3e8a18,Ishaan Kor,2026-07-29,04:12:42,-07:00,2026-07-28T21:12:42-07:00,1,30
out/index.html,2,html,b3e8a18,Ishaan Kor,2026-07-29,04:12:42,-07:00,2026-07-28T21:12:42-07:00,1,30
out/index.txt,1,txt,b3e8a18,Ishaan Kor,2026-07-29,04:12:42,-07:00,2026-07-28T21:12:42-07:00,1,30
out/index.txt,2,txt,b3e8a18,Ishaan Kor,2026-07-29,04:12:42,-07:00,2026-07-28T21:12:42-07:00,1,30
out/meta.html,1,html,b3e8a18,Ishaan Kor,2026-07-29,04:12:42,-07:00,2026-07-28T21:12:42-07:00,1,30
out/meta.html,2,html,b3e8a18,Ishaan Kor,2026-07-29,04:12:42,-07:00,2026-07-28T21:12:42-07:00,1,30
out/meta.txt,1,txt,b3e8a18,Ishaan Kor,2026-07-29,04:12:42,-07:00,2026-07-28T21:12:42-07:00,1,30
out/meta.txt,2,txt,b3e8a18,Ishaan Kor,2026-07-29,04:12:42,-07:00,2026-07-28T21:12:42-07:00,1,30
out/meta.txt,3,txt,b3e8a18,Ishaan Kor,2026-07-29,04:12:42,-07:00,2026-07-28T21:12:42-07:00,1,30
out/meta.txt,4,txt,b3e8a18,Ishaan Kor,2026-07-29,04:12:42,-07:00,2026-07-28T21:12:42-07:00,1,30
out/projects.html,1,html,b3e8a18,Ishaan Kor,2026-07-29,04:12:42,-07:00,2026-07-28T21:12:42-07:00,1,30
out/projects.html,2,html,b3e8a18,Ishaan Kor,2026-07-29,04:12:42,-07:00,2026-07-28T21:12:42-07:00,1,30
out/projects.txt,1,txt,b3e8a18,Ishaan Kor,2026-07-29,04:12:42,-07:00,2026-07-28T21:12:42-07:00,1,30
out/projects.txt,2,txt,b3e8a18,Ishaan Kor,2026-07-29,04:12:42,-07:00,2026-07-28T21:12:42-07:00,1,30
out/resume.html,1,html,b3e8a18,Ishaan Kor,2026-07-29,04:12:42,-07:00,2026-07-28T21:12:42-07:00,1,30
out/resume.html,2,html,b3e8a18,Ishaan Kor,2026-07-29,04:12:42,-07:00,2026-07-28T21:12:42-07:00,1,30
out/resume.txt,1,txt,b3e8a18,Ishaan Kor,2026-07-29,04:12:42,-07:00,2026-07-28T21:12:42-07:00,1,30
out/resume.txt,2,txt,b3e8a18,Ishaan Kor,2026-07-29,04:12:42,-07:00,2026-07-28T21:12:42-07:00,1,30
components/meta/GitHubMetaDashboard.tsx,1,tsx,cc2475c,Ishaan Kor,2026-07-29,04:04:51,-07:00,2026-07-28T21:04:51-07:00,2,30
components/meta/GitHubMetaDashboard.tsx,2,tsx,cc2475c,Ishaan Kor,2026-07-29,04:04:51,-07:00,2026-07-28T21:04:51-07:00,2,30
components/meta/GitHubMetaDashboard.tsx,3,tsx,cc2475c,Ishaan Kor,2026-07-29,04:04:51,-07:00,2026-07-28T21:04:51-07:00,2,30
components/meta/GitHubMetaDashboard.tsx,4,tsx,cc2475c,Ishaan Kor,2026-07-29,04:04:51,-07:00,2026-07-28T21:04:51-07:00,2,30
components/meta/GitHubMetaDashboard.tsx,5,tsx,cc2475c,Ishaan Kor,2026-07-29,04:04:51,-07:00,2026-07-28T21:04:51-07:00,2,30
components/meta/GitHubMetaDashboard.tsx,6,tsx,cc2475c,Ishaan Kor,2026-07-29,04:04:51,-07:00,2026-07-28T21:04:51-07:00,2,30
components/meta/GitHubMetaDashboard.tsx,7,tsx,cc2475c,Ishaan Kor,2026-07-29,04:04:51,-07:00,2026-07-28T21:04:51-07:00,2,30
components/meta/GitHubMetaDashboard.tsx,8,tsx,cc2475c,Ishaan Kor,2026-07-29,04:04:51,-07:00,2026-07-28T21:04:51-07:00,2,30
components/meta/GitHubMetaDashboard.tsx,9,tsx,cc2475c,Ishaan Kor,2026-07-29,04:04:51,-07:00,2026-07-28T21:04:51-07:00,2,30
components/meta/GitHubMetaDashboard.tsx,10,tsx,cc2475c,Ishaan Kor,2026-07-29,04:04:51,-07:00,2026-07-28T21:04:51-07:00,2,30
components/meta/GitHubMetaDashboard.tsx,11,tsx,cc2475c,Ishaan Kor,2026-07-29,04:04:51,-07:00,2026-07-28T21:04:51-07:00,2,30
components/meta/GitHubMetaDashboard.tsx,12,tsx,cc2475c,Ishaan Kor,2026-07-29,04:04:51,-07:00,2026-07-28T21:04:51-07:00,2,30
components/meta/GitHubMetaDashboard.tsx,13,tsx,cc2475c,Ishaan Kor,2026-07-29,04:04:51,-07:00,2026-07-28T21:04:51-07:00,2,30
components/meta/GitHubMetaDashboard.tsx,14,tsx,cc2475c,Ishaan Kor,2026-07-29,04:04:51,-07:00,2026-07-28T21:04:51-07:00,2,30
components/meta/GitHubMetaDashboard.tsx,15,tsx,cc2475c,Ishaan Kor,2026-07-29,04:04:51,-07:00,2026-07-28T21:04:51-07:00,2,30
components/meta/GitHubMetaDashboard.tsx,16,tsx,cc2475c,Ishaan Kor,2026-07-29,04:04:51,-07:00,2026-07-28T21:04:51-07:00,2,30
components/meta/GitHubMetaDashboard.tsx,17,tsx,cc2475c,Ishaan Kor,2026-07-29,04:04:51,-07:00,2026-07-28T21:04:51-07:00,2,30
components/meta/GitHubMetaDashboard.tsx,18,tsx,cc2475c,Ishaan Kor,2026-07-29,04:04:51,-07:00,2026-07-28T21:04:51-07:00,2,30
components/meta/GitHubMetaDashboard.tsx,19,tsx,cc2475c,Ishaan Kor,2026-07-29,04:04:51,-07:00,2026-07-28T21:04:51-07:00,2,30
components/meta/GitHubMetaDashboard.tsx,20,tsx,cc2475c,Ishaan Kor,2026-07-29,04:04:51,-07:00,2026-07-28T21:04:51-07:00,2,30
components/meta/GitHubMetaDashboard.tsx,21,tsx,cc2475c,Ishaan Kor,2026-07-29,04:04:51,-07:00,2026-07-28T21:04:51-07:00,2,30
components/meta/GitHubMetaDashboard.tsx,22,tsx,cc2475c,Ishaan Kor,2026-07-29,04:04:51,-07:00,2026-07-28T21:04:51-07:00,2,30
components/meta/GitHubMetaDashboard.tsx,23,tsx,cc2475c,Ishaan Kor,2026-07-29,04:04:51,-07:00,2026-07-28T21:04:51-07:00,2,30
components/meta/GitHubMetaDashboard.tsx,24,tsx,cc2475c,Ishaan Kor,2026-07-29,04:04:51,-07:00,2026-07-28T21:04:51-07:00,2,30
components/meta/GitHubMetaDashboard.tsx,25,tsx,cc2475c,Ishaan Kor,2026-07-29,04:04:51,-07:00,2026-07-28T21:04:51-07:00,2,30
components/meta/GitHubMetaDashboard.tsx,26,tsx,cc2475c,Ishaan Kor,2026-07-29,04:04:51,-07:00,2026-07-28T21:04:51-07:00,2,30
components/meta/GitHubMetaDashboard.tsx,27,tsx,cc2475c,Ishaan Kor,2026-07-29,04:04:51,-07:00,2026-07-28T21:04:51-07:00,2,30
components/meta/GitHubMetaDashboard.tsx,28,tsx,cc2475c,Ishaan Kor,2026-07-29,04:04:51,-07:00,2026-07-28T21:04:51-07:00,2,30
components/meta/GitHubMetaDashboard.tsx,29,tsx,cc2475c,Ishaan Kor,2026-07-29,04:04:51,-07:00,2026-07-28T21:04:51-07:00,2,30
components/meta/GitHubMetaDashboard.tsx,30,tsx,cc2475c,Ishaan Kor,2026-07-29,04:04:51,-07:00,2026-07-28T21:04:51-07:00,2,30
components/meta/GitHubMetaDashboard.tsx,31,tsx,cc2475c,Ishaan Kor,2026-07-29,04:04:51,-07:00,2026-07-28T21:04:51-07:00,2,30
components/meta/GitHubMetaDashboard.tsx,32,tsx,cc2475c,Ishaan Kor,2026-07-29,04:04:51,-07:00,2026-07-28T21:04:51-07:00,2,30
components/meta/GitHubMetaDashboard.tsx,33,tsx,cc2475c,Ishaan Kor,2026-07-29,04:04:51,-07:00,2026-07-28T21:04:51-07:00,2,30
components/meta/GitHubMetaDashboard.tsx,34,tsx,cc2475c,Ishaan Kor,2026-07-29,04:04:51,-07:00,2026-07-28T21:04:51-07:00,2,30
components/meta/GitHubMetaDashboard.tsx,35,tsx,cc2475c,Ishaan Kor,2026-07-29,04:04:51,-07:00,2026-07-28T21:04:51-07:00,2,30
components/meta/GitHubMetaDashboard.tsx,36,tsx,cc2475c,Ishaan Kor,2026-07-29,04:04:51,-07:00,2026-07-28T21:04:51-07:00,2,30
components/meta/GitHubMetaDashboard.tsx,37,tsx,cc2475c,Ishaan Kor,2026-07-29,04:04:51,-07:00,2026-07-28T21:04:51-07:00,2,30
components/meta/GitHubMetaDashboard.tsx,38,tsx,cc2475c,Ishaan Kor,2026-07-29,04:04:51,-07:00,2026-07-28T21:04:51-07:00,2,30
components/meta/GitHubMetaDashboard.tsx,39,tsx,cc2475c,Ishaan Kor,2026-07-29,04:04:51,-07:00,2026-07-28T21:04:51-07:00,2,30
components/meta/GitHubMetaDashboard.tsx,40,tsx,cc2475c,Ishaan Kor,2026-07-29,04:04:51,-07:00,2026-07-28T21:04:51-07:00,2,30
components/meta/GitHubMetaDashboard.tsx,41,tsx,cc2475c,Ishaan Kor,2026-07-29,04:04:51,-07:00,2026-07-28T21:04:51-07:00,2,30
components/meta/GitHubMetaDashboard.tsx,42,tsx,cc2475c,Ishaan Kor,2026-07-29,04:04:51,-07:00,2026-07-28T21:04:51-07:00,2,30
components/meta/GitHubMetaDashboard.tsx,43,tsx,cc2475c,Ishaan Kor,2026-07-29,04:04:51,-07:00,2026-07-28T21:04:51-07:00,2,30
components/meta/GitHubMetaDashboard.tsx,44,tsx,cc2475c,Ishaan Kor,2026-07-29,04:04:51,-07:00,2026-07-28T21:04:51-07:00,2,30
components/meta/GitHubMetaDashboard.tsx,45,tsx,cc2475c,Ishaan Kor,2026-07-29,04:04:51,-07:00,2026-07-28T21:04:51-07:00,2,30
components/meta/GitHubMetaDashboard.tsx,46,tsx,cc2475c,Ishaan Kor,2026-07-29,04:04:51,-07:00,2026-07-28T21:04:51-07:00,2,30
components/meta/GitHubMetaDashboard.tsx,47,tsx,cc2475c,Ishaan Kor,2026-07-29,04:04:51,-07:00,2026-07-28T21:04:51-07:00,2,30
components/meta/GitHubMetaDashboard.tsx,48,tsx,cc2475c,Ishaan Kor,2026-07-29,04:04:51,-07:00,2026-07-28T21:04:51-07:00,2,30
components/meta/GitHubMetaDashboard.tsx,49,tsx,cc2475c,Ishaan Kor,2026-07-29,04:04:51,-07:00,2026-07-28T21:04:51-07:00,2,30
components/meta/GitHubMetaDashboard.tsx,50,tsx,cc2475c,Ishaan Kor,2026-07-29,04:04:51,-07:00,2026-07-28T21:04:51-07:00,2,30
out/404.html,1,html,cc2475c,Ishaan Kor,2026-07-29,04:04:51,-07:00,2026-07-28T21:04:51-07:00,1,30
out/404.html,2,html,cc2475c,Ishaan Kor,2026-07-29,04:04:51,-07:00,2026-07-28T21:04:51-07:00,1,30
out/_next/static/chunks/app/meta/page-478758a904a3f746.js,1,js,cc2475c,Ishaan Kor,2026-07-29,04:04:51,-07:00,2026-07-28T21:04:51-07:00,6,30
out/_next/static/chunks/app/meta/page-5f6f83a7bd388086.js,1,js,cc2475c,Ishaan Kor,2026-07-29,04:04:51,-07:00,2026-07-28T21:04:51-07:00,6,30
out/_next/static/css/5b636df8952c1c45.css,1,css,cc2475c,Ishaan Kor,2026-07-29,04:04:51,-07:00,2026-07-28T21:04:51-07:00,4,30
out/_next/static/css/5b636df8952c1c45.css,2,css,cc2475c,Ishaan Kor,2026-07-29,04:04:51,-07:00,2026-07-28T21:04:51-07:00,4,30
out/_next/static/css/5b636df8952c1c45.css,3,css,cc2475c,Ishaan Kor,2026-07-29,04:04:51,-07:00,2026-07-28T21:04:51-07:00,4,30
out/_next/static/css/70a4d037a2e58703.css,1,css,cc2475c,Ishaan Kor,2026-07-29,04:04:51,-07:00,2026-07-28T21:04:51-07:00,4,30
out/_next/static/css/70a4d037a2e58703.css,2,css,cc2475c,Ishaan Kor,2026-07-29,04:04:51,-07:00,2026-07-28T21:04:51-07:00,4,30
out/_next/static/css/70a4d037a2e58703.css,3,css,cc2475c,Ishaan Kor,2026-07-29,04:04:51,-07:00,2026-07-28T21:04:51-07:00,4,30
out/_next/static/{XL-J7ophEZkgYatSw_gZJ,1,code,cc2475c,Ishaan Kor,2026-07-29,04:04:51,-07:00,2026-07-28T21:04:51-07:00,3,30
out/_next/static/{XL-J7ophEZkgYatSw_gZJ,1,code,cc2475c,Ishaan Kor,2026-07-29,04:04:51,-07:00,2026-07-28T21:04:51-07:00,3,30
out/contact.html,1,html,cc2475c,Ishaan Kor,2026-07-29,04:04:51,-07:00,2026-07-28T21:04:51-07:00,1,30
out/contact.html,2,html,cc2475c,Ishaan Kor,2026-07-29,04:04:51,-07:00,2026-07-28T21:04:51-07:00,1,30
out/contact.txt,1,txt,cc2475c,Ishaan Kor,2026-07-29,04:04:51,-07:00,2026-07-28T21:04:51-07:00,1,30
out/contact.txt,2,txt,cc2475c,Ishaan Kor,2026-07-29,04:04:51,-07:00,2026-07-28T21:04:51-07:00,1,30
out/index.html,1,html,cc2475c,Ishaan Kor,2026-07-29,04:04:51,-07:00,2026-07-28T21:04:51-07:00,1,30
out/index.html,2,html,cc2475c,Ishaan Kor,2026-07-29,04:04:51,-07:00,2026-07-28T21:04:51-07:00,1,30
out/index.txt,1,txt,cc2475c,Ishaan Kor,2026-07-29,04:04:51,-07:00,2026-07-28T21:04:51-07:00,1,30
out/index.txt,2,txt,cc2475c,Ishaan Kor,2026-07-29,04:04:51,-07:00,2026-07-28T21:04:51-07:00,1,30
out/meta.html,1,html,cc2475c,Ishaan Kor,2026-07-29,04:04:51,-07:00,2026-07-28T21:04:51-07:00,1,30
out/meta.html,2,html,cc2475c,Ishaan Kor,2026-07-29,04:04:51,-07:00,2026-07-28T21:04:51-07:00,1,30
out/meta.txt,1,txt,cc2475c,Ishaan Kor,2026-07-29,04:04:51,-07:00,2026-07-28T21:04:51-07:00,1,30
out/meta.txt,2,txt,cc2475c,Ishaan Kor,2026-07-29,04:04:51,-07:00,2026-07-28T21:04:51-07:00,1,30
out/meta.txt,3,txt,cc2475c,Ishaan Kor,2026-07-29,04:04:51,-07:00,2026-07-28T21:04:51-07:00,1,30
out/meta.txt,4,txt,cc2475c,Ishaan Kor,2026-07-29,04:04:51,-07:00,2026-07-28T21:04:51-07:00,1,30
out/projects.html,1,html,cc2475c,Ishaan Kor,2026-07-29,04:04:51,-07:00,2026-07-28T21:04:51-07:00,1,30
out/projects.html,2,html,cc2475c,Ishaan Kor,2026-07-29,04:04:51,-07:00,2026-07-28T21:04:51-07:00,1,30
out/projects.txt,1,txt,cc2475c,Ishaan Kor,2026-07-29,04:04:51,-07:00,2026-07-28T21:04:51-07:00,1,30
out/projects.txt,2,txt,cc2475c,Ishaan Kor,2026-07-29,04:04:51,-07:00,2026-07-28T21:04:51-07:00,1,30
out/resume.html,1,html,cc2475c,Ishaan Kor,2026-07-29,04:04:51,-07:00,2026-07-28T21:04:51-07:00,1,30
out/resume.html,2,html,cc2475c,Ishaan Kor,2026-07-29,04:04:51,-07:00,2026-07-28T21:04:51-07:00,1,30
out/resume.txt,1,txt,cc2475c,Ishaan Kor,2026-07-29,04:04:51,-07:00,2026-07-28T21:04:51-07:00,1,30
out/resume.txt,2,txt,cc2475c,Ishaan Kor,2026-07-29,04:04:51,-07:00,2026-07-28T21:04:51-07:00,1,30
{out/_next/static/sk7gCUlYYzhGVWmkRabYF,1,code,e038b1a,Ishaan Kor,2026-07-29,03:29:56,-07:00,2026-07-28T20:29:56-07:00,3,30
{out/_next/static/sk7gCUlYYzhGVWmkRabYF,1,code,e038b1a,Ishaan Kor,2026-07-29,03:29:56,-07:00,2026-07-28T20:29:56-07:00,3,30
components/meta/GitHubMetaDashboard.tsx,1,tsx,e038b1a,Ishaan Kor,2026-07-29,03:29:56,-07:00,2026-07-28T20:29:56-07:00,2,30
components/meta/GitHubMetaDashboard.tsx,2,tsx,e038b1a,Ishaan Kor,2026-07-29,03:29:56,-07:00,2026-07-28T20:29:56-07:00,2,30
components/meta/GitHubMetaDashboard.tsx,3,tsx,e038b1a,Ishaan Kor,2026-07-29,03:29:56,-07:00,2026-07-28T20:29:56-07:00,2,30
components/meta/GitHubMetaDashboard.tsx,4,tsx,e038b1a,Ishaan Kor,2026-07-29,03:29:56,-07:00,2026-07-28T20:29:56-07:00,2,30
components/meta/GitHubMetaDashboard.tsx,5,tsx,e038b1a,Ishaan Kor,2026-07-29,03:29:56,-07:00,2026-07-28T20:29:56-07:00,2,30
components/meta/GitHubMetaDashboard.tsx,6,tsx,e038b1a,Ishaan Kor,2026-07-29,03:29:56,-07:00,2026-07-28T20:29:56-07:00,2,30
components/meta/GitHubMetaDashboard.tsx,7,tsx,e038b1a,Ishaan Kor,2026-07-29,03:29:56,-07:00,2026-07-28T20:29:56-07:00,2,30
components/meta/GitHubMetaDashboard.tsx,8,tsx,e038b1a,Ishaan Kor,2026-07-29,03:29:56,-07:00,2026-07-28T20:29:56-07:00,2,30
components/meta/GitHubMetaDashboard.tsx,9,tsx,e038b1a,Ishaan Kor,2026-07-29,03:29:56,-07:00,2026-07-28T20:29:56-07:00,2,30
components/meta/GitHubMetaDashboard.tsx,10,tsx,e038b1a,Ishaan Kor,2026-07-29,03:29:56,-07:00,2026-07-28T20:29:56-07:00,2,30
components/meta/GitHubMetaDashboard.tsx,11,tsx,e038b1a,Ishaan Kor,2026-07-29,03:29:56,-07:00,2026-07-28T20:29:56-07:00,2,30
components/meta/GitHubMetaDashboard.tsx,12,tsx,e038b1a,Ishaan Kor,2026-07-29,03:29:56,-07:00,2026-07-28T20:29:56-07:00,2,30
components/meta/GitHubMetaDashboard.tsx,13,tsx,e038b1a,Ishaan Kor,2026-07-29,03:29:56,-07:00,2026-07-28T20:29:56-07:00,2,30
components/meta/GitHubMetaDashboard.tsx,14,tsx,e038b1a,Ishaan Kor,2026-07-29,03:29:56,-07:00,2026-07-28T20:29:56-07:00,2,30
components/meta/GitHubMetaDashboard.tsx,15,tsx,e038b1a,Ishaan Kor,2026-07-29,03:29:56,-07:00,2026-07-28T20:29:56-07:00,2,30
components/meta/GitHubMetaDashboard.tsx,16,tsx,e038b1a,Ishaan Kor,2026-07-29,03:29:56,-07:00,2026-07-28T20:29:56-07:00,2,30
components/meta/GitHubMetaDashboard.tsx,17,tsx,e038b1a,Ishaan Kor,2026-07-29,03:29:56,-07:00,2026-07-28T20:29:56-07:00,2,30
components/meta/GitHubMetaDashboard.tsx,18,tsx,e038b1a,Ishaan Kor,2026-07-29,03:29:56,-07:00,2026-07-28T20:29:56-07:00,2,30
components/meta/GitHubMetaDashboard.tsx,19,tsx,e038b1a,Ishaan Kor,2026-07-29,03:29:56,-07:00,2026-07-28T20:29:56-07:00,2,30
components/meta/GitHubMetaDashboard.tsx,20,tsx,e038b1a,Ishaan Kor,2026-07-29,03:29:56,-07:00,2026-07-28T20:29:56-07:00,2,30
components/meta/GitHubMetaDashboard.tsx,21,tsx,e038b1a,Ishaan Kor,2026-07-29,03:29:56,-07:00,2026-07-28T20:29:56-07:00,2,30
components/meta/GitHubMetaDashboard.tsx,22,tsx,e038b1a,Ishaan Kor,2026-07-29,03:29:56,-07:00,2026-07-28T20:29:56-07:00,2,30
components/meta/GitHubMetaDashboard.tsx,23,tsx,e038b1a,Ishaan Kor,2026-07-29,03:29:56,-07:00,2026-07-28T20:29:56-07:00,2,30
components/meta/GitHubMetaDashboard.tsx,24,tsx,e038b1a,Ishaan Kor,2026-07-29,03:29:56,-07:00,2026-07-28T20:29:56-07:00,2,30
components/meta/GitHubMetaDashboard.tsx,25,tsx,e038b1a,Ishaan Kor,2026-07-29,03:29:56,-07:00,2026-07-28T20:29:56-07:00,2,30
components/meta/GitHubMetaDashboard.tsx,26,tsx,e038b1a,Ishaan Kor,2026-07-29,03:29:56,-07:00,2026-07-28T20:29:56-07:00,2,30
components/meta/GitHubMetaDashboard.tsx,27,tsx,e038b1a,Ishaan Kor,2026-07-29,03:29:56,-07:00,2026-07-28T20:29:56-07:00,2,30
components/meta/GitHubMetaDashboard.tsx,28,tsx,e038b1a,Ishaan Kor,2026-07-29,03:29:56,-07:00,2026-07-28T20:29:56-07:00,2,30
components/meta/GitHubMetaDashboard.tsx,29,tsx,e038b1a,Ishaan Kor,2026-07-29,03:29:56,-07:00,2026-07-28T20:29:56-07:00,2,30
components/meta/GitHubMetaDashboard.tsx,30,tsx,e038b1a,Ishaan Kor,2026-07-29,03:29:56,-07:00,2026-07-28T20:29:56-07:00,2,30
components/meta/GitHubMetaDashboard.tsx,31,tsx,e038b1a,Ishaan Kor,2026-07-29,03:29:56,-07:00,2026-07-28T20:29:56-07:00,2,30
components/meta/GitHubMetaDashboard.tsx,32,tsx,e038b1a,Ishaan Kor,2026-07-29,03:29:56,-07:00,2026-07-28T20:29:56-07:00,2,30
components/meta/GitHubMetaDashboard.tsx,33,tsx,e038b1a,Ishaan Kor,2026-07-29,03:29:56,-07:00,2026-07-28T20:29:56-07:00,2,30
components/meta/GitHubMetaDashboard.tsx,34,tsx,e038b1a,Ishaan Kor,2026-07-29,03:29:56,-07:00,2026-07-28T20:29:56-07:00,2,30
components/meta/GitHubMetaDashboard.tsx,35,tsx,e038b1a,Ishaan Kor,2026-07-29,03:29:56,-07:00,2026-07-28T20:29:56-07:00,2,30
components/meta/GitHubMetaDashboard.tsx,36,tsx,e038b1a,Ishaan Kor,2026-07-29,03:29:56,-07:00,2026-07-28T20:29:56-07:00,2,30
components/meta/GitHubMetaDashboard.tsx,37,tsx,e038b1a,Ishaan Kor,2026-07-29,03:29:56,-07:00,2026-07-28T20:29:56-07:00,2,30
components/meta/GitHubMetaDashboard.tsx,38,tsx,e038b1a,Ishaan Kor,2026-07-29,03:29:56,-07:00,2026-07-28T20:29:56-07:00,2,30
components/meta/GitHubMetaDashboard.tsx,39,tsx,e038b1a,Ishaan Kor,2026-07-29,03:29:56,-07:00,2026-07-28T20:29:56-07:00,2,30
components/meta/GitHubMetaDashboard.tsx,40,tsx,e038b1a,Ishaan Kor,2026-07-29,03:29:56,-07:00,2026-07-28T20:29:56-07:00,2,30
components/meta/GitHubMetaDashboard.tsx,41,tsx,e038b1a,Ishaan Kor,2026-07-29,03:29:56,-07:00,2026-07-28T20:29:56-07:00,2,30
components/meta/GitHubMetaDashboard.tsx,42,tsx,e038b1a,Ishaan Kor,2026-07-29,03:29:56,-07:00,2026-07-28T20:29:56-07:00,2,30
components/meta/GitHubMetaDashboard.tsx,43,tsx,e038b1a,Ishaan Kor,2026-07-29,03:29:56,-07:00,2026-07-28T20:29:56-07:00,2,30
components/meta/GitHubMetaDashboard.tsx,44,tsx,e038b1a,Ishaan Kor,2026-07-29,03:29:56,-07:00,2026-07-28T20:29:56-07:00,2,30
components/meta/GitHubMetaDashboard.tsx,45,tsx,e038b1a,Ishaan Kor,2026-07-29,03:29:56,-07:00,2026-07-28T20:29:56-07:00,2,30
components/meta/GitHubMetaDashboard.tsx,46,tsx,e038b1a,Ishaan Kor,2026-07-29,03:29:56,-07:00,2026-07-28T20:29:56-07:00,2,30
components/meta/GitHubMetaDashboard.tsx,47,tsx,e038b1a,Ishaan Kor,2026-07-29,03:29:56,-07:00,2026-07-28T20:29:56-07:00,2,30
components/meta/GitHubMetaDashboard.tsx,48,tsx,e038b1a,Ishaan Kor,2026-07-29,03:29:56,-07:00,2026-07-28T20:29:56-07:00,2,30
components/meta/GitHubMetaDashboard.tsx,49,tsx,e038b1a,Ishaan Kor,2026-07-29,03:29:56,-07:00,2026-07-28T20:29:56-07:00,2,30
components/meta/GitHubMetaDashboard.tsx,50,tsx,e038b1a,Ishaan Kor,2026-07-29,03:29:56,-07:00,2026-07-28T20:29:56-07:00,2,30
out/404.html,1,html,e038b1a,Ishaan Kor,2026-07-29,03:29:56,-07:00,2026-07-28T20:29:56-07:00,1,30
out/404.html,2,html,e038b1a,Ishaan Kor,2026-07-29,03:29:56,-07:00,2026-07-28T20:29:56-07:00,1,30
out/_next/static/XL-J7ophEZkgYatSw_gZJ/_buildManifest.js,1,js,e038b1a,Ishaan Kor,2026-07-29,03:29:56,-07:00,2026-07-28T20:29:56-07:00,4,30
out/_next/static/XL-J7ophEZkgYatSw_gZJ/_ssgManifest.js,1,js,e038b1a,Ishaan Kor,2026-07-29,03:29:56,-07:00,2026-07-28T20:29:56-07:00,4,30
out/_next/static/chunks/app/meta/page-478758a904a3f746.js,1,js,e038b1a,Ishaan Kor,2026-07-29,03:29:56,-07:00,2026-07-28T20:29:56-07:00,6,30
out/_next/static/chunks/app/meta/page-a20423991cbb94c7.js,1,js,e038b1a,Ishaan Kor,2026-07-29,03:29:56,-07:00,2026-07-28T20:29:56-07:00,6,30
out/contact.html,1,html,e038b1a,Ishaan Kor,2026-07-29,03:29:56,-07:00,2026-07-28T20:29:56-07:00,1,30
out/contact.html,2,html,e038b1a,Ishaan Kor,2026-07-29,03:29:56,-07:00,2026-07-28T20:29:56-07:00,1,30
out/contact.txt,1,txt,e038b1a,Ishaan Kor,2026-07-29,03:29:56,-07:00,2026-07-28T20:29:56-07:00,1,30
out/contact.txt,2,txt,e038b1a,Ishaan Kor,2026-07-29,03:29:56,-07:00,2026-07-28T20:29:56-07:00,1,30
out/index.html,1,html,e038b1a,Ishaan Kor,2026-07-29,03:29:56,-07:00,2026-07-28T20:29:56-07:00,1,30
out/index.html,2,html,e038b1a,Ishaan Kor,2026-07-29,03:29:56,-07:00,2026-07-28T20:29:56-07:00,1,30
out/index.txt,1,txt,e038b1a,Ishaan Kor,2026-07-29,03:29:56,-07:00,2026-07-28T20:29:56-07:00,1,30
out/index.txt,2,txt,e038b1a,Ishaan Kor,2026-07-29,03:29:56,-07:00,2026-07-28T20:29:56-07:00,1,30
out/meta.html,1,html,e038b1a,Ishaan Kor,2026-07-29,03:29:56,-07:00,2026-07-28T20:29:56-07:00,1,30
out/meta.html,2,html,e038b1a,Ishaan Kor,2026-07-29,03:29:56,-07:00,2026-07-28T20:29:56-07:00,1,30
out/meta.txt,1,txt,e038b1a,Ishaan Kor,2026-07-29,03:29:56,-07:00,2026-07-28T20:29:56-07:00,1,30
out/meta.txt,2,txt,e038b1a,Ishaan Kor,2026-07-29,03:29:56,-07:00,2026-07-28T20:29:56-07:00,1,30
out/meta.txt,3,txt,e038b1a,Ishaan Kor,2026-07-29,03:29:56,-07:00,2026-07-28T20:29:56-07:00,1,30
out/meta.txt,4,txt,e038b1a,Ishaan Kor,2026-07-29,03:29:56,-07:00,2026-07-28T20:29:56-07:00,1,30
out/projects.html,1,html,e038b1a,Ishaan Kor,2026-07-29,03:29:56,-07:00,2026-07-28T20:29:56-07:00,1,30
out/projects.html,2,html,e038b1a,Ishaan Kor,2026-07-29,03:29:56,-07:00,2026-07-28T20:29:56-07:00,1,30
out/projects.txt,1,txt,e038b1a,Ishaan Kor,2026-07-29,03:29:56,-07:00,2026-07-28T20:29:56-07:00,1,30
out/projects.txt,2,txt,e038b1a,Ishaan Kor,2026-07-29,03:29:56,-07:00,2026-07-28T20:29:56-07:00,1,30
out/resume.html,1,html,e038b1a,Ishaan Kor,2026-07-29,03:29:56,-07:00,2026-07-28T20:29:56-07:00,1,30
out/resume.html,2,html,e038b1a,Ishaan Kor,2026-07-29,03:29:56,-07:00,2026-07-28T20:29:56-07:00,1,30
out/resume.txt,1,txt,e038b1a,Ishaan Kor,2026-07-29,03:29:56,-07:00,2026-07-28T20:29:56-07:00,1,30
out/resume.txt,2,txt,e038b1a,Ishaan Kor,2026-07-29,03:29:56,-07:00,2026-07-28T20:29:56-07:00,1,30
components/analytics/GitHubAnalytics.tsx,1,tsx,d8b4f5d,Ishaan Kor,2026-07-29,02:42:21,-07:00,2026-07-28T19:42:21-07:00,2,30
components/analytics/GitHubAnalytics.tsx,2,tsx,d8b4f5d,Ishaan Kor,2026-07-29,02:42:21,-07:00,2026-07-28T19:42:21-07:00,2,30
components/analytics/GitHubAnalytics.tsx,3,tsx,d8b4f5d,Ishaan Kor,2026-07-29,02:42:21,-07:00,2026-07-28T19:42:21-07:00,2,30
components/analytics/GitHubAnalytics.tsx,4,tsx,d8b4f5d,Ishaan Kor,2026-07-29,02:42:21,-07:00,2026-07-28T19:42:21-07:00,2,30
components/analytics/GitHubAnalytics.tsx,5,tsx,d8b4f5d,Ishaan Kor,2026-07-29,02:42:21,-07:00,2026-07-28T19:42:21-07:00,2,30
components/analytics/GitHubAnalytics.tsx,6,tsx,d8b4f5d,Ishaan Kor,2026-07-29,02:42:21,-07:00,2026-07-28T19:42:21-07:00,2,30
components/analytics/GitHubAnalytics.tsx,7,tsx,d8b4f5d,Ishaan Kor,2026-07-29,02:42:21,-07:00,2026-07-28T19:42:21-07:00,2,30
components/analytics/GitHubAnalytics.tsx,8,tsx,d8b4f5d,Ishaan Kor,2026-07-29,02:42:21,-07:00,2026-07-28T19:42:21-07:00,2,30
components/analytics/GitHubAnalytics.tsx,9,tsx,d8b4f5d,Ishaan Kor,2026-07-29,02:42:21,-07:00,2026-07-28T19:42:21-07:00,2,30
components/analytics/GitHubAnalytics.tsx,10,tsx,d8b4f5d,Ishaan Kor,2026-07-29,02:42:21,-07:00,2026-07-28T19:42:21-07:00,2,30
components/analytics/GitHubAnalytics.tsx,11,tsx,d8b4f5d,Ishaan Kor,2026-07-29,02:42:21,-07:00,2026-07-28T19:42:21-07:00,2,30
components/analytics/GitHubAnalytics.tsx,12,tsx,d8b4f5d,Ishaan Kor,2026-07-29,02:42:21,-07:00,2026-07-28T19:42:21-07:00,2,30
components/analytics/GitHubAnalytics.tsx,13,tsx,d8b4f5d,Ishaan Kor,2026-07-29,02:42:21,-07:00,2026-07-28T19:42:21-07:00,2,30
components/analytics/GitHubAnalytics.tsx,14,tsx,d8b4f5d,Ishaan Kor,2026-07-29,02:42:21,-07:00,2026-07-28T19:42:21-07:00,2,30
components/analytics/GitHubAnalytics.tsx,15,tsx,d8b4f5d,Ishaan Kor,2026-07-29,02:42:21,-07:00,2026-07-28T19:42:21-07:00,2,30
components/analytics/GitHubAnalytics.tsx,16,tsx,d8b4f5d,Ishaan Kor,2026-07-29,02:42:21,-07:00,2026-07-28T19:42:21-07:00,2,30
components/analytics/GitHubAnalytics.tsx,17,tsx,d8b4f5d,Ishaan Kor,2026-07-29,02:42:21,-07:00,2026-07-28T19:42:21-07:00,2,30
components/analytics/GitHubAnalytics.tsx,18,tsx,d8b4f5d,Ishaan Kor,2026-07-29,02:42:21,-07:00,2026-07-28T19:42:21-07:00,2,30
components/analytics/GitHubAnalytics.tsx,19,tsx,d8b4f5d,Ishaan Kor,2026-07-29,02:42:21,-07:00,2026-07-28T19:42:21-07:00,2,30
components/analytics/GitHubAnalytics.tsx,20,tsx,d8b4f5d,Ishaan Kor,2026-07-29,02:42:21,-07:00,2026-07-28T19:42:21-07:00,2,30
components/analytics/GitHubAnalytics.tsx,21,tsx,d8b4f5d,Ishaan Kor,2026-07-29,02:42:21,-07:00,2026-07-28T19:42:21-07:00,2,30
components/analytics/GitHubAnalytics.tsx,22,tsx,d8b4f5d,Ishaan Kor,2026-07-29,02:42:21,-07:00,2026-07-28T19:42:21-07:00,2,30
components/analytics/GitHubAnalytics.tsx,23,tsx,d8b4f5d,Ishaan Kor,2026-07-29,02:42:21,-07:00,2026-07-28T19:42:21-07:00,2,30
components/analytics/GitHubAnalytics.tsx,24,tsx,d8b4f5d,Ishaan Kor,2026-07-29,02:42:21,-07:00,2026-07-28T19:42:21-07:00,2,30
components/analytics/GitHubAnalytics.tsx,25,tsx,d8b4f5d,Ishaan Kor,2026-07-29,02:42:21,-07:00,2026-07-28T19:42:21-07:00,2,30
components/analytics/GitHubAnalytics.tsx,26,tsx,d8b4f5d,Ishaan Kor,2026-07-29,02:42:21,-07:00,2026-07-28T19:42:21-07:00,2,30
components/analytics/GitHubAnalytics.tsx,27,tsx,d8b4f5d,Ishaan Kor,2026-07-29,02:42:21,-07:00,2026-07-28T19:42:21-07:00,2,30
components/analytics/GitHubAnalytics.tsx,28,tsx,d8b4f5d,Ishaan Kor,2026-07-29,02:42:21,-07:00,2026-07-28T19:42:21-07:00,2,30
components/analytics/GitHubAnalytics.tsx,29,tsx,d8b4f5d,Ishaan Kor,2026-07-29,02:42:21,-07:00,2026-07-28T19:42:21-07:00,2,30
components/analytics/GitHubAnalytics.tsx,30,tsx,d8b4f5d,Ishaan Kor,2026-07-29,02:42:21,-07:00,2026-07-28T19:42:21-07:00,2,30
components/analytics/GitHubAnalytics.tsx,31,tsx,d8b4f5d,Ishaan Kor,2026-07-29,02:42:21,-07:00,2026-07-28T19:42:21-07:00,2,30
components/analytics/GitHubAnalytics.tsx,32,tsx,d8b4f5d,Ishaan Kor,2026-07-29,02:42:21,-07:00,2026-07-28T19:42:21-07:00,2,30
components/analytics/GitHubAnalytics.tsx,33,tsx,d8b4f5d,Ishaan Kor,2026-07-29,02:42:21,-07:00,2026-07-28T19:42:21-07:00,2,30
components/analytics/GitHubAnalytics.tsx,34,tsx,d8b4f5d,Ishaan Kor,2026-07-29,02:42:21,-07:00,2026-07-28T19:42:21-07:00,2,30
components/analytics/GitHubAnalytics.tsx,35,tsx,d8b4f5d,Ishaan Kor,2026-07-29,02:42:21,-07:00,2026-07-28T19:42:21-07:00,2,30
components/analytics/GitHubAnalytics.tsx,36,tsx,d8b4f5d,Ishaan Kor,2026-07-29,02:42:21,-07:00,2026-07-28T19:42:21-07:00,2,30
components/analytics/GitHubAnalytics.tsx,37,tsx,d8b4f5d,Ishaan Kor,2026-07-29,02:42:21,-07:00,2026-07-28T19:42:21-07:00,2,30
components/analytics/GitHubAnalytics.tsx,38,tsx,d8b4f5d,Ishaan Kor,2026-07-29,02:42:21,-07:00,2026-07-28T19:42:21-07:00,2,30
components/analytics/GitHubAnalytics.tsx,39,tsx,d8b4f5d,Ishaan Kor,2026-07-29,02:42:21,-07:00,2026-07-28T19:42:21-07:00,2,30
components/analytics/GitHubAnalytics.tsx,40,tsx,d8b4f5d,Ishaan Kor,2026-07-29,02:42:21,-07:00,2026-07-28T19:42:21-07:00,2,30
components/analytics/GitHubAnalytics.tsx,41,tsx,d8b4f5d,Ishaan Kor,2026-07-29,02:42:21,-07:00,2026-07-28T19:42:21-07:00,2,30
components/analytics/GitHubAnalytics.tsx,42,tsx,d8b4f5d,Ishaan Kor,2026-07-29,02:42:21,-07:00,2026-07-28T19:42:21-07:00,2,30
components/analytics/GitHubAnalytics.tsx,43,tsx,d8b4f5d,Ishaan Kor,2026-07-29,02:42:21,-07:00,2026-07-28T19:42:21-07:00,2,30
components/analytics/GitHubAnalytics.tsx,44,tsx,d8b4f5d,Ishaan Kor,2026-07-29,02:42:21,-07:00,2026-07-28T19:42:21-07:00,2,30
components/analytics/GitHubAnalytics.tsx,45,tsx,d8b4f5d,Ishaan Kor,2026-07-29,02:42:21,-07:00,2026-07-28T19:42:21-07:00,2,30
components/analytics/GitHubAnalytics.tsx,46,tsx,d8b4f5d,Ishaan Kor,2026-07-29,02:42:21,-07:00,2026-07-28T19:42:21-07:00,2,30
components/analytics/GitHubAnalytics.tsx,47,tsx,d8b4f5d,Ishaan Kor,2026-07-29,02:42:21,-07:00,2026-07-28T19:42:21-07:00,2,30
components/analytics/GitHubAnalytics.tsx,48,tsx,d8b4f5d,Ishaan Kor,2026-07-29,02:42:21,-07:00,2026-07-28T19:42:21-07:00,2,30
components/analytics/GitHubAnalytics.tsx,49,tsx,d8b4f5d,Ishaan Kor,2026-07-29,02:42:21,-07:00,2026-07-28T19:42:21-07:00,2,30
components/analytics/GitHubAnalytics.tsx,50,tsx,d8b4f5d,Ishaan Kor,2026-07-29,02:42:21,-07:00,2026-07-28T19:42:21-07:00,2,30
components/meta/GitHubMetaDashboard.tsx,1,tsx,d8b4f5d,Ishaan Kor,2026-07-29,02:42:21,-07:00,2026-07-28T19:42:21-07:00,2,30
components/meta/GitHubMetaDashboard.tsx,2,tsx,d8b4f5d,Ishaan Kor,2026-07-29,02:42:21,-07:00,2026-07-28T19:42:21-07:00,2,30
components/meta/GitHubMetaDashboard.tsx,3,tsx,d8b4f5d,Ishaan Kor,2026-07-29,02:42:21,-07:00,2026-07-28T19:42:21-07:00,2,30
components/meta/GitHubMetaDashboard.tsx,4,tsx,d8b4f5d,Ishaan Kor,2026-07-29,02:42:21,-07:00,2026-07-28T19:42:21-07:00,2,30
components/meta/GitHubMetaDashboard.tsx,5,tsx,d8b4f5d,Ishaan Kor,2026-07-29,02:42:21,-07:00,2026-07-28T19:42:21-07:00,2,30
components/meta/GitHubMetaDashboard.tsx,6,tsx,d8b4f5d,Ishaan Kor,2026-07-29,02:42:21,-07:00,2026-07-28T19:42:21-07:00,2,30
components/meta/GitHubMetaDashboard.tsx,7,tsx,d8b4f5d,Ishaan Kor,2026-07-29,02:42:21,-07:00,2026-07-28T19:42:21-07:00,2,30
components/meta/GitHubMetaDashboard.tsx,8,tsx,d8b4f5d,Ishaan Kor,2026-07-29,02:42:21,-07:00,2026-07-28T19:42:21-07:00,2,30
components/meta/GitHubMetaDashboard.tsx,9,tsx,d8b4f5d,Ishaan Kor,2026-07-29,02:42:21,-07:00,2026-07-28T19:42:21-07:00,2,30
components/meta/GitHubMetaDashboard.tsx,10,tsx,d8b4f5d,Ishaan Kor,2026-07-29,02:42:21,-07:00,2026-07-28T19:42:21-07:00,2,30
components/meta/GitHubMetaDashboard.tsx,11,tsx,d8b4f5d,Ishaan Kor,2026-07-29,02:42:21,-07:00,2026-07-28T19:42:21-07:00,2,30
components/meta/GitHubMetaDashboard.tsx,12,tsx,d8b4f5d,Ishaan Kor,2026-07-29,02:42:21,-07:00,2026-07-28T19:42:21-07:00,2,30
components/meta/GitHubMetaDashboard.tsx,13,tsx,d8b4f5d,Ishaan Kor,2026-07-29,02:42:21,-07:00,2026-07-28T19:42:21-07:00,2,30
components/meta/GitHubMetaDashboard.tsx,14,tsx,d8b4f5d,Ishaan Kor,2026-07-29,02:42:21,-07:00,2026-07-28T19:42:21-07:00,2,30
components/meta/GitHubMetaDashboard.tsx,15,tsx,d8b4f5d,Ishaan Kor,2026-07-29,02:42:21,-07:00,2026-07-28T19:42:21-07:00,2,30
components/meta/GitHubMetaDashboard.tsx,16,tsx,d8b4f5d,Ishaan Kor,2026-07-29,02:42:21,-07:00,2026-07-28T19:42:21-07:00,2,30
components/meta/GitHubMetaDashboard.tsx,17,tsx,d8b4f5d,Ishaan Kor,2026-07-29,02:42:21,-07:00,2026-07-28T19:42:21-07:00,2,30
components/meta/GitHubMetaDashboard.tsx,18,tsx,d8b4f5d,Ishaan Kor,2026-07-29,02:42:21,-07:00,2026-07-28T19:42:21-07:00,2,30
components/meta/GitHubMetaDashboard.tsx,19,tsx,d8b4f5d,Ishaan Kor,2026-07-29,02:42:21,-07:00,2026-07-28T19:42:21-07:00,2,30
components/meta/GitHubMetaDashboard.tsx,20,tsx,d8b4f5d,Ishaan Kor,2026-07-29,02:42:21,-07:00,2026-07-28T19:42:21-07:00,2,30
components/meta/GitHubMetaDashboard.tsx,21,tsx,d8b4f5d,Ishaan Kor,2026-07-29,02:42:21,-07:00,2026-07-28T19:42:21-07:00,2,30
components/meta/GitHubMetaDashboard.tsx,22,tsx,d8b4f5d,Ishaan Kor,2026-07-29,02:42:21,-07:00,2026-07-28T19:42:21-07:00,2,30
components/meta/GitHubMetaDashboard.tsx,23,tsx,d8b4f5d,Ishaan Kor,2026-07-29,02:42:21,-07:00,2026-07-28T19:42:21-07:00,2,30
components/meta/GitHubMetaDashboard.tsx,24,tsx,d8b4f5d,Ishaan Kor,2026-07-29,02:42:21,-07:00,2026-07-28T19:42:21-07:00,2,30
components/meta/GitHubMetaDashboard.tsx,25,tsx,d8b4f5d,Ishaan Kor,2026-07-29,02:42:21,-07:00,2026-07-28T19:42:21-07:00,2,30
components/meta/GitHubMetaDashboard.tsx,26,tsx,d8b4f5d,Ishaan Kor,2026-07-29,02:42:21,-07:00,2026-07-28T19:42:21-07:00,2,30
components/meta/GitHubMetaDashboard.tsx,27,tsx,d8b4f5d,Ishaan Kor,2026-07-29,02:42:21,-07:00,2026-07-28T19:42:21-07:00,2,30
components/meta/GitHubMetaDashboard.tsx,28,tsx,d8b4f5d,Ishaan Kor,2026-07-29,02:42:21,-07:00,2026-07-28T19:42:21-07:00,2,30
components/meta/GitHubMetaDashboard.tsx,29,tsx,d8b4f5d,Ishaan Kor,2026-07-29,02:42:21,-07:00,2026-07-28T19:42:21-07:00,2,30
components/meta/GitHubMetaDashboard.tsx,30,tsx,d8b4f5d,Ishaan Kor,2026-07-29,02:42:21,-07:00,2026-07-28T19:42:21-07:00,2,30
components/meta/GitHubMetaDashboard.tsx,31,tsx,d8b4f5d,Ishaan Kor,2026-07-29,02:42:21,-07:00,2026-07-28T19:42:21-07:00,2,30
components/meta/GitHubMetaDashboard.tsx,32,tsx,d8b4f5d,Ishaan Kor,2026-07-29,02:42:21,-07:00,2026-07-28T19:42:21-07:00,2,30
components/meta/GitHubMetaDashboard.tsx,33,tsx,d8b4f5d,Ishaan Kor,2026-07-29,02:42:21,-07:00,2026-07-28T19:42:21-07:00,2,30
components/meta/GitHubMetaDashboard.tsx,34,tsx,d8b4f5d,Ishaan Kor,2026-07-29,02:42:21,-07:00,2026-07-28T19:42:21-07:00,2,30
components/meta/GitHubMetaDashboard.tsx,35,tsx,d8b4f5d,Ishaan Kor,2026-07-29,02:42:21,-07:00,2026-07-28T19:42:21-07:00,2,30
components/meta/GitHubMetaDashboard.tsx,36,tsx,d8b4f5d,Ishaan Kor,2026-07-29,02:42:21,-07:00,2026-07-28T19:42:21-07:00,2,30
components/meta/GitHubMetaDashboard.tsx,37,tsx,d8b4f5d,Ishaan Kor,2026-07-29,02:42:21,-07:00,2026-07-28T19:42:21-07:00,2,30
components/meta/GitHubMetaDashboard.tsx,38,tsx,d8b4f5d,Ishaan Kor,2026-07-29,02:42:21,-07:00,2026-07-28T19:42:21-07:00,2,30
components/meta/GitHubMetaDashboard.tsx,39,tsx,d8b4f5d,Ishaan Kor,2026-07-29,02:42:21,-07:00,2026-07-28T19:42:21-07:00,2,30
components/meta/GitHubMetaDashboard.tsx,40,tsx,d8b4f5d,Ishaan Kor,2026-07-29,02:42:21,-07:00,2026-07-28T19:42:21-07:00,2,30
components/meta/GitHubMetaDashboard.tsx,41,tsx,d8b4f5d,Ishaan Kor,2026-07-29,02:42:21,-07:00,2026-07-28T19:42:21-07:00,2,30
components/meta/GitHubMetaDashboard.tsx,42,tsx,d8b4f5d,Ishaan Kor,2026-07-29,02:42:21,-07:00,2026-07-28T19:42:21-07:00,2,30
components/meta/GitHubMetaDashboard.tsx,43,tsx,d8b4f5d,Ishaan Kor,2026-07-29,02:42:21,-07:00,2026-07-28T19:42:21-07:00,2,30
components/meta/GitHubMetaDashboard.tsx,44,tsx,d8b4f5d,Ishaan Kor,2026-07-29,02:42:21,-07:00,2026-07-28T19:42:21-07:00,2,30
components/meta/GitHubMetaDashboard.tsx,45,tsx,d8b4f5d,Ishaan Kor,2026-07-29,02:42:21,-07:00,2026-07-28T19:42:21-07:00,2,30
components/meta/GitHubMetaDashboard.tsx,46,tsx,d8b4f5d,Ishaan Kor,2026-07-29,02:42:21,-07:00,2026-07-28T19:42:21-07:00,2,30
components/meta/GitHubMetaDashboard.tsx,47,tsx,d8b4f5d,Ishaan Kor,2026-07-29,02:42:21,-07:00,2026-07-28T19:42:21-07:00,2,30
components/meta/GitHubMetaDashboard.tsx,48,tsx,d8b4f5d,Ishaan Kor,2026-07-29,02:42:21,-07:00,2026-07-28T19:42:21-07:00,2,30
components/meta/GitHubMetaDashboard.tsx,49,tsx,d8b4f5d,Ishaan Kor,2026-07-29,02:42:21,-07:00,2026-07-28T19:42:21-07:00,2,30
components/meta/GitHubMetaDashboard.tsx,50,tsx,d8b4f5d,Ishaan Kor,2026-07-29,02:42:21,-07:00,2026-07-28T19:42:21-07:00,2,30
out/404.html,1,html,d8b4f5d,Ishaan Kor,2026-07-29,02:42:21,-07:00,2026-07-28T19:42:21-07:00,1,30
out/404.html,2,html,d8b4f5d,Ishaan Kor,2026-07-29,02:42:21,-07:00,2026-07-28T19:42:21-07:00,1,30
out/_next/static/MMzhxNm0RJQDuRJ3yNdUK/_buildManifest.js,1,js,d8b4f5d,Ishaan Kor,2026-07-29,02:42:21,-07:00,2026-07-28T19:42:21-07:00,4,30
out/_next/static/MMzhxNm0RJQDuRJ3yNdUK/_ssgManifest.js,1,js,d8b4f5d,Ishaan Kor,2026-07-29,02:42:21,-07:00,2026-07-28T19:42:21-07:00,4,30
out/_next/static/chunks/201-5e47c3ee1df03d3f.js,1,js,d8b4f5d,Ishaan Kor,2026-07-29,02:42:21,-07:00,2026-07-28T19:42:21-07:00,4,30
out/_next/static/chunks/441-9b1997a0aecb2f45.js,1,js,d8b4f5d,Ishaan Kor,2026-07-29,02:42:21,-07:00,2026-07-28T19:42:21-07:00,4,30
out/_next/static/chunks/app/meta/page-103c5815381bb70f.js,1,js,d8b4f5d,Ishaan Kor,2026-07-29,02:42:21,-07:00,2026-07-28T19:42:21-07:00,6,30
out/_next/static/chunks/app/meta/page-a20423991cbb94c7.js,1,js,d8b4f5d,Ishaan Kor,2026-07-29,02:42:21,-07:00,2026-07-28T19:42:21-07:00,6,30
out/_next/static/chunks/app/page-8fee316e3e7ec2a3.js,1,js,d8b4f5d,Ishaan Kor,2026-07-29,02:42:21,-07:00,2026-07-28T19:42:21-07:00,5,30
out/_next/static/chunks/app/page-c8b3e20b30024272.js,1,js,d8b4f5d,Ishaan Kor,2026-07-29,02:42:21,-07:00,2026-07-28T19:42:21-07:00,5,30
out/_next/static/css/43e208ebf332ec69.css,1,css,d8b4f5d,Ishaan Kor,2026-07-29,02:42:21,-07:00,2026-07-28T19:42:21-07:00,4,30
out/_next/static/css/43e208ebf332ec69.css,2,css,d8b4f5d,Ishaan Kor,2026-07-29,02:42:21,-07:00,2026-07-28T19:42:21-07:00,4,30
out/_next/static/css/43e208ebf332ec69.css,3,css,d8b4f5d,Ishaan Kor,2026-07-29,02:42:21,-07:00,2026-07-28T19:42:21-07:00,4,30
out/_next/static/css/5b636df8952c1c45.css,1,css,d8b4f5d,Ishaan Kor,2026-07-29,02:42:21,-07:00,2026-07-28T19:42:21-07:00,4,30
out/_next/static/css/5b636df8952c1c45.css,2,css,d8b4f5d,Ishaan Kor,2026-07-29,02:42:21,-07:00,2026-07-28T19:42:21-07:00,4,30
out/_next/static/css/5b636df8952c1c45.css,3,css,d8b4f5d,Ishaan Kor,2026-07-29,02:42:21,-07:00,2026-07-28T19:42:21-07:00,4,30
out/contact.html,1,html,d8b4f5d,Ishaan Kor,2026-07-29,02:42:21,-07:00,2026-07-28T19:42:21-07:00,1,30
out/contact.html,2,html,d8b4f5d,Ishaan Kor,2026-07-29,02:42:21,-07:00,2026-07-28T19:42:21-07:00,1,30
out/contact.txt,1,txt,d8b4f5d,Ishaan Kor,2026-07-29,02:42:21,-07:00,2026-07-28T19:42:21-07:00,1,30
out/contact.txt,2,txt,d8b4f5d,Ishaan Kor,2026-07-29,02:42:21,-07:00,2026-07-28T19:42:21-07:00,1,30
out/index.html,1,html,d8b4f5d,Ishaan Kor,2026-07-29,02:42:21,-07:00,2026-07-28T19:42:21-07:00,1,30
out/index.html,2,html,d8b4f5d,Ishaan Kor,2026-07-29,02:42:21,-07:00,2026-07-28T19:42:21-07:00,1,30
out/index.txt,1,txt,d8b4f5d,Ishaan Kor,2026-07-29,02:42:21,-07:00,2026-07-28T19:42:21-07:00,1,30
out/index.txt,2,txt,d8b4f5d,Ishaan Kor,2026-07-29,02:42:21,-07:00,2026-07-28T19:42:21-07:00,1,30
out/index.txt,3,txt,d8b4f5d,Ishaan Kor,2026-07-29,02:42:21,-07:00,2026-07-28T19:42:21-07:00,1,30
out/index.txt,4,txt,d8b4f5d,Ishaan Kor,2026-07-29,02:42:21,-07:00,2026-07-28T19:42:21-07:00,1,30
out/index.txt,5,txt,d8b4f5d,Ishaan Kor,2026-07-29,02:42:21,-07:00,2026-07-28T19:42:21-07:00,1,30
out/index.txt,6,txt,d8b4f5d,Ishaan Kor,2026-07-29,02:42:21,-07:00,2026-07-28T19:42:21-07:00,1,30
out/index.txt,7,txt,d8b4f5d,Ishaan Kor,2026-07-29,02:42:21,-07:00,2026-07-28T19:42:21-07:00,1,30
out/index.txt,8,txt,d8b4f5d,Ishaan Kor,2026-07-29,02:42:21,-07:00,2026-07-28T19:42:21-07:00,1,30
out/index.txt,9,txt,d8b4f5d,Ishaan Kor,2026-07-29,02:42:21,-07:00,2026-07-28T19:42:21-07:00,1,30
out/index.txt,10,txt,d8b4f5d,Ishaan Kor,2026-07-29,02:42:21,-07:00,2026-07-28T19:42:21-07:00,1,30
out/index.txt,11,txt,d8b4f5d,Ishaan Kor,2026-07-29,02:42:21,-07:00,2026-07-28T19:42:21-07:00,1,30
out/index.txt,12,txt,d8b4f5d,Ishaan Kor,2026-07-29,02:42:21,-07:00,2026-07-28T19:42:21-07:00,1,30
out/index.txt,13,txt,d8b4f5d,Ishaan Kor,2026-07-29,02:42:21,-07:00,2026-07-28T19:42:21-07:00,1,30
out/index.txt,14,txt,d8b4f5d,Ishaan Kor,2026-07-29,02:42:21,-07:00,2026-07-28T19:42:21-07:00,1,30
out/index.txt,15,txt,d8b4f5d,Ishaan Kor,2026-07-29,02:42:21,-07:00,2026-07-28T19:42:21-07:00,1,30
out/index.txt,16,txt,d8b4f5d,Ishaan Kor,2026-07-29,02:42:21,-07:00,2026-07-28T19:42:21-07:00,1,30
out/index.txt,17,txt,d8b4f5d,Ishaan Kor,2026-07-29,02:42:21,-07:00,2026-07-28T19:42:21-07:00,1,30
out/index.txt,18,txt,d8b4f5d,Ishaan Kor,2026-07-29,02:42:21,-07:00,2026-07-28T19:42:21-07:00,1,30
out/meta.html,1,html,d8b4f5d,Ishaan Kor,2026-07-29,02:42:21,-07:00,2026-07-28T19:42:21-07:00,1,30
out/meta.html,2,html,d8b4f5d,Ishaan Kor,2026-07-29,02:42:21,-07:00,2026-07-28T19:42:21-07:00,1,30
out/meta.txt,1,txt,d8b4f5d,Ishaan Kor,2026-07-29,02:42:21,-07:00,2026-07-28T19:42:21-07:00,1,30
out/meta.txt,2,txt,d8b4f5d,Ishaan Kor,2026-07-29,02:42:21,-07:00,2026-07-28T19:42:21-07:00,1,30
out/meta.txt,3,txt,d8b4f5d,Ishaan Kor,2026-07-29,02:42:21,-07:00,2026-07-28T19:42:21-07:00,1,30
out/meta.txt,4,txt,d8b4f5d,Ishaan Kor,2026-07-29,02:42:21,-07:00,2026-07-28T19:42:21-07:00,1,30
out/projects.html,1,html,d8b4f5d,Ishaan Kor,2026-07-29,02:42:21,-07:00,2026-07-28T19:42:21-07:00,1,30
out/projects.html,2,html,d8b4f5d,Ishaan Kor,2026-07-29,02:42:21,-07:00,2026-07-28T19:42:21-07:00,1,30
out/projects.txt,1,txt,d8b4f5d,Ishaan Kor,2026-07-29,02:42:21,-07:00,2026-07-28T19:42:21-07:00,1,30
out/projects.txt,2,txt,d8b4f5d,Ishaan Kor,2026-07-29,02:42:21,-07:00,2026-07-28T19:42:21-07:00,1,30
out/resume.html,1,html,d8b4f5d,Ishaan Kor,2026-07-29,02:42:21,-07:00,2026-07-28T19:42:21-07:00,1,30
out/resume.html,2,html,d8b4f5d,Ishaan Kor,2026-07-29,02:42:21,-07:00,2026-07-28T19:42:21-07:00,1,30
out/resume.txt,1,txt,d8b4f5d,Ishaan Kor,2026-07-29,02:42:21,-07:00,2026-07-28T19:42:21-07:00,1,30
out/resume.txt,2,txt,d8b4f5d,Ishaan Kor,2026-07-29,02:42:21,-07:00,2026-07-28T19:42:21-07:00,1,30
components/meta/GitHubMetaDashboard.tsx,1,tsx,597bd25,Ishaan Kor,2026-07-29,02:26:40,-07:00,2026-07-28T19:26:40-07:00,2,30
components/meta/GitHubMetaDashboard.tsx,2,tsx,597bd25,Ishaan Kor,2026-07-29,02:26:40,-07:00,2026-07-28T19:26:40-07:00,2,30
components/meta/GitHubMetaDashboard.tsx,3,tsx,597bd25,Ishaan Kor,2026-07-29,02:26:40,-07:00,2026-07-28T19:26:40-07:00,2,30
components/meta/GitHubMetaDashboard.tsx,4,tsx,597bd25,Ishaan Kor,2026-07-29,02:26:40,-07:00,2026-07-28T19:26:40-07:00,2,30
components/meta/GitHubMetaDashboard.tsx,5,tsx,597bd25,Ishaan Kor,2026-07-29,02:26:40,-07:00,2026-07-28T19:26:40-07:00,2,30
components/meta/GitHubMetaDashboard.tsx,6,tsx,597bd25,Ishaan Kor,2026-07-29,02:26:40,-07:00,2026-07-28T19:26:40-07:00,2,30
components/meta/GitHubMetaDashboard.tsx,7,tsx,597bd25,Ishaan Kor,2026-07-29,02:26:40,-07:00,2026-07-28T19:26:40-07:00,2,30
components/meta/GitHubMetaDashboard.tsx,8,tsx,597bd25,Ishaan Kor,2026-07-29,02:26:40,-07:00,2026-07-28T19:26:40-07:00,2,30
components/meta/GitHubMetaDashboard.tsx,9,tsx,597bd25,Ishaan Kor,2026-07-29,02:26:40,-07:00,2026-07-28T19:26:40-07:00,2,30
components/meta/GitHubMetaDashboard.tsx,10,tsx,597bd25,Ishaan Kor,2026-07-29,02:26:40,-07:00,2026-07-28T19:26:40-07:00,2,30
components/meta/GitHubMetaDashboard.tsx,11,tsx,597bd25,Ishaan Kor,2026-07-29,02:26:40,-07:00,2026-07-28T19:26:40-07:00,2,30
components/meta/GitHubMetaDashboard.tsx,12,tsx,597bd25,Ishaan Kor,2026-07-29,02:26:40,-07:00,2026-07-28T19:26:40-07:00,2,30
components/meta/GitHubMetaDashboard.tsx,13,tsx,597bd25,Ishaan Kor,2026-07-29,02:26:40,-07:00,2026-07-28T19:26:40-07:00,2,30
components/meta/GitHubMetaDashboard.tsx,14,tsx,597bd25,Ishaan Kor,2026-07-29,02:26:40,-07:00,2026-07-28T19:26:40-07:00,2,30
components/meta/GitHubMetaDashboard.tsx,15,tsx,597bd25,Ishaan Kor,2026-07-29,02:26:40,-07:00,2026-07-28T19:26:40-07:00,2,30
components/meta/GitHubMetaDashboard.tsx,16,tsx,597bd25,Ishaan Kor,2026-07-29,02:26:40,-07:00,2026-07-28T19:26:40-07:00,2,30
components/meta/GitHubMetaDashboard.tsx,17,tsx,597bd25,Ishaan Kor,2026-07-29,02:26:40,-07:00,2026-07-28T19:26:40-07:00,2,30
components/meta/GitHubMetaDashboard.tsx,18,tsx,597bd25,Ishaan Kor,2026-07-29,02:26:40,-07:00,2026-07-28T19:26:40-07:00,2,30
components/meta/GitHubMetaDashboard.tsx,19,tsx,597bd25,Ishaan Kor,2026-07-29,02:26:40,-07:00,2026-07-28T19:26:40-07:00,2,30
components/meta/GitHubMetaDashboard.tsx,20,tsx,597bd25,Ishaan Kor,2026-07-29,02:26:40,-07:00,2026-07-28T19:26:40-07:00,2,30
components/meta/GitHubMetaDashboard.tsx,21,tsx,597bd25,Ishaan Kor,2026-07-29,02:26:40,-07:00,2026-07-28T19:26:40-07:00,2,30
components/meta/GitHubMetaDashboard.tsx,22,tsx,597bd25,Ishaan Kor,2026-07-29,02:26:40,-07:00,2026-07-28T19:26:40-07:00,2,30
components/meta/GitHubMetaDashboard.tsx,23,tsx,597bd25,Ishaan Kor,2026-07-29,02:26:40,-07:00,2026-07-28T19:26:40-07:00,2,30
components/meta/GitHubMetaDashboard.tsx,24,tsx,597bd25,Ishaan Kor,2026-07-29,02:26:40,-07:00,2026-07-28T19:26:40-07:00,2,30
components/meta/GitHubMetaDashboard.tsx,25,tsx,597bd25,Ishaan Kor,2026-07-29,02:26:40,-07:00,2026-07-28T19:26:40-07:00,2,30
components/meta/GitHubMetaDashboard.tsx,26,tsx,597bd25,Ishaan Kor,2026-07-29,02:26:40,-07:00,2026-07-28T19:26:40-07:00,2,30
components/meta/GitHubMetaDashboard.tsx,27,tsx,597bd25,Ishaan Kor,2026-07-29,02:26:40,-07:00,2026-07-28T19:26:40-07:00,2,30
components/meta/GitHubMetaDashboard.tsx,28,tsx,597bd25,Ishaan Kor,2026-07-29,02:26:40,-07:00,2026-07-28T19:26:40-07:00,2,30
components/meta/GitHubMetaDashboard.tsx,29,tsx,597bd25,Ishaan Kor,2026-07-29,02:26:40,-07:00,2026-07-28T19:26:40-07:00,2,30
components/meta/GitHubMetaDashboard.tsx,30,tsx,597bd25,Ishaan Kor,2026-07-29,02:26:40,-07:00,2026-07-28T19:26:40-07:00,2,30
components/meta/GitHubMetaDashboard.tsx,31,tsx,597bd25,Ishaan Kor,2026-07-29,02:26:40,-07:00,2026-07-28T19:26:40-07:00,2,30
components/meta/GitHubMetaDashboard.tsx,32,tsx,597bd25,Ishaan Kor,2026-07-29,02:26:40,-07:00,2026-07-28T19:26:40-07:00,2,30
components/meta/GitHubMetaDashboard.tsx,33,tsx,597bd25,Ishaan Kor,2026-07-29,02:26:40,-07:00,2026-07-28T19:26:40-07:00,2,30
components/meta/GitHubMetaDashboard.tsx,34,tsx,597bd25,Ishaan Kor,2026-07-29,02:26:40,-07:00,2026-07-28T19:26:40-07:00,2,30
components/meta/GitHubMetaDashboard.tsx,35,tsx,597bd25,Ishaan Kor,2026-07-29,02:26:40,-07:00,2026-07-28T19:26:40-07:00,2,30
components/meta/GitHubMetaDashboard.tsx,36,tsx,597bd25,Ishaan Kor,2026-07-29,02:26:40,-07:00,2026-07-28T19:26:40-07:00,2,30
components/meta/GitHubMetaDashboard.tsx,37,tsx,597bd25,Ishaan Kor,2026-07-29,02:26:40,-07:00,2026-07-28T19:26:40-07:00,2,30
components/meta/GitHubMetaDashboard.tsx,38,tsx,597bd25,Ishaan Kor,2026-07-29,02:26:40,-07:00,2026-07-28T19:26:40-07:00,2,30
components/meta/GitHubMetaDashboard.tsx,39,tsx,597bd25,Ishaan Kor,2026-07-29,02:26:40,-07:00,2026-07-28T19:26:40-07:00,2,30
components/meta/GitHubMetaDashboard.tsx,40,tsx,597bd25,Ishaan Kor,2026-07-29,02:26:40,-07:00,2026-07-28T19:26:40-07:00,2,30
components/meta/GitHubMetaDashboard.tsx,41,tsx,597bd25,Ishaan Kor,2026-07-29,02:26:40,-07:00,2026-07-28T19:26:40-07:00,2,30
components/meta/GitHubMetaDashboard.tsx,42,tsx,597bd25,Ishaan Kor,2026-07-29,02:26:40,-07:00,2026-07-28T19:26:40-07:00,2,30
components/meta/GitHubMetaDashboard.tsx,43,tsx,597bd25,Ishaan Kor,2026-07-29,02:26:40,-07:00,2026-07-28T19:26:40-07:00,2,30
components/meta/GitHubMetaDashboard.tsx,44,tsx,597bd25,Ishaan Kor,2026-07-29,02:26:40,-07:00,2026-07-28T19:26:40-07:00,2,30
components/meta/GitHubMetaDashboard.tsx,45,tsx,597bd25,Ishaan Kor,2026-07-29,02:26:40,-07:00,2026-07-28T19:26:40-07:00,2,30
components/meta/GitHubMetaDashboard.tsx,46,tsx,597bd25,Ishaan Kor,2026-07-29,02:26:40,-07:00,2026-07-28T19:26:40-07:00,2,30
components/meta/GitHubMetaDashboard.tsx,47,tsx,597bd25,Ishaan Kor,2026-07-29,02:26:40,-07:00,2026-07-28T19:26:40-07:00,2,30
components/meta/GitHubMetaDashboard.tsx,48,tsx,597bd25,Ishaan Kor,2026-07-29,02:26:40,-07:00,2026-07-28T19:26:40-07:00,2,30
components/meta/GitHubMetaDashboard.tsx,49,tsx,597bd25,Ishaan Kor,2026-07-29,02:26:40,-07:00,2026-07-28T19:26:40-07:00,2,30
components/meta/GitHubMetaDashboard.tsx,50,tsx,597bd25,Ishaan Kor,2026-07-29,02:26:40,-07:00,2026-07-28T19:26:40-07:00,2,30
out/404.html,1,html,597bd25,Ishaan Kor,2026-07-29,02:26:40,-07:00,2026-07-28T19:26:40-07:00,1,30
out/404.html,2,html,597bd25,Ishaan Kor,2026-07-29,02:26:40,-07:00,2026-07-28T19:26:40-07:00,1,30
out/_next/static/{hv_IAueuwmS1Box41TKOL,1,code,597bd25,Ishaan Kor,2026-07-29,02:26:40,-07:00,2026-07-28T19:26:40-07:00,3,30
out/_next/static/{hv_IAueuwmS1Box41TKOL,1,code,597bd25,Ishaan Kor,2026-07-29,02:26:40,-07:00,2026-07-28T19:26:40-07:00,3,30
out/_next/static/chunks/app/meta/page-103c5815381bb70f.js,1,js,597bd25,Ishaan Kor,2026-07-29,02:26:40,-07:00,2026-07-28T19:26:40-07:00,6,30
out/_next/static/chunks/app/meta/page-974df7c37cefcab1.js,1,js,597bd25,Ishaan Kor,2026-07-29,02:26:40,-07:00,2026-07-28T19:26:40-07:00,6,30
out/_next/static/css/24204fb38fccba41.css,1,css,597bd25,Ishaan Kor,2026-07-29,02:26:40,-07:00,2026-07-28T19:26:40-07:00,4,30
out/_next/static/css/24204fb38fccba41.css,2,css,597bd25,Ishaan Kor,2026-07-29,02:26:40,-07:00,2026-07-28T19:26:40-07:00,4,30
out/_next/static/css/24204fb38fccba41.css,3,css,597bd25,Ishaan Kor,2026-07-29,02:26:40,-07:00,2026-07-28T19:26:40-07:00,4,30
out/_next/static/css/43e208ebf332ec69.css,1,css,597bd25,Ishaan Kor,2026-07-29,02:26:40,-07:00,2026-07-28T19:26:40-07:00,4,30
out/_next/static/css/43e208ebf332ec69.css,2,css,597bd25,Ishaan Kor,2026-07-29,02:26:40,-07:00,2026-07-28T19:26:40-07:00,4,30
out/_next/static/css/43e208ebf332ec69.css,3,css,597bd25,Ishaan Kor,2026-07-29,02:26:40,-07:00,2026-07-28T19:26:40-07:00,4,30
out/contact.html,1,html,597bd25,Ishaan Kor,2026-07-29,02:26:40,-07:00,2026-07-28T19:26:40-07:00,1,30
out/contact.html,2,html,597bd25,Ishaan Kor,2026-07-29,02:26:40,-07:00,2026-07-28T19:26:40-07:00,1,30
out/contact.txt,1,txt,597bd25,Ishaan Kor,2026-07-29,02:26:40,-07:00,2026-07-28T19:26:40-07:00,1,30
out/contact.txt,2,txt,597bd25,Ishaan Kor,2026-07-29,02:26:40,-07:00,2026-07-28T19:26:40-07:00,1,30
out/index.html,1,html,597bd25,Ishaan Kor,2026-07-29,02:26:40,-07:00,2026-07-28T19:26:40-07:00,1,30
out/index.html,2,html,597bd25,Ishaan Kor,2026-07-29,02:26:40,-07:00,2026-07-28T19:26:40-07:00,1,30
out/index.txt,1,txt,597bd25,Ishaan Kor,2026-07-29,02:26:40,-07:00,2026-07-28T19:26:40-07:00,1,30
out/index.txt,2,txt,597bd25,Ishaan Kor,2026-07-29,02:26:40,-07:00,2026-07-28T19:26:40-07:00,1,30
out/meta.html,1,html,597bd25,Ishaan Kor,2026-07-29,02:26:40,-07:00,2026-07-28T19:26:40-07:00,1,30
out/meta.html,2,html,597bd25,Ishaan Kor,2026-07-29,02:26:40,-07:00,2026-07-28T19:26:40-07:00,1,30
out/meta.txt,1,txt,597bd25,Ishaan Kor,2026-07-29,02:26:40,-07:00,2026-07-28T19:26:40-07:00,1,30
out/meta.txt,2,txt,597bd25,Ishaan Kor,2026-07-29,02:26:40,-07:00,2026-07-28T19:26:40-07:00,1,30
out/meta.txt,3,txt,597bd25,Ishaan Kor,2026-07-29,02:26:40,-07:00,2026-07-28T19:26:40-07:00,1,30
out/meta.txt,4,txt,597bd25,Ishaan Kor,2026-07-29,02:26:40,-07:00,2026-07-28T19:26:40-07:00,1,30
out/projects.html,1,html,597bd25,Ishaan Kor,2026-07-29,02:26:40,-07:00,2026-07-28T19:26:40-07:00,1,30
out/projects.html,2,html,597bd25,Ishaan Kor,2026-07-29,02:26:40,-07:00,2026-07-28T19:26:40-07:00,1,30
out/projects.txt,1,txt,597bd25,Ishaan Kor,2026-07-29,02:26:40,-07:00,2026-07-28T19:26:40-07:00,1,30
out/projects.txt,2,txt,597bd25,Ishaan Kor,2026-07-29,02:26:40,-07:00,2026-07-28T19:26:40-07:00,1,30
out/resume.html,1,html,597bd25,Ishaan Kor,2026-07-29,02:26:40,-07:00,2026-07-28T19:26:40-07:00,1,30
out/resume.html,2,html,597bd25,Ishaan Kor,2026-07-29,02:26:40,-07:00,2026-07-28T19:26:40-07:00,1,30
out/resume.txt,1,txt,597bd25,Ishaan Kor,2026-07-29,02:26:40,-07:00,2026-07-28T19:26:40-07:00,1,30
out/resume.txt,2,txt,597bd25,Ishaan Kor,2026-07-29,02:26:40,-07:00,2026-07-28T19:26:40-07:00,1,30
app/meta/page.tsx,1,tsx,c16a652,Ishaan Kor,2026-07-29,02:18:51,-07:00,2026-07-28T19:18:51-07:00,2,30
app/meta/page.tsx,2,tsx,c16a652,Ishaan Kor,2026-07-29,02:18:51,-07:00,2026-07-28T19:18:51-07:00,2,30
app/meta/page.tsx,3,tsx,c16a652,Ishaan Kor,2026-07-29,02:18:51,-07:00,2026-07-28T19:18:51-07:00,2,30
app/meta/page.tsx,4,tsx,c16a652,Ishaan Kor,2026-07-29,02:18:51,-07:00,2026-07-28T19:18:51-07:00,2,30
app/meta/page.tsx,5,tsx,c16a652,Ishaan Kor,2026-07-29,02:18:51,-07:00,2026-07-28T19:18:51-07:00,2,30
app/meta/page.tsx,6,tsx,c16a652,Ishaan Kor,2026-07-29,02:18:51,-07:00,2026-07-28T19:18:51-07:00,2,30
app/meta/page.tsx,7,tsx,c16a652,Ishaan Kor,2026-07-29,02:18:51,-07:00,2026-07-28T19:18:51-07:00,2,30
app/meta/page.tsx,8,tsx,c16a652,Ishaan Kor,2026-07-29,02:18:51,-07:00,2026-07-28T19:18:51-07:00,2,30
app/meta/page.tsx,9,tsx,c16a652,Ishaan Kor,2026-07-29,02:18:51,-07:00,2026-07-28T19:18:51-07:00,2,30
app/meta/page.tsx,10,tsx,c16a652,Ishaan Kor,2026-07-29,02:18:51,-07:00,2026-07-28T19:18:51-07:00,2,30
app/meta/page.tsx,11,tsx,c16a652,Ishaan Kor,2026-07-29,02:18:51,-07:00,2026-07-28T19:18:51-07:00,2,30
app/meta/page.tsx,12,tsx,c16a652,Ishaan Kor,2026-07-29,02:18:51,-07:00,2026-07-28T19:18:51-07:00,2,30
app/meta/page.tsx,13,tsx,c16a652,Ishaan Kor,2026-07-29,02:18:51,-07:00,2026-07-28T19:18:51-07:00,2,30
app/meta/page.tsx,14,tsx,c16a652,Ishaan Kor,2026-07-29,02:18:51,-07:00,2026-07-28T19:18:51-07:00,2,30
app/meta/page.tsx,15,tsx,c16a652,Ishaan Kor,2026-07-29,02:18:51,-07:00,2026-07-28T19:18:51-07:00,2,30
app/meta/page.tsx,16,tsx,c16a652,Ishaan Kor,2026-07-29,02:18:51,-07:00,2026-07-28T19:18:51-07:00,2,30
app/meta/page.tsx,17,tsx,c16a652,Ishaan Kor,2026-07-29,02:18:51,-07:00,2026-07-28T19:18:51-07:00,2,30
components/layout/Footer.tsx,1,tsx,c16a652,Ishaan Kor,2026-07-29,02:18:51,-07:00,2026-07-28T19:18:51-07:00,2,30
components/layout/Footer.tsx,2,tsx,c16a652,Ishaan Kor,2026-07-29,02:18:51,-07:00,2026-07-28T19:18:51-07:00,2,30
components/layout/Footer.tsx,3,tsx,c16a652,Ishaan Kor,2026-07-29,02:18:51,-07:00,2026-07-28T19:18:51-07:00,2,30
components/layout/Footer.tsx,4,tsx,c16a652,Ishaan Kor,2026-07-29,02:18:51,-07:00,2026-07-28T19:18:51-07:00,2,30
components/layout/Footer.tsx,5,tsx,c16a652,Ishaan Kor,2026-07-29,02:18:51,-07:00,2026-07-28T19:18:51-07:00,2,30
components/layout/Footer.tsx,6,tsx,c16a652,Ishaan Kor,2026-07-29,02:18:51,-07:00,2026-07-28T19:18:51-07:00,2,30
components/layout/Footer.tsx,7,tsx,c16a652,Ishaan Kor,2026-07-29,02:18:51,-07:00,2026-07-28T19:18:51-07:00,2,30
components/layout/Footer.tsx,8,tsx,c16a652,Ishaan Kor,2026-07-29,02:18:51,-07:00,2026-07-28T19:18:51-07:00,2,30
components/layout/Footer.tsx,9,tsx,c16a652,Ishaan Kor,2026-07-29,02:18:51,-07:00,2026-07-28T19:18:51-07:00,2,30
components/layout/Footer.tsx,10,tsx,c16a652,Ishaan Kor,2026-07-29,02:18:51,-07:00,2026-07-28T19:18:51-07:00,2,30
components/layout/Footer.tsx,11,tsx,c16a652,Ishaan Kor,2026-07-29,02:18:51,-07:00,2026-07-28T19:18:51-07:00,2,30
components/layout/Footer.tsx,12,tsx,c16a652,Ishaan Kor,2026-07-29,02:18:51,-07:00,2026-07-28T19:18:51-07:00,2,30
components/layout/Footer.tsx,13,tsx,c16a652,Ishaan Kor,2026-07-29,02:18:51,-07:00,2026-07-28T19:18:51-07:00,2,30
components/layout/Footer.tsx,14,tsx,c16a652,Ishaan Kor,2026-07-29,02:18:51,-07:00,2026-07-28T19:18:51-07:00,2,30
components/layout/Footer.tsx,15,tsx,c16a652,Ishaan Kor,2026-07-29,02:18:51,-07:00,2026-07-28T19:18:51-07:00,2,30
components/layout/Footer.tsx,16,tsx,c16a652,Ishaan Kor,2026-07-29,02:18:51,-07:00,2026-07-28T19:18:51-07:00,2,30
components/layout/Footer.tsx,17,tsx,c16a652,Ishaan Kor,2026-07-29,02:18:51,-07:00,2026-07-28T19:18:51-07:00,2,30
components/layout/Footer.tsx,18,tsx,c16a652,Ishaan Kor,2026-07-29,02:18:51,-07:00,2026-07-28T19:18:51-07:00,2,30
components/layout/Footer.tsx,19,tsx,c16a652,Ishaan Kor,2026-07-29,02:18:51,-07:00,2026-07-28T19:18:51-07:00,2,30
components/layout/Footer.tsx,20,tsx,c16a652,Ishaan Kor,2026-07-29,02:18:51,-07:00,2026-07-28T19:18:51-07:00,2,30
components/layout/Footer.tsx,21,tsx,c16a652,Ishaan Kor,2026-07-29,02:18:51,-07:00,2026-07-28T19:18:51-07:00,2,30
components/layout/Footer.tsx,22,tsx,c16a652,Ishaan Kor,2026-07-29,02:18:51,-07:00,2026-07-28T19:18:51-07:00,2,30
components/layout/Footer.tsx,23,tsx,c16a652,Ishaan Kor,2026-07-29,02:18:51,-07:00,2026-07-28T19:18:51-07:00,2,30
components/layout/Footer.tsx,24,tsx,c16a652,Ishaan Kor,2026-07-29,02:18:51,-07:00,2026-07-28T19:18:51-07:00,2,30
components/layout/Footer.tsx,25,tsx,c16a652,Ishaan Kor,2026-07-29,02:18:51,-07:00,2026-07-28T19:18:51-07:00,2,30
components/layout/Footer.tsx,26,tsx,c16a652,Ishaan Kor,2026-07-29,02:18:51,-07:00,2026-07-28T19:18:51-07:00,2,30
components/layout/Footer.tsx,27,tsx,c16a652,Ishaan Kor,2026-07-29,02:18:51,-07:00,2026-07-28T19:18:51-07:00,2,30
components/layout/Footer.tsx,28,tsx,c16a652,Ishaan Kor,2026-07-29,02:18:51,-07:00,2026-07-28T19:18:51-07:00,2,30
components/layout/Footer.tsx,29,tsx,c16a652,Ishaan Kor,2026-07-29,02:18:51,-07:00,2026-07-28T19:18:51-07:00,2,30
components/layout/Footer.tsx,30,tsx,c16a652,Ishaan Kor,2026-07-29,02:18:51,-07:00,2026-07-28T19:18:51-07:00,2,30
components/layout/Footer.tsx,31,tsx,c16a652,Ishaan Kor,2026-07-29,02:18:51,-07:00,2026-07-28T19:18:51-07:00,2,30
components/layout/Footer.tsx,32,tsx,c16a652,Ishaan Kor,2026-07-29,02:18:51,-07:00,2026-07-28T19:18:51-07:00,2,30
components/layout/Footer.tsx,33,tsx,c16a652,Ishaan Kor,2026-07-29,02:18:51,-07:00,2026-07-28T19:18:51-07:00,2,30
components/layout/Footer.tsx,34,tsx,c16a652,Ishaan Kor,2026-07-29,02:18:51,-07:00,2026-07-28T19:18:51-07:00,2,30
components/layout/Footer.tsx,35,tsx,c16a652,Ishaan Kor,2026-07-29,02:18:51,-07:00,2026-07-28T19:18:51-07:00,2,30
components/layout/Footer.tsx,36,tsx,c16a652,Ishaan Kor,2026-07-29,02:18:51,-07:00,2026-07-28T19:18:51-07:00,2,30
components/layout/Footer.tsx,37,tsx,c16a652,Ishaan Kor,2026-07-29,02:18:51,-07:00,2026-07-28T19:18:51-07:00,2,30
components/layout/Footer.tsx,38,tsx,c16a652,Ishaan Kor,2026-07-29,02:18:51,-07:00,2026-07-28T19:18:51-07:00,2,30
components/layout/Footer.tsx,39,tsx,c16a652,Ishaan Kor,2026-07-29,02:18:51,-07:00,2026-07-28T19:18:51-07:00,2,30
components/layout/Footer.tsx,40,tsx,c16a652,Ishaan Kor,2026-07-29,02:18:51,-07:00,2026-07-28T19:18:51-07:00,2,30
components/layout/Footer.tsx,41,tsx,c16a652,Ishaan Kor,2026-07-29,02:18:51,-07:00,2026-07-28T19:18:51-07:00,2,30
components/layout/Footer.tsx,42,tsx,c16a652,Ishaan Kor,2026-07-29,02:18:51,-07:00,2026-07-28T19:18:51-07:00,2,30
components/layout/Footer.tsx,43,tsx,c16a652,Ishaan Kor,2026-07-29,02:18:51,-07:00,2026-07-28T19:18:51-07:00,2,30
components/layout/Footer.tsx,44,tsx,c16a652,Ishaan Kor,2026-07-29,02:18:51,-07:00,2026-07-28T19:18:51-07:00,2,30
components/layout/Footer.tsx,45,tsx,c16a652,Ishaan Kor,2026-07-29,02:18:51,-07:00,2026-07-28T19:18:51-07:00,2,30
components/layout/Footer.tsx,46,tsx,c16a652,Ishaan Kor,2026-07-29,02:18:51,-07:00,2026-07-28T19:18:51-07:00,2,30
components/layout/Footer.tsx,47,tsx,c16a652,Ishaan Kor,2026-07-29,02:18:51,-07:00,2026-07-28T19:18:51-07:00,2,30
components/layout/Footer.tsx,48,tsx,c16a652,Ishaan Kor,2026-07-29,02:18:51,-07:00,2026-07-28T19:18:51-07:00,2,30
components/layout/Footer.tsx,49,tsx,c16a652,Ishaan Kor,2026-07-29,02:18:51,-07:00,2026-07-28T19:18:51-07:00,2,30
components/layout/Footer.tsx,50,tsx,c16a652,Ishaan Kor,2026-07-29,02:18:51,-07:00,2026-07-28T19:18:51-07:00,2,30
components/layout/Navbar.tsx,1,tsx,c16a652,Ishaan Kor,2026-07-29,02:18:51,-07:00,2026-07-28T19:18:51-07:00,2,30
components/layout/Navbar.tsx,2,tsx,c16a652,Ishaan Kor,2026-07-29,02:18:51,-07:00,2026-07-28T19:18:51-07:00,2,30
components/layout/Navbar.tsx,3,tsx,c16a652,Ishaan Kor,2026-07-29,02:18:51,-07:00,2026-07-28T19:18:51-07:00,2,30
components/layout/Navbar.tsx,4,tsx,c16a652,Ishaan Kor,2026-07-29,02:18:51,-07:00,2026-07-28T19:18:51-07:00,2,30
components/layout/Navbar.tsx,5,tsx,c16a652,Ishaan Kor,2026-07-29,02:18:51,-07:00,2026-07-28T19:18:51-07:00,2,30
components/layout/Navbar.tsx,6,tsx,c16a652,Ishaan Kor,2026-07-29,02:18:51,-07:00,2026-07-28T19:18:51-07:00,2,30
components/layout/Navbar.tsx,7,tsx,c16a652,Ishaan Kor,2026-07-29,02:18:51,-07:00,2026-07-28T19:18:51-07:00,2,30
components/layout/Navbar.tsx,8,tsx,c16a652,Ishaan Kor,2026-07-29,02:18:51,-07:00,2026-07-28T19:18:51-07:00,2,30
components/layout/Navbar.tsx,9,tsx,c16a652,Ishaan Kor,2026-07-29,02:18:51,-07:00,2026-07-28T19:18:51-07:00,2,30
components/layout/Navbar.tsx,10,tsx,c16a652,Ishaan Kor,2026-07-29,02:18:51,-07:00,2026-07-28T19:18:51-07:00,2,30
components/layout/Navbar.tsx,11,tsx,c16a652,Ishaan Kor,2026-07-29,02:18:51,-07:00,2026-07-28T19:18:51-07:00,2,30
components/layout/Navbar.tsx,12,tsx,c16a652,Ishaan Kor,2026-07-29,02:18:51,-07:00,2026-07-28T19:18:51-07:00,2,30
components/layout/Navbar.tsx,13,tsx,c16a652,Ishaan Kor,2026-07-29,02:18:51,-07:00,2026-07-28T19:18:51-07:00,2,30
components/layout/Navbar.tsx,14,tsx,c16a652,Ishaan Kor,2026-07-29,02:18:51,-07:00,2026-07-28T19:18:51-07:00,2,30
components/layout/Navbar.tsx,15,tsx,c16a652,Ishaan Kor,2026-07-29,02:18:51,-07:00,2026-07-28T19:18:51-07:00,2,30
components/layout/Navbar.tsx,16,tsx,c16a652,Ishaan Kor,2026-07-29,02:18:51,-07:00,2026-07-28T19:18:51-07:00,2,30
components/layout/Navbar.tsx,17,tsx,c16a652,Ishaan Kor,2026-07-29,02:18:51,-07:00,2026-07-28T19:18:51-07:00,2,30
components/layout/Navbar.tsx,18,tsx,c16a652,Ishaan Kor,2026-07-29,02:18:51,-07:00,2026-07-28T19:18:51-07:00,2,30
components/layout/Navbar.tsx,19,tsx,c16a652,Ishaan Kor,2026-07-29,02:18:51,-07:00,2026-07-28T19:18:51-07:00,2,30
components/layout/Navbar.tsx,20,tsx,c16a652,Ishaan Kor,2026-07-29,02:18:51,-07:00,2026-07-28T19:18:51-07:00,2,30
components/layout/Navbar.tsx,21,tsx,c16a652,Ishaan Kor,2026-07-29,02:18:51,-07:00,2026-07-28T19:18:51-07:00,2,30
components/layout/Navbar.tsx,22,tsx,c16a652,Ishaan Kor,2026-07-29,02:18:51,-07:00,2026-07-28T19:18:51-07:00,2,30
components/layout/Navbar.tsx,23,tsx,c16a652,Ishaan Kor,2026-07-29,02:18:51,-07:00,2026-07-28T19:18:51-07:00,2,30
components/layout/Navbar.tsx,24,tsx,c16a652,Ishaan Kor,2026-07-29,02:18:51,-07:00,2026-07-28T19:18:51-07:00,2,30
components/layout/Navbar.tsx,25,tsx,c16a652,Ishaan Kor,2026-07-29,02:18:51,-07:00,2026-07-28T19:18:51-07:00,2,30
components/layout/Navbar.tsx,26,tsx,c16a652,Ishaan Kor,2026-07-29,02:18:51,-07:00,2026-07-28T19:18:51-07:00,2,30
components/layout/Navbar.tsx,27,tsx,c16a652,Ishaan Kor,2026-07-29,02:18:51,-07:00,2026-07-28T19:18:51-07:00,2,30
components/layout/Navbar.tsx,28,tsx,c16a652,Ishaan Kor,2026-07-29,02:18:51,-07:00,2026-07-28T19:18:51-07:00,2,30
components/layout/Navbar.tsx,29,tsx,c16a652,Ishaan Kor,2026-07-29,02:18:51,-07:00,2026-07-28T19:18:51-07:00,2,30
components/layout/Navbar.tsx,30,tsx,c16a652,Ishaan Kor,2026-07-29,02:18:51,-07:00,2026-07-28T19:18:51-07:00,2,30
components/layout/Navbar.tsx,31,tsx,c16a652,Ishaan Kor,2026-07-29,02:18:51,-07:00,2026-07-28T19:18:51-07:00,2,30
components/layout/Navbar.tsx,32,tsx,c16a652,Ishaan Kor,2026-07-29,02:18:51,-07:00,2026-07-28T19:18:51-07:00,2,30
components/layout/Navbar.tsx,33,tsx,c16a652,Ishaan Kor,2026-07-29,02:18:51,-07:00,2026-07-28T19:18:51-07:00,2,30
components/layout/Navbar.tsx,34,tsx,c16a652,Ishaan Kor,2026-07-29,02:18:51,-07:00,2026-07-28T19:18:51-07:00,2,30
components/layout/Navbar.tsx,35,tsx,c16a652,Ishaan Kor,2026-07-29,02:18:51,-07:00,2026-07-28T19:18:51-07:00,2,30
components/layout/Navbar.tsx,36,tsx,c16a652,Ishaan Kor,2026-07-29,02:18:51,-07:00,2026-07-28T19:18:51-07:00,2,30
components/layout/Navbar.tsx,37,tsx,c16a652,Ishaan Kor,2026-07-29,02:18:51,-07:00,2026-07-28T19:18:51-07:00,2,30
components/layout/Navbar.tsx,38,tsx,c16a652,Ishaan Kor,2026-07-29,02:18:51,-07:00,2026-07-28T19:18:51-07:00,2,30
components/layout/Navbar.tsx,39,tsx,c16a652,Ishaan Kor,2026-07-29,02:18:51,-07:00,2026-07-28T19:18:51-07:00,2,30
components/layout/Navbar.tsx,40,tsx,c16a652,Ishaan Kor,2026-07-29,02:18:51,-07:00,2026-07-28T19:18:51-07:00,2,30
components/layout/Navbar.tsx,41,tsx,c16a652,Ishaan Kor,2026-07-29,02:18:51,-07:00,2026-07-28T19:18:51-07:00,2,30
components/layout/Navbar.tsx,42,tsx,c16a652,Ishaan Kor,2026-07-29,02:18:51,-07:00,2026-07-28T19:18:51-07:00,2,30
components/layout/Navbar.tsx,43,tsx,c16a652,Ishaan Kor,2026-07-29,02:18:51,-07:00,2026-07-28T19:18:51-07:00,2,30
components/layout/Navbar.tsx,44,tsx,c16a652,Ishaan Kor,2026-07-29,02:18:51,-07:00,2026-07-28T19:18:51-07:00,2,30
components/layout/Navbar.tsx,45,tsx,c16a652,Ishaan Kor,2026-07-29,02:18:51,-07:00,2026-07-28T19:18:51-07:00,2,30
components/layout/Navbar.tsx,46,tsx,c16a652,Ishaan Kor,2026-07-29,02:18:51,-07:00,2026-07-28T19:18:51-07:00,2,30
components/layout/Navbar.tsx,47,tsx,c16a652,Ishaan Kor,2026-07-29,02:18:51,-07:00,2026-07-28T19:18:51-07:00,2,30
components/layout/Navbar.tsx,48,tsx,c16a652,Ishaan Kor,2026-07-29,02:18:51,-07:00,2026-07-28T19:18:51-07:00,2,30
components/layout/Navbar.tsx,49,tsx,c16a652,Ishaan Kor,2026-07-29,02:18:51,-07:00,2026-07-28T19:18:51-07:00,2,30
components/layout/Navbar.tsx,50,tsx,c16a652,Ishaan Kor,2026-07-29,02:18:51,-07:00,2026-07-28T19:18:51-07:00,2,30
components/meta/GitHubMetaDashboard.tsx,1,tsx,c16a652,Ishaan Kor,2026-07-29,02:18:51,-07:00,2026-07-28T19:18:51-07:00,2,30
components/meta/GitHubMetaDashboard.tsx,2,tsx,c16a652,Ishaan Kor,2026-07-29,02:18:51,-07:00,2026-07-28T19:18:51-07:00,2,30
components/meta/GitHubMetaDashboard.tsx,3,tsx,c16a652,Ishaan Kor,2026-07-29,02:18:51,-07:00,2026-07-28T19:18:51-07:00,2,30
components/meta/GitHubMetaDashboard.tsx,4,tsx,c16a652,Ishaan Kor,2026-07-29,02:18:51,-07:00,2026-07-28T19:18:51-07:00,2,30
components/meta/GitHubMetaDashboard.tsx,5,tsx,c16a652,Ishaan Kor,2026-07-29,02:18:51,-07:00,2026-07-28T19:18:51-07:00,2,30
components/meta/GitHubMetaDashboard.tsx,6,tsx,c16a652,Ishaan Kor,2026-07-29,02:18:51,-07:00,2026-07-28T19:18:51-07:00,2,30
components/meta/GitHubMetaDashboard.tsx,7,tsx,c16a652,Ishaan Kor,2026-07-29,02:18:51,-07:00,2026-07-28T19:18:51-07:00,2,30
components/meta/GitHubMetaDashboard.tsx,8,tsx,c16a652,Ishaan Kor,2026-07-29,02:18:51,-07:00,2026-07-28T19:18:51-07:00,2,30
components/meta/GitHubMetaDashboard.tsx,9,tsx,c16a652,Ishaan Kor,2026-07-29,02:18:51,-07:00,2026-07-28T19:18:51-07:00,2,30
components/meta/GitHubMetaDashboard.tsx,10,tsx,c16a652,Ishaan Kor,2026-07-29,02:18:51,-07:00,2026-07-28T19:18:51-07:00,2,30
components/meta/GitHubMetaDashboard.tsx,11,tsx,c16a652,Ishaan Kor,2026-07-29,02:18:51,-07:00,2026-07-28T19:18:51-07:00,2,30
components/meta/GitHubMetaDashboard.tsx,12,tsx,c16a652,Ishaan Kor,2026-07-29,02:18:51,-07:00,2026-07-28T19:18:51-07:00,2,30
components/meta/GitHubMetaDashboard.tsx,13,tsx,c16a652,Ishaan Kor,2026-07-29,02:18:51,-07:00,2026-07-28T19:18:51-07:00,2,30
components/meta/GitHubMetaDashboard.tsx,14,tsx,c16a652,Ishaan Kor,2026-07-29,02:18:51,-07:00,2026-07-28T19:18:51-07:00,2,30
components/meta/GitHubMetaDashboard.tsx,15,tsx,c16a652,Ishaan Kor,2026-07-29,02:18:51,-07:00,2026-07-28T19:18:51-07:00,2,30
components/meta/GitHubMetaDashboard.tsx,16,tsx,c16a652,Ishaan Kor,2026-07-29,02:18:51,-07:00,2026-07-28T19:18:51-07:00,2,30
components/meta/GitHubMetaDashboard.tsx,17,tsx,c16a652,Ishaan Kor,2026-07-29,02:18:51,-07:00,2026-07-28T19:18:51-07:00,2,30
components/meta/GitHubMetaDashboard.tsx,18,tsx,c16a652,Ishaan Kor,2026-07-29,02:18:51,-07:00,2026-07-28T19:18:51-07:00,2,30
components/meta/GitHubMetaDashboard.tsx,19,tsx,c16a652,Ishaan Kor,2026-07-29,02:18:51,-07:00,2026-07-28T19:18:51-07:00,2,30
components/meta/GitHubMetaDashboard.tsx,20,tsx,c16a652,Ishaan Kor,2026-07-29,02:18:51,-07:00,2026-07-28T19:18:51-07:00,2,30
components/meta/GitHubMetaDashboard.tsx,21,tsx,c16a652,Ishaan Kor,2026-07-29,02:18:51,-07:00,2026-07-28T19:18:51-07:00,2,30
components/meta/GitHubMetaDashboard.tsx,22,tsx,c16a652,Ishaan Kor,2026-07-29,02:18:51,-07:00,2026-07-28T19:18:51-07:00,2,30
components/meta/GitHubMetaDashboard.tsx,23,tsx,c16a652,Ishaan Kor,2026-07-29,02:18:51,-07:00,2026-07-28T19:18:51-07:00,2,30
components/meta/GitHubMetaDashboard.tsx,24,tsx,c16a652,Ishaan Kor,2026-07-29,02:18:51,-07:00,2026-07-28T19:18:51-07:00,2,30
components/meta/GitHubMetaDashboard.tsx,25,tsx,c16a652,Ishaan Kor,2026-07-29,02:18:51,-07:00,2026-07-28T19:18:51-07:00,2,30
components/meta/GitHubMetaDashboard.tsx,26,tsx,c16a652,Ishaan Kor,2026-07-29,02:18:51,-07:00,2026-07-28T19:18:51-07:00,2,30
components/meta/GitHubMetaDashboard.tsx,27,tsx,c16a652,Ishaan Kor,2026-07-29,02:18:51,-07:00,2026-07-28T19:18:51-07:00,2,30
components/meta/GitHubMetaDashboard.tsx,28,tsx,c16a652,Ishaan Kor,2026-07-29,02:18:51,-07:00,2026-07-28T19:18:51-07:00,2,30
components/meta/GitHubMetaDashboard.tsx,29,tsx,c16a652,Ishaan Kor,2026-07-29,02:18:51,-07:00,2026-07-28T19:18:51-07:00,2,30
components/meta/GitHubMetaDashboard.tsx,30,tsx,c16a652,Ishaan Kor,2026-07-29,02:18:51,-07:00,2026-07-28T19:18:51-07:00,2,30
components/meta/GitHubMetaDashboard.tsx,31,tsx,c16a652,Ishaan Kor,2026-07-29,02:18:51,-07:00,2026-07-28T19:18:51-07:00,2,30
components/meta/GitHubMetaDashboard.tsx,32,tsx,c16a652,Ishaan Kor,2026-07-29,02:18:51,-07:00,2026-07-28T19:18:51-07:00,2,30
components/meta/GitHubMetaDashboard.tsx,33,tsx,c16a652,Ishaan Kor,2026-07-29,02:18:51,-07:00,2026-07-28T19:18:51-07:00,2,30
components/meta/GitHubMetaDashboard.tsx,34,tsx,c16a652,Ishaan Kor,2026-07-29,02:18:51,-07:00,2026-07-28T19:18:51-07:00,2,30
components/meta/GitHubMetaDashboard.tsx,35,tsx,c16a652,Ishaan Kor,2026-07-29,02:18:51,-07:00,2026-07-28T19:18:51-07:00,2,30
components/meta/GitHubMetaDashboard.tsx,36,tsx,c16a652,Ishaan Kor,2026-07-29,02:18:51,-07:00,2026-07-28T19:18:51-07:00,2,30
components/meta/GitHubMetaDashboard.tsx,37,tsx,c16a652,Ishaan Kor,2026-07-29,02:18:51,-07:00,2026-07-28T19:18:51-07:00,2,30
components/meta/GitHubMetaDashboard.tsx,38,tsx,c16a652,Ishaan Kor,2026-07-29,02:18:51,-07:00,2026-07-28T19:18:51-07:00,2,30
components/meta/GitHubMetaDashboard.tsx,39,tsx,c16a652,Ishaan Kor,2026-07-29,02:18:51,-07:00,2026-07-28T19:18:51-07:00,2,30
components/meta/GitHubMetaDashboard.tsx,40,tsx,c16a652,Ishaan Kor,2026-07-29,02:18:51,-07:00,2026-07-28T19:18:51-07:00,2,30
components/meta/GitHubMetaDashboard.tsx,41,tsx,c16a652,Ishaan Kor,2026-07-29,02:18:51,-07:00,2026-07-28T19:18:51-07:00,2,30
components/meta/GitHubMetaDashboard.tsx,42,tsx,c16a652,Ishaan Kor,2026-07-29,02:18:51,-07:00,2026-07-28T19:18:51-07:00,2,30
components/meta/GitHubMetaDashboard.tsx,43,tsx,c16a652,Ishaan Kor,2026-07-29,02:18:51,-07:00,2026-07-28T19:18:51-07:00,2,30
components/meta/GitHubMetaDashboard.tsx,44,tsx,c16a652,Ishaan Kor,2026-07-29,02:18:51,-07:00,2026-07-28T19:18:51-07:00,2,30
components/meta/GitHubMetaDashboard.tsx,45,tsx,c16a652,Ishaan Kor,2026-07-29,02:18:51,-07:00,2026-07-28T19:18:51-07:00,2,30
components/meta/GitHubMetaDashboard.tsx,46,tsx,c16a652,Ishaan Kor,2026-07-29,02:18:51,-07:00,2026-07-28T19:18:51-07:00,2,30
components/meta/GitHubMetaDashboard.tsx,47,tsx,c16a652,Ishaan Kor,2026-07-29,02:18:51,-07:00,2026-07-28T19:18:51-07:00,2,30
components/meta/GitHubMetaDashboard.tsx,48,tsx,c16a652,Ishaan Kor,2026-07-29,02:18:51,-07:00,2026-07-28T19:18:51-07:00,2,30
components/meta/GitHubMetaDashboard.tsx,49,tsx,c16a652,Ishaan Kor,2026-07-29,02:18:51,-07:00,2026-07-28T19:18:51-07:00,2,30
components/meta/GitHubMetaDashboard.tsx,50,tsx,c16a652,Ishaan Kor,2026-07-29,02:18:51,-07:00,2026-07-28T19:18:51-07:00,2,30
out/404.html,1,html,c16a652,Ishaan Kor,2026-07-29,02:18:51,-07:00,2026-07-28T19:18:51-07:00,1,30
out/404.html,2,html,c16a652,Ishaan Kor,2026-07-29,02:18:51,-07:00,2026-07-28T19:18:51-07:00,1,30
out/_next/static/chunks/201-5e47c3ee1df03d3f.js,1,js,c16a652,Ishaan Kor,2026-07-29,02:18:51,-07:00,2026-07-28T19:18:51-07:00,4,30
out/_next/static/chunks/342-5c68ca3555372eec.js,1,js,c16a652,Ishaan Kor,2026-07-29,02:18:51,-07:00,2026-07-28T19:18:51-07:00,4,30
out/_next/static/chunks/523-3389bcaf34c1dfdd.js,1,js,c16a652,Ishaan Kor,2026-07-29,02:18:51,-07:00,2026-07-28T19:18:51-07:00,4,30
out/_next/static/chunks/648-de60030512895955.js,1,js,c16a652,Ishaan Kor,2026-07-29,02:18:51,-07:00,2026-07-28T19:18:51-07:00,4,30
out/_next/static/chunks/app/layout-149355c28375d599.js,1,js,c16a652,Ishaan Kor,2026-07-29,02:18:51,-07:00,2026-07-28T19:18:51-07:00,5,30
out/_next/static/chunks/app/layout-dfec1d8c15e4ce37.js,1,js,c16a652,Ishaan Kor,2026-07-29,02:18:51,-07:00,2026-07-28T19:18:51-07:00,5,30
out/_next/static/chunks/app/meta/page-974df7c37cefcab1.js,1,js,c16a652,Ishaan Kor,2026-07-29,02:18:51,-07:00,2026-07-28T19:18:51-07:00,6,30
out/_next/static/chunks/app/{page-a9956262bc08fff5.js,1,js,c16a652,Ishaan Kor,2026-07-29,02:18:51,-07:00,2026-07-28T19:18:51-07:00,5,30
out/_next/static/chunks/app/{page-a9956262bc08fff5.js,2,js,c16a652,Ishaan Kor,2026-07-29,02:18:51,-07:00,2026-07-28T19:18:51-07:00,5,30
out/_next/static/chunks/app/projects/page-6cab6c9bcd1856b0.js,1,js,c16a652,Ishaan Kor,2026-07-29,02:18:51,-07:00,2026-07-28T19:18:51-07:00,6,30
out/_next/static/chunks/app/projects/page-debecccad6065bfe.js,1,js,c16a652,Ishaan Kor,2026-07-29,02:18:51,-07:00,2026-07-28T19:18:51-07:00,6,30
out/_next/static/chunks/{main-e1ac77fd45342883.js,1,js,c16a652,Ishaan Kor,2026-07-29,02:18:51,-07:00,2026-07-28T19:18:51-07:00,4,30
out/_next/static/chunks/{main-e1ac77fd45342883.js,2,js,c16a652,Ishaan Kor,2026-07-29,02:18:51,-07:00,2026-07-28T19:18:51-07:00,4,30
out/_next/static/css/24204fb38fccba41.css,1,css,c16a652,Ishaan Kor,2026-07-29,02:18:51,-07:00,2026-07-28T19:18:51-07:00,4,30
out/_next/static/css/24204fb38fccba41.css,2,css,c16a652,Ishaan Kor,2026-07-29,02:18:51,-07:00,2026-07-28T19:18:51-07:00,4,30
out/_next/static/css/24204fb38fccba41.css,3,css,c16a652,Ishaan Kor,2026-07-29,02:18:51,-07:00,2026-07-28T19:18:51-07:00,4,30
out/_next/static/css/3e0099ffe19aa72b.css,1,css,c16a652,Ishaan Kor,2026-07-29,02:18:51,-07:00,2026-07-28T19:18:51-07:00,4,30
out/_next/static/css/3e0099ffe19aa72b.css,2,css,c16a652,Ishaan Kor,2026-07-29,02:18:51,-07:00,2026-07-28T19:18:51-07:00,4,30
out/_next/static/css/3e0099ffe19aa72b.css,3,css,c16a652,Ishaan Kor,2026-07-29,02:18:51,-07:00,2026-07-28T19:18:51-07:00,4,30
out/_next/static/{ckVDk_KS2QavA_q4aNF4K,1,code,c16a652,Ishaan Kor,2026-07-29,02:18:51,-07:00,2026-07-28T19:18:51-07:00,3,30
out/_next/static/{ckVDk_KS2QavA_q4aNF4K,1,code,c16a652,Ishaan Kor,2026-07-29,02:18:51,-07:00,2026-07-28T19:18:51-07:00,3,30
out/contact.html,1,html,c16a652,Ishaan Kor,2026-07-29,02:18:51,-07:00,2026-07-28T19:18:51-07:00,1,30
out/contact.html,2,html,c16a652,Ishaan Kor,2026-07-29,02:18:51,-07:00,2026-07-28T19:18:51-07:00,1,30
out/contact.txt,1,txt,c16a652,Ishaan Kor,2026-07-29,02:18:51,-07:00,2026-07-28T19:18:51-07:00,1,30
out/contact.txt,2,txt,c16a652,Ishaan Kor,2026-07-29,02:18:51,-07:00,2026-07-28T19:18:51-07:00,1,30
out/contact.txt,3,txt,c16a652,Ishaan Kor,2026-07-29,02:18:51,-07:00,2026-07-28T19:18:51-07:00,1,30
out/contact.txt,4,txt,c16a652,Ishaan Kor,2026-07-29,02:18:51,-07:00,2026-07-28T19:18:51-07:00,1,30
out/contact.txt,5,txt,c16a652,Ishaan Kor,2026-07-29,02:18:51,-07:00,2026-07-28T19:18:51-07:00,1,30
out/contact.txt,6,txt,c16a652,Ishaan Kor,2026-07-29,02:18:51,-07:00,2026-07-28T19:18:51-07:00,1,30
out/index.html,1,html,c16a652,Ishaan Kor,2026-07-29,02:18:51,-07:00,2026-07-28T19:18:51-07:00,1,30
out/index.html,2,html,c16a652,Ishaan Kor,2026-07-29,02:18:51,-07:00,2026-07-28T19:18:51-07:00,1,30
out/index.txt,1,txt,c16a652,Ishaan Kor,2026-07-29,02:18:51,-07:00,2026-07-28T19:18:51-07:00,1,30
out/index.txt,2,txt,c16a652,Ishaan Kor,2026-07-29,02:18:51,-07:00,2026-07-28T19:18:51-07:00,1,30
out/index.txt,3,txt,c16a652,Ishaan Kor,2026-07-29,02:18:51,-07:00,2026-07-28T19:18:51-07:00,1,30
out/index.txt,4,txt,c16a652,Ishaan Kor,2026-07-29,02:18:51,-07:00,2026-07-28T19:18:51-07:00,1,30
out/index.txt,5,txt,c16a652,Ishaan Kor,2026-07-29,02:18:51,-07:00,2026-07-28T19:18:51-07:00,1,30
out/index.txt,6,txt,c16a652,Ishaan Kor,2026-07-29,02:18:51,-07:00,2026-07-28T19:18:51-07:00,1,30
out/index.txt,7,txt,c16a652,Ishaan Kor,2026-07-29,02:18:51,-07:00,2026-07-28T19:18:51-07:00,1,30
out/index.txt,8,txt,c16a652,Ishaan Kor,2026-07-29,02:18:51,-07:00,2026-07-28T19:18:51-07:00,1,30
out/index.txt,9,txt,c16a652,Ishaan Kor,2026-07-29,02:18:51,-07:00,2026-07-28T19:18:51-07:00,1,30
out/index.txt,10,txt,c16a652,Ishaan Kor,2026-07-29,02:18:51,-07:00,2026-07-28T19:18:51-07:00,1,30
out/index.txt,11,txt,c16a652,Ishaan Kor,2026-07-29,02:18:51,-07:00,2026-07-28T19:18:51-07:00,1,30
out/index.txt,12,txt,c16a652,Ishaan Kor,2026-07-29,02:18:51,-07:00,2026-07-28T19:18:51-07:00,1,30
out/index.txt,13,txt,c16a652,Ishaan Kor,2026-07-29,02:18:51,-07:00,2026-07-28T19:18:51-07:00,1,30
out/index.txt,14,txt,c16a652,Ishaan Kor,2026-07-29,02:18:51,-07:00,2026-07-28T19:18:51-07:00,1,30
out/index.txt,15,txt,c16a652,Ishaan Kor,2026-07-29,02:18:51,-07:00,2026-07-28T19:18:51-07:00,1,30
out/index.txt,16,txt,c16a652,Ishaan Kor,2026-07-29,02:18:51,-07:00,2026-07-28T19:18:51-07:00,1,30
out/index.txt,17,txt,c16a652,Ishaan Kor,2026-07-29,02:18:51,-07:00,2026-07-28T19:18:51-07:00,1,30
out/index.txt,18,txt,c16a652,Ishaan Kor,2026-07-29,02:18:51,-07:00,2026-07-28T19:18:51-07:00,1,30
out/index.txt,19,txt,c16a652,Ishaan Kor,2026-07-29,02:18:51,-07:00,2026-07-28T19:18:51-07:00,1,30
out/index.txt,20,txt,c16a652,Ishaan Kor,2026-07-29,02:18:51,-07:00,2026-07-28T19:18:51-07:00,1,30
out/index.txt,21,txt,c16a652,Ishaan Kor,2026-07-29,02:18:51,-07:00,2026-07-28T19:18:51-07:00,1,30
out/index.txt,22,txt,c16a652,Ishaan Kor,2026-07-29,02:18:51,-07:00,2026-07-28T19:18:51-07:00,1,30
out/meta.html,1,html,c16a652,Ishaan Kor,2026-07-29,02:18:51,-07:00,2026-07-28T19:18:51-07:00,1,30
out/meta.txt,1,txt,c16a652,Ishaan Kor,2026-07-29,02:18:51,-07:00,2026-07-28T19:18:51-07:00,1,30
out/meta.txt,2,txt,c16a652,Ishaan Kor,2026-07-29,02:18:51,-07:00,2026-07-28T19:18:51-07:00,1,30
out/meta.txt,3,txt,c16a652,Ishaan Kor,2026-07-29,02:18:51,-07:00,2026-07-28T19:18:51-07:00,1,30
out/meta.txt,4,txt,c16a652,Ishaan Kor,2026-07-29,02:18:51,-07:00,2026-07-28T19:18:51-07:00,1,30
out/meta.txt,5,txt,c16a652,Ishaan Kor,2026-07-29,02:18:51,-07:00,2026-07-28T19:18:51-07:00,1,30
out/meta.txt,6,txt,c16a652,Ishaan Kor,2026-07-29,02:18:51,-07:00,2026-07-28T19:18:51-07:00,1,30
out/meta.txt,7,txt,c16a652,Ishaan Kor,2026-07-29,02:18:51,-07:00,2026-07-28T19:18:51-07:00,1,30
out/meta.txt,8,txt,c16a652,Ishaan Kor,2026-07-29,02:18:51,-07:00,2026-07-28T19:18:51-07:00,1,30
out/projects.html,1,html,c16a652,Ishaan Kor,2026-07-29,02:18:51,-07:00,2026-07-28T19:18:51-07:00,1,30
out/projects.html,2,html,c16a652,Ishaan Kor,2026-07-29,02:18:51,-07:00,2026-07-28T19:18:51-07:00,1,30
out/projects.txt,1,txt,c16a652,Ishaan Kor,2026-07-29,02:18:51,-07:00,2026-07-28T19:18:51-07:00,1,30
out/projects.txt,2,txt,c16a652,Ishaan Kor,2026-07-29,02:18:51,-07:00,2026-07-28T19:18:51-07:00,1,30
out/projects.txt,3,txt,c16a652,Ishaan Kor,2026-07-29,02:18:51,-07:00,2026-07-28T19:18:51-07:00,1,30
out/projects.txt,4,txt,c16a652,Ishaan Kor,2026-07-29,02:18:51,-07:00,2026-07-28T19:18:51-07:00,1,30
out/projects.txt,5,txt,c16a652,Ishaan Kor,2026-07-29,02:18:51,-07:00,2026-07-28T19:18:51-07:00,1,30
out/projects.txt,6,txt,c16a652,Ishaan Kor,2026-07-29,02:18:51,-07:00,2026-07-28T19:18:51-07:00,1,30
out/projects.txt,7,txt,c16a652,Ishaan Kor,2026-07-29,02:18:51,-07:00,2026-07-28T19:18:51-07:00,1,30
out/projects.txt,8,txt,c16a652,Ishaan Kor,2026-07-29,02:18:51,-07:00,2026-07-28T19:18:51-07:00,1,30
out/projects.txt,9,txt,c16a652,Ishaan Kor,2026-07-29,02:18:51,-07:00,2026-07-28T19:18:51-07:00,1,30
out/projects.txt,10,txt,c16a652,Ishaan Kor,2026-07-29,02:18:51,-07:00,2026-07-28T19:18:51-07:00,1,30
out/resume.html,1,html,c16a652,Ishaan Kor,2026-07-29,02:18:51,-07:00,2026-07-28T19:18:51-07:00,1,30
out/resume.html,2,html,c16a652,Ishaan Kor,2026-07-29,02:18:51,-07:00,2026-07-28T19:18:51-07:00,1,30
out/resume.txt,1,txt,c16a652,Ishaan Kor,2026-07-29,02:18:51,-07:00,2026-07-28T19:18:51-07:00,1,30
out/resume.txt,2,txt,c16a652,Ishaan Kor,2026-07-29,02:18:51,-07:00,2026-07-28T19:18:51-07:00,1,30
out/resume.txt,3,txt,c16a652,Ishaan Kor,2026-07-29,02:18:51,-07:00,2026-07-28T19:18:51-07:00,1,30
out/resume.txt,4,txt,c16a652,Ishaan Kor,2026-07-29,02:18:51,-07:00,2026-07-28T19:18:51-07:00,1,30
out/resume.txt,5,txt,c16a652,Ishaan Kor,2026-07-29,02:18:51,-07:00,2026-07-28T19:18:51-07:00,1,30
out/resume.txt,6,txt,c16a652,Ishaan Kor,2026-07-29,02:18:51,-07:00,2026-07-28T19:18:51-07:00,1,30
components/hero/HeroSection.tsx,1,tsx,1ca59f6,Ishaan Kor,2026-07-29,00:54:48,-07:00,2026-07-28T17:54:48-07:00,2,30
components/hero/HeroSection.tsx,2,tsx,1ca59f6,Ishaan Kor,2026-07-29,00:54:48,-07:00,2026-07-28T17:54:48-07:00,2,30
components/hero/HeroSection.tsx,3,tsx,1ca59f6,Ishaan Kor,2026-07-29,00:54:48,-07:00,2026-07-28T17:54:48-07:00,2,30
components/hero/HeroSection.tsx,4,tsx,1ca59f6,Ishaan Kor,2026-07-29,00:54:48,-07:00,2026-07-28T17:54:48-07:00,2,30
components/hero/HeroSection.tsx,5,tsx,1ca59f6,Ishaan Kor,2026-07-29,00:54:48,-07:00,2026-07-28T17:54:48-07:00,2,30
components/hero/HeroSection.tsx,6,tsx,1ca59f6,Ishaan Kor,2026-07-29,00:54:48,-07:00,2026-07-28T17:54:48-07:00,2,30
components/hero/HeroSection.tsx,7,tsx,1ca59f6,Ishaan Kor,2026-07-29,00:54:48,-07:00,2026-07-28T17:54:48-07:00,2,30
components/hero/HeroSection.tsx,8,tsx,1ca59f6,Ishaan Kor,2026-07-29,00:54:48,-07:00,2026-07-28T17:54:48-07:00,2,30
components/hero/HeroSection.tsx,9,tsx,1ca59f6,Ishaan Kor,2026-07-29,00:54:48,-07:00,2026-07-28T17:54:48-07:00,2,30
components/hero/HeroSection.tsx,10,tsx,1ca59f6,Ishaan Kor,2026-07-29,00:54:48,-07:00,2026-07-28T17:54:48-07:00,2,30
components/hero/HeroSection.tsx,11,tsx,1ca59f6,Ishaan Kor,2026-07-29,00:54:48,-07:00,2026-07-28T17:54:48-07:00,2,30
components/hero/HeroSection.tsx,12,tsx,1ca59f6,Ishaan Kor,2026-07-29,00:54:48,-07:00,2026-07-28T17:54:48-07:00,2,30
components/hero/HeroSection.tsx,13,tsx,1ca59f6,Ishaan Kor,2026-07-29,00:54:48,-07:00,2026-07-28T17:54:48-07:00,2,30
components/hero/HeroSection.tsx,14,tsx,1ca59f6,Ishaan Kor,2026-07-29,00:54:48,-07:00,2026-07-28T17:54:48-07:00,2,30
components/hero/HeroSection.tsx,15,tsx,1ca59f6,Ishaan Kor,2026-07-29,00:54:48,-07:00,2026-07-28T17:54:48-07:00,2,30
components/hero/HeroSection.tsx,16,tsx,1ca59f6,Ishaan Kor,2026-07-29,00:54:48,-07:00,2026-07-28T17:54:48-07:00,2,30
components/hero/HeroSection.tsx,17,tsx,1ca59f6,Ishaan Kor,2026-07-29,00:54:48,-07:00,2026-07-28T17:54:48-07:00,2,30
components/hero/HeroSection.tsx,18,tsx,1ca59f6,Ishaan Kor,2026-07-29,00:54:48,-07:00,2026-07-28T17:54:48-07:00,2,30
components/hero/HeroSection.tsx,19,tsx,1ca59f6,Ishaan Kor,2026-07-29,00:54:48,-07:00,2026-07-28T17:54:48-07:00,2,30
components/hero/HeroSection.tsx,20,tsx,1ca59f6,Ishaan Kor,2026-07-29,00:54:48,-07:00,2026-07-28T17:54:48-07:00,2,30
components/hero/HeroSection.tsx,21,tsx,1ca59f6,Ishaan Kor,2026-07-29,00:54:48,-07:00,2026-07-28T17:54:48-07:00,2,30
components/hero/HeroSection.tsx,22,tsx,1ca59f6,Ishaan Kor,2026-07-29,00:54:48,-07:00,2026-07-28T17:54:48-07:00,2,30
components/hero/HeroSection.tsx,23,tsx,1ca59f6,Ishaan Kor,2026-07-29,00:54:48,-07:00,2026-07-28T17:54:48-07:00,2,30
components/hero/HeroSection.tsx,24,tsx,1ca59f6,Ishaan Kor,2026-07-29,00:54:48,-07:00,2026-07-28T17:54:48-07:00,2,30
components/hero/HeroSection.tsx,25,tsx,1ca59f6,Ishaan Kor,2026-07-29,00:54:48,-07:00,2026-07-28T17:54:48-07:00,2,30
components/hero/HeroSection.tsx,26,tsx,1ca59f6,Ishaan Kor,2026-07-29,00:54:48,-07:00,2026-07-28T17:54:48-07:00,2,30
components/hero/HeroSection.tsx,27,tsx,1ca59f6,Ishaan Kor,2026-07-29,00:54:48,-07:00,2026-07-28T17:54:48-07:00,2,30
components/hero/HeroSection.tsx,28,tsx,1ca59f6,Ishaan Kor,2026-07-29,00:54:48,-07:00,2026-07-28T17:54:48-07:00,2,30
components/hero/HeroSection.tsx,29,tsx,1ca59f6,Ishaan Kor,2026-07-29,00:54:48,-07:00,2026-07-28T17:54:48-07:00,2,30
components/hero/HeroSection.tsx,30,tsx,1ca59f6,Ishaan Kor,2026-07-29,00:54:48,-07:00,2026-07-28T17:54:48-07:00,2,30
components/hero/HeroSection.tsx,31,tsx,1ca59f6,Ishaan Kor,2026-07-29,00:54:48,-07:00,2026-07-28T17:54:48-07:00,2,30
components/hero/HeroSection.tsx,32,tsx,1ca59f6,Ishaan Kor,2026-07-29,00:54:48,-07:00,2026-07-28T17:54:48-07:00,2,30
components/hero/HeroSection.tsx,33,tsx,1ca59f6,Ishaan Kor,2026-07-29,00:54:48,-07:00,2026-07-28T17:54:48-07:00,2,30
components/hero/HeroSection.tsx,34,tsx,1ca59f6,Ishaan Kor,2026-07-29,00:54:48,-07:00,2026-07-28T17:54:48-07:00,2,30
components/hero/HeroSection.tsx,35,tsx,1ca59f6,Ishaan Kor,2026-07-29,00:54:48,-07:00,2026-07-28T17:54:48-07:00,2,30
components/hero/HeroSection.tsx,36,tsx,1ca59f6,Ishaan Kor,2026-07-29,00:54:48,-07:00,2026-07-28T17:54:48-07:00,2,30
components/hero/HeroSection.tsx,37,tsx,1ca59f6,Ishaan Kor,2026-07-29,00:54:48,-07:00,2026-07-28T17:54:48-07:00,2,30
components/hero/HeroSection.tsx,38,tsx,1ca59f6,Ishaan Kor,2026-07-29,00:54:48,-07:00,2026-07-28T17:54:48-07:00,2,30
components/hero/HeroSection.tsx,39,tsx,1ca59f6,Ishaan Kor,2026-07-29,00:54:48,-07:00,2026-07-28T17:54:48-07:00,2,30
components/hero/HeroSection.tsx,40,tsx,1ca59f6,Ishaan Kor,2026-07-29,00:54:48,-07:00,2026-07-28T17:54:48-07:00,2,30
components/hero/HeroSection.tsx,41,tsx,1ca59f6,Ishaan Kor,2026-07-29,00:54:48,-07:00,2026-07-28T17:54:48-07:00,2,30
components/hero/HeroSection.tsx,42,tsx,1ca59f6,Ishaan Kor,2026-07-29,00:54:48,-07:00,2026-07-28T17:54:48-07:00,2,30
components/hero/HeroSection.tsx,43,tsx,1ca59f6,Ishaan Kor,2026-07-29,00:54:48,-07:00,2026-07-28T17:54:48-07:00,2,30
components/hero/HeroSection.tsx,44,tsx,1ca59f6,Ishaan Kor,2026-07-29,00:54:48,-07:00,2026-07-28T17:54:48-07:00,2,30
components/hero/HeroSection.tsx,45,tsx,1ca59f6,Ishaan Kor,2026-07-29,00:54:48,-07:00,2026-07-28T17:54:48-07:00,2,30
components/hero/HeroSection.tsx,46,tsx,1ca59f6,Ishaan Kor,2026-07-29,00:54:48,-07:00,2026-07-28T17:54:48-07:00,2,30
components/hero/HeroSection.tsx,47,tsx,1ca59f6,Ishaan Kor,2026-07-29,00:54:48,-07:00,2026-07-28T17:54:48-07:00,2,30
components/hero/HeroSection.tsx,48,tsx,1ca59f6,Ishaan Kor,2026-07-29,00:54:48,-07:00,2026-07-28T17:54:48-07:00,2,30
components/hero/HeroSection.tsx,49,tsx,1ca59f6,Ishaan Kor,2026-07-29,00:54:48,-07:00,2026-07-28T17:54:48-07:00,2,30
components/hero/HeroSection.tsx,50,tsx,1ca59f6,Ishaan Kor,2026-07-29,00:54:48,-07:00,2026-07-28T17:54:48-07:00,2,30
out/404.html,1,html,1ca59f6,Ishaan Kor,2026-07-29,00:54:48,-07:00,2026-07-28T17:54:48-07:00,1,30
out/404.html,2,html,1ca59f6,Ishaan Kor,2026-07-29,00:54:48,-07:00,2026-07-28T17:54:48-07:00,1,30
out/_next/static/chunks/{662-c96f802d6bf6864e.js,1,js,1ca59f6,Ishaan Kor,2026-07-29,00:54:48,-07:00,2026-07-28T17:54:48-07:00,4,30
out/_next/static/chunks/{662-c96f802d6bf6864e.js,2,js,1ca59f6,Ishaan Kor,2026-07-29,00:54:48,-07:00,2026-07-28T17:54:48-07:00,4,30
out/_next/static/chunks/app/page-8f67845f7c4c662c.js,1,js,1ca59f6,Ishaan Kor,2026-07-29,00:54:48,-07:00,2026-07-28T17:54:48-07:00,5,30
out/_next/static/chunks/app/page-a9956262bc08fff5.js,1,js,1ca59f6,Ishaan Kor,2026-07-29,00:54:48,-07:00,2026-07-28T17:54:48-07:00,5,30
out/_next/static/{lfI88ZTf__NGO1Y0ckerl,1,code,1ca59f6,Ishaan Kor,2026-07-29,00:54:48,-07:00,2026-07-28T17:54:48-07:00,3,30
out/_next/static/{lfI88ZTf__NGO1Y0ckerl,1,code,1ca59f6,Ishaan Kor,2026-07-29,00:54:48,-07:00,2026-07-28T17:54:48-07:00,3,30
out/_next/static/css/3e0099ffe19aa72b.css,1,css,1ca59f6,Ishaan Kor,2026-07-29,00:54:48,-07:00,2026-07-28T17:54:48-07:00,4,30
out/_next/static/css/3e0099ffe19aa72b.css,2,css,1ca59f6,Ishaan Kor,2026-07-29,00:54:48,-07:00,2026-07-28T17:54:48-07:00,4,30
out/_next/static/css/3e0099ffe19aa72b.css,3,css,1ca59f6,Ishaan Kor,2026-07-29,00:54:48,-07:00,2026-07-28T17:54:48-07:00,4,30
out/_next/static/css/fbf01d4ed8c168dd.css,1,css,1ca59f6,Ishaan Kor,2026-07-29,00:54:48,-07:00,2026-07-28T17:54:48-07:00,4,30
out/_next/static/css/fbf01d4ed8c168dd.css,2,css,1ca59f6,Ishaan Kor,2026-07-29,00:54:48,-07:00,2026-07-28T17:54:48-07:00,4,30
out/_next/static/css/fbf01d4ed8c168dd.css,3,css,1ca59f6,Ishaan Kor,2026-07-29,00:54:48,-07:00,2026-07-28T17:54:48-07:00,4,30
out/contact.html,1,html,1ca59f6,Ishaan Kor,2026-07-29,00:54:48,-07:00,2026-07-28T17:54:48-07:00,1,30
out/contact.html,2,html,1ca59f6,Ishaan Kor,2026-07-29,00:54:48,-07:00,2026-07-28T17:54:48-07:00,1,30
out/contact.txt,1,txt,1ca59f6,Ishaan Kor,2026-07-29,00:54:48,-07:00,2026-07-28T17:54:48-07:00,1,30
out/contact.txt,2,txt,1ca59f6,Ishaan Kor,2026-07-29,00:54:48,-07:00,2026-07-28T17:54:48-07:00,1,30
out/index.html,1,html,1ca59f6,Ishaan Kor,2026-07-29,00:54:48,-07:00,2026-07-28T17:54:48-07:00,1,30
out/index.html,2,html,1ca59f6,Ishaan Kor,2026-07-29,00:54:48,-07:00,2026-07-28T17:54:48-07:00,1,30
out/index.txt,1,txt,1ca59f6,Ishaan Kor,2026-07-29,00:54:48,-07:00,2026-07-28T17:54:48-07:00,1,30
out/index.txt,2,txt,1ca59f6,Ishaan Kor,2026-07-29,00:54:48,-07:00,2026-07-28T17:54:48-07:00,1,30
out/index.txt,3,txt,1ca59f6,Ishaan Kor,2026-07-29,00:54:48,-07:00,2026-07-28T17:54:48-07:00,1,30
out/index.txt,4,txt,1ca59f6,Ishaan Kor,2026-07-29,00:54:48,-07:00,2026-07-28T17:54:48-07:00,1,30
out/index.txt,5,txt,1ca59f6,Ishaan Kor,2026-07-29,00:54:48,-07:00,2026-07-28T17:54:48-07:00,1,30
out/index.txt,6,txt,1ca59f6,Ishaan Kor,2026-07-29,00:54:48,-07:00,2026-07-28T17:54:48-07:00,1,30
out/index.txt,7,txt,1ca59f6,Ishaan Kor,2026-07-29,00:54:48,-07:00,2026-07-28T17:54:48-07:00,1,30
out/index.txt,8,txt,1ca59f6,Ishaan Kor,2026-07-29,00:54:48,-07:00,2026-07-28T17:54:48-07:00,1,30
out/index.txt,9,txt,1ca59f6,Ishaan Kor,2026-07-29,00:54:48,-07:00,2026-07-28T17:54:48-07:00,1,30
out/index.txt,10,txt,1ca59f6,Ishaan Kor,2026-07-29,00:54:48,-07:00,2026-07-28T17:54:48-07:00,1,30
out/index.txt,11,txt,1ca59f6,Ishaan Kor,2026-07-29,00:54:48,-07:00,2026-07-28T17:54:48-07:00,1,30
out/index.txt,12,txt,1ca59f6,Ishaan Kor,2026-07-29,00:54:48,-07:00,2026-07-28T17:54:48-07:00,1,30
out/index.txt,13,txt,1ca59f6,Ishaan Kor,2026-07-29,00:54:48,-07:00,2026-07-28T17:54:48-07:00,1,30
out/index.txt,14,txt,1ca59f6,Ishaan Kor,2026-07-29,00:54:48,-07:00,2026-07-28T17:54:48-07:00,1,30
out/index.txt,15,txt,1ca59f6,Ishaan Kor,2026-07-29,00:54:48,-07:00,2026-07-28T17:54:48-07:00,1,30
out/index.txt,16,txt,1ca59f6,Ishaan Kor,2026-07-29,00:54:48,-07:00,2026-07-28T17:54:48-07:00,1,30
out/index.txt,17,txt,1ca59f6,Ishaan Kor,2026-07-29,00:54:48,-07:00,2026-07-28T17:54:48-07:00,1,30
out/index.txt,18,txt,1ca59f6,Ishaan Kor,2026-07-29,00:54:48,-07:00,2026-07-28T17:54:48-07:00,1,30
out/projects.html,1,html,1ca59f6,Ishaan Kor,2026-07-29,00:54:48,-07:00,2026-07-28T17:54:48-07:00,1,30
out/projects.html,2,html,1ca59f6,Ishaan Kor,2026-07-29,00:54:48,-07:00,2026-07-28T17:54:48-07:00,1,30
out/projects.txt,1,txt,1ca59f6,Ishaan Kor,2026-07-29,00:54:48,-07:00,2026-07-28T17:54:48-07:00,1,30
out/projects.txt,2,txt,1ca59f6,Ishaan Kor,2026-07-29,00:54:48,-07:00,2026-07-28T17:54:48-07:00,1,30
out/resume.html,1,html,1ca59f6,Ishaan Kor,2026-07-29,00:54:48,-07:00,2026-07-28T17:54:48-07:00,1,30
out/resume.html,2,html,1ca59f6,Ishaan Kor,2026-07-29,00:54:48,-07:00,2026-07-28T17:54:48-07:00,1,30
out/resume.txt,1,txt,1ca59f6,Ishaan Kor,2026-07-29,00:54:48,-07:00,2026-07-28T17:54:48-07:00,1,30
out/resume.txt,2,txt,1ca59f6,Ishaan Kor,2026-07-29,00:54:48,-07:00,2026-07-28T17:54:48-07:00,1,30
components/analytics/GitHubAnalytics.tsx,1,tsx,a53448e,Ishaan Kor,2026-07-28,23:56:20,-07:00,2026-07-28T16:56:20-07:00,2,30
components/analytics/GitHubAnalytics.tsx,2,tsx,a53448e,Ishaan Kor,2026-07-28,23:56:20,-07:00,2026-07-28T16:56:20-07:00,2,30
components/analytics/GitHubAnalytics.tsx,3,tsx,a53448e,Ishaan Kor,2026-07-28,23:56:20,-07:00,2026-07-28T16:56:20-07:00,2,30
components/analytics/GitHubAnalytics.tsx,4,tsx,a53448e,Ishaan Kor,2026-07-28,23:56:20,-07:00,2026-07-28T16:56:20-07:00,2,30
components/analytics/GitHubAnalytics.tsx,5,tsx,a53448e,Ishaan Kor,2026-07-28,23:56:20,-07:00,2026-07-28T16:56:20-07:00,2,30
components/analytics/GitHubAnalytics.tsx,6,tsx,a53448e,Ishaan Kor,2026-07-28,23:56:20,-07:00,2026-07-28T16:56:20-07:00,2,30
components/analytics/GitHubAnalytics.tsx,7,tsx,a53448e,Ishaan Kor,2026-07-28,23:56:20,-07:00,2026-07-28T16:56:20-07:00,2,30
components/analytics/GitHubAnalytics.tsx,8,tsx,a53448e,Ishaan Kor,2026-07-28,23:56:20,-07:00,2026-07-28T16:56:20-07:00,2,30
components/analytics/GitHubAnalytics.tsx,9,tsx,a53448e,Ishaan Kor,2026-07-28,23:56:20,-07:00,2026-07-28T16:56:20-07:00,2,30
components/analytics/GitHubAnalytics.tsx,10,tsx,a53448e,Ishaan Kor,2026-07-28,23:56:20,-07:00,2026-07-28T16:56:20-07:00,2,30
components/analytics/GitHubAnalytics.tsx,11,tsx,a53448e,Ishaan Kor,2026-07-28,23:56:20,-07:00,2026-07-28T16:56:20-07:00,2,30
components/analytics/GitHubAnalytics.tsx,12,tsx,a53448e,Ishaan Kor,2026-07-28,23:56:20,-07:00,2026-07-28T16:56:20-07:00,2,30
components/analytics/GitHubAnalytics.tsx,13,tsx,a53448e,Ishaan Kor,2026-07-28,23:56:20,-07:00,2026-07-28T16:56:20-07:00,2,30
components/analytics/GitHubAnalytics.tsx,14,tsx,a53448e,Ishaan Kor,2026-07-28,23:56:20,-07:00,2026-07-28T16:56:20-07:00,2,30
components/analytics/GitHubAnalytics.tsx,15,tsx,a53448e,Ishaan Kor,2026-07-28,23:56:20,-07:00,2026-07-28T16:56:20-07:00,2,30
components/analytics/GitHubAnalytics.tsx,16,tsx,a53448e,Ishaan Kor,2026-07-28,23:56:20,-07:00,2026-07-28T16:56:20-07:00,2,30
components/analytics/GitHubAnalytics.tsx,17,tsx,a53448e,Ishaan Kor,2026-07-28,23:56:20,-07:00,2026-07-28T16:56:20-07:00,2,30
components/analytics/GitHubAnalytics.tsx,18,tsx,a53448e,Ishaan Kor,2026-07-28,23:56:20,-07:00,2026-07-28T16:56:20-07:00,2,30
components/analytics/GitHubAnalytics.tsx,19,tsx,a53448e,Ishaan Kor,2026-07-28,23:56:20,-07:00,2026-07-28T16:56:20-07:00,2,30
components/analytics/GitHubAnalytics.tsx,20,tsx,a53448e,Ishaan Kor,2026-07-28,23:56:20,-07:00,2026-07-28T16:56:20-07:00,2,30
components/analytics/GitHubAnalytics.tsx,21,tsx,a53448e,Ishaan Kor,2026-07-28,23:56:20,-07:00,2026-07-28T16:56:20-07:00,2,30
components/analytics/GitHubAnalytics.tsx,22,tsx,a53448e,Ishaan Kor,2026-07-28,23:56:20,-07:00,2026-07-28T16:56:20-07:00,2,30
components/analytics/GitHubAnalytics.tsx,23,tsx,a53448e,Ishaan Kor,2026-07-28,23:56:20,-07:00,2026-07-28T16:56:20-07:00,2,30
components/analytics/GitHubAnalytics.tsx,24,tsx,a53448e,Ishaan Kor,2026-07-28,23:56:20,-07:00,2026-07-28T16:56:20-07:00,2,30
components/analytics/GitHubAnalytics.tsx,25,tsx,a53448e,Ishaan Kor,2026-07-28,23:56:20,-07:00,2026-07-28T16:56:20-07:00,2,30
components/analytics/GitHubAnalytics.tsx,26,tsx,a53448e,Ishaan Kor,2026-07-28,23:56:20,-07:00,2026-07-28T16:56:20-07:00,2,30
components/analytics/GitHubAnalytics.tsx,27,tsx,a53448e,Ishaan Kor,2026-07-28,23:56:20,-07:00,2026-07-28T16:56:20-07:00,2,30
components/analytics/GitHubAnalytics.tsx,28,tsx,a53448e,Ishaan Kor,2026-07-28,23:56:20,-07:00,2026-07-28T16:56:20-07:00,2,30
components/analytics/GitHubAnalytics.tsx,29,tsx,a53448e,Ishaan Kor,2026-07-28,23:56:20,-07:00,2026-07-28T16:56:20-07:00,2,30
components/analytics/GitHubAnalytics.tsx,30,tsx,a53448e,Ishaan Kor,2026-07-28,23:56:20,-07:00,2026-07-28T16:56:20-07:00,2,30
components/analytics/GitHubAnalytics.tsx,31,tsx,a53448e,Ishaan Kor,2026-07-28,23:56:20,-07:00,2026-07-28T16:56:20-07:00,2,30
components/analytics/GitHubAnalytics.tsx,32,tsx,a53448e,Ishaan Kor,2026-07-28,23:56:20,-07:00,2026-07-28T16:56:20-07:00,2,30
components/analytics/GitHubAnalytics.tsx,33,tsx,a53448e,Ishaan Kor,2026-07-28,23:56:20,-07:00,2026-07-28T16:56:20-07:00,2,30
components/analytics/GitHubAnalytics.tsx,34,tsx,a53448e,Ishaan Kor,2026-07-28,23:56:20,-07:00,2026-07-28T16:56:20-07:00,2,30
components/analytics/GitHubAnalytics.tsx,35,tsx,a53448e,Ishaan Kor,2026-07-28,23:56:20,-07:00,2026-07-28T16:56:20-07:00,2,30
components/analytics/GitHubAnalytics.tsx,36,tsx,a53448e,Ishaan Kor,2026-07-28,23:56:20,-07:00,2026-07-28T16:56:20-07:00,2,30
components/analytics/GitHubAnalytics.tsx,37,tsx,a53448e,Ishaan Kor,2026-07-28,23:56:20,-07:00,2026-07-28T16:56:20-07:00,2,30
components/analytics/GitHubAnalytics.tsx,38,tsx,a53448e,Ishaan Kor,2026-07-28,23:56:20,-07:00,2026-07-28T16:56:20-07:00,2,30
components/analytics/GitHubAnalytics.tsx,39,tsx,a53448e,Ishaan Kor,2026-07-28,23:56:20,-07:00,2026-07-28T16:56:20-07:00,2,30
components/analytics/GitHubAnalytics.tsx,40,tsx,a53448e,Ishaan Kor,2026-07-28,23:56:20,-07:00,2026-07-28T16:56:20-07:00,2,30
components/analytics/GitHubAnalytics.tsx,41,tsx,a53448e,Ishaan Kor,2026-07-28,23:56:20,-07:00,2026-07-28T16:56:20-07:00,2,30
components/analytics/GitHubAnalytics.tsx,42,tsx,a53448e,Ishaan Kor,2026-07-28,23:56:20,-07:00,2026-07-28T16:56:20-07:00,2,30
components/analytics/GitHubAnalytics.tsx,43,tsx,a53448e,Ishaan Kor,2026-07-28,23:56:20,-07:00,2026-07-28T16:56:20-07:00,2,30
components/analytics/GitHubAnalytics.tsx,44,tsx,a53448e,Ishaan Kor,2026-07-28,23:56:20,-07:00,2026-07-28T16:56:20-07:00,2,30
components/analytics/GitHubAnalytics.tsx,45,tsx,a53448e,Ishaan Kor,2026-07-28,23:56:20,-07:00,2026-07-28T16:56:20-07:00,2,30
components/analytics/GitHubAnalytics.tsx,46,tsx,a53448e,Ishaan Kor,2026-07-28,23:56:20,-07:00,2026-07-28T16:56:20-07:00,2,30
components/analytics/GitHubAnalytics.tsx,47,tsx,a53448e,Ishaan Kor,2026-07-28,23:56:20,-07:00,2026-07-28T16:56:20-07:00,2,30
components/analytics/GitHubAnalytics.tsx,48,tsx,a53448e,Ishaan Kor,2026-07-28,23:56:20,-07:00,2026-07-28T16:56:20-07:00,2,30
components/analytics/GitHubAnalytics.tsx,49,tsx,a53448e,Ishaan Kor,2026-07-28,23:56:20,-07:00,2026-07-28T16:56:20-07:00,2,30
components/analytics/GitHubAnalytics.tsx,50,tsx,a53448e,Ishaan Kor,2026-07-28,23:56:20,-07:00,2026-07-28T16:56:20-07:00,2,30
components/projects/ProjectsShowcase.tsx,1,tsx,a53448e,Ishaan Kor,2026-07-28,23:56:20,-07:00,2026-07-28T16:56:20-07:00,2,30
components/projects/ProjectsShowcase.tsx,2,tsx,a53448e,Ishaan Kor,2026-07-28,23:56:20,-07:00,2026-07-28T16:56:20-07:00,2,30
components/projects/ProjectsShowcase.tsx,3,tsx,a53448e,Ishaan Kor,2026-07-28,23:56:20,-07:00,2026-07-28T16:56:20-07:00,2,30
components/projects/ProjectsShowcase.tsx,4,tsx,a53448e,Ishaan Kor,2026-07-28,23:56:20,-07:00,2026-07-28T16:56:20-07:00,2,30
components/projects/ProjectsShowcase.tsx,5,tsx,a53448e,Ishaan Kor,2026-07-28,23:56:20,-07:00,2026-07-28T16:56:20-07:00,2,30
components/projects/ProjectsShowcase.tsx,6,tsx,a53448e,Ishaan Kor,2026-07-28,23:56:20,-07:00,2026-07-28T16:56:20-07:00,2,30
components/projects/ProjectsShowcase.tsx,7,tsx,a53448e,Ishaan Kor,2026-07-28,23:56:20,-07:00,2026-07-28T16:56:20-07:00,2,30
components/projects/ProjectsShowcase.tsx,8,tsx,a53448e,Ishaan Kor,2026-07-28,23:56:20,-07:00,2026-07-28T16:56:20-07:00,2,30
components/projects/ProjectsShowcase.tsx,9,tsx,a53448e,Ishaan Kor,2026-07-28,23:56:20,-07:00,2026-07-28T16:56:20-07:00,2,30
components/projects/ProjectsShowcase.tsx,10,tsx,a53448e,Ishaan Kor,2026-07-28,23:56:20,-07:00,2026-07-28T16:56:20-07:00,2,30
components/projects/ProjectsShowcase.tsx,11,tsx,a53448e,Ishaan Kor,2026-07-28,23:56:20,-07:00,2026-07-28T16:56:20-07:00,2,30
components/projects/ProjectsShowcase.tsx,12,tsx,a53448e,Ishaan Kor,2026-07-28,23:56:20,-07:00,2026-07-28T16:56:20-07:00,2,30
components/projects/ProjectsShowcase.tsx,13,tsx,a53448e,Ishaan Kor,2026-07-28,23:56:20,-07:00,2026-07-28T16:56:20-07:00,2,30
components/projects/ProjectsShowcase.tsx,14,tsx,a53448e,Ishaan Kor,2026-07-28,23:56:20,-07:00,2026-07-28T16:56:20-07:00,2,30
components/projects/ProjectsShowcase.tsx,15,tsx,a53448e,Ishaan Kor,2026-07-28,23:56:20,-07:00,2026-07-28T16:56:20-07:00,2,30
components/projects/ProjectsShowcase.tsx,16,tsx,a53448e,Ishaan Kor,2026-07-28,23:56:20,-07:00,2026-07-28T16:56:20-07:00,2,30
components/projects/ProjectsShowcase.tsx,17,tsx,a53448e,Ishaan Kor,2026-07-28,23:56:20,-07:00,2026-07-28T16:56:20-07:00,2,30
components/projects/ProjectsShowcase.tsx,18,tsx,a53448e,Ishaan Kor,2026-07-28,23:56:20,-07:00,2026-07-28T16:56:20-07:00,2,30
components/projects/ProjectsShowcase.tsx,19,tsx,a53448e,Ishaan Kor,2026-07-28,23:56:20,-07:00,2026-07-28T16:56:20-07:00,2,30
components/projects/ProjectsShowcase.tsx,20,tsx,a53448e,Ishaan Kor,2026-07-28,23:56:20,-07:00,2026-07-28T16:56:20-07:00,2,30
components/projects/ProjectsShowcase.tsx,21,tsx,a53448e,Ishaan Kor,2026-07-28,23:56:20,-07:00,2026-07-28T16:56:20-07:00,2,30
components/projects/ProjectsShowcase.tsx,22,tsx,a53448e,Ishaan Kor,2026-07-28,23:56:20,-07:00,2026-07-28T16:56:20-07:00,2,30
components/projects/ProjectsShowcase.tsx,23,tsx,a53448e,Ishaan Kor,2026-07-28,23:56:20,-07:00,2026-07-28T16:56:20-07:00,2,30
components/projects/ProjectsShowcase.tsx,24,tsx,a53448e,Ishaan Kor,2026-07-28,23:56:20,-07:00,2026-07-28T16:56:20-07:00,2,30
components/projects/ProjectsShowcase.tsx,25,tsx,a53448e,Ishaan Kor,2026-07-28,23:56:20,-07:00,2026-07-28T16:56:20-07:00,2,30
components/projects/ProjectsShowcase.tsx,26,tsx,a53448e,Ishaan Kor,2026-07-28,23:56:20,-07:00,2026-07-28T16:56:20-07:00,2,30
components/projects/ProjectsShowcase.tsx,27,tsx,a53448e,Ishaan Kor,2026-07-28,23:56:20,-07:00,2026-07-28T16:56:20-07:00,2,30
components/projects/ProjectsShowcase.tsx,28,tsx,a53448e,Ishaan Kor,2026-07-28,23:56:20,-07:00,2026-07-28T16:56:20-07:00,2,30
components/projects/ProjectsShowcase.tsx,29,tsx,a53448e,Ishaan Kor,2026-07-28,23:56:20,-07:00,2026-07-28T16:56:20-07:00,2,30
components/projects/ProjectsShowcase.tsx,30,tsx,a53448e,Ishaan Kor,2026-07-28,23:56:20,-07:00,2026-07-28T16:56:20-07:00,2,30
components/skills/TechStackSection.tsx,1,tsx,a53448e,Ishaan Kor,2026-07-28,23:56:20,-07:00,2026-07-28T16:56:20-07:00,2,30
components/skills/TechStackSection.tsx,2,tsx,a53448e,Ishaan Kor,2026-07-28,23:56:20,-07:00,2026-07-28T16:56:20-07:00,2,30
components/skills/TechStackSection.tsx,3,tsx,a53448e,Ishaan Kor,2026-07-28,23:56:20,-07:00,2026-07-28T16:56:20-07:00,2,30
components/skills/TechStackSection.tsx,4,tsx,a53448e,Ishaan Kor,2026-07-28,23:56:20,-07:00,2026-07-28T16:56:20-07:00,2,30
components/skills/TechStackSection.tsx,5,tsx,a53448e,Ishaan Kor,2026-07-28,23:56:20,-07:00,2026-07-28T16:56:20-07:00,2,30
components/skills/TechStackSection.tsx,6,tsx,a53448e,Ishaan Kor,2026-07-28,23:56:20,-07:00,2026-07-28T16:56:20-07:00,2,30
components/skills/TechStackSection.tsx,7,tsx,a53448e,Ishaan Kor,2026-07-28,23:56:20,-07:00,2026-07-28T16:56:20-07:00,2,30
components/skills/TechStackSection.tsx,8,tsx,a53448e,Ishaan Kor,2026-07-28,23:56:20,-07:00,2026-07-28T16:56:20-07:00,2,30
components/skills/TechStackSection.tsx,9,tsx,a53448e,Ishaan Kor,2026-07-28,23:56:20,-07:00,2026-07-28T16:56:20-07:00,2,30
components/skills/TechStackSection.tsx,10,tsx,a53448e,Ishaan Kor,2026-07-28,23:56:20,-07:00,2026-07-28T16:56:20-07:00,2,30
components/skills/TechStackSection.tsx,11,tsx,a53448e,Ishaan Kor,2026-07-28,23:56:20,-07:00,2026-07-28T16:56:20-07:00,2,30
components/skills/TechStackSection.tsx,12,tsx,a53448e,Ishaan Kor,2026-07-28,23:56:20,-07:00,2026-07-28T16:56:20-07:00,2,30
components/skills/TechStackSection.tsx,13,tsx,a53448e,Ishaan Kor,2026-07-28,23:56:20,-07:00,2026-07-28T16:56:20-07:00,2,30
components/skills/TechStackSection.tsx,14,tsx,a53448e,Ishaan Kor,2026-07-28,23:56:20,-07:00,2026-07-28T16:56:20-07:00,2,30
components/skills/TechStackSection.tsx,15,tsx,a53448e,Ishaan Kor,2026-07-28,23:56:20,-07:00,2026-07-28T16:56:20-07:00,2,30
components/skills/TechStackSection.tsx,16,tsx,a53448e,Ishaan Kor,2026-07-28,23:56:20,-07:00,2026-07-28T16:56:20-07:00,2,30
components/skills/TechStackSection.tsx,17,tsx,a53448e,Ishaan Kor,2026-07-28,23:56:20,-07:00,2026-07-28T16:56:20-07:00,2,30
components/skills/TechStackSection.tsx,18,tsx,a53448e,Ishaan Kor,2026-07-28,23:56:20,-07:00,2026-07-28T16:56:20-07:00,2,30
components/skills/TechStackSection.tsx,19,tsx,a53448e,Ishaan Kor,2026-07-28,23:56:20,-07:00,2026-07-28T16:56:20-07:00,2,30
components/skills/TechStackSection.tsx,20,tsx,a53448e,Ishaan Kor,2026-07-28,23:56:20,-07:00,2026-07-28T16:56:20-07:00,2,30
components/skills/TechStackSection.tsx,21,tsx,a53448e,Ishaan Kor,2026-07-28,23:56:20,-07:00,2026-07-28T16:56:20-07:00,2,30
components/skills/TechStackSection.tsx,22,tsx,a53448e,Ishaan Kor,2026-07-28,23:56:20,-07:00,2026-07-28T16:56:20-07:00,2,30
components/skills/TechStackSection.tsx,23,tsx,a53448e,Ishaan Kor,2026-07-28,23:56:20,-07:00,2026-07-28T16:56:20-07:00,2,30
components/skills/TechStackSection.tsx,24,tsx,a53448e,Ishaan Kor,2026-07-28,23:56:20,-07:00,2026-07-28T16:56:20-07:00,2,30
components/skills/TechStackSection.tsx,25,tsx,a53448e,Ishaan Kor,2026-07-28,23:56:20,-07:00,2026-07-28T16:56:20-07:00,2,30
components/skills/TechStackSection.tsx,26,tsx,a53448e,Ishaan Kor,2026-07-28,23:56:20,-07:00,2026-07-28T16:56:20-07:00,2,30
components/skills/TechStackSection.tsx,27,tsx,a53448e,Ishaan Kor,2026-07-28,23:56:20,-07:00,2026-07-28T16:56:20-07:00,2,30
components/skills/TechStackSection.tsx,28,tsx,a53448e,Ishaan Kor,2026-07-28,23:56:20,-07:00,2026-07-28T16:56:20-07:00,2,30
components/skills/TechStackSection.tsx,29,tsx,a53448e,Ishaan Kor,2026-07-28,23:56:20,-07:00,2026-07-28T16:56:20-07:00,2,30
components/skills/TechStackSection.tsx,30,tsx,a53448e,Ishaan Kor,2026-07-28,23:56:20,-07:00,2026-07-28T16:56:20-07:00,2,30
components/skills/TechStackSection.tsx,31,tsx,a53448e,Ishaan Kor,2026-07-28,23:56:20,-07:00,2026-07-28T16:56:20-07:00,2,30
components/skills/TechStackSection.tsx,32,tsx,a53448e,Ishaan Kor,2026-07-28,23:56:20,-07:00,2026-07-28T16:56:20-07:00,2,30
components/skills/TechStackSection.tsx,33,tsx,a53448e,Ishaan Kor,2026-07-28,23:56:20,-07:00,2026-07-28T16:56:20-07:00,2,30
components/skills/TechStackSection.tsx,34,tsx,a53448e,Ishaan Kor,2026-07-28,23:56:20,-07:00,2026-07-28T16:56:20-07:00,2,30
components/skills/TechStackSection.tsx,35,tsx,a53448e,Ishaan Kor,2026-07-28,23:56:20,-07:00,2026-07-28T16:56:20-07:00,2,30
components/skills/TechStackSection.tsx,36,tsx,a53448e,Ishaan Kor,2026-07-28,23:56:20,-07:00,2026-07-28T16:56:20-07:00,2,30
components/skills/TechStackSection.tsx,37,tsx,a53448e,Ishaan Kor,2026-07-28,23:56:20,-07:00,2026-07-28T16:56:20-07:00,2,30
components/skills/TechStackSection.tsx,38,tsx,a53448e,Ishaan Kor,2026-07-28,23:56:20,-07:00,2026-07-28T16:56:20-07:00,2,30
components/skills/TechStackSection.tsx,39,tsx,a53448e,Ishaan Kor,2026-07-28,23:56:20,-07:00,2026-07-28T16:56:20-07:00,2,30
components/skills/TechStackSection.tsx,40,tsx,a53448e,Ishaan Kor,2026-07-28,23:56:20,-07:00,2026-07-28T16:56:20-07:00,2,30
components/skills/TechStackSection.tsx,41,tsx,a53448e,Ishaan Kor,2026-07-28,23:56:20,-07:00,2026-07-28T16:56:20-07:00,2,30
components/skills/TechStackSection.tsx,42,tsx,a53448e,Ishaan Kor,2026-07-28,23:56:20,-07:00,2026-07-28T16:56:20-07:00,2,30
components/skills/TechStackSection.tsx,43,tsx,a53448e,Ishaan Kor,2026-07-28,23:56:20,-07:00,2026-07-28T16:56:20-07:00,2,30
components/skills/TechStackSection.tsx,44,tsx,a53448e,Ishaan Kor,2026-07-28,23:56:20,-07:00,2026-07-28T16:56:20-07:00,2,30
components/skills/TechStackSection.tsx,45,tsx,a53448e,Ishaan Kor,2026-07-28,23:56:20,-07:00,2026-07-28T16:56:20-07:00,2,30
components/skills/TechStackSection.tsx,46,tsx,a53448e,Ishaan Kor,2026-07-28,23:56:20,-07:00,2026-07-28T16:56:20-07:00,2,30
components/skills/TechStackSection.tsx,47,tsx,a53448e,Ishaan Kor,2026-07-28,23:56:20,-07:00,2026-07-28T16:56:20-07:00,2,30
components/skills/TechStackSection.tsx,48,tsx,a53448e,Ishaan Kor,2026-07-28,23:56:20,-07:00,2026-07-28T16:56:20-07:00,2,30
components/skills/TechStackSection.tsx,49,tsx,a53448e,Ishaan Kor,2026-07-28,23:56:20,-07:00,2026-07-28T16:56:20-07:00,2,30
components/skills/TechStackSection.tsx,50,tsx,a53448e,Ishaan Kor,2026-07-28,23:56:20,-07:00,2026-07-28T16:56:20-07:00,2,30
out/404.html,1,html,a53448e,Ishaan Kor,2026-07-28,23:56:20,-07:00,2026-07-28T16:56:20-07:00,1,30
out/404.html,2,html,a53448e,Ishaan Kor,2026-07-28,23:56:20,-07:00,2026-07-28T16:56:20-07:00,1,30
out/_next/static/chunks/356-03806d1631342567.js,1,js,a53448e,Ishaan Kor,2026-07-28,23:56:20,-07:00,2026-07-28T16:56:20-07:00,4,30
out/_next/static/chunks/356-0ae75b657a1b5c54.js,1,js,a53448e,Ishaan Kor,2026-07-28,23:56:20,-07:00,2026-07-28T16:56:20-07:00,4,30
out/_next/static/chunks/app/page-8f67845f7c4c662c.js,1,js,a53448e,Ishaan Kor,2026-07-28,23:56:20,-07:00,2026-07-28T16:56:20-07:00,5,30
out/_next/static/chunks/app/page-ef1a27ba735e7824.js,1,js,a53448e,Ishaan Kor,2026-07-28,23:56:20,-07:00,2026-07-28T16:56:20-07:00,5,30
out/_next/static/chunks/app/resume/page-15c9bfbef1a59261.js,1,js,a53448e,Ishaan Kor,2026-07-28,23:56:20,-07:00,2026-07-28T16:56:20-07:00,6,30
out/_next/static/chunks/app/resume/page-f1cbd8502b41de91.js,1,js,a53448e,Ishaan Kor,2026-07-28,23:56:20,-07:00,2026-07-28T16:56:20-07:00,6,30
out/_next/static/css/9138cb0731384124.css,1,css,a53448e,Ishaan Kor,2026-07-28,23:56:20,-07:00,2026-07-28T16:56:20-07:00,4,30
out/_next/static/css/9138cb0731384124.css,2,css,a53448e,Ishaan Kor,2026-07-28,23:56:20,-07:00,2026-07-28T16:56:20-07:00,4,30
out/_next/static/css/9138cb0731384124.css,3,css,a53448e,Ishaan Kor,2026-07-28,23:56:20,-07:00,2026-07-28T16:56:20-07:00,4,30
out/_next/static/css/fbf01d4ed8c168dd.css,1,css,a53448e,Ishaan Kor,2026-07-28,23:56:20,-07:00,2026-07-28T16:56:20-07:00,4,30
out/_next/static/css/fbf01d4ed8c168dd.css,2,css,a53448e,Ishaan Kor,2026-07-28,23:56:20,-07:00,2026-07-28T16:56:20-07:00,4,30
out/_next/static/css/fbf01d4ed8c168dd.css,3,css,a53448e,Ishaan Kor,2026-07-28,23:56:20,-07:00,2026-07-28T16:56:20-07:00,4,30
out/_next/static/{WduW8XCu8Apfswa4fN0UG,1,code,a53448e,Ishaan Kor,2026-07-28,23:56:20,-07:00,2026-07-28T16:56:20-07:00,3,30
out/_next/static/{WduW8XCu8Apfswa4fN0UG,1,code,a53448e,Ishaan Kor,2026-07-28,23:56:20,-07:00,2026-07-28T16:56:20-07:00,3,30
out/contact.html,1,html,a53448e,Ishaan Kor,2026-07-28,23:56:20,-07:00,2026-07-28T16:56:20-07:00,1,30
out/contact.html,2,html,a53448e,Ishaan Kor,2026-07-28,23:56:20,-07:00,2026-07-28T16:56:20-07:00,1,30
out/contact.txt,1,txt,a53448e,Ishaan Kor,2026-07-28,23:56:20,-07:00,2026-07-28T16:56:20-07:00,1,30
out/contact.txt,2,txt,a53448e,Ishaan Kor,2026-07-28,23:56:20,-07:00,2026-07-28T16:56:20-07:00,1,30
out/index.html,1,html,a53448e,Ishaan Kor,2026-07-28,23:56:20,-07:00,2026-07-28T16:56:20-07:00,1,30
out/index.html,2,html,a53448e,Ishaan Kor,2026-07-28,23:56:20,-07:00,2026-07-28T16:56:20-07:00,1,30
out/index.txt,1,txt,a53448e,Ishaan Kor,2026-07-28,23:56:20,-07:00,2026-07-28T16:56:20-07:00,1,30
out/index.txt,2,txt,a53448e,Ishaan Kor,2026-07-28,23:56:20,-07:00,2026-07-28T16:56:20-07:00,1,30
out/index.txt,3,txt,a53448e,Ishaan Kor,2026-07-28,23:56:20,-07:00,2026-07-28T16:56:20-07:00,1,30
out/index.txt,4,txt,a53448e,Ishaan Kor,2026-07-28,23:56:20,-07:00,2026-07-28T16:56:20-07:00,1,30
out/index.txt,5,txt,a53448e,Ishaan Kor,2026-07-28,23:56:20,-07:00,2026-07-28T16:56:20-07:00,1,30
out/index.txt,6,txt,a53448e,Ishaan Kor,2026-07-28,23:56:20,-07:00,2026-07-28T16:56:20-07:00,1,30
out/index.txt,7,txt,a53448e,Ishaan Kor,2026-07-28,23:56:20,-07:00,2026-07-28T16:56:20-07:00,1,30
out/index.txt,8,txt,a53448e,Ishaan Kor,2026-07-28,23:56:20,-07:00,2026-07-28T16:56:20-07:00,1,30
out/index.txt,9,txt,a53448e,Ishaan Kor,2026-07-28,23:56:20,-07:00,2026-07-28T16:56:20-07:00,1,30
out/index.txt,10,txt,a53448e,Ishaan Kor,2026-07-28,23:56:20,-07:00,2026-07-28T16:56:20-07:00,1,30
out/index.txt,11,txt,a53448e,Ishaan Kor,2026-07-28,23:56:20,-07:00,2026-07-28T16:56:20-07:00,1,30
out/index.txt,12,txt,a53448e,Ishaan Kor,2026-07-28,23:56:20,-07:00,2026-07-28T16:56:20-07:00,1,30
out/index.txt,13,txt,a53448e,Ishaan Kor,2026-07-28,23:56:20,-07:00,2026-07-28T16:56:20-07:00,1,30
out/index.txt,14,txt,a53448e,Ishaan Kor,2026-07-28,23:56:20,-07:00,2026-07-28T16:56:20-07:00,1,30
out/index.txt,15,txt,a53448e,Ishaan Kor,2026-07-28,23:56:20,-07:00,2026-07-28T16:56:20-07:00,1,30
out/index.txt,16,txt,a53448e,Ishaan Kor,2026-07-28,23:56:20,-07:00,2026-07-28T16:56:20-07:00,1,30
out/index.txt,17,txt,a53448e,Ishaan Kor,2026-07-28,23:56:20,-07:00,2026-07-28T16:56:20-07:00,1,30
out/index.txt,18,txt,a53448e,Ishaan Kor,2026-07-28,23:56:20,-07:00,2026-07-28T16:56:20-07:00,1,30
out/projects.html,1,html,a53448e,Ishaan Kor,2026-07-28,23:56:20,-07:00,2026-07-28T16:56:20-07:00,1,30
out/projects.html,2,html,a53448e,Ishaan Kor,2026-07-28,23:56:20,-07:00,2026-07-28T16:56:20-07:00,1,30
out/projects.txt,1,txt,a53448e,Ishaan Kor,2026-07-28,23:56:20,-07:00,2026-07-28T16:56:20-07:00,1,30
out/projects.txt,2,txt,a53448e,Ishaan Kor,2026-07-28,23:56:20,-07:00,2026-07-28T16:56:20-07:00,1,30
out/projects.txt,3,txt,a53448e,Ishaan Kor,2026-07-28,23:56:20,-07:00,2026-07-28T16:56:20-07:00,1,30
out/projects.txt,4,txt,a53448e,Ishaan Kor,2026-07-28,23:56:20,-07:00,2026-07-28T16:56:20-07:00,1,30
out/projects.txt,5,txt,a53448e,Ishaan Kor,2026-07-28,23:56:20,-07:00,2026-07-28T16:56:20-07:00,1,30
out/projects.txt,6,txt,a53448e,Ishaan Kor,2026-07-28,23:56:20,-07:00,2026-07-28T16:56:20-07:00,1,30
out/resume.html,1,html,a53448e,Ishaan Kor,2026-07-28,23:56:20,-07:00,2026-07-28T16:56:20-07:00,1,30
out/resume.html,2,html,a53448e,Ishaan Kor,2026-07-28,23:56:20,-07:00,2026-07-28T16:56:20-07:00,1,30
out/resume.txt,1,txt,a53448e,Ishaan Kor,2026-07-28,23:56:20,-07:00,2026-07-28T16:56:20-07:00,1,30
out/resume.txt,2,txt,a53448e,Ishaan Kor,2026-07-28,23:56:20,-07:00,2026-07-28T16:56:20-07:00,1,30
out/resume.txt,3,txt,a53448e,Ishaan Kor,2026-07-28,23:56:20,-07:00,2026-07-28T16:56:20-07:00,1,30
out/resume.txt,4,txt,a53448e,Ishaan Kor,2026-07-28,23:56:20,-07:00,2026-07-28T16:56:20-07:00,1,30
out/resume.txt,5,txt,a53448e,Ishaan Kor,2026-07-28,23:56:20,-07:00,2026-07-28T16:56:20-07:00,1,30
out/resume.txt,6,txt,a53448e,Ishaan Kor,2026-07-28,23:56:20,-07:00,2026-07-28T16:56:20-07:00,1,30
components/analytics/GitHubAnalytics.tsx,1,tsx,5830439,Ishaan Kor,2026-07-28,23:29:08,-07:00,2026-07-28T16:29:08-07:00,2,30
components/analytics/GitHubAnalytics.tsx,2,tsx,5830439,Ishaan Kor,2026-07-28,23:29:08,-07:00,2026-07-28T16:29:08-07:00,2,30
components/analytics/GitHubAnalytics.tsx,3,tsx,5830439,Ishaan Kor,2026-07-28,23:29:08,-07:00,2026-07-28T16:29:08-07:00,2,30
components/analytics/GitHubAnalytics.tsx,4,tsx,5830439,Ishaan Kor,2026-07-28,23:29:08,-07:00,2026-07-28T16:29:08-07:00,2,30
components/analytics/GitHubAnalytics.tsx,5,tsx,5830439,Ishaan Kor,2026-07-28,23:29:08,-07:00,2026-07-28T16:29:08-07:00,2,30
components/analytics/GitHubAnalytics.tsx,6,tsx,5830439,Ishaan Kor,2026-07-28,23:29:08,-07:00,2026-07-28T16:29:08-07:00,2,30
components/analytics/GitHubAnalytics.tsx,7,tsx,5830439,Ishaan Kor,2026-07-28,23:29:08,-07:00,2026-07-28T16:29:08-07:00,2,30
components/analytics/GitHubAnalytics.tsx,8,tsx,5830439,Ishaan Kor,2026-07-28,23:29:08,-07:00,2026-07-28T16:29:08-07:00,2,30
components/analytics/GitHubAnalytics.tsx,9,tsx,5830439,Ishaan Kor,2026-07-28,23:29:08,-07:00,2026-07-28T16:29:08-07:00,2,30
components/analytics/GitHubAnalytics.tsx,10,tsx,5830439,Ishaan Kor,2026-07-28,23:29:08,-07:00,2026-07-28T16:29:08-07:00,2,30
components/analytics/GitHubAnalytics.tsx,11,tsx,5830439,Ishaan Kor,2026-07-28,23:29:08,-07:00,2026-07-28T16:29:08-07:00,2,30
components/analytics/GitHubAnalytics.tsx,12,tsx,5830439,Ishaan Kor,2026-07-28,23:29:08,-07:00,2026-07-28T16:29:08-07:00,2,30
components/analytics/GitHubAnalytics.tsx,13,tsx,5830439,Ishaan Kor,2026-07-28,23:29:08,-07:00,2026-07-28T16:29:08-07:00,2,30
components/analytics/GitHubAnalytics.tsx,14,tsx,5830439,Ishaan Kor,2026-07-28,23:29:08,-07:00,2026-07-28T16:29:08-07:00,2,30
components/analytics/GitHubAnalytics.tsx,15,tsx,5830439,Ishaan Kor,2026-07-28,23:29:08,-07:00,2026-07-28T16:29:08-07:00,2,30
components/analytics/GitHubAnalytics.tsx,16,tsx,5830439,Ishaan Kor,2026-07-28,23:29:08,-07:00,2026-07-28T16:29:08-07:00,2,30
components/analytics/GitHubAnalytics.tsx,17,tsx,5830439,Ishaan Kor,2026-07-28,23:29:08,-07:00,2026-07-28T16:29:08-07:00,2,30
components/analytics/GitHubAnalytics.tsx,18,tsx,5830439,Ishaan Kor,2026-07-28,23:29:08,-07:00,2026-07-28T16:29:08-07:00,2,30
components/analytics/GitHubAnalytics.tsx,19,tsx,5830439,Ishaan Kor,2026-07-28,23:29:08,-07:00,2026-07-28T16:29:08-07:00,2,30
components/analytics/GitHubAnalytics.tsx,20,tsx,5830439,Ishaan Kor,2026-07-28,23:29:08,-07:00,2026-07-28T16:29:08-07:00,2,30
components/analytics/GitHubAnalytics.tsx,21,tsx,5830439,Ishaan Kor,2026-07-28,23:29:08,-07:00,2026-07-28T16:29:08-07:00,2,30
components/analytics/GitHubAnalytics.tsx,22,tsx,5830439,Ishaan Kor,2026-07-28,23:29:08,-07:00,2026-07-28T16:29:08-07:00,2,30
components/analytics/GitHubAnalytics.tsx,23,tsx,5830439,Ishaan Kor,2026-07-28,23:29:08,-07:00,2026-07-28T16:29:08-07:00,2,30
components/analytics/GitHubAnalytics.tsx,24,tsx,5830439,Ishaan Kor,2026-07-28,23:29:08,-07:00,2026-07-28T16:29:08-07:00,2,30
components/analytics/GitHubAnalytics.tsx,25,tsx,5830439,Ishaan Kor,2026-07-28,23:29:08,-07:00,2026-07-28T16:29:08-07:00,2,30
components/analytics/GitHubAnalytics.tsx,26,tsx,5830439,Ishaan Kor,2026-07-28,23:29:08,-07:00,2026-07-28T16:29:08-07:00,2,30
components/analytics/GitHubAnalytics.tsx,27,tsx,5830439,Ishaan Kor,2026-07-28,23:29:08,-07:00,2026-07-28T16:29:08-07:00,2,30
components/analytics/GitHubAnalytics.tsx,28,tsx,5830439,Ishaan Kor,2026-07-28,23:29:08,-07:00,2026-07-28T16:29:08-07:00,2,30
components/analytics/GitHubAnalytics.tsx,29,tsx,5830439,Ishaan Kor,2026-07-28,23:29:08,-07:00,2026-07-28T16:29:08-07:00,2,30
components/analytics/GitHubAnalytics.tsx,30,tsx,5830439,Ishaan Kor,2026-07-28,23:29:08,-07:00,2026-07-28T16:29:08-07:00,2,30
components/analytics/GitHubAnalytics.tsx,31,tsx,5830439,Ishaan Kor,2026-07-28,23:29:08,-07:00,2026-07-28T16:29:08-07:00,2,30
components/analytics/GitHubAnalytics.tsx,32,tsx,5830439,Ishaan Kor,2026-07-28,23:29:08,-07:00,2026-07-28T16:29:08-07:00,2,30
components/analytics/GitHubAnalytics.tsx,33,tsx,5830439,Ishaan Kor,2026-07-28,23:29:08,-07:00,2026-07-28T16:29:08-07:00,2,30
components/analytics/GitHubAnalytics.tsx,34,tsx,5830439,Ishaan Kor,2026-07-28,23:29:08,-07:00,2026-07-28T16:29:08-07:00,2,30
components/analytics/GitHubAnalytics.tsx,35,tsx,5830439,Ishaan Kor,2026-07-28,23:29:08,-07:00,2026-07-28T16:29:08-07:00,2,30
components/analytics/GitHubAnalytics.tsx,36,tsx,5830439,Ishaan Kor,2026-07-28,23:29:08,-07:00,2026-07-28T16:29:08-07:00,2,30
components/analytics/GitHubAnalytics.tsx,37,tsx,5830439,Ishaan Kor,2026-07-28,23:29:08,-07:00,2026-07-28T16:29:08-07:00,2,30
components/analytics/GitHubAnalytics.tsx,38,tsx,5830439,Ishaan Kor,2026-07-28,23:29:08,-07:00,2026-07-28T16:29:08-07:00,2,30
components/analytics/GitHubAnalytics.tsx,39,tsx,5830439,Ishaan Kor,2026-07-28,23:29:08,-07:00,2026-07-28T16:29:08-07:00,2,30
components/analytics/GitHubAnalytics.tsx,40,tsx,5830439,Ishaan Kor,2026-07-28,23:29:08,-07:00,2026-07-28T16:29:08-07:00,2,30
components/analytics/GitHubAnalytics.tsx,41,tsx,5830439,Ishaan Kor,2026-07-28,23:29:08,-07:00,2026-07-28T16:29:08-07:00,2,30
components/analytics/GitHubAnalytics.tsx,42,tsx,5830439,Ishaan Kor,2026-07-28,23:29:08,-07:00,2026-07-28T16:29:08-07:00,2,30
components/analytics/GitHubAnalytics.tsx,43,tsx,5830439,Ishaan Kor,2026-07-28,23:29:08,-07:00,2026-07-28T16:29:08-07:00,2,30
components/analytics/GitHubAnalytics.tsx,44,tsx,5830439,Ishaan Kor,2026-07-28,23:29:08,-07:00,2026-07-28T16:29:08-07:00,2,30
components/analytics/GitHubAnalytics.tsx,45,tsx,5830439,Ishaan Kor,2026-07-28,23:29:08,-07:00,2026-07-28T16:29:08-07:00,2,30
components/analytics/GitHubAnalytics.tsx,46,tsx,5830439,Ishaan Kor,2026-07-28,23:29:08,-07:00,2026-07-28T16:29:08-07:00,2,30
components/analytics/GitHubAnalytics.tsx,47,tsx,5830439,Ishaan Kor,2026-07-28,23:29:08,-07:00,2026-07-28T16:29:08-07:00,2,30
components/analytics/GitHubAnalytics.tsx,48,tsx,5830439,Ishaan Kor,2026-07-28,23:29:08,-07:00,2026-07-28T16:29:08-07:00,2,30
components/analytics/GitHubAnalytics.tsx,49,tsx,5830439,Ishaan Kor,2026-07-28,23:29:08,-07:00,2026-07-28T16:29:08-07:00,2,30
components/analytics/GitHubAnalytics.tsx,50,tsx,5830439,Ishaan Kor,2026-07-28,23:29:08,-07:00,2026-07-28T16:29:08-07:00,2,30
components/contact/ContactSection.tsx,1,tsx,5830439,Ishaan Kor,2026-07-28,23:29:08,-07:00,2026-07-28T16:29:08-07:00,2,30
components/contact/ContactSection.tsx,2,tsx,5830439,Ishaan Kor,2026-07-28,23:29:08,-07:00,2026-07-28T16:29:08-07:00,2,30
components/contact/ContactSection.tsx,3,tsx,5830439,Ishaan Kor,2026-07-28,23:29:08,-07:00,2026-07-28T16:29:08-07:00,2,30
components/contact/ContactSection.tsx,4,tsx,5830439,Ishaan Kor,2026-07-28,23:29:08,-07:00,2026-07-28T16:29:08-07:00,2,30
components/contact/ContactSection.tsx,5,tsx,5830439,Ishaan Kor,2026-07-28,23:29:08,-07:00,2026-07-28T16:29:08-07:00,2,30
components/contact/ContactSection.tsx,6,tsx,5830439,Ishaan Kor,2026-07-28,23:29:08,-07:00,2026-07-28T16:29:08-07:00,2,30
components/contact/ContactSection.tsx,7,tsx,5830439,Ishaan Kor,2026-07-28,23:29:08,-07:00,2026-07-28T16:29:08-07:00,2,30
components/contact/ContactSection.tsx,8,tsx,5830439,Ishaan Kor,2026-07-28,23:29:08,-07:00,2026-07-28T16:29:08-07:00,2,30
components/contact/ContactSection.tsx,9,tsx,5830439,Ishaan Kor,2026-07-28,23:29:08,-07:00,2026-07-28T16:29:08-07:00,2,30
components/contact/ContactSection.tsx,10,tsx,5830439,Ishaan Kor,2026-07-28,23:29:08,-07:00,2026-07-28T16:29:08-07:00,2,30
components/contact/ContactSection.tsx,11,tsx,5830439,Ishaan Kor,2026-07-28,23:29:08,-07:00,2026-07-28T16:29:08-07:00,2,30
components/contact/ContactSection.tsx,12,tsx,5830439,Ishaan Kor,2026-07-28,23:29:08,-07:00,2026-07-28T16:29:08-07:00,2,30
components/contact/ContactSection.tsx,13,tsx,5830439,Ishaan Kor,2026-07-28,23:29:08,-07:00,2026-07-28T16:29:08-07:00,2,30
components/contact/ContactSection.tsx,14,tsx,5830439,Ishaan Kor,2026-07-28,23:29:08,-07:00,2026-07-28T16:29:08-07:00,2,30
components/contact/ContactSection.tsx,15,tsx,5830439,Ishaan Kor,2026-07-28,23:29:08,-07:00,2026-07-28T16:29:08-07:00,2,30
components/contact/ContactSection.tsx,16,tsx,5830439,Ishaan Kor,2026-07-28,23:29:08,-07:00,2026-07-28T16:29:08-07:00,2,30
components/contact/ContactSection.tsx,17,tsx,5830439,Ishaan Kor,2026-07-28,23:29:08,-07:00,2026-07-28T16:29:08-07:00,2,30
components/contact/ContactSection.tsx,18,tsx,5830439,Ishaan Kor,2026-07-28,23:29:08,-07:00,2026-07-28T16:29:08-07:00,2,30
components/contact/ContactSection.tsx,19,tsx,5830439,Ishaan Kor,2026-07-28,23:29:08,-07:00,2026-07-28T16:29:08-07:00,2,30
components/contact/ContactSection.tsx,20,tsx,5830439,Ishaan Kor,2026-07-28,23:29:08,-07:00,2026-07-28T16:29:08-07:00,2,30
components/contact/ContactSection.tsx,21,tsx,5830439,Ishaan Kor,2026-07-28,23:29:08,-07:00,2026-07-28T16:29:08-07:00,2,30
components/contact/ContactSection.tsx,22,tsx,5830439,Ishaan Kor,2026-07-28,23:29:08,-07:00,2026-07-28T16:29:08-07:00,2,30
components/contact/ContactSection.tsx,23,tsx,5830439,Ishaan Kor,2026-07-28,23:29:08,-07:00,2026-07-28T16:29:08-07:00,2,30
components/contact/ContactSection.tsx,24,tsx,5830439,Ishaan Kor,2026-07-28,23:29:08,-07:00,2026-07-28T16:29:08-07:00,2,30
components/contact/ContactSection.tsx,25,tsx,5830439,Ishaan Kor,2026-07-28,23:29:08,-07:00,2026-07-28T16:29:08-07:00,2,30
components/contact/ContactSection.tsx,26,tsx,5830439,Ishaan Kor,2026-07-28,23:29:08,-07:00,2026-07-28T16:29:08-07:00,2,30
components/contact/ContactSection.tsx,27,tsx,5830439,Ishaan Kor,2026-07-28,23:29:08,-07:00,2026-07-28T16:29:08-07:00,2,30
components/contact/ContactSection.tsx,28,tsx,5830439,Ishaan Kor,2026-07-28,23:29:08,-07:00,2026-07-28T16:29:08-07:00,2,30
components/contact/ContactSection.tsx,29,tsx,5830439,Ishaan Kor,2026-07-28,23:29:08,-07:00,2026-07-28T16:29:08-07:00,2,30
components/contact/ContactSection.tsx,30,tsx,5830439,Ishaan Kor,2026-07-28,23:29:08,-07:00,2026-07-28T16:29:08-07:00,2,30
components/contact/ContactSection.tsx,31,tsx,5830439,Ishaan Kor,2026-07-28,23:29:08,-07:00,2026-07-28T16:29:08-07:00,2,30
components/contact/ContactSection.tsx,32,tsx,5830439,Ishaan Kor,2026-07-28,23:29:08,-07:00,2026-07-28T16:29:08-07:00,2,30
components/contact/ContactSection.tsx,33,tsx,5830439,Ishaan Kor,2026-07-28,23:29:08,-07:00,2026-07-28T16:29:08-07:00,2,30
components/contact/ContactSection.tsx,34,tsx,5830439,Ishaan Kor,2026-07-28,23:29:08,-07:00,2026-07-28T16:29:08-07:00,2,30
components/contact/ContactSection.tsx,35,tsx,5830439,Ishaan Kor,2026-07-28,23:29:08,-07:00,2026-07-28T16:29:08-07:00,2,30
components/contact/ContactSection.tsx,36,tsx,5830439,Ishaan Kor,2026-07-28,23:29:08,-07:00,2026-07-28T16:29:08-07:00,2,30
components/contact/ContactSection.tsx,37,tsx,5830439,Ishaan Kor,2026-07-28,23:29:08,-07:00,2026-07-28T16:29:08-07:00,2,30
components/contact/ContactSection.tsx,38,tsx,5830439,Ishaan Kor,2026-07-28,23:29:08,-07:00,2026-07-28T16:29:08-07:00,2,30
components/contact/ContactSection.tsx,39,tsx,5830439,Ishaan Kor,2026-07-28,23:29:08,-07:00,2026-07-28T16:29:08-07:00,2,30
components/contact/ContactSection.tsx,40,tsx,5830439,Ishaan Kor,2026-07-28,23:29:08,-07:00,2026-07-28T16:29:08-07:00,2,30
components/contact/ContactSection.tsx,41,tsx,5830439,Ishaan Kor,2026-07-28,23:29:08,-07:00,2026-07-28T16:29:08-07:00,2,30
components/contact/ContactSection.tsx,42,tsx,5830439,Ishaan Kor,2026-07-28,23:29:08,-07:00,2026-07-28T16:29:08-07:00,2,30
components/contact/ContactSection.tsx,43,tsx,5830439,Ishaan Kor,2026-07-28,23:29:08,-07:00,2026-07-28T16:29:08-07:00,2,30
components/contact/ContactSection.tsx,44,tsx,5830439,Ishaan Kor,2026-07-28,23:29:08,-07:00,2026-07-28T16:29:08-07:00,2,30
components/contact/ContactSection.tsx,45,tsx,5830439,Ishaan Kor,2026-07-28,23:29:08,-07:00,2026-07-28T16:29:08-07:00,2,30
components/contact/ContactSection.tsx,46,tsx,5830439,Ishaan Kor,2026-07-28,23:29:08,-07:00,2026-07-28T16:29:08-07:00,2,30
components/contact/ContactSection.tsx,47,tsx,5830439,Ishaan Kor,2026-07-28,23:29:08,-07:00,2026-07-28T16:29:08-07:00,2,30
components/contact/ContactSection.tsx,48,tsx,5830439,Ishaan Kor,2026-07-28,23:29:08,-07:00,2026-07-28T16:29:08-07:00,2,30
components/contact/ContactSection.tsx,49,tsx,5830439,Ishaan Kor,2026-07-28,23:29:08,-07:00,2026-07-28T16:29:08-07:00,2,30
components/contact/ContactSection.tsx,50,tsx,5830439,Ishaan Kor,2026-07-28,23:29:08,-07:00,2026-07-28T16:29:08-07:00,2,30
components/experience/ExperienceTimeline.tsx,1,tsx,5830439,Ishaan Kor,2026-07-28,23:29:08,-07:00,2026-07-28T16:29:08-07:00,2,30
components/experience/ExperienceTimeline.tsx,2,tsx,5830439,Ishaan Kor,2026-07-28,23:29:08,-07:00,2026-07-28T16:29:08-07:00,2,30
components/experience/ExperienceTimeline.tsx,3,tsx,5830439,Ishaan Kor,2026-07-28,23:29:08,-07:00,2026-07-28T16:29:08-07:00,2,30
components/experience/ExperienceTimeline.tsx,4,tsx,5830439,Ishaan Kor,2026-07-28,23:29:08,-07:00,2026-07-28T16:29:08-07:00,2,30
components/experience/ExperienceTimeline.tsx,5,tsx,5830439,Ishaan Kor,2026-07-28,23:29:08,-07:00,2026-07-28T16:29:08-07:00,2,30
components/experience/ExperienceTimeline.tsx,6,tsx,5830439,Ishaan Kor,2026-07-28,23:29:08,-07:00,2026-07-28T16:29:08-07:00,2,30
components/experience/ExperienceTimeline.tsx,7,tsx,5830439,Ishaan Kor,2026-07-28,23:29:08,-07:00,2026-07-28T16:29:08-07:00,2,30
components/experience/ExperienceTimeline.tsx,8,tsx,5830439,Ishaan Kor,2026-07-28,23:29:08,-07:00,2026-07-28T16:29:08-07:00,2,30
components/experience/ExperienceTimeline.tsx,9,tsx,5830439,Ishaan Kor,2026-07-28,23:29:08,-07:00,2026-07-28T16:29:08-07:00,2,30
components/experience/ExperienceTimeline.tsx,10,tsx,5830439,Ishaan Kor,2026-07-28,23:29:08,-07:00,2026-07-28T16:29:08-07:00,2,30
components/experience/ExperienceTimeline.tsx,11,tsx,5830439,Ishaan Kor,2026-07-28,23:29:08,-07:00,2026-07-28T16:29:08-07:00,2,30
components/experience/ExperienceTimeline.tsx,12,tsx,5830439,Ishaan Kor,2026-07-28,23:29:08,-07:00,2026-07-28T16:29:08-07:00,2,30
components/experience/ExperienceTimeline.tsx,13,tsx,5830439,Ishaan Kor,2026-07-28,23:29:08,-07:00,2026-07-28T16:29:08-07:00,2,30
components/experience/ExperienceTimeline.tsx,14,tsx,5830439,Ishaan Kor,2026-07-28,23:29:08,-07:00,2026-07-28T16:29:08-07:00,2,30
components/experience/ExperienceTimeline.tsx,15,tsx,5830439,Ishaan Kor,2026-07-28,23:29:08,-07:00,2026-07-28T16:29:08-07:00,2,30
components/experience/ExperienceTimeline.tsx,16,tsx,5830439,Ishaan Kor,2026-07-28,23:29:08,-07:00,2026-07-28T16:29:08-07:00,2,30
components/experience/ExperienceTimeline.tsx,17,tsx,5830439,Ishaan Kor,2026-07-28,23:29:08,-07:00,2026-07-28T16:29:08-07:00,2,30
components/experience/ExperienceTimeline.tsx,18,tsx,5830439,Ishaan Kor,2026-07-28,23:29:08,-07:00,2026-07-28T16:29:08-07:00,2,30
components/experience/ExperienceTimeline.tsx,19,tsx,5830439,Ishaan Kor,2026-07-28,23:29:08,-07:00,2026-07-28T16:29:08-07:00,2,30
components/experience/ExperienceTimeline.tsx,20,tsx,5830439,Ishaan Kor,2026-07-28,23:29:08,-07:00,2026-07-28T16:29:08-07:00,2,30
components/experience/ExperienceTimeline.tsx,21,tsx,5830439,Ishaan Kor,2026-07-28,23:29:08,-07:00,2026-07-28T16:29:08-07:00,2,30
components/experience/ExperienceTimeline.tsx,22,tsx,5830439,Ishaan Kor,2026-07-28,23:29:08,-07:00,2026-07-28T16:29:08-07:00,2,30
components/experience/ExperienceTimeline.tsx,23,tsx,5830439,Ishaan Kor,2026-07-28,23:29:08,-07:00,2026-07-28T16:29:08-07:00,2,30
components/experience/ExperienceTimeline.tsx,24,tsx,5830439,Ishaan Kor,2026-07-28,23:29:08,-07:00,2026-07-28T16:29:08-07:00,2,30
components/experience/ExperienceTimeline.tsx,25,tsx,5830439,Ishaan Kor,2026-07-28,23:29:08,-07:00,2026-07-28T16:29:08-07:00,2,30
components/experience/ExperienceTimeline.tsx,26,tsx,5830439,Ishaan Kor,2026-07-28,23:29:08,-07:00,2026-07-28T16:29:08-07:00,2,30
components/experience/ExperienceTimeline.tsx,27,tsx,5830439,Ishaan Kor,2026-07-28,23:29:08,-07:00,2026-07-28T16:29:08-07:00,2,30
components/experience/ExperienceTimeline.tsx,28,tsx,5830439,Ishaan Kor,2026-07-28,23:29:08,-07:00,2026-07-28T16:29:08-07:00,2,30
components/experience/ExperienceTimeline.tsx,29,tsx,5830439,Ishaan Kor,2026-07-28,23:29:08,-07:00,2026-07-28T16:29:08-07:00,2,30
components/experience/ExperienceTimeline.tsx,30,tsx,5830439,Ishaan Kor,2026-07-28,23:29:08,-07:00,2026-07-28T16:29:08-07:00,2,30
components/experience/ExperienceTimeline.tsx,31,tsx,5830439,Ishaan Kor,2026-07-28,23:29:08,-07:00,2026-07-28T16:29:08-07:00,2,30
components/experience/ExperienceTimeline.tsx,32,tsx,5830439,Ishaan Kor,2026-07-28,23:29:08,-07:00,2026-07-28T16:29:08-07:00,2,30
components/experience/ExperienceTimeline.tsx,33,tsx,5830439,Ishaan Kor,2026-07-28,23:29:08,-07:00,2026-07-28T16:29:08-07:00,2,30
components/experience/ExperienceTimeline.tsx,34,tsx,5830439,Ishaan Kor,2026-07-28,23:29:08,-07:00,2026-07-28T16:29:08-07:00,2,30
components/experience/ExperienceTimeline.tsx,35,tsx,5830439,Ishaan Kor,2026-07-28,23:29:08,-07:00,2026-07-28T16:29:08-07:00,2,30
components/experience/ExperienceTimeline.tsx,36,tsx,5830439,Ishaan Kor,2026-07-28,23:29:08,-07:00,2026-07-28T16:29:08-07:00,2,30
components/experience/ExperienceTimeline.tsx,37,tsx,5830439,Ishaan Kor,2026-07-28,23:29:08,-07:00,2026-07-28T16:29:08-07:00,2,30
components/experience/ExperienceTimeline.tsx,38,tsx,5830439,Ishaan Kor,2026-07-28,23:29:08,-07:00,2026-07-28T16:29:08-07:00,2,30
components/experience/ExperienceTimeline.tsx,39,tsx,5830439,Ishaan Kor,2026-07-28,23:29:08,-07:00,2026-07-28T16:29:08-07:00,2,30
components/experience/ExperienceTimeline.tsx,40,tsx,5830439,Ishaan Kor,2026-07-28,23:29:08,-07:00,2026-07-28T16:29:08-07:00,2,30
components/experience/ExperienceTimeline.tsx,41,tsx,5830439,Ishaan Kor,2026-07-28,23:29:08,-07:00,2026-07-28T16:29:08-07:00,2,30
components/experience/ExperienceTimeline.tsx,42,tsx,5830439,Ishaan Kor,2026-07-28,23:29:08,-07:00,2026-07-28T16:29:08-07:00,2,30
components/experience/ExperienceTimeline.tsx,43,tsx,5830439,Ishaan Kor,2026-07-28,23:29:08,-07:00,2026-07-28T16:29:08-07:00,2,30
components/experience/ExperienceTimeline.tsx,44,tsx,5830439,Ishaan Kor,2026-07-28,23:29:08,-07:00,2026-07-28T16:29:08-07:00,2,30
components/experience/ExperienceTimeline.tsx,45,tsx,5830439,Ishaan Kor,2026-07-28,23:29:08,-07:00,2026-07-28T16:29:08-07:00,2,30
components/experience/ExperienceTimeline.tsx,46,tsx,5830439,Ishaan Kor,2026-07-28,23:29:08,-07:00,2026-07-28T16:29:08-07:00,2,30
components/experience/ExperienceTimeline.tsx,47,tsx,5830439,Ishaan Kor,2026-07-28,23:29:08,-07:00,2026-07-28T16:29:08-07:00,2,30
components/experience/ExperienceTimeline.tsx,48,tsx,5830439,Ishaan Kor,2026-07-28,23:29:08,-07:00,2026-07-28T16:29:08-07:00,2,30
components/experience/ExperienceTimeline.tsx,49,tsx,5830439,Ishaan Kor,2026-07-28,23:29:08,-07:00,2026-07-28T16:29:08-07:00,2,30
components/experience/ExperienceTimeline.tsx,50,tsx,5830439,Ishaan Kor,2026-07-28,23:29:08,-07:00,2026-07-28T16:29:08-07:00,2,30
components/projects/ProjectsShowcase.tsx,1,tsx,5830439,Ishaan Kor,2026-07-28,23:29:08,-07:00,2026-07-28T16:29:08-07:00,2,30
components/projects/ProjectsShowcase.tsx,2,tsx,5830439,Ishaan Kor,2026-07-28,23:29:08,-07:00,2026-07-28T16:29:08-07:00,2,30
components/projects/ProjectsShowcase.tsx,3,tsx,5830439,Ishaan Kor,2026-07-28,23:29:08,-07:00,2026-07-28T16:29:08-07:00,2,30
components/projects/ProjectsShowcase.tsx,4,tsx,5830439,Ishaan Kor,2026-07-28,23:29:08,-07:00,2026-07-28T16:29:08-07:00,2,30
components/projects/ProjectsShowcase.tsx,5,tsx,5830439,Ishaan Kor,2026-07-28,23:29:08,-07:00,2026-07-28T16:29:08-07:00,2,30
components/projects/ProjectsShowcase.tsx,6,tsx,5830439,Ishaan Kor,2026-07-28,23:29:08,-07:00,2026-07-28T16:29:08-07:00,2,30
components/projects/ProjectsShowcase.tsx,7,tsx,5830439,Ishaan Kor,2026-07-28,23:29:08,-07:00,2026-07-28T16:29:08-07:00,2,30
components/projects/ProjectsShowcase.tsx,8,tsx,5830439,Ishaan Kor,2026-07-28,23:29:08,-07:00,2026-07-28T16:29:08-07:00,2,30
components/projects/ProjectsShowcase.tsx,9,tsx,5830439,Ishaan Kor,2026-07-28,23:29:08,-07:00,2026-07-28T16:29:08-07:00,2,30
components/projects/ProjectsShowcase.tsx,10,tsx,5830439,Ishaan Kor,2026-07-28,23:29:08,-07:00,2026-07-28T16:29:08-07:00,2,30
components/projects/ProjectsShowcase.tsx,11,tsx,5830439,Ishaan Kor,2026-07-28,23:29:08,-07:00,2026-07-28T16:29:08-07:00,2,30
components/projects/ProjectsShowcase.tsx,12,tsx,5830439,Ishaan Kor,2026-07-28,23:29:08,-07:00,2026-07-28T16:29:08-07:00,2,30
components/projects/ProjectsShowcase.tsx,13,tsx,5830439,Ishaan Kor,2026-07-28,23:29:08,-07:00,2026-07-28T16:29:08-07:00,2,30
components/projects/ProjectsShowcase.tsx,14,tsx,5830439,Ishaan Kor,2026-07-28,23:29:08,-07:00,2026-07-28T16:29:08-07:00,2,30
components/projects/ProjectsShowcase.tsx,15,tsx,5830439,Ishaan Kor,2026-07-28,23:29:08,-07:00,2026-07-28T16:29:08-07:00,2,30
components/projects/ProjectsShowcase.tsx,16,tsx,5830439,Ishaan Kor,2026-07-28,23:29:08,-07:00,2026-07-28T16:29:08-07:00,2,30
components/projects/ProjectsShowcase.tsx,17,tsx,5830439,Ishaan Kor,2026-07-28,23:29:08,-07:00,2026-07-28T16:29:08-07:00,2,30
components/projects/ProjectsShowcase.tsx,18,tsx,5830439,Ishaan Kor,2026-07-28,23:29:08,-07:00,2026-07-28T16:29:08-07:00,2,30
components/projects/ProjectsShowcase.tsx,19,tsx,5830439,Ishaan Kor,2026-07-28,23:29:08,-07:00,2026-07-28T16:29:08-07:00,2,30
components/projects/ProjectsShowcase.tsx,20,tsx,5830439,Ishaan Kor,2026-07-28,23:29:08,-07:00,2026-07-28T16:29:08-07:00,2,30
components/projects/ProjectsShowcase.tsx,21,tsx,5830439,Ishaan Kor,2026-07-28,23:29:08,-07:00,2026-07-28T16:29:08-07:00,2,30
components/projects/ProjectsShowcase.tsx,22,tsx,5830439,Ishaan Kor,2026-07-28,23:29:08,-07:00,2026-07-28T16:29:08-07:00,2,30
components/projects/ProjectsShowcase.tsx,23,tsx,5830439,Ishaan Kor,2026-07-28,23:29:08,-07:00,2026-07-28T16:29:08-07:00,2,30
components/projects/ProjectsShowcase.tsx,24,tsx,5830439,Ishaan Kor,2026-07-28,23:29:08,-07:00,2026-07-28T16:29:08-07:00,2,30
components/projects/ProjectsShowcase.tsx,25,tsx,5830439,Ishaan Kor,2026-07-28,23:29:08,-07:00,2026-07-28T16:29:08-07:00,2,30
components/projects/ProjectsShowcase.tsx,26,tsx,5830439,Ishaan Kor,2026-07-28,23:29:08,-07:00,2026-07-28T16:29:08-07:00,2,30
components/projects/ProjectsShowcase.tsx,27,tsx,5830439,Ishaan Kor,2026-07-28,23:29:08,-07:00,2026-07-28T16:29:08-07:00,2,30
components/projects/ProjectsShowcase.tsx,28,tsx,5830439,Ishaan Kor,2026-07-28,23:29:08,-07:00,2026-07-28T16:29:08-07:00,2,30
components/projects/ProjectsShowcase.tsx,29,tsx,5830439,Ishaan Kor,2026-07-28,23:29:08,-07:00,2026-07-28T16:29:08-07:00,2,30
components/projects/ProjectsShowcase.tsx,30,tsx,5830439,Ishaan Kor,2026-07-28,23:29:08,-07:00,2026-07-28T16:29:08-07:00,2,30
components/projects/ProjectsShowcase.tsx,31,tsx,5830439,Ishaan Kor,2026-07-28,23:29:08,-07:00,2026-07-28T16:29:08-07:00,2,30
components/projects/ProjectsShowcase.tsx,32,tsx,5830439,Ishaan Kor,2026-07-28,23:29:08,-07:00,2026-07-28T16:29:08-07:00,2,30
components/projects/ProjectsShowcase.tsx,33,tsx,5830439,Ishaan Kor,2026-07-28,23:29:08,-07:00,2026-07-28T16:29:08-07:00,2,30
components/projects/ProjectsShowcase.tsx,34,tsx,5830439,Ishaan Kor,2026-07-28,23:29:08,-07:00,2026-07-28T16:29:08-07:00,2,30
components/projects/ProjectsShowcase.tsx,35,tsx,5830439,Ishaan Kor,2026-07-28,23:29:08,-07:00,2026-07-28T16:29:08-07:00,2,30
components/projects/ProjectsShowcase.tsx,36,tsx,5830439,Ishaan Kor,2026-07-28,23:29:08,-07:00,2026-07-28T16:29:08-07:00,2,30
components/projects/ProjectsShowcase.tsx,37,tsx,5830439,Ishaan Kor,2026-07-28,23:29:08,-07:00,2026-07-28T16:29:08-07:00,2,30
components/projects/ProjectsShowcase.tsx,38,tsx,5830439,Ishaan Kor,2026-07-28,23:29:08,-07:00,2026-07-28T16:29:08-07:00,2,30
components/projects/ProjectsShowcase.tsx,39,tsx,5830439,Ishaan Kor,2026-07-28,23:29:08,-07:00,2026-07-28T16:29:08-07:00,2,30
components/projects/ProjectsShowcase.tsx,40,tsx,5830439,Ishaan Kor,2026-07-28,23:29:08,-07:00,2026-07-28T16:29:08-07:00,2,30
components/projects/ProjectsShowcase.tsx,41,tsx,5830439,Ishaan Kor,2026-07-28,23:29:08,-07:00,2026-07-28T16:29:08-07:00,2,30
components/projects/ProjectsShowcase.tsx,42,tsx,5830439,Ishaan Kor,2026-07-28,23:29:08,-07:00,2026-07-28T16:29:08-07:00,2,30
components/projects/ProjectsShowcase.tsx,43,tsx,5830439,Ishaan Kor,2026-07-28,23:29:08,-07:00,2026-07-28T16:29:08-07:00,2,30
components/projects/ProjectsShowcase.tsx,44,tsx,5830439,Ishaan Kor,2026-07-28,23:29:08,-07:00,2026-07-28T16:29:08-07:00,2,30
components/projects/ProjectsShowcase.tsx,45,tsx,5830439,Ishaan Kor,2026-07-28,23:29:08,-07:00,2026-07-28T16:29:08-07:00,2,30
components/projects/ProjectsShowcase.tsx,46,tsx,5830439,Ishaan Kor,2026-07-28,23:29:08,-07:00,2026-07-28T16:29:08-07:00,2,30
components/projects/ProjectsShowcase.tsx,47,tsx,5830439,Ishaan Kor,2026-07-28,23:29:08,-07:00,2026-07-28T16:29:08-07:00,2,30
components/projects/ProjectsShowcase.tsx,48,tsx,5830439,Ishaan Kor,2026-07-28,23:29:08,-07:00,2026-07-28T16:29:08-07:00,2,30
components/projects/ProjectsShowcase.tsx,49,tsx,5830439,Ishaan Kor,2026-07-28,23:29:08,-07:00,2026-07-28T16:29:08-07:00,2,30
components/projects/ProjectsShowcase.tsx,50,tsx,5830439,Ishaan Kor,2026-07-28,23:29:08,-07:00,2026-07-28T16:29:08-07:00,2,30
components/recommender/ProjectRecommender.tsx,1,tsx,5830439,Ishaan Kor,2026-07-28,23:29:08,-07:00,2026-07-28T16:29:08-07:00,2,30
components/recommender/ProjectRecommender.tsx,2,tsx,5830439,Ishaan Kor,2026-07-28,23:29:08,-07:00,2026-07-28T16:29:08-07:00,2,30
components/recommender/ProjectRecommender.tsx,3,tsx,5830439,Ishaan Kor,2026-07-28,23:29:08,-07:00,2026-07-28T16:29:08-07:00,2,30
components/recommender/ProjectRecommender.tsx,4,tsx,5830439,Ishaan Kor,2026-07-28,23:29:08,-07:00,2026-07-28T16:29:08-07:00,2,30
components/recommender/ProjectRecommender.tsx,5,tsx,5830439,Ishaan Kor,2026-07-28,23:29:08,-07:00,2026-07-28T16:29:08-07:00,2,30
components/recommender/ProjectRecommender.tsx,6,tsx,5830439,Ishaan Kor,2026-07-28,23:29:08,-07:00,2026-07-28T16:29:08-07:00,2,30
components/recommender/ProjectRecommender.tsx,7,tsx,5830439,Ishaan Kor,2026-07-28,23:29:08,-07:00,2026-07-28T16:29:08-07:00,2,30
components/recommender/ProjectRecommender.tsx,8,tsx,5830439,Ishaan Kor,2026-07-28,23:29:08,-07:00,2026-07-28T16:29:08-07:00,2,30
components/recommender/ProjectRecommender.tsx,9,tsx,5830439,Ishaan Kor,2026-07-28,23:29:08,-07:00,2026-07-28T16:29:08-07:00,2,30
components/recommender/ProjectRecommender.tsx,10,tsx,5830439,Ishaan Kor,2026-07-28,23:29:08,-07:00,2026-07-28T16:29:08-07:00,2,30
components/recommender/ProjectRecommender.tsx,11,tsx,5830439,Ishaan Kor,2026-07-28,23:29:08,-07:00,2026-07-28T16:29:08-07:00,2,30
components/recommender/ProjectRecommender.tsx,12,tsx,5830439,Ishaan Kor,2026-07-28,23:29:08,-07:00,2026-07-28T16:29:08-07:00,2,30
components/recommender/ProjectRecommender.tsx,13,tsx,5830439,Ishaan Kor,2026-07-28,23:29:08,-07:00,2026-07-28T16:29:08-07:00,2,30
components/recommender/ProjectRecommender.tsx,14,tsx,5830439,Ishaan Kor,2026-07-28,23:29:08,-07:00,2026-07-28T16:29:08-07:00,2,30
components/recommender/ProjectRecommender.tsx,15,tsx,5830439,Ishaan Kor,2026-07-28,23:29:08,-07:00,2026-07-28T16:29:08-07:00,2,30
components/recommender/ProjectRecommender.tsx,16,tsx,5830439,Ishaan Kor,2026-07-28,23:29:08,-07:00,2026-07-28T16:29:08-07:00,2,30
components/recommender/ProjectRecommender.tsx,17,tsx,5830439,Ishaan Kor,2026-07-28,23:29:08,-07:00,2026-07-28T16:29:08-07:00,2,30
components/recommender/ProjectRecommender.tsx,18,tsx,5830439,Ishaan Kor,2026-07-28,23:29:08,-07:00,2026-07-28T16:29:08-07:00,2,30
components/recommender/ProjectRecommender.tsx,19,tsx,5830439,Ishaan Kor,2026-07-28,23:29:08,-07:00,2026-07-28T16:29:08-07:00,2,30
components/recommender/ProjectRecommender.tsx,20,tsx,5830439,Ishaan Kor,2026-07-28,23:29:08,-07:00,2026-07-28T16:29:08-07:00,2,30
components/recommender/ProjectRecommender.tsx,21,tsx,5830439,Ishaan Kor,2026-07-28,23:29:08,-07:00,2026-07-28T16:29:08-07:00,2,30
components/recommender/ProjectRecommender.tsx,22,tsx,5830439,Ishaan Kor,2026-07-28,23:29:08,-07:00,2026-07-28T16:29:08-07:00,2,30
components/recommender/ProjectRecommender.tsx,23,tsx,5830439,Ishaan Kor,2026-07-28,23:29:08,-07:00,2026-07-28T16:29:08-07:00,2,30
components/recommender/ProjectRecommender.tsx,24,tsx,5830439,Ishaan Kor,2026-07-28,23:29:08,-07:00,2026-07-28T16:29:08-07:00,2,30
components/recommender/ProjectRecommender.tsx,25,tsx,5830439,Ishaan Kor,2026-07-28,23:29:08,-07:00,2026-07-28T16:29:08-07:00,2,30
components/recommender/ProjectRecommender.tsx,26,tsx,5830439,Ishaan Kor,2026-07-28,23:29:08,-07:00,2026-07-28T16:29:08-07:00,2,30
components/recommender/ProjectRecommender.tsx,27,tsx,5830439,Ishaan Kor,2026-07-28,23:29:08,-07:00,2026-07-28T16:29:08-07:00,2,30
components/recommender/ProjectRecommender.tsx,28,tsx,5830439,Ishaan Kor,2026-07-28,23:29:08,-07:00,2026-07-28T16:29:08-07:00,2,30
components/recommender/ProjectRecommender.tsx,29,tsx,5830439,Ishaan Kor,2026-07-28,23:29:08,-07:00,2026-07-28T16:29:08-07:00,2,30
components/recommender/ProjectRecommender.tsx,30,tsx,5830439,Ishaan Kor,2026-07-28,23:29:08,-07:00,2026-07-28T16:29:08-07:00,2,30
components/recommender/ProjectRecommender.tsx,31,tsx,5830439,Ishaan Kor,2026-07-28,23:29:08,-07:00,2026-07-28T16:29:08-07:00,2,30
components/recommender/ProjectRecommender.tsx,32,tsx,5830439,Ishaan Kor,2026-07-28,23:29:08,-07:00,2026-07-28T16:29:08-07:00,2,30
components/recommender/ProjectRecommender.tsx,33,tsx,5830439,Ishaan Kor,2026-07-28,23:29:08,-07:00,2026-07-28T16:29:08-07:00,2,30
components/recommender/ProjectRecommender.tsx,34,tsx,5830439,Ishaan Kor,2026-07-28,23:29:08,-07:00,2026-07-28T16:29:08-07:00,2,30
components/recommender/ProjectRecommender.tsx,35,tsx,5830439,Ishaan Kor,2026-07-28,23:29:08,-07:00,2026-07-28T16:29:08-07:00,2,30
components/recommender/ProjectRecommender.tsx,36,tsx,5830439,Ishaan Kor,2026-07-28,23:29:08,-07:00,2026-07-28T16:29:08-07:00,2,30
components/recommender/ProjectRecommender.tsx,37,tsx,5830439,Ishaan Kor,2026-07-28,23:29:08,-07:00,2026-07-28T16:29:08-07:00,2,30
components/recommender/ProjectRecommender.tsx,38,tsx,5830439,Ishaan Kor,2026-07-28,23:29:08,-07:00,2026-07-28T16:29:08-07:00,2,30
components/recommender/ProjectRecommender.tsx,39,tsx,5830439,Ishaan Kor,2026-07-28,23:29:08,-07:00,2026-07-28T16:29:08-07:00,2,30
components/recommender/ProjectRecommender.tsx,40,tsx,5830439,Ishaan Kor,2026-07-28,23:29:08,-07:00,2026-07-28T16:29:08-07:00,2,30
components/recommender/ProjectRecommender.tsx,41,tsx,5830439,Ishaan Kor,2026-07-28,23:29:08,-07:00,2026-07-28T16:29:08-07:00,2,30
components/recommender/ProjectRecommender.tsx,42,tsx,5830439,Ishaan Kor,2026-07-28,23:29:08,-07:00,2026-07-28T16:29:08-07:00,2,30
components/recommender/ProjectRecommender.tsx,43,tsx,5830439,Ishaan Kor,2026-07-28,23:29:08,-07:00,2026-07-28T16:29:08-07:00,2,30
components/recommender/ProjectRecommender.tsx,44,tsx,5830439,Ishaan Kor,2026-07-28,23:29:08,-07:00,2026-07-28T16:29:08-07:00,2,30
components/recommender/ProjectRecommender.tsx,45,tsx,5830439,Ishaan Kor,2026-07-28,23:29:08,-07:00,2026-07-28T16:29:08-07:00,2,30
components/recommender/ProjectRecommender.tsx,46,tsx,5830439,Ishaan Kor,2026-07-28,23:29:08,-07:00,2026-07-28T16:29:08-07:00,2,30
components/recommender/ProjectRecommender.tsx,47,tsx,5830439,Ishaan Kor,2026-07-28,23:29:08,-07:00,2026-07-28T16:29:08-07:00,2,30
components/recommender/ProjectRecommender.tsx,48,tsx,5830439,Ishaan Kor,2026-07-28,23:29:08,-07:00,2026-07-28T16:29:08-07:00,2,30
components/recommender/ProjectRecommender.tsx,49,tsx,5830439,Ishaan Kor,2026-07-28,23:29:08,-07:00,2026-07-28T16:29:08-07:00,2,30
components/recommender/ProjectRecommender.tsx,50,tsx,5830439,Ishaan Kor,2026-07-28,23:29:08,-07:00,2026-07-28T16:29:08-07:00,2,30
components/sections/WhatIDo.tsx,1,tsx,5830439,Ishaan Kor,2026-07-28,23:29:08,-07:00,2026-07-28T16:29:08-07:00,2,30
components/sections/WhatIDo.tsx,2,tsx,5830439,Ishaan Kor,2026-07-28,23:29:08,-07:00,2026-07-28T16:29:08-07:00,2,30
components/sections/WhatIDo.tsx,3,tsx,5830439,Ishaan Kor,2026-07-28,23:29:08,-07:00,2026-07-28T16:29:08-07:00,2,30
components/sections/WhatIDo.tsx,4,tsx,5830439,Ishaan Kor,2026-07-28,23:29:08,-07:00,2026-07-28T16:29:08-07:00,2,30
components/sections/WhatIDo.tsx,5,tsx,5830439,Ishaan Kor,2026-07-28,23:29:08,-07:00,2026-07-28T16:29:08-07:00,2,30
components/sections/WhatIDo.tsx,6,tsx,5830439,Ishaan Kor,2026-07-28,23:29:08,-07:00,2026-07-28T16:29:08-07:00,2,30
components/sections/WhatIDo.tsx,7,tsx,5830439,Ishaan Kor,2026-07-28,23:29:08,-07:00,2026-07-28T16:29:08-07:00,2,30
components/sections/WhatIDo.tsx,8,tsx,5830439,Ishaan Kor,2026-07-28,23:29:08,-07:00,2026-07-28T16:29:08-07:00,2,30
components/sections/WhatIDo.tsx,9,tsx,5830439,Ishaan Kor,2026-07-28,23:29:08,-07:00,2026-07-28T16:29:08-07:00,2,30
components/sections/WhatIDo.tsx,10,tsx,5830439,Ishaan Kor,2026-07-28,23:29:08,-07:00,2026-07-28T16:29:08-07:00,2,30
components/sections/WhatIDo.tsx,11,tsx,5830439,Ishaan Kor,2026-07-28,23:29:08,-07:00,2026-07-28T16:29:08-07:00,2,30
components/sections/WhatIDo.tsx,12,tsx,5830439,Ishaan Kor,2026-07-28,23:29:08,-07:00,2026-07-28T16:29:08-07:00,2,30
components/sections/WhatIDo.tsx,13,tsx,5830439,Ishaan Kor,2026-07-28,23:29:08,-07:00,2026-07-28T16:29:08-07:00,2,30
components/sections/WhatIDo.tsx,14,tsx,5830439,Ishaan Kor,2026-07-28,23:29:08,-07:00,2026-07-28T16:29:08-07:00,2,30
components/sections/WhatIDo.tsx,15,tsx,5830439,Ishaan Kor,2026-07-28,23:29:08,-07:00,2026-07-28T16:29:08-07:00,2,30
components/sections/WhatIDo.tsx,16,tsx,5830439,Ishaan Kor,2026-07-28,23:29:08,-07:00,2026-07-28T16:29:08-07:00,2,30
components/sections/WhatIDo.tsx,17,tsx,5830439,Ishaan Kor,2026-07-28,23:29:08,-07:00,2026-07-28T16:29:08-07:00,2,30
components/sections/WhatIDo.tsx,18,tsx,5830439,Ishaan Kor,2026-07-28,23:29:08,-07:00,2026-07-28T16:29:08-07:00,2,30
components/sections/WhatIDo.tsx,19,tsx,5830439,Ishaan Kor,2026-07-28,23:29:08,-07:00,2026-07-28T16:29:08-07:00,2,30
components/sections/WhatIDo.tsx,20,tsx,5830439,Ishaan Kor,2026-07-28,23:29:08,-07:00,2026-07-28T16:29:08-07:00,2,30
components/sections/WhatIDo.tsx,21,tsx,5830439,Ishaan Kor,2026-07-28,23:29:08,-07:00,2026-07-28T16:29:08-07:00,2,30
components/sections/WhatIDo.tsx,22,tsx,5830439,Ishaan Kor,2026-07-28,23:29:08,-07:00,2026-07-28T16:29:08-07:00,2,30
components/sections/WhatIDo.tsx,23,tsx,5830439,Ishaan Kor,2026-07-28,23:29:08,-07:00,2026-07-28T16:29:08-07:00,2,30
components/sections/WhatIDo.tsx,24,tsx,5830439,Ishaan Kor,2026-07-28,23:29:08,-07:00,2026-07-28T16:29:08-07:00,2,30
components/sections/WhatIDo.tsx,25,tsx,5830439,Ishaan Kor,2026-07-28,23:29:08,-07:00,2026-07-28T16:29:08-07:00,2,30
components/sections/WhatIDo.tsx,26,tsx,5830439,Ishaan Kor,2026-07-28,23:29:08,-07:00,2026-07-28T16:29:08-07:00,2,30
components/sections/WhatIDo.tsx,27,tsx,5830439,Ishaan Kor,2026-07-28,23:29:08,-07:00,2026-07-28T16:29:08-07:00,2,30
components/sections/WhatIDo.tsx,28,tsx,5830439,Ishaan Kor,2026-07-28,23:29:08,-07:00,2026-07-28T16:29:08-07:00,2,30
components/sections/WhatIDo.tsx,29,tsx,5830439,Ishaan Kor,2026-07-28,23:29:08,-07:00,2026-07-28T16:29:08-07:00,2,30
components/sections/WhatIDo.tsx,30,tsx,5830439,Ishaan Kor,2026-07-28,23:29:08,-07:00,2026-07-28T16:29:08-07:00,2,30
components/sections/WhatIDo.tsx,31,tsx,5830439,Ishaan Kor,2026-07-28,23:29:08,-07:00,2026-07-28T16:29:08-07:00,2,30
components/sections/WhatIDo.tsx,32,tsx,5830439,Ishaan Kor,2026-07-28,23:29:08,-07:00,2026-07-28T16:29:08-07:00,2,30
components/sections/WhatIDo.tsx,33,tsx,5830439,Ishaan Kor,2026-07-28,23:29:08,-07:00,2026-07-28T16:29:08-07:00,2,30
components/sections/WhatIDo.tsx,34,tsx,5830439,Ishaan Kor,2026-07-28,23:29:08,-07:00,2026-07-28T16:29:08-07:00,2,30
components/sections/WhatIDo.tsx,35,tsx,5830439,Ishaan Kor,2026-07-28,23:29:08,-07:00,2026-07-28T16:29:08-07:00,2,30
components/sections/WhatIDo.tsx,36,tsx,5830439,Ishaan Kor,2026-07-28,23:29:08,-07:00,2026-07-28T16:29:08-07:00,2,30
components/sections/WhatIDo.tsx,37,tsx,5830439,Ishaan Kor,2026-07-28,23:29:08,-07:00,2026-07-28T16:29:08-07:00,2,30
components/sections/WhatIDo.tsx,38,tsx,5830439,Ishaan Kor,2026-07-28,23:29:08,-07:00,2026-07-28T16:29:08-07:00,2,30
components/sections/WhatIDo.tsx,39,tsx,5830439,Ishaan Kor,2026-07-28,23:29:08,-07:00,2026-07-28T16:29:08-07:00,2,30
components/sections/WhatIDo.tsx,40,tsx,5830439,Ishaan Kor,2026-07-28,23:29:08,-07:00,2026-07-28T16:29:08-07:00,2,30
components/sections/WhatIDo.tsx,41,tsx,5830439,Ishaan Kor,2026-07-28,23:29:08,-07:00,2026-07-28T16:29:08-07:00,2,30
components/sections/WhatIDo.tsx,42,tsx,5830439,Ishaan Kor,2026-07-28,23:29:08,-07:00,2026-07-28T16:29:08-07:00,2,30
components/sections/WhatIDo.tsx,43,tsx,5830439,Ishaan Kor,2026-07-28,23:29:08,-07:00,2026-07-28T16:29:08-07:00,2,30
components/sections/WhatIDo.tsx,44,tsx,5830439,Ishaan Kor,2026-07-28,23:29:08,-07:00,2026-07-28T16:29:08-07:00,2,30
components/sections/WhatIDo.tsx,45,tsx,5830439,Ishaan Kor,2026-07-28,23:29:08,-07:00,2026-07-28T16:29:08-07:00,2,30
components/sections/WhatIDo.tsx,46,tsx,5830439,Ishaan Kor,2026-07-28,23:29:08,-07:00,2026-07-28T16:29:08-07:00,2,30
components/sections/WhatIDo.tsx,47,tsx,5830439,Ishaan Kor,2026-07-28,23:29:08,-07:00,2026-07-28T16:29:08-07:00,2,30
components/sections/WhatIDo.tsx,48,tsx,5830439,Ishaan Kor,2026-07-28,23:29:08,-07:00,2026-07-28T16:29:08-07:00,2,30
components/sections/WhatIDo.tsx,49,tsx,5830439,Ishaan Kor,2026-07-28,23:29:08,-07:00,2026-07-28T16:29:08-07:00,2,30
components/sections/WhatIDo.tsx,50,tsx,5830439,Ishaan Kor,2026-07-28,23:29:08,-07:00,2026-07-28T16:29:08-07:00,2,30
components/skills/TechStackSection.tsx,1,tsx,5830439,Ishaan Kor,2026-07-28,23:29:08,-07:00,2026-07-28T16:29:08-07:00,2,30
components/skills/TechStackSection.tsx,2,tsx,5830439,Ishaan Kor,2026-07-28,23:29:08,-07:00,2026-07-28T16:29:08-07:00,2,30
components/skills/TechStackSection.tsx,3,tsx,5830439,Ishaan Kor,2026-07-28,23:29:08,-07:00,2026-07-28T16:29:08-07:00,2,30
components/skills/TechStackSection.tsx,4,tsx,5830439,Ishaan Kor,2026-07-28,23:29:08,-07:00,2026-07-28T16:29:08-07:00,2,30
components/skills/TechStackSection.tsx,5,tsx,5830439,Ishaan Kor,2026-07-28,23:29:08,-07:00,2026-07-28T16:29:08-07:00,2,30
components/skills/TechStackSection.tsx,6,tsx,5830439,Ishaan Kor,2026-07-28,23:29:08,-07:00,2026-07-28T16:29:08-07:00,2,30
components/skills/TechStackSection.tsx,7,tsx,5830439,Ishaan Kor,2026-07-28,23:29:08,-07:00,2026-07-28T16:29:08-07:00,2,30
components/skills/TechStackSection.tsx,8,tsx,5830439,Ishaan Kor,2026-07-28,23:29:08,-07:00,2026-07-28T16:29:08-07:00,2,30
components/skills/TechStackSection.tsx,9,tsx,5830439,Ishaan Kor,2026-07-28,23:29:08,-07:00,2026-07-28T16:29:08-07:00,2,30
components/skills/TechStackSection.tsx,10,tsx,5830439,Ishaan Kor,2026-07-28,23:29:08,-07:00,2026-07-28T16:29:08-07:00,2,30
components/skills/TechStackSection.tsx,11,tsx,5830439,Ishaan Kor,2026-07-28,23:29:08,-07:00,2026-07-28T16:29:08-07:00,2,30
components/skills/TechStackSection.tsx,12,tsx,5830439,Ishaan Kor,2026-07-28,23:29:08,-07:00,2026-07-28T16:29:08-07:00,2,30
components/skills/TechStackSection.tsx,13,tsx,5830439,Ishaan Kor,2026-07-28,23:29:08,-07:00,2026-07-28T16:29:08-07:00,2,30
components/skills/TechStackSection.tsx,14,tsx,5830439,Ishaan Kor,2026-07-28,23:29:08,-07:00,2026-07-28T16:29:08-07:00,2,30
components/skills/TechStackSection.tsx,15,tsx,5830439,Ishaan Kor,2026-07-28,23:29:08,-07:00,2026-07-28T16:29:08-07:00,2,30
components/skills/TechStackSection.tsx,16,tsx,5830439,Ishaan Kor,2026-07-28,23:29:08,-07:00,2026-07-28T16:29:08-07:00,2,30
components/skills/TechStackSection.tsx,17,tsx,5830439,Ishaan Kor,2026-07-28,23:29:08,-07:00,2026-07-28T16:29:08-07:00,2,30
components/skills/TechStackSection.tsx,18,tsx,5830439,Ishaan Kor,2026-07-28,23:29:08,-07:00,2026-07-28T16:29:08-07:00,2,30
components/skills/TechStackSection.tsx,19,tsx,5830439,Ishaan Kor,2026-07-28,23:29:08,-07:00,2026-07-28T16:29:08-07:00,2,30
components/skills/TechStackSection.tsx,20,tsx,5830439,Ishaan Kor,2026-07-28,23:29:08,-07:00,2026-07-28T16:29:08-07:00,2,30
components/skills/TechStackSection.tsx,21,tsx,5830439,Ishaan Kor,2026-07-28,23:29:08,-07:00,2026-07-28T16:29:08-07:00,2,30
components/skills/TechStackSection.tsx,22,tsx,5830439,Ishaan Kor,2026-07-28,23:29:08,-07:00,2026-07-28T16:29:08-07:00,2,30
components/skills/TechStackSection.tsx,23,tsx,5830439,Ishaan Kor,2026-07-28,23:29:08,-07:00,2026-07-28T16:29:08-07:00,2,30
components/skills/TechStackSection.tsx,24,tsx,5830439,Ishaan Kor,2026-07-28,23:29:08,-07:00,2026-07-28T16:29:08-07:00,2,30
components/skills/TechStackSection.tsx,25,tsx,5830439,Ishaan Kor,2026-07-28,23:29:08,-07:00,2026-07-28T16:29:08-07:00,2,30
components/skills/TechStackSection.tsx,26,tsx,5830439,Ishaan Kor,2026-07-28,23:29:08,-07:00,2026-07-28T16:29:08-07:00,2,30
components/skills/TechStackSection.tsx,27,tsx,5830439,Ishaan Kor,2026-07-28,23:29:08,-07:00,2026-07-28T16:29:08-07:00,2,30
components/skills/TechStackSection.tsx,28,tsx,5830439,Ishaan Kor,2026-07-28,23:29:08,-07:00,2026-07-28T16:29:08-07:00,2,30
components/skills/TechStackSection.tsx,29,tsx,5830439,Ishaan Kor,2026-07-28,23:29:08,-07:00,2026-07-28T16:29:08-07:00,2,30
components/skills/TechStackSection.tsx,30,tsx,5830439,Ishaan Kor,2026-07-28,23:29:08,-07:00,2026-07-28T16:29:08-07:00,2,30
components/skills/TechStackSection.tsx,31,tsx,5830439,Ishaan Kor,2026-07-28,23:29:08,-07:00,2026-07-28T16:29:08-07:00,2,30
components/skills/TechStackSection.tsx,32,tsx,5830439,Ishaan Kor,2026-07-28,23:29:08,-07:00,2026-07-28T16:29:08-07:00,2,30
components/skills/TechStackSection.tsx,33,tsx,5830439,Ishaan Kor,2026-07-28,23:29:08,-07:00,2026-07-28T16:29:08-07:00,2,30
components/skills/TechStackSection.tsx,34,tsx,5830439,Ishaan Kor,2026-07-28,23:29:08,-07:00,2026-07-28T16:29:08-07:00,2,30
components/skills/TechStackSection.tsx,35,tsx,5830439,Ishaan Kor,2026-07-28,23:29:08,-07:00,2026-07-28T16:29:08-07:00,2,30
components/skills/TechStackSection.tsx,36,tsx,5830439,Ishaan Kor,2026-07-28,23:29:08,-07:00,2026-07-28T16:29:08-07:00,2,30
components/skills/TechStackSection.tsx,37,tsx,5830439,Ishaan Kor,2026-07-28,23:29:08,-07:00,2026-07-28T16:29:08-07:00,2,30
components/skills/TechStackSection.tsx,38,tsx,5830439,Ishaan Kor,2026-07-28,23:29:08,-07:00,2026-07-28T16:29:08-07:00,2,30
components/skills/TechStackSection.tsx,39,tsx,5830439,Ishaan Kor,2026-07-28,23:29:08,-07:00,2026-07-28T16:29:08-07:00,2,30
components/skills/TechStackSection.tsx,40,tsx,5830439,Ishaan Kor,2026-07-28,23:29:08,-07:00,2026-07-28T16:29:08-07:00,2,30
components/skills/TechStackSection.tsx,41,tsx,5830439,Ishaan Kor,2026-07-28,23:29:08,-07:00,2026-07-28T16:29:08-07:00,2,30
components/skills/TechStackSection.tsx,42,tsx,5830439,Ishaan Kor,2026-07-28,23:29:08,-07:00,2026-07-28T16:29:08-07:00,2,30
components/skills/TechStackSection.tsx,43,tsx,5830439,Ishaan Kor,2026-07-28,23:29:08,-07:00,2026-07-28T16:29:08-07:00,2,30
components/skills/TechStackSection.tsx,44,tsx,5830439,Ishaan Kor,2026-07-28,23:29:08,-07:00,2026-07-28T16:29:08-07:00,2,30
components/skills/TechStackSection.tsx,45,tsx,5830439,Ishaan Kor,2026-07-28,23:29:08,-07:00,2026-07-28T16:29:08-07:00,2,30
components/skills/TechStackSection.tsx,46,tsx,5830439,Ishaan Kor,2026-07-28,23:29:08,-07:00,2026-07-28T16:29:08-07:00,2,30
components/skills/TechStackSection.tsx,47,tsx,5830439,Ishaan Kor,2026-07-28,23:29:08,-07:00,2026-07-28T16:29:08-07:00,2,30
components/skills/TechStackSection.tsx,48,tsx,5830439,Ishaan Kor,2026-07-28,23:29:08,-07:00,2026-07-28T16:29:08-07:00,2,30
components/skills/TechStackSection.tsx,49,tsx,5830439,Ishaan Kor,2026-07-28,23:29:08,-07:00,2026-07-28T16:29:08-07:00,2,30
components/skills/TechStackSection.tsx,50,tsx,5830439,Ishaan Kor,2026-07-28,23:29:08,-07:00,2026-07-28T16:29:08-07:00,2,30
components/ui/ScrollReveal.tsx,1,tsx,5830439,Ishaan Kor,2026-07-28,23:29:08,-07:00,2026-07-28T16:29:08-07:00,2,30
components/ui/ScrollReveal.tsx,2,tsx,5830439,Ishaan Kor,2026-07-28,23:29:08,-07:00,2026-07-28T16:29:08-07:00,2,30
components/ui/ScrollReveal.tsx,3,tsx,5830439,Ishaan Kor,2026-07-28,23:29:08,-07:00,2026-07-28T16:29:08-07:00,2,30
components/ui/ScrollReveal.tsx,4,tsx,5830439,Ishaan Kor,2026-07-28,23:29:08,-07:00,2026-07-28T16:29:08-07:00,2,30
components/ui/ScrollReveal.tsx,5,tsx,5830439,Ishaan Kor,2026-07-28,23:29:08,-07:00,2026-07-28T16:29:08-07:00,2,30
components/ui/ScrollReveal.tsx,6,tsx,5830439,Ishaan Kor,2026-07-28,23:29:08,-07:00,2026-07-28T16:29:08-07:00,2,30
components/ui/ScrollReveal.tsx,7,tsx,5830439,Ishaan Kor,2026-07-28,23:29:08,-07:00,2026-07-28T16:29:08-07:00,2,30
components/ui/ScrollReveal.tsx,8,tsx,5830439,Ishaan Kor,2026-07-28,23:29:08,-07:00,2026-07-28T16:29:08-07:00,2,30
components/ui/ScrollReveal.tsx,9,tsx,5830439,Ishaan Kor,2026-07-28,23:29:08,-07:00,2026-07-28T16:29:08-07:00,2,30
components/ui/ScrollReveal.tsx,10,tsx,5830439,Ishaan Kor,2026-07-28,23:29:08,-07:00,2026-07-28T16:29:08-07:00,2,30
components/ui/ScrollReveal.tsx,11,tsx,5830439,Ishaan Kor,2026-07-28,23:29:08,-07:00,2026-07-28T16:29:08-07:00,2,30
components/ui/ScrollReveal.tsx,12,tsx,5830439,Ishaan Kor,2026-07-28,23:29:08,-07:00,2026-07-28T16:29:08-07:00,2,30
components/ui/ScrollReveal.tsx,13,tsx,5830439,Ishaan Kor,2026-07-28,23:29:08,-07:00,2026-07-28T16:29:08-07:00,2,30
components/ui/ScrollReveal.tsx,14,tsx,5830439,Ishaan Kor,2026-07-28,23:29:08,-07:00,2026-07-28T16:29:08-07:00,2,30
components/ui/ScrollReveal.tsx,15,tsx,5830439,Ishaan Kor,2026-07-28,23:29:08,-07:00,2026-07-28T16:29:08-07:00,2,30
components/ui/ScrollReveal.tsx,16,tsx,5830439,Ishaan Kor,2026-07-28,23:29:08,-07:00,2026-07-28T16:29:08-07:00,2,30
components/ui/ScrollReveal.tsx,17,tsx,5830439,Ishaan Kor,2026-07-28,23:29:08,-07:00,2026-07-28T16:29:08-07:00,2,30
components/ui/ScrollReveal.tsx,18,tsx,5830439,Ishaan Kor,2026-07-28,23:29:08,-07:00,2026-07-28T16:29:08-07:00,2,30
components/ui/ScrollReveal.tsx,19,tsx,5830439,Ishaan Kor,2026-07-28,23:29:08,-07:00,2026-07-28T16:29:08-07:00,2,30
components/ui/ScrollReveal.tsx,20,tsx,5830439,Ishaan Kor,2026-07-28,23:29:08,-07:00,2026-07-28T16:29:08-07:00,2,30
components/ui/ScrollReveal.tsx,21,tsx,5830439,Ishaan Kor,2026-07-28,23:29:08,-07:00,2026-07-28T16:29:08-07:00,2,30
components/ui/ScrollReveal.tsx,22,tsx,5830439,Ishaan Kor,2026-07-28,23:29:08,-07:00,2026-07-28T16:29:08-07:00,2,30
components/ui/ScrollReveal.tsx,23,tsx,5830439,Ishaan Kor,2026-07-28,23:29:08,-07:00,2026-07-28T16:29:08-07:00,2,30
components/ui/ScrollReveal.tsx,24,tsx,5830439,Ishaan Kor,2026-07-28,23:29:08,-07:00,2026-07-28T16:29:08-07:00,2,30
components/ui/ScrollReveal.tsx,25,tsx,5830439,Ishaan Kor,2026-07-28,23:29:08,-07:00,2026-07-28T16:29:08-07:00,2,30
components/ui/ScrollReveal.tsx,26,tsx,5830439,Ishaan Kor,2026-07-28,23:29:08,-07:00,2026-07-28T16:29:08-07:00,2,30
components/ui/ScrollReveal.tsx,27,tsx,5830439,Ishaan Kor,2026-07-28,23:29:08,-07:00,2026-07-28T16:29:08-07:00,2,30
components/ui/ScrollReveal.tsx,28,tsx,5830439,Ishaan Kor,2026-07-28,23:29:08,-07:00,2026-07-28T16:29:08-07:00,2,30
components/ui/ScrollReveal.tsx,29,tsx,5830439,Ishaan Kor,2026-07-28,23:29:08,-07:00,2026-07-28T16:29:08-07:00,2,30
components/ui/ScrollReveal.tsx,30,tsx,5830439,Ishaan Kor,2026-07-28,23:29:08,-07:00,2026-07-28T16:29:08-07:00,2,30
components/ui/ScrollReveal.tsx,31,tsx,5830439,Ishaan Kor,2026-07-28,23:29:08,-07:00,2026-07-28T16:29:08-07:00,2,30
components/ui/ScrollReveal.tsx,32,tsx,5830439,Ishaan Kor,2026-07-28,23:29:08,-07:00,2026-07-28T16:29:08-07:00,2,30
components/ui/ScrollReveal.tsx,33,tsx,5830439,Ishaan Kor,2026-07-28,23:29:08,-07:00,2026-07-28T16:29:08-07:00,2,30
components/ui/ScrollReveal.tsx,34,tsx,5830439,Ishaan Kor,2026-07-28,23:29:08,-07:00,2026-07-28T16:29:08-07:00,2,30
components/ui/ScrollReveal.tsx,35,tsx,5830439,Ishaan Kor,2026-07-28,23:29:08,-07:00,2026-07-28T16:29:08-07:00,2,30
components/ui/ScrollReveal.tsx,36,tsx,5830439,Ishaan Kor,2026-07-28,23:29:08,-07:00,2026-07-28T16:29:08-07:00,2,30
components/ui/ScrollReveal.tsx,37,tsx,5830439,Ishaan Kor,2026-07-28,23:29:08,-07:00,2026-07-28T16:29:08-07:00,2,30
components/ui/ScrollReveal.tsx,38,tsx,5830439,Ishaan Kor,2026-07-28,23:29:08,-07:00,2026-07-28T16:29:08-07:00,2,30
components/ui/ScrollReveal.tsx,39,tsx,5830439,Ishaan Kor,2026-07-28,23:29:08,-07:00,2026-07-28T16:29:08-07:00,2,30
components/ui/ScrollReveal.tsx,40,tsx,5830439,Ishaan Kor,2026-07-28,23:29:08,-07:00,2026-07-28T16:29:08-07:00,2,30
components/ui/ScrollReveal.tsx,41,tsx,5830439,Ishaan Kor,2026-07-28,23:29:08,-07:00,2026-07-28T16:29:08-07:00,2,30
components/ui/ScrollReveal.tsx,42,tsx,5830439,Ishaan Kor,2026-07-28,23:29:08,-07:00,2026-07-28T16:29:08-07:00,2,30
components/ui/ScrollReveal.tsx,43,tsx,5830439,Ishaan Kor,2026-07-28,23:29:08,-07:00,2026-07-28T16:29:08-07:00,2,30
components/ui/ScrollReveal.tsx,44,tsx,5830439,Ishaan Kor,2026-07-28,23:29:08,-07:00,2026-07-28T16:29:08-07:00,2,30
components/ui/ScrollReveal.tsx,45,tsx,5830439,Ishaan Kor,2026-07-28,23:29:08,-07:00,2026-07-28T16:29:08-07:00,2,30
components/ui/ScrollReveal.tsx,46,tsx,5830439,Ishaan Kor,2026-07-28,23:29:08,-07:00,2026-07-28T16:29:08-07:00,2,30
components/ui/ScrollReveal.tsx,47,tsx,5830439,Ishaan Kor,2026-07-28,23:29:08,-07:00,2026-07-28T16:29:08-07:00,2,30
components/ui/ScrollReveal.tsx,48,tsx,5830439,Ishaan Kor,2026-07-28,23:29:08,-07:00,2026-07-28T16:29:08-07:00,2,30
out/404.html,1,html,5830439,Ishaan Kor,2026-07-28,23:29:08,-07:00,2026-07-28T16:29:08-07:00,1,30
out/404.html,2,html,5830439,Ishaan Kor,2026-07-28,23:29:08,-07:00,2026-07-28T16:29:08-07:00,1,30
out/_next/static/{2jlccuSbI9NZ_JY5ZgwC4,1,code,5830439,Ishaan Kor,2026-07-28,23:29:08,-07:00,2026-07-28T16:29:08-07:00,3,30
out/_next/static/{2jlccuSbI9NZ_JY5ZgwC4,1,code,5830439,Ishaan Kor,2026-07-28,23:29:08,-07:00,2026-07-28T16:29:08-07:00,3,30
out/_next/static/chunks/{117-7b4c661ba38a9fd4.js,1,js,5830439,Ishaan Kor,2026-07-28,23:29:08,-07:00,2026-07-28T16:29:08-07:00,4,30
out/_next/static/chunks/342-5c68ca3555372eec.js,1,js,5830439,Ishaan Kor,2026-07-28,23:29:08,-07:00,2026-07-28T16:29:08-07:00,4,30
out/_next/static/chunks/342-b2bdc5e18fb087e1.js,1,js,5830439,Ishaan Kor,2026-07-28,23:29:08,-07:00,2026-07-28T16:29:08-07:00,4,30
out/_next/static/chunks/356-0ae75b657a1b5c54.js,1,js,5830439,Ishaan Kor,2026-07-28,23:29:08,-07:00,2026-07-28T16:29:08-07:00,4,30
out/_next/static/chunks/356-2c58c87d01f63b79.js,1,js,5830439,Ishaan Kor,2026-07-28,23:29:08,-07:00,2026-07-28T16:29:08-07:00,4,30
out/_next/static/chunks/623-b65064cafc557220.js,1,js,5830439,Ishaan Kor,2026-07-28,23:29:08,-07:00,2026-07-28T16:29:08-07:00,4,30
out/_next/static/chunks/662-c96f802d6bf6864e.js,1,js,5830439,Ishaan Kor,2026-07-28,23:29:08,-07:00,2026-07-28T16:29:08-07:00,4,30
out/_next/static/chunks/841-cb50c5dc3da0c719.js,1,js,5830439,Ishaan Kor,2026-07-28,23:29:08,-07:00,2026-07-28T16:29:08-07:00,4,30
out/_next/static/chunks/app/_not-found/{page-cb510ac76467903c.js,1,js,5830439,Ishaan Kor,2026-07-28,23:29:08,-07:00,2026-07-28T16:29:08-07:00,6,30
out/_next/static/chunks/app/contact/page-119c1247aadde62c.js,1,js,5830439,Ishaan Kor,2026-07-28,23:29:08,-07:00,2026-07-28T16:29:08-07:00,6,30
out/_next/static/chunks/app/contact/page-921b274b1314a8fb.js,1,js,5830439,Ishaan Kor,2026-07-28,23:29:08,-07:00,2026-07-28T16:29:08-07:00,6,30
out/_next/static/chunks/app/layout-1f0da85b972e435f.js,1,js,5830439,Ishaan Kor,2026-07-28,23:29:08,-07:00,2026-07-28T16:29:08-07:00,5,30
out/_next/static/chunks/app/layout-dfec1d8c15e4ce37.js,1,js,5830439,Ishaan Kor,2026-07-28,23:29:08,-07:00,2026-07-28T16:29:08-07:00,5,30
out/_next/static/chunks/app/page-00b3df306cc15d14.js,1,js,5830439,Ishaan Kor,2026-07-28,23:29:08,-07:00,2026-07-28T16:29:08-07:00,5,30
out/_next/static/chunks/app/page-ef1a27ba735e7824.js,1,js,5830439,Ishaan Kor,2026-07-28,23:29:08,-07:00,2026-07-28T16:29:08-07:00,5,30
out/_next/static/chunks/app/projects/{page-b240ec2dfd412629.js,1,js,5830439,Ishaan Kor,2026-07-28,23:29:08,-07:00,2026-07-28T16:29:08-07:00,6,30
out/_next/static/chunks/app/projects/{page-b240ec2dfd412629.js,2,js,5830439,Ishaan Kor,2026-07-28,23:29:08,-07:00,2026-07-28T16:29:08-07:00,6,30
out/_next/static/chunks/app/resume/page-08b32612fda58247.js,1,js,5830439,Ishaan Kor,2026-07-28,23:29:08,-07:00,2026-07-28T16:29:08-07:00,6,30
out/_next/static/chunks/app/resume/page-15c9bfbef1a59261.js,1,js,5830439,Ishaan Kor,2026-07-28,23:29:08,-07:00,2026-07-28T16:29:08-07:00,6,30
out/_next/static/chunks/{fd9d1056-3fd1a6c0d3460a1b.js,1,js,5830439,Ishaan Kor,2026-07-28,23:29:08,-07:00,2026-07-28T16:29:08-07:00,4,30
out/_next/static/chunks/webpack-ab478d81c58b12d8.js,1,js,5830439,Ishaan Kor,2026-07-28,23:29:08,-07:00,2026-07-28T16:29:08-07:00,4,30
out/_next/static/chunks/webpack-cb5cdd4cdf4b3408.js,1,js,5830439,Ishaan Kor,2026-07-28,23:29:08,-07:00,2026-07-28T16:29:08-07:00,4,30
out/_next/static/css/9138cb0731384124.css,1,css,5830439,Ishaan Kor,2026-07-28,23:29:08,-07:00,2026-07-28T16:29:08-07:00,4,30
out/_next/static/css/9138cb0731384124.css,2,css,5830439,Ishaan Kor,2026-07-28,23:29:08,-07:00,2026-07-28T16:29:08-07:00,4,30
out/_next/static/css/9138cb0731384124.css,3,css,5830439,Ishaan Kor,2026-07-28,23:29:08,-07:00,2026-07-28T16:29:08-07:00,4,30
out/_next/static/css/e94e8989da0f2801.css,1,css,5830439,Ishaan Kor,2026-07-28,23:29:08,-07:00,2026-07-28T16:29:08-07:00,4,30
out/_next/static/css/e94e8989da0f2801.css,2,css,5830439,Ishaan Kor,2026-07-28,23:29:08,-07:00,2026-07-28T16:29:08-07:00,4,30
out/_next/static/css/e94e8989da0f2801.css,3,css,5830439,Ishaan Kor,2026-07-28,23:29:08,-07:00,2026-07-28T16:29:08-07:00,4,30
out/contact.html,1,html,5830439,Ishaan Kor,2026-07-28,23:29:08,-07:00,2026-07-28T16:29:08-07:00,1,30
out/contact.html,2,html,5830439,Ishaan Kor,2026-07-28,23:29:08,-07:00,2026-07-28T16:29:08-07:00,1,30
out/contact.txt,1,txt,5830439,Ishaan Kor,2026-07-28,23:29:08,-07:00,2026-07-28T16:29:08-07:00,1,30
out/contact.txt,2,txt,5830439,Ishaan Kor,2026-07-28,23:29:08,-07:00,2026-07-28T16:29:08-07:00,1,30
out/contact.txt,3,txt,5830439,Ishaan Kor,2026-07-28,23:29:08,-07:00,2026-07-28T16:29:08-07:00,1,30
out/contact.txt,4,txt,5830439,Ishaan Kor,2026-07-28,23:29:08,-07:00,2026-07-28T16:29:08-07:00,1,30
out/contact.txt,5,txt,5830439,Ishaan Kor,2026-07-28,23:29:08,-07:00,2026-07-28T16:29:08-07:00,1,30
out/contact.txt,6,txt,5830439,Ishaan Kor,2026-07-28,23:29:08,-07:00,2026-07-28T16:29:08-07:00,1,30
out/contact.txt,7,txt,5830439,Ishaan Kor,2026-07-28,23:29:08,-07:00,2026-07-28T16:29:08-07:00,1,30
out/contact.txt,8,txt,5830439,Ishaan Kor,2026-07-28,23:29:08,-07:00,2026-07-28T16:29:08-07:00,1,30
out/index.html,1,html,5830439,Ishaan Kor,2026-07-28,23:29:08,-07:00,2026-07-28T16:29:08-07:00,1,30
out/index.html,2,html,5830439,Ishaan Kor,2026-07-28,23:29:08,-07:00,2026-07-28T16:29:08-07:00,1,30
out/index.txt,1,txt,5830439,Ishaan Kor,2026-07-28,23:29:08,-07:00,2026-07-28T16:29:08-07:00,1,30
out/index.txt,2,txt,5830439,Ishaan Kor,2026-07-28,23:29:08,-07:00,2026-07-28T16:29:08-07:00,1,30
out/index.txt,3,txt,5830439,Ishaan Kor,2026-07-28,23:29:08,-07:00,2026-07-28T16:29:08-07:00,1,30
out/index.txt,4,txt,5830439,Ishaan Kor,2026-07-28,23:29:08,-07:00,2026-07-28T16:29:08-07:00,1,30
out/index.txt,5,txt,5830439,Ishaan Kor,2026-07-28,23:29:08,-07:00,2026-07-28T16:29:08-07:00,1,30
out/index.txt,6,txt,5830439,Ishaan Kor,2026-07-28,23:29:08,-07:00,2026-07-28T16:29:08-07:00,1,30
out/index.txt,7,txt,5830439,Ishaan Kor,2026-07-28,23:29:08,-07:00,2026-07-28T16:29:08-07:00,1,30
out/index.txt,8,txt,5830439,Ishaan Kor,2026-07-28,23:29:08,-07:00,2026-07-28T16:29:08-07:00,1,30
out/index.txt,9,txt,5830439,Ishaan Kor,2026-07-28,23:29:08,-07:00,2026-07-28T16:29:08-07:00,1,30
out/index.txt,10,txt,5830439,Ishaan Kor,2026-07-28,23:29:08,-07:00,2026-07-28T16:29:08-07:00,1,30
out/index.txt,11,txt,5830439,Ishaan Kor,2026-07-28,23:29:08,-07:00,2026-07-28T16:29:08-07:00,1,30
out/index.txt,12,txt,5830439,Ishaan Kor,2026-07-28,23:29:08,-07:00,2026-07-28T16:29:08-07:00,1,30
out/index.txt,13,txt,5830439,Ishaan Kor,2026-07-28,23:29:08,-07:00,2026-07-28T16:29:08-07:00,1,30
out/index.txt,14,txt,5830439,Ishaan Kor,2026-07-28,23:29:08,-07:00,2026-07-28T16:29:08-07:00,1,30
out/index.txt,15,txt,5830439,Ishaan Kor,2026-07-28,23:29:08,-07:00,2026-07-28T16:29:08-07:00,1,30
out/index.txt,16,txt,5830439,Ishaan Kor,2026-07-28,23:29:08,-07:00,2026-07-28T16:29:08-07:00,1,30
out/index.txt,17,txt,5830439,Ishaan Kor,2026-07-28,23:29:08,-07:00,2026-07-28T16:29:08-07:00,1,30
out/index.txt,18,txt,5830439,Ishaan Kor,2026-07-28,23:29:08,-07:00,2026-07-28T16:29:08-07:00,1,30
out/index.txt,19,txt,5830439,Ishaan Kor,2026-07-28,23:29:08,-07:00,2026-07-28T16:29:08-07:00,1,30
out/index.txt,20,txt,5830439,Ishaan Kor,2026-07-28,23:29:08,-07:00,2026-07-28T16:29:08-07:00,1,30
out/index.txt,21,txt,5830439,Ishaan Kor,2026-07-28,23:29:08,-07:00,2026-07-28T16:29:08-07:00,1,30
out/index.txt,22,txt,5830439,Ishaan Kor,2026-07-28,23:29:08,-07:00,2026-07-28T16:29:08-07:00,1,30
out/projects.html,1,html,5830439,Ishaan Kor,2026-07-28,23:29:08,-07:00,2026-07-28T16:29:08-07:00,1,30
out/projects.html,2,html,5830439,Ishaan Kor,2026-07-28,23:29:08,-07:00,2026-07-28T16:29:08-07:00,1,30
out/projects.txt,1,txt,5830439,Ishaan Kor,2026-07-28,23:29:08,-07:00,2026-07-28T16:29:08-07:00,1,30
out/projects.txt,2,txt,5830439,Ishaan Kor,2026-07-28,23:29:08,-07:00,2026-07-28T16:29:08-07:00,1,30
out/projects.txt,3,txt,5830439,Ishaan Kor,2026-07-28,23:29:08,-07:00,2026-07-28T16:29:08-07:00,1,30
out/projects.txt,4,txt,5830439,Ishaan Kor,2026-07-28,23:29:08,-07:00,2026-07-28T16:29:08-07:00,1,30
out/projects.txt,5,txt,5830439,Ishaan Kor,2026-07-28,23:29:08,-07:00,2026-07-28T16:29:08-07:00,1,30
out/projects.txt,6,txt,5830439,Ishaan Kor,2026-07-28,23:29:08,-07:00,2026-07-28T16:29:08-07:00,1,30
out/projects.txt,7,txt,5830439,Ishaan Kor,2026-07-28,23:29:08,-07:00,2026-07-28T16:29:08-07:00,1,30
out/projects.txt,8,txt,5830439,Ishaan Kor,2026-07-28,23:29:08,-07:00,2026-07-28T16:29:08-07:00,1,30
out/projects.txt,9,txt,5830439,Ishaan Kor,2026-07-28,23:29:08,-07:00,2026-07-28T16:29:08-07:00,1,30
out/projects.txt,10,txt,5830439,Ishaan Kor,2026-07-28,23:29:08,-07:00,2026-07-28T16:29:08-07:00,1,30
out/resume.html,1,html,5830439,Ishaan Kor,2026-07-28,23:29:08,-07:00,2026-07-28T16:29:08-07:00,1,30
out/resume.html,2,html,5830439,Ishaan Kor,2026-07-28,23:29:08,-07:00,2026-07-28T16:29:08-07:00,1,30
out/resume.txt,1,txt,5830439,Ishaan Kor,2026-07-28,23:29:08,-07:00,2026-07-28T16:29:08-07:00,1,30
out/resume.txt,2,txt,5830439,Ishaan Kor,2026-07-28,23:29:08,-07:00,2026-07-28T16:29:08-07:00,1,30
out/resume.txt,3,txt,5830439,Ishaan Kor,2026-07-28,23:29:08,-07:00,2026-07-28T16:29:08-07:00,1,30
out/resume.txt,4,txt,5830439,Ishaan Kor,2026-07-28,23:29:08,-07:00,2026-07-28T16:29:08-07:00,1,30
out/resume.txt,5,txt,5830439,Ishaan Kor,2026-07-28,23:29:08,-07:00,2026-07-28T16:29:08-07:00,1,30
out/resume.txt,6,txt,5830439,Ishaan Kor,2026-07-28,23:29:08,-07:00,2026-07-28T16:29:08-07:00,1,30
out/resume.txt,7,txt,5830439,Ishaan Kor,2026-07-28,23:29:08,-07:00,2026-07-28T16:29:08-07:00,1,30
out/resume.txt,8,txt,5830439,Ishaan Kor,2026-07-28,23:29:08,-07:00,2026-07-28T16:29:08-07:00,1,30
out/resume.txt,9,txt,5830439,Ishaan Kor,2026-07-28,23:29:08,-07:00,2026-07-28T16:29:08-07:00,1,30
out/resume.txt,10,txt,5830439,Ishaan Kor,2026-07-28,23:29:08,-07:00,2026-07-28T16:29:08-07:00,1,30
out/_next/static/chunks/app/layout-a1b0db8fe70027c3.js,1,js,ad09d57,Ishaan Kor,2026-07-28,23:17:48,-07:00,2026-07-28T16:17:48-07:00,5,30
out/_next/static/chunks/app/layout-a1b0db8fe70027c3.js,2,js,ad09d57,Ishaan Kor,2026-07-28,23:17:48,-07:00,2026-07-28T16:17:48-07:00,5,30
components/analytics/GitHubAnalytics.tsx,1,tsx,ad09d57,Ishaan Kor,2026-07-28,23:17:48,-07:00,2026-07-28T16:17:48-07:00,2,30
components/analytics/GitHubAnalytics.tsx,2,tsx,ad09d57,Ishaan Kor,2026-07-28,23:17:48,-07:00,2026-07-28T16:17:48-07:00,2,30
components/analytics/GitHubAnalytics.tsx,3,tsx,ad09d57,Ishaan Kor,2026-07-28,23:17:48,-07:00,2026-07-28T16:17:48-07:00,2,30
components/analytics/GitHubAnalytics.tsx,4,tsx,ad09d57,Ishaan Kor,2026-07-28,23:17:48,-07:00,2026-07-28T16:17:48-07:00,2,30
components/analytics/GitHubAnalytics.tsx,5,tsx,ad09d57,Ishaan Kor,2026-07-28,23:17:48,-07:00,2026-07-28T16:17:48-07:00,2,30
components/analytics/GitHubAnalytics.tsx,6,tsx,ad09d57,Ishaan Kor,2026-07-28,23:17:48,-07:00,2026-07-28T16:17:48-07:00,2,30
components/analytics/GitHubAnalytics.tsx,7,tsx,ad09d57,Ishaan Kor,2026-07-28,23:17:48,-07:00,2026-07-28T16:17:48-07:00,2,30
components/analytics/GitHubAnalytics.tsx,8,tsx,ad09d57,Ishaan Kor,2026-07-28,23:17:48,-07:00,2026-07-28T16:17:48-07:00,2,30
components/analytics/GitHubAnalytics.tsx,9,tsx,ad09d57,Ishaan Kor,2026-07-28,23:17:48,-07:00,2026-07-28T16:17:48-07:00,2,30
components/analytics/GitHubAnalytics.tsx,10,tsx,ad09d57,Ishaan Kor,2026-07-28,23:17:48,-07:00,2026-07-28T16:17:48-07:00,2,30
components/analytics/GitHubAnalytics.tsx,11,tsx,ad09d57,Ishaan Kor,2026-07-28,23:17:48,-07:00,2026-07-28T16:17:48-07:00,2,30
components/analytics/GitHubAnalytics.tsx,12,tsx,ad09d57,Ishaan Kor,2026-07-28,23:17:48,-07:00,2026-07-28T16:17:48-07:00,2,30
components/analytics/GitHubAnalytics.tsx,13,tsx,ad09d57,Ishaan Kor,2026-07-28,23:17:48,-07:00,2026-07-28T16:17:48-07:00,2,30
components/analytics/GitHubAnalytics.tsx,14,tsx,ad09d57,Ishaan Kor,2026-07-28,23:17:48,-07:00,2026-07-28T16:17:48-07:00,2,30
components/analytics/GitHubAnalytics.tsx,15,tsx,ad09d57,Ishaan Kor,2026-07-28,23:17:48,-07:00,2026-07-28T16:17:48-07:00,2,30
components/analytics/GitHubAnalytics.tsx,16,tsx,ad09d57,Ishaan Kor,2026-07-28,23:17:48,-07:00,2026-07-28T16:17:48-07:00,2,30
components/analytics/GitHubAnalytics.tsx,17,tsx,ad09d57,Ishaan Kor,2026-07-28,23:17:48,-07:00,2026-07-28T16:17:48-07:00,2,30
components/analytics/GitHubAnalytics.tsx,18,tsx,ad09d57,Ishaan Kor,2026-07-28,23:17:48,-07:00,2026-07-28T16:17:48-07:00,2,30
components/analytics/GitHubAnalytics.tsx,19,tsx,ad09d57,Ishaan Kor,2026-07-28,23:17:48,-07:00,2026-07-28T16:17:48-07:00,2,30
components/analytics/GitHubAnalytics.tsx,20,tsx,ad09d57,Ishaan Kor,2026-07-28,23:17:48,-07:00,2026-07-28T16:17:48-07:00,2,30
components/analytics/GitHubAnalytics.tsx,21,tsx,ad09d57,Ishaan Kor,2026-07-28,23:17:48,-07:00,2026-07-28T16:17:48-07:00,2,30
components/analytics/GitHubAnalytics.tsx,22,tsx,ad09d57,Ishaan Kor,2026-07-28,23:17:48,-07:00,2026-07-28T16:17:48-07:00,2,30
components/analytics/GitHubAnalytics.tsx,23,tsx,ad09d57,Ishaan Kor,2026-07-28,23:17:48,-07:00,2026-07-28T16:17:48-07:00,2,30
components/analytics/GitHubAnalytics.tsx,24,tsx,ad09d57,Ishaan Kor,2026-07-28,23:17:48,-07:00,2026-07-28T16:17:48-07:00,2,30
components/analytics/GitHubAnalytics.tsx,25,tsx,ad09d57,Ishaan Kor,2026-07-28,23:17:48,-07:00,2026-07-28T16:17:48-07:00,2,30
components/analytics/GitHubAnalytics.tsx,26,tsx,ad09d57,Ishaan Kor,2026-07-28,23:17:48,-07:00,2026-07-28T16:17:48-07:00,2,30
components/analytics/GitHubAnalytics.tsx,27,tsx,ad09d57,Ishaan Kor,2026-07-28,23:17:48,-07:00,2026-07-28T16:17:48-07:00,2,30
components/analytics/GitHubAnalytics.tsx,28,tsx,ad09d57,Ishaan Kor,2026-07-28,23:17:48,-07:00,2026-07-28T16:17:48-07:00,2,30
components/analytics/GitHubAnalytics.tsx,29,tsx,ad09d57,Ishaan Kor,2026-07-28,23:17:48,-07:00,2026-07-28T16:17:48-07:00,2,30
components/analytics/GitHubAnalytics.tsx,30,tsx,ad09d57,Ishaan Kor,2026-07-28,23:17:48,-07:00,2026-07-28T16:17:48-07:00,2,30
components/analytics/GitHubAnalytics.tsx,31,tsx,ad09d57,Ishaan Kor,2026-07-28,23:17:48,-07:00,2026-07-28T16:17:48-07:00,2,30
components/analytics/GitHubAnalytics.tsx,32,tsx,ad09d57,Ishaan Kor,2026-07-28,23:17:48,-07:00,2026-07-28T16:17:48-07:00,2,30
components/analytics/GitHubAnalytics.tsx,33,tsx,ad09d57,Ishaan Kor,2026-07-28,23:17:48,-07:00,2026-07-28T16:17:48-07:00,2,30
components/analytics/GitHubAnalytics.tsx,34,tsx,ad09d57,Ishaan Kor,2026-07-28,23:17:48,-07:00,2026-07-28T16:17:48-07:00,2,30
components/analytics/GitHubAnalytics.tsx,35,tsx,ad09d57,Ishaan Kor,2026-07-28,23:17:48,-07:00,2026-07-28T16:17:48-07:00,2,30
components/analytics/GitHubAnalytics.tsx,36,tsx,ad09d57,Ishaan Kor,2026-07-28,23:17:48,-07:00,2026-07-28T16:17:48-07:00,2,30
components/analytics/GitHubAnalytics.tsx,37,tsx,ad09d57,Ishaan Kor,2026-07-28,23:17:48,-07:00,2026-07-28T16:17:48-07:00,2,30
components/analytics/GitHubAnalytics.tsx,38,tsx,ad09d57,Ishaan Kor,2026-07-28,23:17:48,-07:00,2026-07-28T16:17:48-07:00,2,30
components/analytics/GitHubAnalytics.tsx,39,tsx,ad09d57,Ishaan Kor,2026-07-28,23:17:48,-07:00,2026-07-28T16:17:48-07:00,2,30
components/analytics/GitHubAnalytics.tsx,40,tsx,ad09d57,Ishaan Kor,2026-07-28,23:17:48,-07:00,2026-07-28T16:17:48-07:00,2,30
components/analytics/GitHubAnalytics.tsx,41,tsx,ad09d57,Ishaan Kor,2026-07-28,23:17:48,-07:00,2026-07-28T16:17:48-07:00,2,30
components/analytics/GitHubAnalytics.tsx,42,tsx,ad09d57,Ishaan Kor,2026-07-28,23:17:48,-07:00,2026-07-28T16:17:48-07:00,2,30
components/analytics/GitHubAnalytics.tsx,43,tsx,ad09d57,Ishaan Kor,2026-07-28,23:17:48,-07:00,2026-07-28T16:17:48-07:00,2,30
components/analytics/GitHubAnalytics.tsx,44,tsx,ad09d57,Ishaan Kor,2026-07-28,23:17:48,-07:00,2026-07-28T16:17:48-07:00,2,30
components/analytics/GitHubAnalytics.tsx,45,tsx,ad09d57,Ishaan Kor,2026-07-28,23:17:48,-07:00,2026-07-28T16:17:48-07:00,2,30
components/analytics/GitHubAnalytics.tsx,46,tsx,ad09d57,Ishaan Kor,2026-07-28,23:17:48,-07:00,2026-07-28T16:17:48-07:00,2,30
components/analytics/GitHubAnalytics.tsx,47,tsx,ad09d57,Ishaan Kor,2026-07-28,23:17:48,-07:00,2026-07-28T16:17:48-07:00,2,30
components/analytics/GitHubAnalytics.tsx,48,tsx,ad09d57,Ishaan Kor,2026-07-28,23:17:48,-07:00,2026-07-28T16:17:48-07:00,2,30
components/analytics/GitHubAnalytics.tsx,49,tsx,ad09d57,Ishaan Kor,2026-07-28,23:17:48,-07:00,2026-07-28T16:17:48-07:00,2,30
components/analytics/GitHubAnalytics.tsx,50,tsx,ad09d57,Ishaan Kor,2026-07-28,23:17:48,-07:00,2026-07-28T16:17:48-07:00,2,30
out/.nojekyll,1,code,ad09d57,Ishaan Kor,2026-07-28,23:17:48,-07:00,2026-07-28T16:17:48-07:00,1,30
out/404.html,1,html,ad09d57,Ishaan Kor,2026-07-28,23:17:48,-07:00,2026-07-28T16:17:48-07:00,1,30
out/404.html,2,html,ad09d57,Ishaan Kor,2026-07-28,23:17:48,-07:00,2026-07-28T16:17:48-07:00,1,30
out/_next/static/{iC67uQkSB7yM5ivggP1JC,1,code,ad09d57,Ishaan Kor,2026-07-28,23:17:48,-07:00,2026-07-28T16:17:48-07:00,3,30
out/_next/static/{iC67uQkSB7yM5ivggP1JC,1,code,ad09d57,Ishaan Kor,2026-07-28,23:17:48,-07:00,2026-07-28T16:17:48-07:00,3,30
out/_next/static/chunks/117-7b4c661ba38a9fd4.js,1,js,ad09d57,Ishaan Kor,2026-07-28,23:17:48,-07:00,2026-07-28T16:17:48-07:00,4,30
out/_next/static/chunks/117-7b4c661ba38a9fd4.js,2,js,ad09d57,Ishaan Kor,2026-07-28,23:17:48,-07:00,2026-07-28T16:17:48-07:00,4,30
out/_next/static/chunks/117-beaaa6ae5d921c22.js,1,js,ad09d57,Ishaan Kor,2026-07-28,23:17:48,-07:00,2026-07-28T16:17:48-07:00,4,30
out/_next/static/chunks/117-beaaa6ae5d921c22.js,2,js,ad09d57,Ishaan Kor,2026-07-28,23:17:48,-07:00,2026-07-28T16:17:48-07:00,4,30
out/_next/static/chunks/{342-2a1780caf01eaee6.js,1,js,ad09d57,Ishaan Kor,2026-07-28,23:17:48,-07:00,2026-07-28T16:17:48-07:00,4,30
out/_next/static/chunks/app/page-00b3df306cc15d14.js,1,js,ad09d57,Ishaan Kor,2026-07-28,23:17:48,-07:00,2026-07-28T16:17:48-07:00,5,30
out/_next/static/chunks/app/page-e98510c8f2ee7399.js,1,js,ad09d57,Ishaan Kor,2026-07-28,23:17:48,-07:00,2026-07-28T16:17:48-07:00,5,30
out/_next/static/chunks/main-14ace4458003a385.js,1,js,ad09d57,Ishaan Kor,2026-07-28,23:17:48,-07:00,2026-07-28T16:17:48-07:00,4,30
out/_next/static/chunks/main-e1ac77fd45342883.js,1,js,ad09d57,Ishaan Kor,2026-07-28,23:17:48,-07:00,2026-07-28T16:17:48-07:00,4,30
out/_next/static/chunks/{webpack-09976aaa081d46cd.js,1,js,ad09d57,Ishaan Kor,2026-07-28,23:17:48,-07:00,2026-07-28T16:17:48-07:00,4,30
out/_next/static/chunks/{webpack-09976aaa081d46cd.js,2,js,ad09d57,Ishaan Kor,2026-07-28,23:17:48,-07:00,2026-07-28T16:17:48-07:00,4,30
out/_next/static/css/916b48628b074625.css,1,css,ad09d57,Ishaan Kor,2026-07-28,23:17:48,-07:00,2026-07-28T16:17:48-07:00,4,30
out/_next/static/css/916b48628b074625.css,2,css,ad09d57,Ishaan Kor,2026-07-28,23:17:48,-07:00,2026-07-28T16:17:48-07:00,4,30
out/_next/static/css/916b48628b074625.css,3,css,ad09d57,Ishaan Kor,2026-07-28,23:17:48,-07:00,2026-07-28T16:17:48-07:00,4,30
out/_next/static/css/e94e8989da0f2801.css,1,css,ad09d57,Ishaan Kor,2026-07-28,23:17:48,-07:00,2026-07-28T16:17:48-07:00,4,30
out/_next/static/css/e94e8989da0f2801.css,2,css,ad09d57,Ishaan Kor,2026-07-28,23:17:48,-07:00,2026-07-28T16:17:48-07:00,4,30
out/_next/static/css/e94e8989da0f2801.css,3,css,ad09d57,Ishaan Kor,2026-07-28,23:17:48,-07:00,2026-07-28T16:17:48-07:00,4,30
out/contact.html,1,html,ad09d57,Ishaan Kor,2026-07-28,23:17:48,-07:00,2026-07-28T16:17:48-07:00,1,30
out/contact.html,2,html,ad09d57,Ishaan Kor,2026-07-28,23:17:48,-07:00,2026-07-28T16:17:48-07:00,1,30
out/contact.txt,1,txt,ad09d57,Ishaan Kor,2026-07-28,23:17:48,-07:00,2026-07-28T16:17:48-07:00,1,30
out/contact.txt,2,txt,ad09d57,Ishaan Kor,2026-07-28,23:17:48,-07:00,2026-07-28T16:17:48-07:00,1,30
out/contact.txt,3,txt,ad09d57,Ishaan Kor,2026-07-28,23:17:48,-07:00,2026-07-28T16:17:48-07:00,1,30
out/contact.txt,4,txt,ad09d57,Ishaan Kor,2026-07-28,23:17:48,-07:00,2026-07-28T16:17:48-07:00,1,30
out/contact.txt,5,txt,ad09d57,Ishaan Kor,2026-07-28,23:17:48,-07:00,2026-07-28T16:17:48-07:00,1,30
out/contact.txt,6,txt,ad09d57,Ishaan Kor,2026-07-28,23:17:48,-07:00,2026-07-28T16:17:48-07:00,1,30
out/index.html,1,html,ad09d57,Ishaan Kor,2026-07-28,23:17:48,-07:00,2026-07-28T16:17:48-07:00,1,30
out/index.html,2,html,ad09d57,Ishaan Kor,2026-07-28,23:17:48,-07:00,2026-07-28T16:17:48-07:00,1,30
out/index.txt,1,txt,ad09d57,Ishaan Kor,2026-07-28,23:17:48,-07:00,2026-07-28T16:17:48-07:00,1,30
out/index.txt,2,txt,ad09d57,Ishaan Kor,2026-07-28,23:17:48,-07:00,2026-07-28T16:17:48-07:00,1,30
out/index.txt,3,txt,ad09d57,Ishaan Kor,2026-07-28,23:17:48,-07:00,2026-07-28T16:17:48-07:00,1,30
out/index.txt,4,txt,ad09d57,Ishaan Kor,2026-07-28,23:17:48,-07:00,2026-07-28T16:17:48-07:00,1,30
out/index.txt,5,txt,ad09d57,Ishaan Kor,2026-07-28,23:17:48,-07:00,2026-07-28T16:17:48-07:00,1,30
out/index.txt,6,txt,ad09d57,Ishaan Kor,2026-07-28,23:17:48,-07:00,2026-07-28T16:17:48-07:00,1,30
out/index.txt,7,txt,ad09d57,Ishaan Kor,2026-07-28,23:17:48,-07:00,2026-07-28T16:17:48-07:00,1,30
out/index.txt,8,txt,ad09d57,Ishaan Kor,2026-07-28,23:17:48,-07:00,2026-07-28T16:17:48-07:00,1,30
out/index.txt,9,txt,ad09d57,Ishaan Kor,2026-07-28,23:17:48,-07:00,2026-07-28T16:17:48-07:00,1,30
out/index.txt,10,txt,ad09d57,Ishaan Kor,2026-07-28,23:17:48,-07:00,2026-07-28T16:17:48-07:00,1,30
out/index.txt,11,txt,ad09d57,Ishaan Kor,2026-07-28,23:17:48,-07:00,2026-07-28T16:17:48-07:00,1,30
out/index.txt,12,txt,ad09d57,Ishaan Kor,2026-07-28,23:17:48,-07:00,2026-07-28T16:17:48-07:00,1,30
out/index.txt,13,txt,ad09d57,Ishaan Kor,2026-07-28,23:17:48,-07:00,2026-07-28T16:17:48-07:00,1,30
out/index.txt,14,txt,ad09d57,Ishaan Kor,2026-07-28,23:17:48,-07:00,2026-07-28T16:17:48-07:00,1,30
out/index.txt,15,txt,ad09d57,Ishaan Kor,2026-07-28,23:17:48,-07:00,2026-07-28T16:17:48-07:00,1,30
out/index.txt,16,txt,ad09d57,Ishaan Kor,2026-07-28,23:17:48,-07:00,2026-07-28T16:17:48-07:00,1,30
out/index.txt,17,txt,ad09d57,Ishaan Kor,2026-07-28,23:17:48,-07:00,2026-07-28T16:17:48-07:00,1,30
out/index.txt,18,txt,ad09d57,Ishaan Kor,2026-07-28,23:17:48,-07:00,2026-07-28T16:17:48-07:00,1,30
out/index.txt,19,txt,ad09d57,Ishaan Kor,2026-07-28,23:17:48,-07:00,2026-07-28T16:17:48-07:00,1,30
out/index.txt,20,txt,ad09d57,Ishaan Kor,2026-07-28,23:17:48,-07:00,2026-07-28T16:17:48-07:00,1,30
out/index.txt,21,txt,ad09d57,Ishaan Kor,2026-07-28,23:17:48,-07:00,2026-07-28T16:17:48-07:00,1,30
out/index.txt,22,txt,ad09d57,Ishaan Kor,2026-07-28,23:17:48,-07:00,2026-07-28T16:17:48-07:00,1,30
out/projects.html,1,html,ad09d57,Ishaan Kor,2026-07-28,23:17:48,-07:00,2026-07-28T16:17:48-07:00,1,30
out/projects.html,2,html,ad09d57,Ishaan Kor,2026-07-28,23:17:48,-07:00,2026-07-28T16:17:48-07:00,1,30
out/projects.txt,1,txt,ad09d57,Ishaan Kor,2026-07-28,23:17:48,-07:00,2026-07-28T16:17:48-07:00,1,30
out/projects.txt,2,txt,ad09d57,Ishaan Kor,2026-07-28,23:17:48,-07:00,2026-07-28T16:17:48-07:00,1,30
out/projects.txt,3,txt,ad09d57,Ishaan Kor,2026-07-28,23:17:48,-07:00,2026-07-28T16:17:48-07:00,1,30
out/projects.txt,4,txt,ad09d57,Ishaan Kor,2026-07-28,23:17:48,-07:00,2026-07-28T16:17:48-07:00,1,30
out/projects.txt,5,txt,ad09d57,Ishaan Kor,2026-07-28,23:17:48,-07:00,2026-07-28T16:17:48-07:00,1,30
out/projects.txt,6,txt,ad09d57,Ishaan Kor,2026-07-28,23:17:48,-07:00,2026-07-28T16:17:48-07:00,1,30
out/projects.txt,7,txt,ad09d57,Ishaan Kor,2026-07-28,23:17:48,-07:00,2026-07-28T16:17:48-07:00,1,30
out/projects.txt,8,txt,ad09d57,Ishaan Kor,2026-07-28,23:17:48,-07:00,2026-07-28T16:17:48-07:00,1,30
out/projects.txt,9,txt,ad09d57,Ishaan Kor,2026-07-28,23:17:48,-07:00,2026-07-28T16:17:48-07:00,1,30
out/projects.txt,10,txt,ad09d57,Ishaan Kor,2026-07-28,23:17:48,-07:00,2026-07-28T16:17:48-07:00,1,30
out/resume.html,1,html,ad09d57,Ishaan Kor,2026-07-28,23:17:48,-07:00,2026-07-28T16:17:48-07:00,1,30
out/resume.html,2,html,ad09d57,Ishaan Kor,2026-07-28,23:17:48,-07:00,2026-07-28T16:17:48-07:00,1,30
out/resume.txt,1,txt,ad09d57,Ishaan Kor,2026-07-28,23:17:48,-07:00,2026-07-28T16:17:48-07:00,1,30
out/resume.txt,2,txt,ad09d57,Ishaan Kor,2026-07-28,23:17:48,-07:00,2026-07-28T16:17:48-07:00,1,30
out/resume.txt,3,txt,ad09d57,Ishaan Kor,2026-07-28,23:17:48,-07:00,2026-07-28T16:17:48-07:00,1,30
out/resume.txt,4,txt,ad09d57,Ishaan Kor,2026-07-28,23:17:48,-07:00,2026-07-28T16:17:48-07:00,1,30
out/resume.txt,5,txt,ad09d57,Ishaan Kor,2026-07-28,23:17:48,-07:00,2026-07-28T16:17:48-07:00,1,30
out/resume.txt,6,txt,ad09d57,Ishaan Kor,2026-07-28,23:17:48,-07:00,2026-07-28T16:17:48-07:00,1,30
next.config.mjs,1,mjs,53d91b9,Ishaan Kor,2026-07-28,18:12:38,-07:00,2026-07-28T11:12:38-07:00,0,30
next.config.mjs,2,mjs,53d91b9,Ishaan Kor,2026-07-28,18:12:38,-07:00,2026-07-28T11:12:38-07:00,0,30
next.config.mjs,3,mjs,53d91b9,Ishaan Kor,2026-07-28,18:12:38,-07:00,2026-07-28T11:12:38-07:00,0,30
next.config.mjs,4,mjs,53d91b9,Ishaan Kor,2026-07-28,18:12:38,-07:00,2026-07-28T11:12:38-07:00,0,30
public/.nojekyll,1,code,fe857e4,Ishaan Kor,2026-07-28,09:47:03,-07:00,2026-07-28T02:47:03-07:00,1,30
.github/workflows/deploy.yml,1,yml,e5dba76,Ishaan Kor,2026-07-28,09:40:45,-07:00,2026-07-28T02:40:45-07:00,2,30
.github/workflows/deploy.yml,2,yml,e5dba76,Ishaan Kor,2026-07-28,09:40:45,-07:00,2026-07-28T02:40:45-07:00,2,30
.github/workflows/deploy.yml,3,yml,e5dba76,Ishaan Kor,2026-07-28,09:40:45,-07:00,2026-07-28T02:40:45-07:00,2,30
.github/workflows/deploy.yml,4,yml,e5dba76,Ishaan Kor,2026-07-28,09:40:45,-07:00,2026-07-28T02:40:45-07:00,2,30
.github/workflows/deploy.yml,5,yml,e5dba76,Ishaan Kor,2026-07-28,09:40:45,-07:00,2026-07-28T02:40:45-07:00,2,30
.github/workflows/deploy.yml,6,yml,e5dba76,Ishaan Kor,2026-07-28,09:40:45,-07:00,2026-07-28T02:40:45-07:00,2,30
.github/workflows/deploy.yml,7,yml,e5dba76,Ishaan Kor,2026-07-28,09:40:45,-07:00,2026-07-28T02:40:45-07:00,2,30
.github/workflows/deploy.yml,8,yml,e5dba76,Ishaan Kor,2026-07-28,09:40:45,-07:00,2026-07-28T02:40:45-07:00,2,30
.github/workflows/deploy.yml,9,yml,e5dba76,Ishaan Kor,2026-07-28,09:40:45,-07:00,2026-07-28T02:40:45-07:00,2,30
.github/workflows/deploy.yml,10,yml,e5dba76,Ishaan Kor,2026-07-28,09:40:45,-07:00,2026-07-28T02:40:45-07:00,2,30
.github/workflows/deploy.yml,11,yml,e5dba76,Ishaan Kor,2026-07-28,09:40:45,-07:00,2026-07-28T02:40:45-07:00,2,30
.github/workflows/deploy.yml,12,yml,e5dba76,Ishaan Kor,2026-07-28,09:40:45,-07:00,2026-07-28T02:40:45-07:00,2,30
.github/workflows/deploy.yml,13,yml,e5dba76,Ishaan Kor,2026-07-28,09:40:45,-07:00,2026-07-28T02:40:45-07:00,2,30
.github/workflows/deploy.yml,14,yml,e5dba76,Ishaan Kor,2026-07-28,09:40:45,-07:00,2026-07-28T02:40:45-07:00,2,30
.github/workflows/deploy.yml,15,yml,e5dba76,Ishaan Kor,2026-07-28,09:40:45,-07:00,2026-07-28T02:40:45-07:00,2,30
.github/workflows/deploy.yml,16,yml,e5dba76,Ishaan Kor,2026-07-28,09:40:45,-07:00,2026-07-28T02:40:45-07:00,2,30
.github/workflows/deploy.yml,17,yml,e5dba76,Ishaan Kor,2026-07-28,09:40:45,-07:00,2026-07-28T02:40:45-07:00,2,30
.github/workflows/deploy.yml,18,yml,e5dba76,Ishaan Kor,2026-07-28,09:40:45,-07:00,2026-07-28T02:40:45-07:00,2,30
.github/workflows/deploy.yml,19,yml,e5dba76,Ishaan Kor,2026-07-28,09:40:45,-07:00,2026-07-28T02:40:45-07:00,2,30
.github/workflows/deploy.yml,20,yml,e5dba76,Ishaan Kor,2026-07-28,09:40:45,-07:00,2026-07-28T02:40:45-07:00,2,30
.github/workflows/deploy.yml,21,yml,e5dba76,Ishaan Kor,2026-07-28,09:40:45,-07:00,2026-07-28T02:40:45-07:00,2,30
.github/workflows/deploy.yml,22,yml,e5dba76,Ishaan Kor,2026-07-28,09:40:45,-07:00,2026-07-28T02:40:45-07:00,2,30
.github/workflows/deploy.yml,23,yml,e5dba76,Ishaan Kor,2026-07-28,09:40:45,-07:00,2026-07-28T02:40:45-07:00,2,30
.github/workflows/deploy.yml,24,yml,e5dba76,Ishaan Kor,2026-07-28,09:40:45,-07:00,2026-07-28T02:40:45-07:00,2,30
.github/workflows/deploy.yml,25,yml,e5dba76,Ishaan Kor,2026-07-28,09:40:45,-07:00,2026-07-28T02:40:45-07:00,2,30
.github/workflows/deploy.yml,26,yml,e5dba76,Ishaan Kor,2026-07-28,09:40:45,-07:00,2026-07-28T02:40:45-07:00,2,30
.github/workflows/deploy.yml,27,yml,e5dba76,Ishaan Kor,2026-07-28,09:40:45,-07:00,2026-07-28T02:40:45-07:00,2,30
.github/workflows/deploy.yml,28,yml,e5dba76,Ishaan Kor,2026-07-28,09:40:45,-07:00,2026-07-28T02:40:45-07:00,2,30
.github/workflows/deploy.yml,29,yml,e5dba76,Ishaan Kor,2026-07-28,09:40:45,-07:00,2026-07-28T02:40:45-07:00,2,30
.github/workflows/deploy.yml,30,yml,e5dba76,Ishaan Kor,2026-07-28,09:40:45,-07:00,2026-07-28T02:40:45-07:00,2,30
.github/workflows/deploy.yml,31,yml,e5dba76,Ishaan Kor,2026-07-28,09:40:45,-07:00,2026-07-28T02:40:45-07:00,2,30
.github/workflows/deploy.yml,32,yml,e5dba76,Ishaan Kor,2026-07-28,09:40:45,-07:00,2026-07-28T02:40:45-07:00,2,30
.github/workflows/deploy.yml,33,yml,e5dba76,Ishaan Kor,2026-07-28,09:40:45,-07:00,2026-07-28T02:40:45-07:00,2,30
.github/workflows/deploy.yml,34,yml,e5dba76,Ishaan Kor,2026-07-28,09:40:45,-07:00,2026-07-28T02:40:45-07:00,2,30
.github/workflows/deploy.yml,35,yml,e5dba76,Ishaan Kor,2026-07-28,09:40:45,-07:00,2026-07-28T02:40:45-07:00,2,30
.github/workflows/deploy.yml,36,yml,e5dba76,Ishaan Kor,2026-07-28,09:40:45,-07:00,2026-07-28T02:40:45-07:00,2,30
.github/workflows/deploy.yml,37,yml,e5dba76,Ishaan Kor,2026-07-28,09:40:45,-07:00,2026-07-28T02:40:45-07:00,2,30
.github/workflows/deploy.yml,38,yml,e5dba76,Ishaan Kor,2026-07-28,09:40:45,-07:00,2026-07-28T02:40:45-07:00,2,30
.github/workflows/deploy.yml,39,yml,e5dba76,Ishaan Kor,2026-07-28,09:40:45,-07:00,2026-07-28T02:40:45-07:00,2,30
.github/workflows/deploy.yml,40,yml,e5dba76,Ishaan Kor,2026-07-28,09:40:45,-07:00,2026-07-28T02:40:45-07:00,2,30
.github/workflows/deploy.yml,41,yml,e5dba76,Ishaan Kor,2026-07-28,09:40:45,-07:00,2026-07-28T02:40:45-07:00,2,30
.github/workflows/deploy.yml,42,yml,e5dba76,Ishaan Kor,2026-07-28,09:40:45,-07:00,2026-07-28T02:40:45-07:00,2,30
.github/workflows/deploy.yml,43,yml,e5dba76,Ishaan Kor,2026-07-28,09:40:45,-07:00,2026-07-28T02:40:45-07:00,2,30
.github/workflows/deploy.yml,44,yml,e5dba76,Ishaan Kor,2026-07-28,09:40:45,-07:00,2026-07-28T02:40:45-07:00,2,30
.github/workflows/deploy.yml,45,yml,e5dba76,Ishaan Kor,2026-07-28,09:40:45,-07:00,2026-07-28T02:40:45-07:00,2,30
.github/workflows/deploy.yml,46,yml,e5dba76,Ishaan Kor,2026-07-28,09:40:45,-07:00,2026-07-28T02:40:45-07:00,2,30
.github/workflows/deploy.yml,47,yml,e5dba76,Ishaan Kor,2026-07-28,09:40:45,-07:00,2026-07-28T02:40:45-07:00,2,30
.github/workflows/deploy.yml,48,yml,e5dba76,Ishaan Kor,2026-07-28,09:40:45,-07:00,2026-07-28T02:40:45-07:00,2,30
.github/workflows/deploy.yml,49,yml,e5dba76,Ishaan Kor,2026-07-28,09:40:45,-07:00,2026-07-28T02:40:45-07:00,2,30
.github/workflows/deploy.yml,50,yml,e5dba76,Ishaan Kor,2026-07-28,09:40:45,-07:00,2026-07-28T02:40:45-07:00,2,30
.github/workflows/nextjs.yml,1,yml,e5dba76,Ishaan Kor,2026-07-28,09:40:45,-07:00,2026-07-28T02:40:45-07:00,2,30
.github/workflows/nextjs.yml,2,yml,e5dba76,Ishaan Kor,2026-07-28,09:40:45,-07:00,2026-07-28T02:40:45-07:00,2,30
.github/workflows/nextjs.yml,3,yml,e5dba76,Ishaan Kor,2026-07-28,09:40:45,-07:00,2026-07-28T02:40:45-07:00,2,30
.github/workflows/nextjs.yml,4,yml,e5dba76,Ishaan Kor,2026-07-28,09:40:45,-07:00,2026-07-28T02:40:45-07:00,2,30
.github/workflows/nextjs.yml,5,yml,e5dba76,Ishaan Kor,2026-07-28,09:40:45,-07:00,2026-07-28T02:40:45-07:00,2,30
.github/workflows/nextjs.yml,6,yml,e5dba76,Ishaan Kor,2026-07-28,09:40:45,-07:00,2026-07-28T02:40:45-07:00,2,30
.github/workflows/nextjs.yml,7,yml,e5dba76,Ishaan Kor,2026-07-28,09:40:45,-07:00,2026-07-28T02:40:45-07:00,2,30
.github/workflows/nextjs.yml,8,yml,e5dba76,Ishaan Kor,2026-07-28,09:40:45,-07:00,2026-07-28T02:40:45-07:00,2,30
.github/workflows/nextjs.yml,9,yml,e5dba76,Ishaan Kor,2026-07-28,09:40:45,-07:00,2026-07-28T02:40:45-07:00,2,30
.github/workflows/nextjs.yml,10,yml,e5dba76,Ishaan Kor,2026-07-28,09:40:45,-07:00,2026-07-28T02:40:45-07:00,2,30
.github/workflows/nextjs.yml,11,yml,e5dba76,Ishaan Kor,2026-07-28,09:40:45,-07:00,2026-07-28T02:40:45-07:00,2,30
.github/workflows/nextjs.yml,12,yml,e5dba76,Ishaan Kor,2026-07-28,09:40:45,-07:00,2026-07-28T02:40:45-07:00,2,30
.github/workflows/nextjs.yml,13,yml,e5dba76,Ishaan Kor,2026-07-28,09:40:45,-07:00,2026-07-28T02:40:45-07:00,2,30
.github/workflows/nextjs.yml,14,yml,e5dba76,Ishaan Kor,2026-07-28,09:40:45,-07:00,2026-07-28T02:40:45-07:00,2,30
.github/workflows/nextjs.yml,15,yml,e5dba76,Ishaan Kor,2026-07-28,09:40:45,-07:00,2026-07-28T02:40:45-07:00,2,30
.github/workflows/nextjs.yml,16,yml,e5dba76,Ishaan Kor,2026-07-28,09:40:45,-07:00,2026-07-28T02:40:45-07:00,2,30
.github/workflows/nextjs.yml,17,yml,e5dba76,Ishaan Kor,2026-07-28,09:40:45,-07:00,2026-07-28T02:40:45-07:00,2,30
.github/workflows/nextjs.yml,18,yml,e5dba76,Ishaan Kor,2026-07-28,09:40:45,-07:00,2026-07-28T02:40:45-07:00,2,30
.github/workflows/nextjs.yml,19,yml,e5dba76,Ishaan Kor,2026-07-28,09:40:45,-07:00,2026-07-28T02:40:45-07:00,2,30
.github/workflows/nextjs.yml,20,yml,e5dba76,Ishaan Kor,2026-07-28,09:40:45,-07:00,2026-07-28T02:40:45-07:00,2,30
.github/workflows/nextjs.yml,21,yml,e5dba76,Ishaan Kor,2026-07-28,09:40:45,-07:00,2026-07-28T02:40:45-07:00,2,30
.github/workflows/nextjs.yml,22,yml,e5dba76,Ishaan Kor,2026-07-28,09:40:45,-07:00,2026-07-28T02:40:45-07:00,2,30
.github/workflows/nextjs.yml,23,yml,e5dba76,Ishaan Kor,2026-07-28,09:40:45,-07:00,2026-07-28T02:40:45-07:00,2,30
.github/workflows/nextjs.yml,24,yml,e5dba76,Ishaan Kor,2026-07-28,09:40:45,-07:00,2026-07-28T02:40:45-07:00,2,30
.github/workflows/nextjs.yml,25,yml,e5dba76,Ishaan Kor,2026-07-28,09:40:45,-07:00,2026-07-28T02:40:45-07:00,2,30
.github/workflows/nextjs.yml,26,yml,e5dba76,Ishaan Kor,2026-07-28,09:40:45,-07:00,2026-07-28T02:40:45-07:00,2,30
.github/workflows/nextjs.yml,27,yml,e5dba76,Ishaan Kor,2026-07-28,09:40:45,-07:00,2026-07-28T02:40:45-07:00,2,30
.github/workflows/nextjs.yml,28,yml,e5dba76,Ishaan Kor,2026-07-28,09:40:45,-07:00,2026-07-28T02:40:45-07:00,2,30
.github/workflows/nextjs.yml,29,yml,e5dba76,Ishaan Kor,2026-07-28,09:40:45,-07:00,2026-07-28T02:40:45-07:00,2,30
.github/workflows/nextjs.yml,30,yml,e5dba76,Ishaan Kor,2026-07-28,09:40:45,-07:00,2026-07-28T02:40:45-07:00,2,30
.github/workflows/nextjs.yml,31,yml,e5dba76,Ishaan Kor,2026-07-28,09:40:45,-07:00,2026-07-28T02:40:45-07:00,2,30
.github/workflows/nextjs.yml,32,yml,e5dba76,Ishaan Kor,2026-07-28,09:40:45,-07:00,2026-07-28T02:40:45-07:00,2,30
.github/workflows/nextjs.yml,33,yml,e5dba76,Ishaan Kor,2026-07-28,09:40:45,-07:00,2026-07-28T02:40:45-07:00,2,30
.github/workflows/nextjs.yml,34,yml,e5dba76,Ishaan Kor,2026-07-28,09:40:45,-07:00,2026-07-28T02:40:45-07:00,2,30
.github/workflows/nextjs.yml,35,yml,e5dba76,Ishaan Kor,2026-07-28,09:40:45,-07:00,2026-07-28T02:40:45-07:00,2,30
.github/workflows/nextjs.yml,36,yml,e5dba76,Ishaan Kor,2026-07-28,09:40:45,-07:00,2026-07-28T02:40:45-07:00,2,30
.github/workflows/nextjs.yml,37,yml,e5dba76,Ishaan Kor,2026-07-28,09:40:45,-07:00,2026-07-28T02:40:45-07:00,2,30
.github/workflows/nextjs.yml,38,yml,e5dba76,Ishaan Kor,2026-07-28,09:40:45,-07:00,2026-07-28T02:40:45-07:00,2,30
.github/workflows/nextjs.yml,39,yml,e5dba76,Ishaan Kor,2026-07-28,09:40:45,-07:00,2026-07-28T02:40:45-07:00,2,30
.github/workflows/nextjs.yml,40,yml,e5dba76,Ishaan Kor,2026-07-28,09:40:45,-07:00,2026-07-28T02:40:45-07:00,2,30
.github/workflows/nextjs.yml,41,yml,e5dba76,Ishaan Kor,2026-07-28,09:40:45,-07:00,2026-07-28T02:40:45-07:00,2,30
.github/workflows/nextjs.yml,42,yml,e5dba76,Ishaan Kor,2026-07-28,09:40:45,-07:00,2026-07-28T02:40:45-07:00,2,30
.github/workflows/nextjs.yml,43,yml,e5dba76,Ishaan Kor,2026-07-28,09:40:45,-07:00,2026-07-28T02:40:45-07:00,2,30
.github/workflows/nextjs.yml,44,yml,e5dba76,Ishaan Kor,2026-07-28,09:40:45,-07:00,2026-07-28T02:40:45-07:00,2,30
.github/workflows/nextjs.yml,45,yml,e5dba76,Ishaan Kor,2026-07-28,09:40:45,-07:00,2026-07-28T02:40:45-07:00,2,30
.github/workflows/nextjs.yml,46,yml,e5dba76,Ishaan Kor,2026-07-28,09:40:45,-07:00,2026-07-28T02:40:45-07:00,2,30
.github/workflows/nextjs.yml,47,yml,e5dba76,Ishaan Kor,2026-07-28,09:40:45,-07:00,2026-07-28T02:40:45-07:00,2,30
.github/workflows/nextjs.yml,48,yml,e5dba76,Ishaan Kor,2026-07-28,09:40:45,-07:00,2026-07-28T02:40:45-07:00,2,30
.github/workflows/nextjs.yml,49,yml,e5dba76,Ishaan Kor,2026-07-28,09:40:45,-07:00,2026-07-28T02:40:45-07:00,2,30
.github/workflows/nextjs.yml,50,yml,e5dba76,Ishaan Kor,2026-07-28,09:40:45,-07:00,2026-07-28T02:40:45-07:00,2,30
components/analytics/GitHubAnalytics.tsx,1,tsx,1f3fa20,Ishaan Kor,2026-07-28,09:38:23,-07:00,2026-07-28T02:38:23-07:00,2,30
components/analytics/GitHubAnalytics.tsx,2,tsx,1f3fa20,Ishaan Kor,2026-07-28,09:38:23,-07:00,2026-07-28T02:38:23-07:00,2,30
components/analytics/GitHubAnalytics.tsx,3,tsx,1f3fa20,Ishaan Kor,2026-07-28,09:38:23,-07:00,2026-07-28T02:38:23-07:00,2,30
components/analytics/GitHubAnalytics.tsx,4,tsx,1f3fa20,Ishaan Kor,2026-07-28,09:38:23,-07:00,2026-07-28T02:38:23-07:00,2,30
components/analytics/GitHubAnalytics.tsx,5,tsx,1f3fa20,Ishaan Kor,2026-07-28,09:38:23,-07:00,2026-07-28T02:38:23-07:00,2,30
components/analytics/GitHubAnalytics.tsx,6,tsx,1f3fa20,Ishaan Kor,2026-07-28,09:38:23,-07:00,2026-07-28T02:38:23-07:00,2,30
components/analytics/GitHubAnalytics.tsx,7,tsx,1f3fa20,Ishaan Kor,2026-07-28,09:38:23,-07:00,2026-07-28T02:38:23-07:00,2,30
components/analytics/GitHubAnalytics.tsx,8,tsx,1f3fa20,Ishaan Kor,2026-07-28,09:38:23,-07:00,2026-07-28T02:38:23-07:00,2,30
components/analytics/GitHubAnalytics.tsx,9,tsx,1f3fa20,Ishaan Kor,2026-07-28,09:38:23,-07:00,2026-07-28T02:38:23-07:00,2,30
components/analytics/GitHubAnalytics.tsx,10,tsx,1f3fa20,Ishaan Kor,2026-07-28,09:38:23,-07:00,2026-07-28T02:38:23-07:00,2,30
components/analytics/GitHubAnalytics.tsx,11,tsx,1f3fa20,Ishaan Kor,2026-07-28,09:38:23,-07:00,2026-07-28T02:38:23-07:00,2,30
components/analytics/GitHubAnalytics.tsx,12,tsx,1f3fa20,Ishaan Kor,2026-07-28,09:38:23,-07:00,2026-07-28T02:38:23-07:00,2,30
components/analytics/GitHubAnalytics.tsx,13,tsx,1f3fa20,Ishaan Kor,2026-07-28,09:38:23,-07:00,2026-07-28T02:38:23-07:00,2,30
components/analytics/GitHubAnalytics.tsx,14,tsx,1f3fa20,Ishaan Kor,2026-07-28,09:38:23,-07:00,2026-07-28T02:38:23-07:00,2,30
components/analytics/GitHubAnalytics.tsx,15,tsx,1f3fa20,Ishaan Kor,2026-07-28,09:38:23,-07:00,2026-07-28T02:38:23-07:00,2,30
components/analytics/GitHubAnalytics.tsx,16,tsx,1f3fa20,Ishaan Kor,2026-07-28,09:38:23,-07:00,2026-07-28T02:38:23-07:00,2,30
components/analytics/GitHubAnalytics.tsx,17,tsx,1f3fa20,Ishaan Kor,2026-07-28,09:38:23,-07:00,2026-07-28T02:38:23-07:00,2,30
components/analytics/GitHubAnalytics.tsx,18,tsx,1f3fa20,Ishaan Kor,2026-07-28,09:38:23,-07:00,2026-07-28T02:38:23-07:00,2,30
components/analytics/GitHubAnalytics.tsx,19,tsx,1f3fa20,Ishaan Kor,2026-07-28,09:38:23,-07:00,2026-07-28T02:38:23-07:00,2,30
components/analytics/GitHubAnalytics.tsx,20,tsx,1f3fa20,Ishaan Kor,2026-07-28,09:38:23,-07:00,2026-07-28T02:38:23-07:00,2,30
components/analytics/GitHubAnalytics.tsx,21,tsx,1f3fa20,Ishaan Kor,2026-07-28,09:38:23,-07:00,2026-07-28T02:38:23-07:00,2,30
components/analytics/GitHubAnalytics.tsx,22,tsx,1f3fa20,Ishaan Kor,2026-07-28,09:38:23,-07:00,2026-07-28T02:38:23-07:00,2,30
components/analytics/GitHubAnalytics.tsx,23,tsx,1f3fa20,Ishaan Kor,2026-07-28,09:38:23,-07:00,2026-07-28T02:38:23-07:00,2,30
components/analytics/GitHubAnalytics.tsx,24,tsx,1f3fa20,Ishaan Kor,2026-07-28,09:38:23,-07:00,2026-07-28T02:38:23-07:00,2,30
components/analytics/GitHubAnalytics.tsx,25,tsx,1f3fa20,Ishaan Kor,2026-07-28,09:38:23,-07:00,2026-07-28T02:38:23-07:00,2,30
components/analytics/GitHubAnalytics.tsx,26,tsx,1f3fa20,Ishaan Kor,2026-07-28,09:38:23,-07:00,2026-07-28T02:38:23-07:00,2,30
components/analytics/GitHubAnalytics.tsx,27,tsx,1f3fa20,Ishaan Kor,2026-07-28,09:38:23,-07:00,2026-07-28T02:38:23-07:00,2,30
components/analytics/GitHubAnalytics.tsx,28,tsx,1f3fa20,Ishaan Kor,2026-07-28,09:38:23,-07:00,2026-07-28T02:38:23-07:00,2,30
components/analytics/GitHubAnalytics.tsx,29,tsx,1f3fa20,Ishaan Kor,2026-07-28,09:38:23,-07:00,2026-07-28T02:38:23-07:00,2,30
components/analytics/GitHubAnalytics.tsx,30,tsx,1f3fa20,Ishaan Kor,2026-07-28,09:38:23,-07:00,2026-07-28T02:38:23-07:00,2,30
components/analytics/GitHubAnalytics.tsx,31,tsx,1f3fa20,Ishaan Kor,2026-07-28,09:38:23,-07:00,2026-07-28T02:38:23-07:00,2,30
components/analytics/GitHubAnalytics.tsx,32,tsx,1f3fa20,Ishaan Kor,2026-07-28,09:38:23,-07:00,2026-07-28T02:38:23-07:00,2,30
components/analytics/GitHubAnalytics.tsx,33,tsx,1f3fa20,Ishaan Kor,2026-07-28,09:38:23,-07:00,2026-07-28T02:38:23-07:00,2,30
components/analytics/GitHubAnalytics.tsx,34,tsx,1f3fa20,Ishaan Kor,2026-07-28,09:38:23,-07:00,2026-07-28T02:38:23-07:00,2,30
components/analytics/GitHubAnalytics.tsx,35,tsx,1f3fa20,Ishaan Kor,2026-07-28,09:38:23,-07:00,2026-07-28T02:38:23-07:00,2,30
components/analytics/GitHubAnalytics.tsx,36,tsx,1f3fa20,Ishaan Kor,2026-07-28,09:38:23,-07:00,2026-07-28T02:38:23-07:00,2,30
components/analytics/GitHubAnalytics.tsx,37,tsx,1f3fa20,Ishaan Kor,2026-07-28,09:38:23,-07:00,2026-07-28T02:38:23-07:00,2,30
components/analytics/GitHubAnalytics.tsx,38,tsx,1f3fa20,Ishaan Kor,2026-07-28,09:38:23,-07:00,2026-07-28T02:38:23-07:00,2,30
components/analytics/GitHubAnalytics.tsx,39,tsx,1f3fa20,Ishaan Kor,2026-07-28,09:38:23,-07:00,2026-07-28T02:38:23-07:00,2,30
components/analytics/GitHubAnalytics.tsx,40,tsx,1f3fa20,Ishaan Kor,2026-07-28,09:38:23,-07:00,2026-07-28T02:38:23-07:00,2,30
components/analytics/GitHubAnalytics.tsx,41,tsx,1f3fa20,Ishaan Kor,2026-07-28,09:38:23,-07:00,2026-07-28T02:38:23-07:00,2,30
components/analytics/GitHubAnalytics.tsx,42,tsx,1f3fa20,Ishaan Kor,2026-07-28,09:38:23,-07:00,2026-07-28T02:38:23-07:00,2,30
components/analytics/GitHubAnalytics.tsx,43,tsx,1f3fa20,Ishaan Kor,2026-07-28,09:38:23,-07:00,2026-07-28T02:38:23-07:00,2,30
components/analytics/GitHubAnalytics.tsx,44,tsx,1f3fa20,Ishaan Kor,2026-07-28,09:38:23,-07:00,2026-07-28T02:38:23-07:00,2,30
components/analytics/GitHubAnalytics.tsx,45,tsx,1f3fa20,Ishaan Kor,2026-07-28,09:38:23,-07:00,2026-07-28T02:38:23-07:00,2,30
components/analytics/GitHubAnalytics.tsx,46,tsx,1f3fa20,Ishaan Kor,2026-07-28,09:38:23,-07:00,2026-07-28T02:38:23-07:00,2,30
components/analytics/GitHubAnalytics.tsx,47,tsx,1f3fa20,Ishaan Kor,2026-07-28,09:38:23,-07:00,2026-07-28T02:38:23-07:00,2,30
components/analytics/GitHubAnalytics.tsx,48,tsx,1f3fa20,Ishaan Kor,2026-07-28,09:38:23,-07:00,2026-07-28T02:38:23-07:00,2,30
components/analytics/GitHubAnalytics.tsx,49,tsx,1f3fa20,Ishaan Kor,2026-07-28,09:38:23,-07:00,2026-07-28T02:38:23-07:00,2,30
components/analytics/GitHubAnalytics.tsx,50,tsx,1f3fa20,Ishaan Kor,2026-07-28,09:38:23,-07:00,2026-07-28T02:38:23-07:00,2,30
components/contact/ContactSection.tsx,1,tsx,1f3fa20,Ishaan Kor,2026-07-28,09:38:23,-07:00,2026-07-28T02:38:23-07:00,2,30
components/contact/ContactSection.tsx,2,tsx,1f3fa20,Ishaan Kor,2026-07-28,09:38:23,-07:00,2026-07-28T02:38:23-07:00,2,30
components/contact/ContactSection.tsx,3,tsx,1f3fa20,Ishaan Kor,2026-07-28,09:38:23,-07:00,2026-07-28T02:38:23-07:00,2,30
components/contact/ContactSection.tsx,4,tsx,1f3fa20,Ishaan Kor,2026-07-28,09:38:23,-07:00,2026-07-28T02:38:23-07:00,2,30
components/contact/ContactSection.tsx,5,tsx,1f3fa20,Ishaan Kor,2026-07-28,09:38:23,-07:00,2026-07-28T02:38:23-07:00,2,30
components/contact/ContactSection.tsx,6,tsx,1f3fa20,Ishaan Kor,2026-07-28,09:38:23,-07:00,2026-07-28T02:38:23-07:00,2,30
components/contact/ContactSection.tsx,7,tsx,1f3fa20,Ishaan Kor,2026-07-28,09:38:23,-07:00,2026-07-28T02:38:23-07:00,2,30
components/contact/ContactSection.tsx,8,tsx,1f3fa20,Ishaan Kor,2026-07-28,09:38:23,-07:00,2026-07-28T02:38:23-07:00,2,30
components/contact/ContactSection.tsx,9,tsx,1f3fa20,Ishaan Kor,2026-07-28,09:38:23,-07:00,2026-07-28T02:38:23-07:00,2,30
components/contact/ContactSection.tsx,10,tsx,1f3fa20,Ishaan Kor,2026-07-28,09:38:23,-07:00,2026-07-28T02:38:23-07:00,2,30
components/contact/ContactSection.tsx,11,tsx,1f3fa20,Ishaan Kor,2026-07-28,09:38:23,-07:00,2026-07-28T02:38:23-07:00,2,30
components/contact/ContactSection.tsx,12,tsx,1f3fa20,Ishaan Kor,2026-07-28,09:38:23,-07:00,2026-07-28T02:38:23-07:00,2,30
components/contact/ContactSection.tsx,13,tsx,1f3fa20,Ishaan Kor,2026-07-28,09:38:23,-07:00,2026-07-28T02:38:23-07:00,2,30
components/contact/ContactSection.tsx,14,tsx,1f3fa20,Ishaan Kor,2026-07-28,09:38:23,-07:00,2026-07-28T02:38:23-07:00,2,30
components/contact/ContactSection.tsx,15,tsx,1f3fa20,Ishaan Kor,2026-07-28,09:38:23,-07:00,2026-07-28T02:38:23-07:00,2,30
components/contact/ContactSection.tsx,16,tsx,1f3fa20,Ishaan Kor,2026-07-28,09:38:23,-07:00,2026-07-28T02:38:23-07:00,2,30
components/contact/ContactSection.tsx,17,tsx,1f3fa20,Ishaan Kor,2026-07-28,09:38:23,-07:00,2026-07-28T02:38:23-07:00,2,30
components/contact/ContactSection.tsx,18,tsx,1f3fa20,Ishaan Kor,2026-07-28,09:38:23,-07:00,2026-07-28T02:38:23-07:00,2,30
components/contact/ContactSection.tsx,19,tsx,1f3fa20,Ishaan Kor,2026-07-28,09:38:23,-07:00,2026-07-28T02:38:23-07:00,2,30
components/contact/ContactSection.tsx,20,tsx,1f3fa20,Ishaan Kor,2026-07-28,09:38:23,-07:00,2026-07-28T02:38:23-07:00,2,30
components/contact/ContactSection.tsx,21,tsx,1f3fa20,Ishaan Kor,2026-07-28,09:38:23,-07:00,2026-07-28T02:38:23-07:00,2,30
components/contact/ContactSection.tsx,22,tsx,1f3fa20,Ishaan Kor,2026-07-28,09:38:23,-07:00,2026-07-28T02:38:23-07:00,2,30
components/contact/ContactSection.tsx,23,tsx,1f3fa20,Ishaan Kor,2026-07-28,09:38:23,-07:00,2026-07-28T02:38:23-07:00,2,30
components/contact/ContactSection.tsx,24,tsx,1f3fa20,Ishaan Kor,2026-07-28,09:38:23,-07:00,2026-07-28T02:38:23-07:00,2,30
components/contact/ContactSection.tsx,25,tsx,1f3fa20,Ishaan Kor,2026-07-28,09:38:23,-07:00,2026-07-28T02:38:23-07:00,2,30
components/contact/ContactSection.tsx,26,tsx,1f3fa20,Ishaan Kor,2026-07-28,09:38:23,-07:00,2026-07-28T02:38:23-07:00,2,30
components/contact/ContactSection.tsx,27,tsx,1f3fa20,Ishaan Kor,2026-07-28,09:38:23,-07:00,2026-07-28T02:38:23-07:00,2,30
components/contact/ContactSection.tsx,28,tsx,1f3fa20,Ishaan Kor,2026-07-28,09:38:23,-07:00,2026-07-28T02:38:23-07:00,2,30
components/contact/ContactSection.tsx,29,tsx,1f3fa20,Ishaan Kor,2026-07-28,09:38:23,-07:00,2026-07-28T02:38:23-07:00,2,30
components/contact/ContactSection.tsx,30,tsx,1f3fa20,Ishaan Kor,2026-07-28,09:38:23,-07:00,2026-07-28T02:38:23-07:00,2,30
components/contact/ContactSection.tsx,31,tsx,1f3fa20,Ishaan Kor,2026-07-28,09:38:23,-07:00,2026-07-28T02:38:23-07:00,2,30
components/contact/ContactSection.tsx,32,tsx,1f3fa20,Ishaan Kor,2026-07-28,09:38:23,-07:00,2026-07-28T02:38:23-07:00,2,30
components/contact/ContactSection.tsx,33,tsx,1f3fa20,Ishaan Kor,2026-07-28,09:38:23,-07:00,2026-07-28T02:38:23-07:00,2,30
components/contact/ContactSection.tsx,34,tsx,1f3fa20,Ishaan Kor,2026-07-28,09:38:23,-07:00,2026-07-28T02:38:23-07:00,2,30
components/contact/ContactSection.tsx,35,tsx,1f3fa20,Ishaan Kor,2026-07-28,09:38:23,-07:00,2026-07-28T02:38:23-07:00,2,30
components/contact/ContactSection.tsx,36,tsx,1f3fa20,Ishaan Kor,2026-07-28,09:38:23,-07:00,2026-07-28T02:38:23-07:00,2,30
components/contact/ContactSection.tsx,37,tsx,1f3fa20,Ishaan Kor,2026-07-28,09:38:23,-07:00,2026-07-28T02:38:23-07:00,2,30
components/contact/ContactSection.tsx,38,tsx,1f3fa20,Ishaan Kor,2026-07-28,09:38:23,-07:00,2026-07-28T02:38:23-07:00,2,30
components/contact/ContactSection.tsx,39,tsx,1f3fa20,Ishaan Kor,2026-07-28,09:38:23,-07:00,2026-07-28T02:38:23-07:00,2,30
components/contact/ContactSection.tsx,40,tsx,1f3fa20,Ishaan Kor,2026-07-28,09:38:23,-07:00,2026-07-28T02:38:23-07:00,2,30
components/contact/ContactSection.tsx,41,tsx,1f3fa20,Ishaan Kor,2026-07-28,09:38:23,-07:00,2026-07-28T02:38:23-07:00,2,30
components/contact/ContactSection.tsx,42,tsx,1f3fa20,Ishaan Kor,2026-07-28,09:38:23,-07:00,2026-07-28T02:38:23-07:00,2,30
components/contact/ContactSection.tsx,43,tsx,1f3fa20,Ishaan Kor,2026-07-28,09:38:23,-07:00,2026-07-28T02:38:23-07:00,2,30
components/contact/ContactSection.tsx,44,tsx,1f3fa20,Ishaan Kor,2026-07-28,09:38:23,-07:00,2026-07-28T02:38:23-07:00,2,30
components/contact/ContactSection.tsx,45,tsx,1f3fa20,Ishaan Kor,2026-07-28,09:38:23,-07:00,2026-07-28T02:38:23-07:00,2,30
components/contact/ContactSection.tsx,46,tsx,1f3fa20,Ishaan Kor,2026-07-28,09:38:23,-07:00,2026-07-28T02:38:23-07:00,2,30
components/contact/ContactSection.tsx,47,tsx,1f3fa20,Ishaan Kor,2026-07-28,09:38:23,-07:00,2026-07-28T02:38:23-07:00,2,30
components/contact/ContactSection.tsx,48,tsx,1f3fa20,Ishaan Kor,2026-07-28,09:38:23,-07:00,2026-07-28T02:38:23-07:00,2,30
components/contact/ContactSection.tsx,49,tsx,1f3fa20,Ishaan Kor,2026-07-28,09:38:23,-07:00,2026-07-28T02:38:23-07:00,2,30
components/contact/ContactSection.tsx,50,tsx,1f3fa20,Ishaan Kor,2026-07-28,09:38:23,-07:00,2026-07-28T02:38:23-07:00,2,30
components/experience/ExperienceTimeline.tsx,1,tsx,1f3fa20,Ishaan Kor,2026-07-28,09:38:23,-07:00,2026-07-28T02:38:23-07:00,2,30
components/experience/ExperienceTimeline.tsx,2,tsx,1f3fa20,Ishaan Kor,2026-07-28,09:38:23,-07:00,2026-07-28T02:38:23-07:00,2,30
components/experience/ExperienceTimeline.tsx,3,tsx,1f3fa20,Ishaan Kor,2026-07-28,09:38:23,-07:00,2026-07-28T02:38:23-07:00,2,30
components/experience/ExperienceTimeline.tsx,4,tsx,1f3fa20,Ishaan Kor,2026-07-28,09:38:23,-07:00,2026-07-28T02:38:23-07:00,2,30
components/experience/ExperienceTimeline.tsx,5,tsx,1f3fa20,Ishaan Kor,2026-07-28,09:38:23,-07:00,2026-07-28T02:38:23-07:00,2,30
components/experience/ExperienceTimeline.tsx,6,tsx,1f3fa20,Ishaan Kor,2026-07-28,09:38:23,-07:00,2026-07-28T02:38:23-07:00,2,30
components/experience/ExperienceTimeline.tsx,7,tsx,1f3fa20,Ishaan Kor,2026-07-28,09:38:23,-07:00,2026-07-28T02:38:23-07:00,2,30
components/experience/ExperienceTimeline.tsx,8,tsx,1f3fa20,Ishaan Kor,2026-07-28,09:38:23,-07:00,2026-07-28T02:38:23-07:00,2,30
components/experience/ExperienceTimeline.tsx,9,tsx,1f3fa20,Ishaan Kor,2026-07-28,09:38:23,-07:00,2026-07-28T02:38:23-07:00,2,30
components/experience/ExperienceTimeline.tsx,10,tsx,1f3fa20,Ishaan Kor,2026-07-28,09:38:23,-07:00,2026-07-28T02:38:23-07:00,2,30
components/experience/ExperienceTimeline.tsx,11,tsx,1f3fa20,Ishaan Kor,2026-07-28,09:38:23,-07:00,2026-07-28T02:38:23-07:00,2,30
components/experience/ExperienceTimeline.tsx,12,tsx,1f3fa20,Ishaan Kor,2026-07-28,09:38:23,-07:00,2026-07-28T02:38:23-07:00,2,30
components/experience/ExperienceTimeline.tsx,13,tsx,1f3fa20,Ishaan Kor,2026-07-28,09:38:23,-07:00,2026-07-28T02:38:23-07:00,2,30
components/experience/ExperienceTimeline.tsx,14,tsx,1f3fa20,Ishaan Kor,2026-07-28,09:38:23,-07:00,2026-07-28T02:38:23-07:00,2,30
components/experience/ExperienceTimeline.tsx,15,tsx,1f3fa20,Ishaan Kor,2026-07-28,09:38:23,-07:00,2026-07-28T02:38:23-07:00,2,30
components/experience/ExperienceTimeline.tsx,16,tsx,1f3fa20,Ishaan Kor,2026-07-28,09:38:23,-07:00,2026-07-28T02:38:23-07:00,2,30
components/experience/ExperienceTimeline.tsx,17,tsx,1f3fa20,Ishaan Kor,2026-07-28,09:38:23,-07:00,2026-07-28T02:38:23-07:00,2,30
components/experience/ExperienceTimeline.tsx,18,tsx,1f3fa20,Ishaan Kor,2026-07-28,09:38:23,-07:00,2026-07-28T02:38:23-07:00,2,30
components/experience/ExperienceTimeline.tsx,19,tsx,1f3fa20,Ishaan Kor,2026-07-28,09:38:23,-07:00,2026-07-28T02:38:23-07:00,2,30
components/experience/ExperienceTimeline.tsx,20,tsx,1f3fa20,Ishaan Kor,2026-07-28,09:38:23,-07:00,2026-07-28T02:38:23-07:00,2,30
components/experience/ExperienceTimeline.tsx,21,tsx,1f3fa20,Ishaan Kor,2026-07-28,09:38:23,-07:00,2026-07-28T02:38:23-07:00,2,30
components/experience/ExperienceTimeline.tsx,22,tsx,1f3fa20,Ishaan Kor,2026-07-28,09:38:23,-07:00,2026-07-28T02:38:23-07:00,2,30
components/experience/ExperienceTimeline.tsx,23,tsx,1f3fa20,Ishaan Kor,2026-07-28,09:38:23,-07:00,2026-07-28T02:38:23-07:00,2,30
components/experience/ExperienceTimeline.tsx,24,tsx,1f3fa20,Ishaan Kor,2026-07-28,09:38:23,-07:00,2026-07-28T02:38:23-07:00,2,30
components/experience/ExperienceTimeline.tsx,25,tsx,1f3fa20,Ishaan Kor,2026-07-28,09:38:23,-07:00,2026-07-28T02:38:23-07:00,2,30
components/experience/ExperienceTimeline.tsx,26,tsx,1f3fa20,Ishaan Kor,2026-07-28,09:38:23,-07:00,2026-07-28T02:38:23-07:00,2,30
components/experience/ExperienceTimeline.tsx,27,tsx,1f3fa20,Ishaan Kor,2026-07-28,09:38:23,-07:00,2026-07-28T02:38:23-07:00,2,30
components/experience/ExperienceTimeline.tsx,28,tsx,1f3fa20,Ishaan Kor,2026-07-28,09:38:23,-07:00,2026-07-28T02:38:23-07:00,2,30
components/experience/ExperienceTimeline.tsx,29,tsx,1f3fa20,Ishaan Kor,2026-07-28,09:38:23,-07:00,2026-07-28T02:38:23-07:00,2,30
components/experience/ExperienceTimeline.tsx,30,tsx,1f3fa20,Ishaan Kor,2026-07-28,09:38:23,-07:00,2026-07-28T02:38:23-07:00,2,30
components/experience/ExperienceTimeline.tsx,31,tsx,1f3fa20,Ishaan Kor,2026-07-28,09:38:23,-07:00,2026-07-28T02:38:23-07:00,2,30
components/experience/ExperienceTimeline.tsx,32,tsx,1f3fa20,Ishaan Kor,2026-07-28,09:38:23,-07:00,2026-07-28T02:38:23-07:00,2,30
components/experience/ExperienceTimeline.tsx,33,tsx,1f3fa20,Ishaan Kor,2026-07-28,09:38:23,-07:00,2026-07-28T02:38:23-07:00,2,30
components/experience/ExperienceTimeline.tsx,34,tsx,1f3fa20,Ishaan Kor,2026-07-28,09:38:23,-07:00,2026-07-28T02:38:23-07:00,2,30
components/experience/ExperienceTimeline.tsx,35,tsx,1f3fa20,Ishaan Kor,2026-07-28,09:38:23,-07:00,2026-07-28T02:38:23-07:00,2,30
components/experience/ExperienceTimeline.tsx,36,tsx,1f3fa20,Ishaan Kor,2026-07-28,09:38:23,-07:00,2026-07-28T02:38:23-07:00,2,30
components/experience/ExperienceTimeline.tsx,37,tsx,1f3fa20,Ishaan Kor,2026-07-28,09:38:23,-07:00,2026-07-28T02:38:23-07:00,2,30
components/experience/ExperienceTimeline.tsx,38,tsx,1f3fa20,Ishaan Kor,2026-07-28,09:38:23,-07:00,2026-07-28T02:38:23-07:00,2,30
components/experience/ExperienceTimeline.tsx,39,tsx,1f3fa20,Ishaan Kor,2026-07-28,09:38:23,-07:00,2026-07-28T02:38:23-07:00,2,30
components/experience/ExperienceTimeline.tsx,40,tsx,1f3fa20,Ishaan Kor,2026-07-28,09:38:23,-07:00,2026-07-28T02:38:23-07:00,2,30
components/experience/ExperienceTimeline.tsx,41,tsx,1f3fa20,Ishaan Kor,2026-07-28,09:38:23,-07:00,2026-07-28T02:38:23-07:00,2,30
components/experience/ExperienceTimeline.tsx,42,tsx,1f3fa20,Ishaan Kor,2026-07-28,09:38:23,-07:00,2026-07-28T02:38:23-07:00,2,30
components/experience/ExperienceTimeline.tsx,43,tsx,1f3fa20,Ishaan Kor,2026-07-28,09:38:23,-07:00,2026-07-28T02:38:23-07:00,2,30
components/experience/ExperienceTimeline.tsx,44,tsx,1f3fa20,Ishaan Kor,2026-07-28,09:38:23,-07:00,2026-07-28T02:38:23-07:00,2,30
components/recommender/ProjectRecommender.tsx,1,tsx,1f3fa20,Ishaan Kor,2026-07-28,09:38:23,-07:00,2026-07-28T02:38:23-07:00,2,30
components/recommender/ProjectRecommender.tsx,2,tsx,1f3fa20,Ishaan Kor,2026-07-28,09:38:23,-07:00,2026-07-28T02:38:23-07:00,2,30
components/recommender/ProjectRecommender.tsx,3,tsx,1f3fa20,Ishaan Kor,2026-07-28,09:38:23,-07:00,2026-07-28T02:38:23-07:00,2,30
components/recommender/ProjectRecommender.tsx,4,tsx,1f3fa20,Ishaan Kor,2026-07-28,09:38:23,-07:00,2026-07-28T02:38:23-07:00,2,30
components/recommender/ProjectRecommender.tsx,5,tsx,1f3fa20,Ishaan Kor,2026-07-28,09:38:23,-07:00,2026-07-28T02:38:23-07:00,2,30
components/recommender/ProjectRecommender.tsx,6,tsx,1f3fa20,Ishaan Kor,2026-07-28,09:38:23,-07:00,2026-07-28T02:38:23-07:00,2,30
components/recommender/ProjectRecommender.tsx,7,tsx,1f3fa20,Ishaan Kor,2026-07-28,09:38:23,-07:00,2026-07-28T02:38:23-07:00,2,30
components/recommender/ProjectRecommender.tsx,8,tsx,1f3fa20,Ishaan Kor,2026-07-28,09:38:23,-07:00,2026-07-28T02:38:23-07:00,2,30
components/recommender/ProjectRecommender.tsx,9,tsx,1f3fa20,Ishaan Kor,2026-07-28,09:38:23,-07:00,2026-07-28T02:38:23-07:00,2,30
components/recommender/ProjectRecommender.tsx,10,tsx,1f3fa20,Ishaan Kor,2026-07-28,09:38:23,-07:00,2026-07-28T02:38:23-07:00,2,30
components/recommender/ProjectRecommender.tsx,11,tsx,1f3fa20,Ishaan Kor,2026-07-28,09:38:23,-07:00,2026-07-28T02:38:23-07:00,2,30
components/recommender/ProjectRecommender.tsx,12,tsx,1f3fa20,Ishaan Kor,2026-07-28,09:38:23,-07:00,2026-07-28T02:38:23-07:00,2,30
components/recommender/ProjectRecommender.tsx,13,tsx,1f3fa20,Ishaan Kor,2026-07-28,09:38:23,-07:00,2026-07-28T02:38:23-07:00,2,30
components/recommender/ProjectRecommender.tsx,14,tsx,1f3fa20,Ishaan Kor,2026-07-28,09:38:23,-07:00,2026-07-28T02:38:23-07:00,2,30
components/recommender/ProjectRecommender.tsx,15,tsx,1f3fa20,Ishaan Kor,2026-07-28,09:38:23,-07:00,2026-07-28T02:38:23-07:00,2,30
components/recommender/ProjectRecommender.tsx,16,tsx,1f3fa20,Ishaan Kor,2026-07-28,09:38:23,-07:00,2026-07-28T02:38:23-07:00,2,30
components/recommender/ProjectRecommender.tsx,17,tsx,1f3fa20,Ishaan Kor,2026-07-28,09:38:23,-07:00,2026-07-28T02:38:23-07:00,2,30
components/recommender/ProjectRecommender.tsx,18,tsx,1f3fa20,Ishaan Kor,2026-07-28,09:38:23,-07:00,2026-07-28T02:38:23-07:00,2,30
components/recommender/ProjectRecommender.tsx,19,tsx,1f3fa20,Ishaan Kor,2026-07-28,09:38:23,-07:00,2026-07-28T02:38:23-07:00,2,30
components/recommender/ProjectRecommender.tsx,20,tsx,1f3fa20,Ishaan Kor,2026-07-28,09:38:23,-07:00,2026-07-28T02:38:23-07:00,2,30
components/recommender/ProjectRecommender.tsx,21,tsx,1f3fa20,Ishaan Kor,2026-07-28,09:38:23,-07:00,2026-07-28T02:38:23-07:00,2,30
components/recommender/ProjectRecommender.tsx,22,tsx,1f3fa20,Ishaan Kor,2026-07-28,09:38:23,-07:00,2026-07-28T02:38:23-07:00,2,30
components/recommender/ProjectRecommender.tsx,23,tsx,1f3fa20,Ishaan Kor,2026-07-28,09:38:23,-07:00,2026-07-28T02:38:23-07:00,2,30
components/recommender/ProjectRecommender.tsx,24,tsx,1f3fa20,Ishaan Kor,2026-07-28,09:38:23,-07:00,2026-07-28T02:38:23-07:00,2,30
components/recommender/ProjectRecommender.tsx,25,tsx,1f3fa20,Ishaan Kor,2026-07-28,09:38:23,-07:00,2026-07-28T02:38:23-07:00,2,30
components/recommender/ProjectRecommender.tsx,26,tsx,1f3fa20,Ishaan Kor,2026-07-28,09:38:23,-07:00,2026-07-28T02:38:23-07:00,2,30
components/recommender/ProjectRecommender.tsx,27,tsx,1f3fa20,Ishaan Kor,2026-07-28,09:38:23,-07:00,2026-07-28T02:38:23-07:00,2,30
components/recommender/ProjectRecommender.tsx,28,tsx,1f3fa20,Ishaan Kor,2026-07-28,09:38:23,-07:00,2026-07-28T02:38:23-07:00,2,30
components/recommender/ProjectRecommender.tsx,29,tsx,1f3fa20,Ishaan Kor,2026-07-28,09:38:23,-07:00,2026-07-28T02:38:23-07:00,2,30
components/recommender/ProjectRecommender.tsx,30,tsx,1f3fa20,Ishaan Kor,2026-07-28,09:38:23,-07:00,2026-07-28T02:38:23-07:00,2,30
components/recommender/ProjectRecommender.tsx,31,tsx,1f3fa20,Ishaan Kor,2026-07-28,09:38:23,-07:00,2026-07-28T02:38:23-07:00,2,30
components/recommender/ProjectRecommender.tsx,32,tsx,1f3fa20,Ishaan Kor,2026-07-28,09:38:23,-07:00,2026-07-28T02:38:23-07:00,2,30
components/recommender/ProjectRecommender.tsx,33,tsx,1f3fa20,Ishaan Kor,2026-07-28,09:38:23,-07:00,2026-07-28T02:38:23-07:00,2,30
components/recommender/ProjectRecommender.tsx,34,tsx,1f3fa20,Ishaan Kor,2026-07-28,09:38:23,-07:00,2026-07-28T02:38:23-07:00,2,30
components/recommender/ProjectRecommender.tsx,35,tsx,1f3fa20,Ishaan Kor,2026-07-28,09:38:23,-07:00,2026-07-28T02:38:23-07:00,2,30
components/recommender/ProjectRecommender.tsx,36,tsx,1f3fa20,Ishaan Kor,2026-07-28,09:38:23,-07:00,2026-07-28T02:38:23-07:00,2,30
components/recommender/ProjectRecommender.tsx,37,tsx,1f3fa20,Ishaan Kor,2026-07-28,09:38:23,-07:00,2026-07-28T02:38:23-07:00,2,30
components/recommender/ProjectRecommender.tsx,38,tsx,1f3fa20,Ishaan Kor,2026-07-28,09:38:23,-07:00,2026-07-28T02:38:23-07:00,2,30
components/recommender/ProjectRecommender.tsx,39,tsx,1f3fa20,Ishaan Kor,2026-07-28,09:38:23,-07:00,2026-07-28T02:38:23-07:00,2,30
components/recommender/ProjectRecommender.tsx,40,tsx,1f3fa20,Ishaan Kor,2026-07-28,09:38:23,-07:00,2026-07-28T02:38:23-07:00,2,30
components/recommender/ProjectRecommender.tsx,41,tsx,1f3fa20,Ishaan Kor,2026-07-28,09:38:23,-07:00,2026-07-28T02:38:23-07:00,2,30
components/recommender/ProjectRecommender.tsx,42,tsx,1f3fa20,Ishaan Kor,2026-07-28,09:38:23,-07:00,2026-07-28T02:38:23-07:00,2,30
components/recommender/ProjectRecommender.tsx,43,tsx,1f3fa20,Ishaan Kor,2026-07-28,09:38:23,-07:00,2026-07-28T02:38:23-07:00,2,30
components/recommender/ProjectRecommender.tsx,44,tsx,1f3fa20,Ishaan Kor,2026-07-28,09:38:23,-07:00,2026-07-28T02:38:23-07:00,2,30
components/recommender/ProjectRecommender.tsx,45,tsx,1f3fa20,Ishaan Kor,2026-07-28,09:38:23,-07:00,2026-07-28T02:38:23-07:00,2,30
components/recommender/ProjectRecommender.tsx,46,tsx,1f3fa20,Ishaan Kor,2026-07-28,09:38:23,-07:00,2026-07-28T02:38:23-07:00,2,30
components/recommender/ProjectRecommender.tsx,47,tsx,1f3fa20,Ishaan Kor,2026-07-28,09:38:23,-07:00,2026-07-28T02:38:23-07:00,2,30
components/recommender/ProjectRecommender.tsx,48,tsx,1f3fa20,Ishaan Kor,2026-07-28,09:38:23,-07:00,2026-07-28T02:38:23-07:00,2,30
components/recommender/ProjectRecommender.tsx,49,tsx,1f3fa20,Ishaan Kor,2026-07-28,09:38:23,-07:00,2026-07-28T02:38:23-07:00,2,30
components/recommender/ProjectRecommender.tsx,50,tsx,1f3fa20,Ishaan Kor,2026-07-28,09:38:23,-07:00,2026-07-28T02:38:23-07:00,2,30
components/skills/TechStackSection.tsx,1,tsx,1f3fa20,Ishaan Kor,2026-07-28,09:38:23,-07:00,2026-07-28T02:38:23-07:00,2,30
components/skills/TechStackSection.tsx,2,tsx,1f3fa20,Ishaan Kor,2026-07-28,09:38:23,-07:00,2026-07-28T02:38:23-07:00,2,30
components/skills/TechStackSection.tsx,3,tsx,1f3fa20,Ishaan Kor,2026-07-28,09:38:23,-07:00,2026-07-28T02:38:23-07:00,2,30
components/skills/TechStackSection.tsx,4,tsx,1f3fa20,Ishaan Kor,2026-07-28,09:38:23,-07:00,2026-07-28T02:38:23-07:00,2,30
components/skills/TechStackSection.tsx,5,tsx,1f3fa20,Ishaan Kor,2026-07-28,09:38:23,-07:00,2026-07-28T02:38:23-07:00,2,30
components/skills/TechStackSection.tsx,6,tsx,1f3fa20,Ishaan Kor,2026-07-28,09:38:23,-07:00,2026-07-28T02:38:23-07:00,2,30
components/skills/TechStackSection.tsx,7,tsx,1f3fa20,Ishaan Kor,2026-07-28,09:38:23,-07:00,2026-07-28T02:38:23-07:00,2,30
components/skills/TechStackSection.tsx,8,tsx,1f3fa20,Ishaan Kor,2026-07-28,09:38:23,-07:00,2026-07-28T02:38:23-07:00,2,30
components/skills/TechStackSection.tsx,9,tsx,1f3fa20,Ishaan Kor,2026-07-28,09:38:23,-07:00,2026-07-28T02:38:23-07:00,2,30
components/skills/TechStackSection.tsx,10,tsx,1f3fa20,Ishaan Kor,2026-07-28,09:38:23,-07:00,2026-07-28T02:38:23-07:00,2,30
components/skills/TechStackSection.tsx,11,tsx,1f3fa20,Ishaan Kor,2026-07-28,09:38:23,-07:00,2026-07-28T02:38:23-07:00,2,30
components/skills/TechStackSection.tsx,12,tsx,1f3fa20,Ishaan Kor,2026-07-28,09:38:23,-07:00,2026-07-28T02:38:23-07:00,2,30
components/skills/TechStackSection.tsx,13,tsx,1f3fa20,Ishaan Kor,2026-07-28,09:38:23,-07:00,2026-07-28T02:38:23-07:00,2,30
components/skills/TechStackSection.tsx,14,tsx,1f3fa20,Ishaan Kor,2026-07-28,09:38:23,-07:00,2026-07-28T02:38:23-07:00,2,30
components/skills/TechStackSection.tsx,15,tsx,1f3fa20,Ishaan Kor,2026-07-28,09:38:23,-07:00,2026-07-28T02:38:23-07:00,2,30
components/skills/TechStackSection.tsx,16,tsx,1f3fa20,Ishaan Kor,2026-07-28,09:38:23,-07:00,2026-07-28T02:38:23-07:00,2,30
components/skills/TechStackSection.tsx,17,tsx,1f3fa20,Ishaan Kor,2026-07-28,09:38:23,-07:00,2026-07-28T02:38:23-07:00,2,30
components/skills/TechStackSection.tsx,18,tsx,1f3fa20,Ishaan Kor,2026-07-28,09:38:23,-07:00,2026-07-28T02:38:23-07:00,2,30
components/skills/TechStackSection.tsx,19,tsx,1f3fa20,Ishaan Kor,2026-07-28,09:38:23,-07:00,2026-07-28T02:38:23-07:00,2,30
components/skills/TechStackSection.tsx,20,tsx,1f3fa20,Ishaan Kor,2026-07-28,09:38:23,-07:00,2026-07-28T02:38:23-07:00,2,30
components/skills/TechStackSection.tsx,21,tsx,1f3fa20,Ishaan Kor,2026-07-28,09:38:23,-07:00,2026-07-28T02:38:23-07:00,2,30
components/skills/TechStackSection.tsx,22,tsx,1f3fa20,Ishaan Kor,2026-07-28,09:38:23,-07:00,2026-07-28T02:38:23-07:00,2,30
components/skills/TechStackSection.tsx,23,tsx,1f3fa20,Ishaan Kor,2026-07-28,09:38:23,-07:00,2026-07-28T02:38:23-07:00,2,30
components/skills/TechStackSection.tsx,24,tsx,1f3fa20,Ishaan Kor,2026-07-28,09:38:23,-07:00,2026-07-28T02:38:23-07:00,2,30
components/skills/TechStackSection.tsx,25,tsx,1f3fa20,Ishaan Kor,2026-07-28,09:38:23,-07:00,2026-07-28T02:38:23-07:00,2,30
components/skills/TechStackSection.tsx,26,tsx,1f3fa20,Ishaan Kor,2026-07-28,09:38:23,-07:00,2026-07-28T02:38:23-07:00,2,30
components/skills/TechStackSection.tsx,27,tsx,1f3fa20,Ishaan Kor,2026-07-28,09:38:23,-07:00,2026-07-28T02:38:23-07:00,2,30
components/skills/TechStackSection.tsx,28,tsx,1f3fa20,Ishaan Kor,2026-07-28,09:38:23,-07:00,2026-07-28T02:38:23-07:00,2,30
components/skills/TechStackSection.tsx,29,tsx,1f3fa20,Ishaan Kor,2026-07-28,09:38:23,-07:00,2026-07-28T02:38:23-07:00,2,30
components/skills/TechStackSection.tsx,30,tsx,1f3fa20,Ishaan Kor,2026-07-28,09:38:23,-07:00,2026-07-28T02:38:23-07:00,2,30
components/skills/TechStackSection.tsx,31,tsx,1f3fa20,Ishaan Kor,2026-07-28,09:38:23,-07:00,2026-07-28T02:38:23-07:00,2,30
components/skills/TechStackSection.tsx,32,tsx,1f3fa20,Ishaan Kor,2026-07-28,09:38:23,-07:00,2026-07-28T02:38:23-07:00,2,30
components/skills/TechStackSection.tsx,33,tsx,1f3fa20,Ishaan Kor,2026-07-28,09:38:23,-07:00,2026-07-28T02:38:23-07:00,2,30
components/skills/TechStackSection.tsx,34,tsx,1f3fa20,Ishaan Kor,2026-07-28,09:38:23,-07:00,2026-07-28T02:38:23-07:00,2,30
components/skills/TechStackSection.tsx,35,tsx,1f3fa20,Ishaan Kor,2026-07-28,09:38:23,-07:00,2026-07-28T02:38:23-07:00,2,30
components/skills/TechStackSection.tsx,36,tsx,1f3fa20,Ishaan Kor,2026-07-28,09:38:23,-07:00,2026-07-28T02:38:23-07:00,2,30
components/skills/TechStackSection.tsx,37,tsx,1f3fa20,Ishaan Kor,2026-07-28,09:38:23,-07:00,2026-07-28T02:38:23-07:00,2,30
components/skills/TechStackSection.tsx,38,tsx,1f3fa20,Ishaan Kor,2026-07-28,09:38:23,-07:00,2026-07-28T02:38:23-07:00,2,30
out/404.html,1,html,1f3fa20,Ishaan Kor,2026-07-28,09:38:23,-07:00,2026-07-28T02:38:23-07:00,1,30
out/404.html,2,html,1f3fa20,Ishaan Kor,2026-07-28,09:38:23,-07:00,2026-07-28T02:38:23-07:00,1,30
out/_next/static/chunks/356-2c58c87d01f63b79.js,1,js,1f3fa20,Ishaan Kor,2026-07-28,09:38:23,-07:00,2026-07-28T02:38:23-07:00,4,30
out/_next/static/chunks/356-6e72945daa90c931.js,1,js,1f3fa20,Ishaan Kor,2026-07-28,09:38:23,-07:00,2026-07-28T02:38:23-07:00,4,30
out/_next/static/chunks/{231-e94689ce8106a19d.js,1,js,1f3fa20,Ishaan Kor,2026-07-28,09:38:23,-07:00,2026-07-28T02:38:23-07:00,4,30
out/_next/static/chunks/{231-e94689ce8106a19d.js,2,js,1f3fa20,Ishaan Kor,2026-07-28,09:38:23,-07:00,2026-07-28T02:38:23-07:00,4,30
out/_next/static/chunks/app/contact/page-591f4d610c048538.js,1,js,1f3fa20,Ishaan Kor,2026-07-28,09:38:23,-07:00,2026-07-28T02:38:23-07:00,6,30
out/_next/static/chunks/app/contact/page-921b274b1314a8fb.js,1,js,1f3fa20,Ishaan Kor,2026-07-28,09:38:23,-07:00,2026-07-28T02:38:23-07:00,6,30
out/_next/static/chunks/app/layout-a1b0db8fe70027c3.js,1,js,1f3fa20,Ishaan Kor,2026-07-28,09:38:23,-07:00,2026-07-28T02:38:23-07:00,5,30
out/_next/static/chunks/app/layout-c5cd066f4b8834bd.js,1,js,1f3fa20,Ishaan Kor,2026-07-28,09:38:23,-07:00,2026-07-28T02:38:23-07:00,5,30
out/_next/static/chunks/app/page-1d9f9232df18aca6.js,1,js,1f3fa20,Ishaan Kor,2026-07-28,09:38:23,-07:00,2026-07-28T02:38:23-07:00,5,30
out/_next/static/chunks/app/page-e98510c8f2ee7399.js,1,js,1f3fa20,Ishaan Kor,2026-07-28,09:38:23,-07:00,2026-07-28T02:38:23-07:00,5,30
out/_next/static/chunks/app/resume/page-08b32612fda58247.js,1,js,1f3fa20,Ishaan Kor,2026-07-28,09:38:23,-07:00,2026-07-28T02:38:23-07:00,6,30
out/_next/static/chunks/app/resume/page-8c8affa851a26419.js,1,js,1f3fa20,Ishaan Kor,2026-07-28,09:38:23,-07:00,2026-07-28T02:38:23-07:00,6,30
out/_next/static/css/916b48628b074625.css,1,css,1f3fa20,Ishaan Kor,2026-07-28,09:38:23,-07:00,2026-07-28T02:38:23-07:00,4,30
out/_next/static/css/916b48628b074625.css,2,css,1f3fa20,Ishaan Kor,2026-07-28,09:38:23,-07:00,2026-07-28T02:38:23-07:00,4,30
out/_next/static/css/916b48628b074625.css,3,css,1f3fa20,Ishaan Kor,2026-07-28,09:38:23,-07:00,2026-07-28T02:38:23-07:00,4,30
out/_next/static/css/c57ee96938c4ebf5.css,1,css,1f3fa20,Ishaan Kor,2026-07-28,09:38:23,-07:00,2026-07-28T02:38:23-07:00,4,30
out/_next/static/css/c57ee96938c4ebf5.css,2,css,1f3fa20,Ishaan Kor,2026-07-28,09:38:23,-07:00,2026-07-28T02:38:23-07:00,4,30
out/_next/static/css/c57ee96938c4ebf5.css,3,css,1f3fa20,Ishaan Kor,2026-07-28,09:38:23,-07:00,2026-07-28T02:38:23-07:00,4,30
out/_next/static/{KMEeJ1MwddIlNvdgRIYRI,1,code,1f3fa20,Ishaan Kor,2026-07-28,09:38:23,-07:00,2026-07-28T02:38:23-07:00,3,30
out/_next/static/{KMEeJ1MwddIlNvdgRIYRI,1,code,1f3fa20,Ishaan Kor,2026-07-28,09:38:23,-07:00,2026-07-28T02:38:23-07:00,3,30
out/contact.html,1,html,1f3fa20,Ishaan Kor,2026-07-28,09:38:23,-07:00,2026-07-28T02:38:23-07:00,1,30
out/contact.html,2,html,1f3fa20,Ishaan Kor,2026-07-28,09:38:23,-07:00,2026-07-28T02:38:23-07:00,1,30
out/contact.txt,1,txt,1f3fa20,Ishaan Kor,2026-07-28,09:38:23,-07:00,2026-07-28T02:38:23-07:00,1,30
out/contact.txt,2,txt,1f3fa20,Ishaan Kor,2026-07-28,09:38:23,-07:00,2026-07-28T02:38:23-07:00,1,30
out/contact.txt,3,txt,1f3fa20,Ishaan Kor,2026-07-28,09:38:23,-07:00,2026-07-28T02:38:23-07:00,1,30
out/contact.txt,4,txt,1f3fa20,Ishaan Kor,2026-07-28,09:38:23,-07:00,2026-07-28T02:38:23-07:00,1,30
out/contact.txt,5,txt,1f3fa20,Ishaan Kor,2026-07-28,09:38:23,-07:00,2026-07-28T02:38:23-07:00,1,30
out/contact.txt,6,txt,1f3fa20,Ishaan Kor,2026-07-28,09:38:23,-07:00,2026-07-28T02:38:23-07:00,1,30
out/contact.txt,7,txt,1f3fa20,Ishaan Kor,2026-07-28,09:38:23,-07:00,2026-07-28T02:38:23-07:00,1,30
out/contact.txt,8,txt,1f3fa20,Ishaan Kor,2026-07-28,09:38:23,-07:00,2026-07-28T02:38:23-07:00,1,30
out/index.html,1,html,1f3fa20,Ishaan Kor,2026-07-28,09:38:23,-07:00,2026-07-28T02:38:23-07:00,1,30
out/index.html,2,html,1f3fa20,Ishaan Kor,2026-07-28,09:38:23,-07:00,2026-07-28T02:38:23-07:00,1,30
out/index.txt,1,txt,1f3fa20,Ishaan Kor,2026-07-28,09:38:23,-07:00,2026-07-28T02:38:23-07:00,1,30
out/index.txt,2,txt,1f3fa20,Ishaan Kor,2026-07-28,09:38:23,-07:00,2026-07-28T02:38:23-07:00,1,30
out/index.txt,3,txt,1f3fa20,Ishaan Kor,2026-07-28,09:38:23,-07:00,2026-07-28T02:38:23-07:00,1,30
out/index.txt,4,txt,1f3fa20,Ishaan Kor,2026-07-28,09:38:23,-07:00,2026-07-28T02:38:23-07:00,1,30
out/index.txt,5,txt,1f3fa20,Ishaan Kor,2026-07-28,09:38:23,-07:00,2026-07-28T02:38:23-07:00,1,30
out/index.txt,6,txt,1f3fa20,Ishaan Kor,2026-07-28,09:38:23,-07:00,2026-07-28T02:38:23-07:00,1,30
out/index.txt,7,txt,1f3fa20,Ishaan Kor,2026-07-28,09:38:23,-07:00,2026-07-28T02:38:23-07:00,1,30
out/index.txt,8,txt,1f3fa20,Ishaan Kor,2026-07-28,09:38:23,-07:00,2026-07-28T02:38:23-07:00,1,30
out/index.txt,9,txt,1f3fa20,Ishaan Kor,2026-07-28,09:38:23,-07:00,2026-07-28T02:38:23-07:00,1,30
out/index.txt,10,txt,1f3fa20,Ishaan Kor,2026-07-28,09:38:23,-07:00,2026-07-28T02:38:23-07:00,1,30
out/index.txt,11,txt,1f3fa20,Ishaan Kor,2026-07-28,09:38:23,-07:00,2026-07-28T02:38:23-07:00,1,30
out/index.txt,12,txt,1f3fa20,Ishaan Kor,2026-07-28,09:38:23,-07:00,2026-07-28T02:38:23-07:00,1,30
out/index.txt,13,txt,1f3fa20,Ishaan Kor,2026-07-28,09:38:23,-07:00,2026-07-28T02:38:23-07:00,1,30
out/index.txt,14,txt,1f3fa20,Ishaan Kor,2026-07-28,09:38:23,-07:00,2026-07-28T02:38:23-07:00,1,30
out/index.txt,15,txt,1f3fa20,Ishaan Kor,2026-07-28,09:38:23,-07:00,2026-07-28T02:38:23-07:00,1,30
out/index.txt,16,txt,1f3fa20,Ishaan Kor,2026-07-28,09:38:23,-07:00,2026-07-28T02:38:23-07:00,1,30
out/index.txt,17,txt,1f3fa20,Ishaan Kor,2026-07-28,09:38:23,-07:00,2026-07-28T02:38:23-07:00,1,30
out/index.txt,18,txt,1f3fa20,Ishaan Kor,2026-07-28,09:38:23,-07:00,2026-07-28T02:38:23-07:00,1,30
out/index.txt,19,txt,1f3fa20,Ishaan Kor,2026-07-28,09:38:23,-07:00,2026-07-28T02:38:23-07:00,1,30
out/index.txt,20,txt,1f3fa20,Ishaan Kor,2026-07-28,09:38:23,-07:00,2026-07-28T02:38:23-07:00,1,30
out/index.txt,21,txt,1f3fa20,Ishaan Kor,2026-07-28,09:38:23,-07:00,2026-07-28T02:38:23-07:00,1,30
out/index.txt,22,txt,1f3fa20,Ishaan Kor,2026-07-28,09:38:23,-07:00,2026-07-28T02:38:23-07:00,1,30
out/projects.html,1,html,1f3fa20,Ishaan Kor,2026-07-28,09:38:23,-07:00,2026-07-28T02:38:23-07:00,1,30
out/projects.html,2,html,1f3fa20,Ishaan Kor,2026-07-28,09:38:23,-07:00,2026-07-28T02:38:23-07:00,1,30
out/projects.txt,1,txt,1f3fa20,Ishaan Kor,2026-07-28,09:38:23,-07:00,2026-07-28T02:38:23-07:00,1,30
out/projects.txt,2,txt,1f3fa20,Ishaan Kor,2026-07-28,09:38:23,-07:00,2026-07-28T02:38:23-07:00,1,30
out/projects.txt,3,txt,1f3fa20,Ishaan Kor,2026-07-28,09:38:23,-07:00,2026-07-28T02:38:23-07:00,1,30
out/projects.txt,4,txt,1f3fa20,Ishaan Kor,2026-07-28,09:38:23,-07:00,2026-07-28T02:38:23-07:00,1,30
out/projects.txt,5,txt,1f3fa20,Ishaan Kor,2026-07-28,09:38:23,-07:00,2026-07-28T02:38:23-07:00,1,30
out/projects.txt,6,txt,1f3fa20,Ishaan Kor,2026-07-28,09:38:23,-07:00,2026-07-28T02:38:23-07:00,1,30
out/projects.txt,7,txt,1f3fa20,Ishaan Kor,2026-07-28,09:38:23,-07:00,2026-07-28T02:38:23-07:00,1,30
out/projects.txt,8,txt,1f3fa20,Ishaan Kor,2026-07-28,09:38:23,-07:00,2026-07-28T02:38:23-07:00,1,30
out/projects.txt,9,txt,1f3fa20,Ishaan Kor,2026-07-28,09:38:23,-07:00,2026-07-28T02:38:23-07:00,1,30
out/projects.txt,10,txt,1f3fa20,Ishaan Kor,2026-07-28,09:38:23,-07:00,2026-07-28T02:38:23-07:00,1,30
out/resume.html,1,html,1f3fa20,Ishaan Kor,2026-07-28,09:38:23,-07:00,2026-07-28T02:38:23-07:00,1,30
out/resume.html,2,html,1f3fa20,Ishaan Kor,2026-07-28,09:38:23,-07:00,2026-07-28T02:38:23-07:00,1,30
out/resume.txt,1,txt,1f3fa20,Ishaan Kor,2026-07-28,09:38:23,-07:00,2026-07-28T02:38:23-07:00,1,30
out/resume.txt,2,txt,1f3fa20,Ishaan Kor,2026-07-28,09:38:23,-07:00,2026-07-28T02:38:23-07:00,1,30
out/resume.txt,3,txt,1f3fa20,Ishaan Kor,2026-07-28,09:38:23,-07:00,2026-07-28T02:38:23-07:00,1,30
out/resume.txt,4,txt,1f3fa20,Ishaan Kor,2026-07-28,09:38:23,-07:00,2026-07-28T02:38:23-07:00,1,30
out/resume.txt,5,txt,1f3fa20,Ishaan Kor,2026-07-28,09:38:23,-07:00,2026-07-28T02:38:23-07:00,1,30
out/resume.txt,6,txt,1f3fa20,Ishaan Kor,2026-07-28,09:38:23,-07:00,2026-07-28T02:38:23-07:00,1,30
out/resume.txt,7,txt,1f3fa20,Ishaan Kor,2026-07-28,09:38:23,-07:00,2026-07-28T02:38:23-07:00,1,30
out/resume.txt,8,txt,1f3fa20,Ishaan Kor,2026-07-28,09:38:23,-07:00,2026-07-28T02:38:23-07:00,1,30
out/resume.txt,9,txt,1f3fa20,Ishaan Kor,2026-07-28,09:38:23,-07:00,2026-07-28T02:38:23-07:00,1,30
out/resume.txt,10,txt,1f3fa20,Ishaan Kor,2026-07-28,09:38:23,-07:00,2026-07-28T02:38:23-07:00,1,30
.github/workflows/nextjs.yml,1,yml,8a0d2fd,Ishaan,2026-07-28,09:27:45,-07:00,2026-07-28T02:27:45-07:00,2,30
.github/workflows/nextjs.yml,2,yml,8a0d2fd,Ishaan,2026-07-28,09:27:45,-07:00,2026-07-28T02:27:45-07:00,2,30
.github/workflows/nextjs.yml,3,yml,8a0d2fd,Ishaan,2026-07-28,09:27:45,-07:00,2026-07-28T02:27:45-07:00,2,30
.github/workflows/nextjs.yml,4,yml,8a0d2fd,Ishaan,2026-07-28,09:27:45,-07:00,2026-07-28T02:27:45-07:00,2,30
.github/workflows/nextjs.yml,5,yml,8a0d2fd,Ishaan,2026-07-28,09:27:45,-07:00,2026-07-28T02:27:45-07:00,2,30
.github/workflows/nextjs.yml,6,yml,8a0d2fd,Ishaan,2026-07-28,09:27:45,-07:00,2026-07-28T02:27:45-07:00,2,30
.github/workflows/nextjs.yml,7,yml,8a0d2fd,Ishaan,2026-07-28,09:27:45,-07:00,2026-07-28T02:27:45-07:00,2,30
.github/workflows/nextjs.yml,8,yml,8a0d2fd,Ishaan,2026-07-28,09:27:45,-07:00,2026-07-28T02:27:45-07:00,2,30
.github/workflows/nextjs.yml,9,yml,8a0d2fd,Ishaan,2026-07-28,09:27:45,-07:00,2026-07-28T02:27:45-07:00,2,30
.github/workflows/nextjs.yml,10,yml,8a0d2fd,Ishaan,2026-07-28,09:27:45,-07:00,2026-07-28T02:27:45-07:00,2,30
.github/workflows/nextjs.yml,11,yml,8a0d2fd,Ishaan,2026-07-28,09:27:45,-07:00,2026-07-28T02:27:45-07:00,2,30
.github/workflows/nextjs.yml,12,yml,8a0d2fd,Ishaan,2026-07-28,09:27:45,-07:00,2026-07-28T02:27:45-07:00,2,30
.github/workflows/nextjs.yml,13,yml,8a0d2fd,Ishaan,2026-07-28,09:27:45,-07:00,2026-07-28T02:27:45-07:00,2,30
.github/workflows/nextjs.yml,14,yml,8a0d2fd,Ishaan,2026-07-28,09:27:45,-07:00,2026-07-28T02:27:45-07:00,2,30
.github/workflows/nextjs.yml,15,yml,8a0d2fd,Ishaan,2026-07-28,09:27:45,-07:00,2026-07-28T02:27:45-07:00,2,30
.github/workflows/nextjs.yml,16,yml,8a0d2fd,Ishaan,2026-07-28,09:27:45,-07:00,2026-07-28T02:27:45-07:00,2,30
.github/workflows/nextjs.yml,17,yml,8a0d2fd,Ishaan,2026-07-28,09:27:45,-07:00,2026-07-28T02:27:45-07:00,2,30
.github/workflows/nextjs.yml,18,yml,8a0d2fd,Ishaan,2026-07-28,09:27:45,-07:00,2026-07-28T02:27:45-07:00,2,30
.github/workflows/nextjs.yml,19,yml,8a0d2fd,Ishaan,2026-07-28,09:27:45,-07:00,2026-07-28T02:27:45-07:00,2,30
.github/workflows/nextjs.yml,20,yml,8a0d2fd,Ishaan,2026-07-28,09:27:45,-07:00,2026-07-28T02:27:45-07:00,2,30
.github/workflows/nextjs.yml,21,yml,8a0d2fd,Ishaan,2026-07-28,09:27:45,-07:00,2026-07-28T02:27:45-07:00,2,30
.github/workflows/nextjs.yml,22,yml,8a0d2fd,Ishaan,2026-07-28,09:27:45,-07:00,2026-07-28T02:27:45-07:00,2,30
.github/workflows/nextjs.yml,23,yml,8a0d2fd,Ishaan,2026-07-28,09:27:45,-07:00,2026-07-28T02:27:45-07:00,2,30
.github/workflows/nextjs.yml,24,yml,8a0d2fd,Ishaan,2026-07-28,09:27:45,-07:00,2026-07-28T02:27:45-07:00,2,30
.github/workflows/nextjs.yml,25,yml,8a0d2fd,Ishaan,2026-07-28,09:27:45,-07:00,2026-07-28T02:27:45-07:00,2,30
.github/workflows/nextjs.yml,26,yml,8a0d2fd,Ishaan,2026-07-28,09:27:45,-07:00,2026-07-28T02:27:45-07:00,2,30
.github/workflows/nextjs.yml,27,yml,8a0d2fd,Ishaan,2026-07-28,09:27:45,-07:00,2026-07-28T02:27:45-07:00,2,30
.github/workflows/nextjs.yml,28,yml,8a0d2fd,Ishaan,2026-07-28,09:27:45,-07:00,2026-07-28T02:27:45-07:00,2,30
.github/workflows/nextjs.yml,29,yml,8a0d2fd,Ishaan,2026-07-28,09:27:45,-07:00,2026-07-28T02:27:45-07:00,2,30
.github/workflows/nextjs.yml,30,yml,8a0d2fd,Ishaan,2026-07-28,09:27:45,-07:00,2026-07-28T02:27:45-07:00,2,30
.github/workflows/nextjs.yml,31,yml,8a0d2fd,Ishaan,2026-07-28,09:27:45,-07:00,2026-07-28T02:27:45-07:00,2,30
.github/workflows/nextjs.yml,32,yml,8a0d2fd,Ishaan,2026-07-28,09:27:45,-07:00,2026-07-28T02:27:45-07:00,2,30
.github/workflows/nextjs.yml,33,yml,8a0d2fd,Ishaan,2026-07-28,09:27:45,-07:00,2026-07-28T02:27:45-07:00,2,30
.github/workflows/nextjs.yml,34,yml,8a0d2fd,Ishaan,2026-07-28,09:27:45,-07:00,2026-07-28T02:27:45-07:00,2,30
.github/workflows/nextjs.yml,35,yml,8a0d2fd,Ishaan,2026-07-28,09:27:45,-07:00,2026-07-28T02:27:45-07:00,2,30
.github/workflows/nextjs.yml,36,yml,8a0d2fd,Ishaan,2026-07-28,09:27:45,-07:00,2026-07-28T02:27:45-07:00,2,30
.github/workflows/nextjs.yml,37,yml,8a0d2fd,Ishaan,2026-07-28,09:27:45,-07:00,2026-07-28T02:27:45-07:00,2,30
.github/workflows/nextjs.yml,38,yml,8a0d2fd,Ishaan,2026-07-28,09:27:45,-07:00,2026-07-28T02:27:45-07:00,2,30
.github/workflows/nextjs.yml,39,yml,8a0d2fd,Ishaan,2026-07-28,09:27:45,-07:00,2026-07-28T02:27:45-07:00,2,30
.github/workflows/nextjs.yml,40,yml,8a0d2fd,Ishaan,2026-07-28,09:27:45,-07:00,2026-07-28T02:27:45-07:00,2,30
.github/workflows/nextjs.yml,41,yml,8a0d2fd,Ishaan,2026-07-28,09:27:45,-07:00,2026-07-28T02:27:45-07:00,2,30
.github/workflows/nextjs.yml,42,yml,8a0d2fd,Ishaan,2026-07-28,09:27:45,-07:00,2026-07-28T02:27:45-07:00,2,30
.github/workflows/nextjs.yml,43,yml,8a0d2fd,Ishaan,2026-07-28,09:27:45,-07:00,2026-07-28T02:27:45-07:00,2,30
.github/workflows/nextjs.yml,44,yml,8a0d2fd,Ishaan,2026-07-28,09:27:45,-07:00,2026-07-28T02:27:45-07:00,2,30
.github/workflows/nextjs.yml,45,yml,8a0d2fd,Ishaan,2026-07-28,09:27:45,-07:00,2026-07-28T02:27:45-07:00,2,30
.github/workflows/nextjs.yml,46,yml,8a0d2fd,Ishaan,2026-07-28,09:27:45,-07:00,2026-07-28T02:27:45-07:00,2,30
.github/workflows/nextjs.yml,47,yml,8a0d2fd,Ishaan,2026-07-28,09:27:45,-07:00,2026-07-28T02:27:45-07:00,2,30
.github/workflows/nextjs.yml,48,yml,8a0d2fd,Ishaan,2026-07-28,09:27:45,-07:00,2026-07-28T02:27:45-07:00,2,30
.github/workflows/nextjs.yml,49,yml,8a0d2fd,Ishaan,2026-07-28,09:27:45,-07:00,2026-07-28T02:27:45-07:00,2,30
.github/workflows/nextjs.yml,50,yml,8a0d2fd,Ishaan,2026-07-28,09:27:45,-07:00,2026-07-28T02:27:45-07:00,2,30
app/globals.css,1,css,69784aa,Ishaan Kor,2026-07-28,09:12:52,-07:00,2026-07-28T02:12:52-07:00,1,30
app/globals.css,2,css,69784aa,Ishaan Kor,2026-07-28,09:12:52,-07:00,2026-07-28T02:12:52-07:00,1,30
app/globals.css,3,css,69784aa,Ishaan Kor,2026-07-28,09:12:52,-07:00,2026-07-28T02:12:52-07:00,1,30
app/globals.css,4,css,69784aa,Ishaan Kor,2026-07-28,09:12:52,-07:00,2026-07-28T02:12:52-07:00,1,30
app/globals.css,5,css,69784aa,Ishaan Kor,2026-07-28,09:12:52,-07:00,2026-07-28T02:12:52-07:00,1,30
app/globals.css,6,css,69784aa,Ishaan Kor,2026-07-28,09:12:52,-07:00,2026-07-28T02:12:52-07:00,1,30
app/globals.css,7,css,69784aa,Ishaan Kor,2026-07-28,09:12:52,-07:00,2026-07-28T02:12:52-07:00,1,30
app/globals.css,8,css,69784aa,Ishaan Kor,2026-07-28,09:12:52,-07:00,2026-07-28T02:12:52-07:00,1,30
app/globals.css,9,css,69784aa,Ishaan Kor,2026-07-28,09:12:52,-07:00,2026-07-28T02:12:52-07:00,1,30
app/globals.css,10,css,69784aa,Ishaan Kor,2026-07-28,09:12:52,-07:00,2026-07-28T02:12:52-07:00,1,30
app/globals.css,11,css,69784aa,Ishaan Kor,2026-07-28,09:12:52,-07:00,2026-07-28T02:12:52-07:00,1,30
app/globals.css,12,css,69784aa,Ishaan Kor,2026-07-28,09:12:52,-07:00,2026-07-28T02:12:52-07:00,1,30
app/globals.css,13,css,69784aa,Ishaan Kor,2026-07-28,09:12:52,-07:00,2026-07-28T02:12:52-07:00,1,30
app/globals.css,14,css,69784aa,Ishaan Kor,2026-07-28,09:12:52,-07:00,2026-07-28T02:12:52-07:00,1,30
app/globals.css,15,css,69784aa,Ishaan Kor,2026-07-28,09:12:52,-07:00,2026-07-28T02:12:52-07:00,1,30
app/globals.css,16,css,69784aa,Ishaan Kor,2026-07-28,09:12:52,-07:00,2026-07-28T02:12:52-07:00,1,30
app/globals.css,17,css,69784aa,Ishaan Kor,2026-07-28,09:12:52,-07:00,2026-07-28T02:12:52-07:00,1,30
app/globals.css,18,css,69784aa,Ishaan Kor,2026-07-28,09:12:52,-07:00,2026-07-28T02:12:52-07:00,1,30
app/globals.css,19,css,69784aa,Ishaan Kor,2026-07-28,09:12:52,-07:00,2026-07-28T02:12:52-07:00,1,30
app/globals.css,20,css,69784aa,Ishaan Kor,2026-07-28,09:12:52,-07:00,2026-07-28T02:12:52-07:00,1,30
app/globals.css,21,css,69784aa,Ishaan Kor,2026-07-28,09:12:52,-07:00,2026-07-28T02:12:52-07:00,1,30
app/globals.css,22,css,69784aa,Ishaan Kor,2026-07-28,09:12:52,-07:00,2026-07-28T02:12:52-07:00,1,30
app/globals.css,23,css,69784aa,Ishaan Kor,2026-07-28,09:12:52,-07:00,2026-07-28T02:12:52-07:00,1,30
app/globals.css,24,css,69784aa,Ishaan Kor,2026-07-28,09:12:52,-07:00,2026-07-28T02:12:52-07:00,1,30
app/globals.css,25,css,69784aa,Ishaan Kor,2026-07-28,09:12:52,-07:00,2026-07-28T02:12:52-07:00,1,30
app/globals.css,26,css,69784aa,Ishaan Kor,2026-07-28,09:12:52,-07:00,2026-07-28T02:12:52-07:00,1,30
app/globals.css,27,css,69784aa,Ishaan Kor,2026-07-28,09:12:52,-07:00,2026-07-28T02:12:52-07:00,1,30
app/globals.css,28,css,69784aa,Ishaan Kor,2026-07-28,09:12:52,-07:00,2026-07-28T02:12:52-07:00,1,30
app/globals.css,29,css,69784aa,Ishaan Kor,2026-07-28,09:12:52,-07:00,2026-07-28T02:12:52-07:00,1,30
app/globals.css,30,css,69784aa,Ishaan Kor,2026-07-28,09:12:52,-07:00,2026-07-28T02:12:52-07:00,1,30
app/globals.css,31,css,69784aa,Ishaan Kor,2026-07-28,09:12:52,-07:00,2026-07-28T02:12:52-07:00,1,30
app/globals.css,32,css,69784aa,Ishaan Kor,2026-07-28,09:12:52,-07:00,2026-07-28T02:12:52-07:00,1,30
app/globals.css,33,css,69784aa,Ishaan Kor,2026-07-28,09:12:52,-07:00,2026-07-28T02:12:52-07:00,1,30
app/globals.css,34,css,69784aa,Ishaan Kor,2026-07-28,09:12:52,-07:00,2026-07-28T02:12:52-07:00,1,30
app/globals.css,35,css,69784aa,Ishaan Kor,2026-07-28,09:12:52,-07:00,2026-07-28T02:12:52-07:00,1,30
app/globals.css,36,css,69784aa,Ishaan Kor,2026-07-28,09:12:52,-07:00,2026-07-28T02:12:52-07:00,1,30
app/globals.css,37,css,69784aa,Ishaan Kor,2026-07-28,09:12:52,-07:00,2026-07-28T02:12:52-07:00,1,30
app/globals.css,38,css,69784aa,Ishaan Kor,2026-07-28,09:12:52,-07:00,2026-07-28T02:12:52-07:00,1,30
app/globals.css,39,css,69784aa,Ishaan Kor,2026-07-28,09:12:52,-07:00,2026-07-28T02:12:52-07:00,1,30
app/globals.css,40,css,69784aa,Ishaan Kor,2026-07-28,09:12:52,-07:00,2026-07-28T02:12:52-07:00,1,30
app/globals.css,41,css,69784aa,Ishaan Kor,2026-07-28,09:12:52,-07:00,2026-07-28T02:12:52-07:00,1,30
app/globals.css,42,css,69784aa,Ishaan Kor,2026-07-28,09:12:52,-07:00,2026-07-28T02:12:52-07:00,1,30
app/globals.css,43,css,69784aa,Ishaan Kor,2026-07-28,09:12:52,-07:00,2026-07-28T02:12:52-07:00,1,30
app/globals.css,44,css,69784aa,Ishaan Kor,2026-07-28,09:12:52,-07:00,2026-07-28T02:12:52-07:00,1,30
app/globals.css,45,css,69784aa,Ishaan Kor,2026-07-28,09:12:52,-07:00,2026-07-28T02:12:52-07:00,1,30
app/globals.css,46,css,69784aa,Ishaan Kor,2026-07-28,09:12:52,-07:00,2026-07-28T02:12:52-07:00,1,30
app/globals.css,47,css,69784aa,Ishaan Kor,2026-07-28,09:12:52,-07:00,2026-07-28T02:12:52-07:00,1,30
app/globals.css,48,css,69784aa,Ishaan Kor,2026-07-28,09:12:52,-07:00,2026-07-28T02:12:52-07:00,1,30
app/globals.css,49,css,69784aa,Ishaan Kor,2026-07-28,09:12:52,-07:00,2026-07-28T02:12:52-07:00,1,30
app/globals.css,50,css,69784aa,Ishaan Kor,2026-07-28,09:12:52,-07:00,2026-07-28T02:12:52-07:00,1,30
app/page.tsx,1,tsx,69784aa,Ishaan Kor,2026-07-28,09:12:52,-07:00,2026-07-28T02:12:52-07:00,1,30
app/page.tsx,2,tsx,69784aa,Ishaan Kor,2026-07-28,09:12:52,-07:00,2026-07-28T02:12:52-07:00,1,30
app/page.tsx,3,tsx,69784aa,Ishaan Kor,2026-07-28,09:12:52,-07:00,2026-07-28T02:12:52-07:00,1,30
app/page.tsx,4,tsx,69784aa,Ishaan Kor,2026-07-28,09:12:52,-07:00,2026-07-28T02:12:52-07:00,1,30
app/page.tsx,5,tsx,69784aa,Ishaan Kor,2026-07-28,09:12:52,-07:00,2026-07-28T02:12:52-07:00,1,30
app/page.tsx,6,tsx,69784aa,Ishaan Kor,2026-07-28,09:12:52,-07:00,2026-07-28T02:12:52-07:00,1,30
app/page.tsx,7,tsx,69784aa,Ishaan Kor,2026-07-28,09:12:52,-07:00,2026-07-28T02:12:52-07:00,1,30
app/page.tsx,8,tsx,69784aa,Ishaan Kor,2026-07-28,09:12:52,-07:00,2026-07-28T02:12:52-07:00,1,30
components/hero/Hero3DCanvas.tsx,1,tsx,69784aa,Ishaan Kor,2026-07-28,09:12:52,-07:00,2026-07-28T02:12:52-07:00,2,30
components/hero/Hero3DCanvas.tsx,2,tsx,69784aa,Ishaan Kor,2026-07-28,09:12:52,-07:00,2026-07-28T02:12:52-07:00,2,30
components/hero/Hero3DCanvas.tsx,3,tsx,69784aa,Ishaan Kor,2026-07-28,09:12:52,-07:00,2026-07-28T02:12:52-07:00,2,30
components/hero/Hero3DCanvas.tsx,4,tsx,69784aa,Ishaan Kor,2026-07-28,09:12:52,-07:00,2026-07-28T02:12:52-07:00,2,30
components/hero/Hero3DCanvas.tsx,5,tsx,69784aa,Ishaan Kor,2026-07-28,09:12:52,-07:00,2026-07-28T02:12:52-07:00,2,30
components/hero/Hero3DCanvas.tsx,6,tsx,69784aa,Ishaan Kor,2026-07-28,09:12:52,-07:00,2026-07-28T02:12:52-07:00,2,30
components/hero/Hero3DCanvas.tsx,7,tsx,69784aa,Ishaan Kor,2026-07-28,09:12:52,-07:00,2026-07-28T02:12:52-07:00,2,30
components/hero/Hero3DCanvas.tsx,8,tsx,69784aa,Ishaan Kor,2026-07-28,09:12:52,-07:00,2026-07-28T02:12:52-07:00,2,30
components/hero/Hero3DCanvas.tsx,9,tsx,69784aa,Ishaan Kor,2026-07-28,09:12:52,-07:00,2026-07-28T02:12:52-07:00,2,30
components/hero/Hero3DCanvas.tsx,10,tsx,69784aa,Ishaan Kor,2026-07-28,09:12:52,-07:00,2026-07-28T02:12:52-07:00,2,30
components/hero/Hero3DCanvas.tsx,11,tsx,69784aa,Ishaan Kor,2026-07-28,09:12:52,-07:00,2026-07-28T02:12:52-07:00,2,30
components/hero/Hero3DCanvas.tsx,12,tsx,69784aa,Ishaan Kor,2026-07-28,09:12:52,-07:00,2026-07-28T02:12:52-07:00,2,30
components/hero/Hero3DCanvas.tsx,13,tsx,69784aa,Ishaan Kor,2026-07-28,09:12:52,-07:00,2026-07-28T02:12:52-07:00,2,30
components/hero/Hero3DCanvas.tsx,14,tsx,69784aa,Ishaan Kor,2026-07-28,09:12:52,-07:00,2026-07-28T02:12:52-07:00,2,30
components/hero/Hero3DCanvas.tsx,15,tsx,69784aa,Ishaan Kor,2026-07-28,09:12:52,-07:00,2026-07-28T02:12:52-07:00,2,30
components/hero/Hero3DCanvas.tsx,16,tsx,69784aa,Ishaan Kor,2026-07-28,09:12:52,-07:00,2026-07-28T02:12:52-07:00,2,30
components/hero/Hero3DCanvas.tsx,17,tsx,69784aa,Ishaan Kor,2026-07-28,09:12:52,-07:00,2026-07-28T02:12:52-07:00,2,30
components/hero/Hero3DCanvas.tsx,18,tsx,69784aa,Ishaan Kor,2026-07-28,09:12:52,-07:00,2026-07-28T02:12:52-07:00,2,30
components/hero/Hero3DCanvas.tsx,19,tsx,69784aa,Ishaan Kor,2026-07-28,09:12:52,-07:00,2026-07-28T02:12:52-07:00,2,30
components/hero/Hero3DCanvas.tsx,20,tsx,69784aa,Ishaan Kor,2026-07-28,09:12:52,-07:00,2026-07-28T02:12:52-07:00,2,30
components/hero/Hero3DCanvas.tsx,21,tsx,69784aa,Ishaan Kor,2026-07-28,09:12:52,-07:00,2026-07-28T02:12:52-07:00,2,30
components/hero/Hero3DCanvas.tsx,22,tsx,69784aa,Ishaan Kor,2026-07-28,09:12:52,-07:00,2026-07-28T02:12:52-07:00,2,30
components/hero/Hero3DCanvas.tsx,23,tsx,69784aa,Ishaan Kor,2026-07-28,09:12:52,-07:00,2026-07-28T02:12:52-07:00,2,30
components/hero/Hero3DCanvas.tsx,24,tsx,69784aa,Ishaan Kor,2026-07-28,09:12:52,-07:00,2026-07-28T02:12:52-07:00,2,30
components/hero/Hero3DCanvas.tsx,25,tsx,69784aa,Ishaan Kor,2026-07-28,09:12:52,-07:00,2026-07-28T02:12:52-07:00,2,30
components/hero/Hero3DCanvas.tsx,26,tsx,69784aa,Ishaan Kor,2026-07-28,09:12:52,-07:00,2026-07-28T02:12:52-07:00,2,30
components/hero/Hero3DCanvas.tsx,27,tsx,69784aa,Ishaan Kor,2026-07-28,09:12:52,-07:00,2026-07-28T02:12:52-07:00,2,30
components/hero/Hero3DCanvas.tsx,28,tsx,69784aa,Ishaan Kor,2026-07-28,09:12:52,-07:00,2026-07-28T02:12:52-07:00,2,30
components/hero/Hero3DCanvas.tsx,29,tsx,69784aa,Ishaan Kor,2026-07-28,09:12:52,-07:00,2026-07-28T02:12:52-07:00,2,30
components/hero/Hero3DCanvas.tsx,30,tsx,69784aa,Ishaan Kor,2026-07-28,09:12:52,-07:00,2026-07-28T02:12:52-07:00,2,30
components/hero/Hero3DCanvas.tsx,31,tsx,69784aa,Ishaan Kor,2026-07-28,09:12:52,-07:00,2026-07-28T02:12:52-07:00,2,30
components/hero/Hero3DCanvas.tsx,32,tsx,69784aa,Ishaan Kor,2026-07-28,09:12:52,-07:00,2026-07-28T02:12:52-07:00,2,30
components/hero/Hero3DCanvas.tsx,33,tsx,69784aa,Ishaan Kor,2026-07-28,09:12:52,-07:00,2026-07-28T02:12:52-07:00,2,30
components/hero/Hero3DCanvas.tsx,34,tsx,69784aa,Ishaan Kor,2026-07-28,09:12:52,-07:00,2026-07-28T02:12:52-07:00,2,30
components/hero/Hero3DCanvas.tsx,35,tsx,69784aa,Ishaan Kor,2026-07-28,09:12:52,-07:00,2026-07-28T02:12:52-07:00,2,30
components/hero/Hero3DCanvas.tsx,36,tsx,69784aa,Ishaan Kor,2026-07-28,09:12:52,-07:00,2026-07-28T02:12:52-07:00,2,30
components/hero/Hero3DCanvas.tsx,37,tsx,69784aa,Ishaan Kor,2026-07-28,09:12:52,-07:00,2026-07-28T02:12:52-07:00,2,30
components/hero/Hero3DCanvas.tsx,38,tsx,69784aa,Ishaan Kor,2026-07-28,09:12:52,-07:00,2026-07-28T02:12:52-07:00,2,30
components/hero/Hero3DCanvas.tsx,39,tsx,69784aa,Ishaan Kor,2026-07-28,09:12:52,-07:00,2026-07-28T02:12:52-07:00,2,30
components/hero/Hero3DCanvas.tsx,40,tsx,69784aa,Ishaan Kor,2026-07-28,09:12:52,-07:00,2026-07-28T02:12:52-07:00,2,30
components/hero/Hero3DCanvas.tsx,41,tsx,69784aa,Ishaan Kor,2026-07-28,09:12:52,-07:00,2026-07-28T02:12:52-07:00,2,30
components/hero/Hero3DCanvas.tsx,42,tsx,69784aa,Ishaan Kor,2026-07-28,09:12:52,-07:00,2026-07-28T02:12:52-07:00,2,30
components/hero/Hero3DCanvas.tsx,43,tsx,69784aa,Ishaan Kor,2026-07-28,09:12:52,-07:00,2026-07-28T02:12:52-07:00,2,30
components/hero/Hero3DCanvas.tsx,44,tsx,69784aa,Ishaan Kor,2026-07-28,09:12:52,-07:00,2026-07-28T02:12:52-07:00,2,30
components/hero/Hero3DCanvas.tsx,45,tsx,69784aa,Ishaan Kor,2026-07-28,09:12:52,-07:00,2026-07-28T02:12:52-07:00,2,30
components/hero/Hero3DCanvas.tsx,46,tsx,69784aa,Ishaan Kor,2026-07-28,09:12:52,-07:00,2026-07-28T02:12:52-07:00,2,30
components/hero/Hero3DCanvas.tsx,47,tsx,69784aa,Ishaan Kor,2026-07-28,09:12:52,-07:00,2026-07-28T02:12:52-07:00,2,30
components/hero/Hero3DCanvas.tsx,48,tsx,69784aa,Ishaan Kor,2026-07-28,09:12:52,-07:00,2026-07-28T02:12:52-07:00,2,30
components/hero/Hero3DCanvas.tsx,49,tsx,69784aa,Ishaan Kor,2026-07-28,09:12:52,-07:00,2026-07-28T02:12:52-07:00,2,30
components/hero/Hero3DCanvas.tsx,50,tsx,69784aa,Ishaan Kor,2026-07-28,09:12:52,-07:00,2026-07-28T02:12:52-07:00,2,30
components/hero/HeroSection.tsx,1,tsx,69784aa,Ishaan Kor,2026-07-28,09:12:52,-07:00,2026-07-28T02:12:52-07:00,2,30
components/hero/HeroSection.tsx,2,tsx,69784aa,Ishaan Kor,2026-07-28,09:12:52,-07:00,2026-07-28T02:12:52-07:00,2,30
components/hero/HeroSection.tsx,3,tsx,69784aa,Ishaan Kor,2026-07-28,09:12:52,-07:00,2026-07-28T02:12:52-07:00,2,30
components/hero/HeroSection.tsx,4,tsx,69784aa,Ishaan Kor,2026-07-28,09:12:52,-07:00,2026-07-28T02:12:52-07:00,2,30
components/hero/HeroSection.tsx,5,tsx,69784aa,Ishaan Kor,2026-07-28,09:12:52,-07:00,2026-07-28T02:12:52-07:00,2,30
components/hero/HeroSection.tsx,6,tsx,69784aa,Ishaan Kor,2026-07-28,09:12:52,-07:00,2026-07-28T02:12:52-07:00,2,30
components/hero/HeroSection.tsx,7,tsx,69784aa,Ishaan Kor,2026-07-28,09:12:52,-07:00,2026-07-28T02:12:52-07:00,2,30
components/hero/HeroSection.tsx,8,tsx,69784aa,Ishaan Kor,2026-07-28,09:12:52,-07:00,2026-07-28T02:12:52-07:00,2,30
components/hero/HeroSection.tsx,9,tsx,69784aa,Ishaan Kor,2026-07-28,09:12:52,-07:00,2026-07-28T02:12:52-07:00,2,30
components/hero/HeroSection.tsx,10,tsx,69784aa,Ishaan Kor,2026-07-28,09:12:52,-07:00,2026-07-28T02:12:52-07:00,2,30
components/hero/HeroSection.tsx,11,tsx,69784aa,Ishaan Kor,2026-07-28,09:12:52,-07:00,2026-07-28T02:12:52-07:00,2,30
components/hero/HeroSection.tsx,12,tsx,69784aa,Ishaan Kor,2026-07-28,09:12:52,-07:00,2026-07-28T02:12:52-07:00,2,30
components/hero/HeroSection.tsx,13,tsx,69784aa,Ishaan Kor,2026-07-28,09:12:52,-07:00,2026-07-28T02:12:52-07:00,2,30
components/hero/HeroSection.tsx,14,tsx,69784aa,Ishaan Kor,2026-07-28,09:12:52,-07:00,2026-07-28T02:12:52-07:00,2,30
components/hero/HeroSection.tsx,15,tsx,69784aa,Ishaan Kor,2026-07-28,09:12:52,-07:00,2026-07-28T02:12:52-07:00,2,30
components/hero/HeroSection.tsx,16,tsx,69784aa,Ishaan Kor,2026-07-28,09:12:52,-07:00,2026-07-28T02:12:52-07:00,2,30
components/hero/HeroSection.tsx,17,tsx,69784aa,Ishaan Kor,2026-07-28,09:12:52,-07:00,2026-07-28T02:12:52-07:00,2,30
components/hero/HeroSection.tsx,18,tsx,69784aa,Ishaan Kor,2026-07-28,09:12:52,-07:00,2026-07-28T02:12:52-07:00,2,30
components/hero/HeroSection.tsx,19,tsx,69784aa,Ishaan Kor,2026-07-28,09:12:52,-07:00,2026-07-28T02:12:52-07:00,2,30
components/hero/HeroSection.tsx,20,tsx,69784aa,Ishaan Kor,2026-07-28,09:12:52,-07:00,2026-07-28T02:12:52-07:00,2,30
components/hero/HeroSection.tsx,21,tsx,69784aa,Ishaan Kor,2026-07-28,09:12:52,-07:00,2026-07-28T02:12:52-07:00,2,30
components/hero/HeroSection.tsx,22,tsx,69784aa,Ishaan Kor,2026-07-28,09:12:52,-07:00,2026-07-28T02:12:52-07:00,2,30
components/hero/HeroSection.tsx,23,tsx,69784aa,Ishaan Kor,2026-07-28,09:12:52,-07:00,2026-07-28T02:12:52-07:00,2,30
components/hero/HeroSection.tsx,24,tsx,69784aa,Ishaan Kor,2026-07-28,09:12:52,-07:00,2026-07-28T02:12:52-07:00,2,30
components/hero/HeroSection.tsx,25,tsx,69784aa,Ishaan Kor,2026-07-28,09:12:52,-07:00,2026-07-28T02:12:52-07:00,2,30
components/hero/HeroSection.tsx,26,tsx,69784aa,Ishaan Kor,2026-07-28,09:12:52,-07:00,2026-07-28T02:12:52-07:00,2,30
components/hero/HeroSection.tsx,27,tsx,69784aa,Ishaan Kor,2026-07-28,09:12:52,-07:00,2026-07-28T02:12:52-07:00,2,30
components/hero/HeroSection.tsx,28,tsx,69784aa,Ishaan Kor,2026-07-28,09:12:52,-07:00,2026-07-28T02:12:52-07:00,2,30
components/hero/HeroSection.tsx,29,tsx,69784aa,Ishaan Kor,2026-07-28,09:12:52,-07:00,2026-07-28T02:12:52-07:00,2,30
components/hero/HeroSection.tsx,30,tsx,69784aa,Ishaan Kor,2026-07-28,09:12:52,-07:00,2026-07-28T02:12:52-07:00,2,30
components/hero/HeroSection.tsx,31,tsx,69784aa,Ishaan Kor,2026-07-28,09:12:52,-07:00,2026-07-28T02:12:52-07:00,2,30
components/hero/HeroSection.tsx,32,tsx,69784aa,Ishaan Kor,2026-07-28,09:12:52,-07:00,2026-07-28T02:12:52-07:00,2,30
components/hero/HeroSection.tsx,33,tsx,69784aa,Ishaan Kor,2026-07-28,09:12:52,-07:00,2026-07-28T02:12:52-07:00,2,30
components/hero/HeroSection.tsx,34,tsx,69784aa,Ishaan Kor,2026-07-28,09:12:52,-07:00,2026-07-28T02:12:52-07:00,2,30
components/hero/HeroSection.tsx,35,tsx,69784aa,Ishaan Kor,2026-07-28,09:12:52,-07:00,2026-07-28T02:12:52-07:00,2,30
components/hero/HeroSection.tsx,36,tsx,69784aa,Ishaan Kor,2026-07-28,09:12:52,-07:00,2026-07-28T02:12:52-07:00,2,30
components/hero/HeroSection.tsx,37,tsx,69784aa,Ishaan Kor,2026-07-28,09:12:52,-07:00,2026-07-28T02:12:52-07:00,2,30
components/hero/HeroSection.tsx,38,tsx,69784aa,Ishaan Kor,2026-07-28,09:12:52,-07:00,2026-07-28T02:12:52-07:00,2,30
components/hero/HeroSection.tsx,39,tsx,69784aa,Ishaan Kor,2026-07-28,09:12:52,-07:00,2026-07-28T02:12:52-07:00,2,30
components/hero/HeroSection.tsx,40,tsx,69784aa,Ishaan Kor,2026-07-28,09:12:52,-07:00,2026-07-28T02:12:52-07:00,2,30
components/hero/HeroSection.tsx,41,tsx,69784aa,Ishaan Kor,2026-07-28,09:12:52,-07:00,2026-07-28T02:12:52-07:00,2,30
components/hero/HeroSection.tsx,42,tsx,69784aa,Ishaan Kor,2026-07-28,09:12:52,-07:00,2026-07-28T02:12:52-07:00,2,30
components/hero/HeroSection.tsx,43,tsx,69784aa,Ishaan Kor,2026-07-28,09:12:52,-07:00,2026-07-28T02:12:52-07:00,2,30
components/hero/HeroSection.tsx,44,tsx,69784aa,Ishaan Kor,2026-07-28,09:12:52,-07:00,2026-07-28T02:12:52-07:00,2,30
components/hero/HeroSection.tsx,45,tsx,69784aa,Ishaan Kor,2026-07-28,09:12:52,-07:00,2026-07-28T02:12:52-07:00,2,30
components/hero/HeroSection.tsx,46,tsx,69784aa,Ishaan Kor,2026-07-28,09:12:52,-07:00,2026-07-28T02:12:52-07:00,2,30
components/hero/HeroSection.tsx,47,tsx,69784aa,Ishaan Kor,2026-07-28,09:12:52,-07:00,2026-07-28T02:12:52-07:00,2,30
components/hero/HeroSection.tsx,48,tsx,69784aa,Ishaan Kor,2026-07-28,09:12:52,-07:00,2026-07-28T02:12:52-07:00,2,30
components/hero/HeroSection.tsx,49,tsx,69784aa,Ishaan Kor,2026-07-28,09:12:52,-07:00,2026-07-28T02:12:52-07:00,2,30
components/hero/HeroSection.tsx,50,tsx,69784aa,Ishaan Kor,2026-07-28,09:12:52,-07:00,2026-07-28T02:12:52-07:00,2,30
components/layout/Footer.tsx,1,tsx,69784aa,Ishaan Kor,2026-07-28,09:12:52,-07:00,2026-07-28T02:12:52-07:00,2,30
components/layout/Footer.tsx,2,tsx,69784aa,Ishaan Kor,2026-07-28,09:12:52,-07:00,2026-07-28T02:12:52-07:00,2,30
components/layout/Footer.tsx,3,tsx,69784aa,Ishaan Kor,2026-07-28,09:12:52,-07:00,2026-07-28T02:12:52-07:00,2,30
components/layout/Footer.tsx,4,tsx,69784aa,Ishaan Kor,2026-07-28,09:12:52,-07:00,2026-07-28T02:12:52-07:00,2,30
components/layout/Footer.tsx,5,tsx,69784aa,Ishaan Kor,2026-07-28,09:12:52,-07:00,2026-07-28T02:12:52-07:00,2,30
components/layout/Footer.tsx,6,tsx,69784aa,Ishaan Kor,2026-07-28,09:12:52,-07:00,2026-07-28T02:12:52-07:00,2,30
components/layout/Footer.tsx,7,tsx,69784aa,Ishaan Kor,2026-07-28,09:12:52,-07:00,2026-07-28T02:12:52-07:00,2,30
components/layout/Footer.tsx,8,tsx,69784aa,Ishaan Kor,2026-07-28,09:12:52,-07:00,2026-07-28T02:12:52-07:00,2,30
components/layout/Footer.tsx,9,tsx,69784aa,Ishaan Kor,2026-07-28,09:12:52,-07:00,2026-07-28T02:12:52-07:00,2,30
components/layout/Footer.tsx,10,tsx,69784aa,Ishaan Kor,2026-07-28,09:12:52,-07:00,2026-07-28T02:12:52-07:00,2,30
components/layout/Footer.tsx,11,tsx,69784aa,Ishaan Kor,2026-07-28,09:12:52,-07:00,2026-07-28T02:12:52-07:00,2,30
components/layout/Footer.tsx,12,tsx,69784aa,Ishaan Kor,2026-07-28,09:12:52,-07:00,2026-07-28T02:12:52-07:00,2,30
components/layout/Footer.tsx,13,tsx,69784aa,Ishaan Kor,2026-07-28,09:12:52,-07:00,2026-07-28T02:12:52-07:00,2,30
components/layout/Footer.tsx,14,tsx,69784aa,Ishaan Kor,2026-07-28,09:12:52,-07:00,2026-07-28T02:12:52-07:00,2,30
components/layout/Footer.tsx,15,tsx,69784aa,Ishaan Kor,2026-07-28,09:12:52,-07:00,2026-07-28T02:12:52-07:00,2,30
components/layout/Footer.tsx,16,tsx,69784aa,Ishaan Kor,2026-07-28,09:12:52,-07:00,2026-07-28T02:12:52-07:00,2,30
components/layout/Footer.tsx,17,tsx,69784aa,Ishaan Kor,2026-07-28,09:12:52,-07:00,2026-07-28T02:12:52-07:00,2,30
components/layout/Footer.tsx,18,tsx,69784aa,Ishaan Kor,2026-07-28,09:12:52,-07:00,2026-07-28T02:12:52-07:00,2,30
components/layout/Footer.tsx,19,tsx,69784aa,Ishaan Kor,2026-07-28,09:12:52,-07:00,2026-07-28T02:12:52-07:00,2,30
components/layout/Footer.tsx,20,tsx,69784aa,Ishaan Kor,2026-07-28,09:12:52,-07:00,2026-07-28T02:12:52-07:00,2,30
components/layout/Footer.tsx,21,tsx,69784aa,Ishaan Kor,2026-07-28,09:12:52,-07:00,2026-07-28T02:12:52-07:00,2,30
components/layout/Footer.tsx,22,tsx,69784aa,Ishaan Kor,2026-07-28,09:12:52,-07:00,2026-07-28T02:12:52-07:00,2,30
components/layout/Footer.tsx,23,tsx,69784aa,Ishaan Kor,2026-07-28,09:12:52,-07:00,2026-07-28T02:12:52-07:00,2,30
components/layout/Footer.tsx,24,tsx,69784aa,Ishaan Kor,2026-07-28,09:12:52,-07:00,2026-07-28T02:12:52-07:00,2,30
components/layout/Footer.tsx,25,tsx,69784aa,Ishaan Kor,2026-07-28,09:12:52,-07:00,2026-07-28T02:12:52-07:00,2,30
components/layout/Footer.tsx,26,tsx,69784aa,Ishaan Kor,2026-07-28,09:12:52,-07:00,2026-07-28T02:12:52-07:00,2,30
components/layout/Footer.tsx,27,tsx,69784aa,Ishaan Kor,2026-07-28,09:12:52,-07:00,2026-07-28T02:12:52-07:00,2,30
components/layout/Footer.tsx,28,tsx,69784aa,Ishaan Kor,2026-07-28,09:12:52,-07:00,2026-07-28T02:12:52-07:00,2,30
components/layout/Footer.tsx,29,tsx,69784aa,Ishaan Kor,2026-07-28,09:12:52,-07:00,2026-07-28T02:12:52-07:00,2,30
components/layout/Footer.tsx,30,tsx,69784aa,Ishaan Kor,2026-07-28,09:12:52,-07:00,2026-07-28T02:12:52-07:00,2,30
components/layout/Footer.tsx,31,tsx,69784aa,Ishaan Kor,2026-07-28,09:12:52,-07:00,2026-07-28T02:12:52-07:00,2,30
components/layout/Footer.tsx,32,tsx,69784aa,Ishaan Kor,2026-07-28,09:12:52,-07:00,2026-07-28T02:12:52-07:00,2,30
components/layout/Footer.tsx,33,tsx,69784aa,Ishaan Kor,2026-07-28,09:12:52,-07:00,2026-07-28T02:12:52-07:00,2,30
components/layout/Footer.tsx,34,tsx,69784aa,Ishaan Kor,2026-07-28,09:12:52,-07:00,2026-07-28T02:12:52-07:00,2,30
components/layout/Footer.tsx,35,tsx,69784aa,Ishaan Kor,2026-07-28,09:12:52,-07:00,2026-07-28T02:12:52-07:00,2,30
components/layout/Footer.tsx,36,tsx,69784aa,Ishaan Kor,2026-07-28,09:12:52,-07:00,2026-07-28T02:12:52-07:00,2,30
components/layout/Footer.tsx,37,tsx,69784aa,Ishaan Kor,2026-07-28,09:12:52,-07:00,2026-07-28T02:12:52-07:00,2,30
components/layout/Footer.tsx,38,tsx,69784aa,Ishaan Kor,2026-07-28,09:12:52,-07:00,2026-07-28T02:12:52-07:00,2,30
components/layout/Footer.tsx,39,tsx,69784aa,Ishaan Kor,2026-07-28,09:12:52,-07:00,2026-07-28T02:12:52-07:00,2,30
components/layout/Footer.tsx,40,tsx,69784aa,Ishaan Kor,2026-07-28,09:12:52,-07:00,2026-07-28T02:12:52-07:00,2,30
components/layout/Footer.tsx,41,tsx,69784aa,Ishaan Kor,2026-07-28,09:12:52,-07:00,2026-07-28T02:12:52-07:00,2,30
components/layout/Footer.tsx,42,tsx,69784aa,Ishaan Kor,2026-07-28,09:12:52,-07:00,2026-07-28T02:12:52-07:00,2,30
components/layout/Footer.tsx,43,tsx,69784aa,Ishaan Kor,2026-07-28,09:12:52,-07:00,2026-07-28T02:12:52-07:00,2,30
components/layout/Footer.tsx,44,tsx,69784aa,Ishaan Kor,2026-07-28,09:12:52,-07:00,2026-07-28T02:12:52-07:00,2,30
components/layout/Footer.tsx,45,tsx,69784aa,Ishaan Kor,2026-07-28,09:12:52,-07:00,2026-07-28T02:12:52-07:00,2,30
components/layout/Footer.tsx,46,tsx,69784aa,Ishaan Kor,2026-07-28,09:12:52,-07:00,2026-07-28T02:12:52-07:00,2,30
components/layout/Footer.tsx,47,tsx,69784aa,Ishaan Kor,2026-07-28,09:12:52,-07:00,2026-07-28T02:12:52-07:00,2,30
components/layout/Footer.tsx,48,tsx,69784aa,Ishaan Kor,2026-07-28,09:12:52,-07:00,2026-07-28T02:12:52-07:00,2,30
components/layout/Footer.tsx,49,tsx,69784aa,Ishaan Kor,2026-07-28,09:12:52,-07:00,2026-07-28T02:12:52-07:00,2,30
components/layout/Footer.tsx,50,tsx,69784aa,Ishaan Kor,2026-07-28,09:12:52,-07:00,2026-07-28T02:12:52-07:00,2,30
components/layout/Navbar.tsx,1,tsx,69784aa,Ishaan Kor,2026-07-28,09:12:52,-07:00,2026-07-28T02:12:52-07:00,2,30
components/layout/Navbar.tsx,2,tsx,69784aa,Ishaan Kor,2026-07-28,09:12:52,-07:00,2026-07-28T02:12:52-07:00,2,30
components/layout/Navbar.tsx,3,tsx,69784aa,Ishaan Kor,2026-07-28,09:12:52,-07:00,2026-07-28T02:12:52-07:00,2,30
components/layout/Navbar.tsx,4,tsx,69784aa,Ishaan Kor,2026-07-28,09:12:52,-07:00,2026-07-28T02:12:52-07:00,2,30
components/layout/Navbar.tsx,5,tsx,69784aa,Ishaan Kor,2026-07-28,09:12:52,-07:00,2026-07-28T02:12:52-07:00,2,30
components/layout/Navbar.tsx,6,tsx,69784aa,Ishaan Kor,2026-07-28,09:12:52,-07:00,2026-07-28T02:12:52-07:00,2,30
components/layout/Navbar.tsx,7,tsx,69784aa,Ishaan Kor,2026-07-28,09:12:52,-07:00,2026-07-28T02:12:52-07:00,2,30
components/layout/Navbar.tsx,8,tsx,69784aa,Ishaan Kor,2026-07-28,09:12:52,-07:00,2026-07-28T02:12:52-07:00,2,30
components/layout/Navbar.tsx,9,tsx,69784aa,Ishaan Kor,2026-07-28,09:12:52,-07:00,2026-07-28T02:12:52-07:00,2,30
components/layout/Navbar.tsx,10,tsx,69784aa,Ishaan Kor,2026-07-28,09:12:52,-07:00,2026-07-28T02:12:52-07:00,2,30
components/layout/Navbar.tsx,11,tsx,69784aa,Ishaan Kor,2026-07-28,09:12:52,-07:00,2026-07-28T02:12:52-07:00,2,30
components/layout/Navbar.tsx,12,tsx,69784aa,Ishaan Kor,2026-07-28,09:12:52,-07:00,2026-07-28T02:12:52-07:00,2,30
components/layout/Navbar.tsx,13,tsx,69784aa,Ishaan Kor,2026-07-28,09:12:52,-07:00,2026-07-28T02:12:52-07:00,2,30
components/layout/Navbar.tsx,14,tsx,69784aa,Ishaan Kor,2026-07-28,09:12:52,-07:00,2026-07-28T02:12:52-07:00,2,30
components/layout/Navbar.tsx,15,tsx,69784aa,Ishaan Kor,2026-07-28,09:12:52,-07:00,2026-07-28T02:12:52-07:00,2,30
components/layout/Navbar.tsx,16,tsx,69784aa,Ishaan Kor,2026-07-28,09:12:52,-07:00,2026-07-28T02:12:52-07:00,2,30
components/layout/Navbar.tsx,17,tsx,69784aa,Ishaan Kor,2026-07-28,09:12:52,-07:00,2026-07-28T02:12:52-07:00,2,30
components/layout/Navbar.tsx,18,tsx,69784aa,Ishaan Kor,2026-07-28,09:12:52,-07:00,2026-07-28T02:12:52-07:00,2,30
components/layout/Navbar.tsx,19,tsx,69784aa,Ishaan Kor,2026-07-28,09:12:52,-07:00,2026-07-28T02:12:52-07:00,2,30
components/layout/Navbar.tsx,20,tsx,69784aa,Ishaan Kor,2026-07-28,09:12:52,-07:00,2026-07-28T02:12:52-07:00,2,30
components/layout/Navbar.tsx,21,tsx,69784aa,Ishaan Kor,2026-07-28,09:12:52,-07:00,2026-07-28T02:12:52-07:00,2,30
components/layout/Navbar.tsx,22,tsx,69784aa,Ishaan Kor,2026-07-28,09:12:52,-07:00,2026-07-28T02:12:52-07:00,2,30
components/layout/Navbar.tsx,23,tsx,69784aa,Ishaan Kor,2026-07-28,09:12:52,-07:00,2026-07-28T02:12:52-07:00,2,30
components/layout/Navbar.tsx,24,tsx,69784aa,Ishaan Kor,2026-07-28,09:12:52,-07:00,2026-07-28T02:12:52-07:00,2,30
components/layout/Navbar.tsx,25,tsx,69784aa,Ishaan Kor,2026-07-28,09:12:52,-07:00,2026-07-28T02:12:52-07:00,2,30
components/layout/Navbar.tsx,26,tsx,69784aa,Ishaan Kor,2026-07-28,09:12:52,-07:00,2026-07-28T02:12:52-07:00,2,30
components/layout/Navbar.tsx,27,tsx,69784aa,Ishaan Kor,2026-07-28,09:12:52,-07:00,2026-07-28T02:12:52-07:00,2,30
components/layout/Navbar.tsx,28,tsx,69784aa,Ishaan Kor,2026-07-28,09:12:52,-07:00,2026-07-28T02:12:52-07:00,2,30
components/layout/Navbar.tsx,29,tsx,69784aa,Ishaan Kor,2026-07-28,09:12:52,-07:00,2026-07-28T02:12:52-07:00,2,30
components/layout/Navbar.tsx,30,tsx,69784aa,Ishaan Kor,2026-07-28,09:12:52,-07:00,2026-07-28T02:12:52-07:00,2,30
components/layout/Navbar.tsx,31,tsx,69784aa,Ishaan Kor,2026-07-28,09:12:52,-07:00,2026-07-28T02:12:52-07:00,2,30
components/layout/Navbar.tsx,32,tsx,69784aa,Ishaan Kor,2026-07-28,09:12:52,-07:00,2026-07-28T02:12:52-07:00,2,30
components/layout/Navbar.tsx,33,tsx,69784aa,Ishaan Kor,2026-07-28,09:12:52,-07:00,2026-07-28T02:12:52-07:00,2,30
components/layout/Navbar.tsx,34,tsx,69784aa,Ishaan Kor,2026-07-28,09:12:52,-07:00,2026-07-28T02:12:52-07:00,2,30
components/layout/Navbar.tsx,35,tsx,69784aa,Ishaan Kor,2026-07-28,09:12:52,-07:00,2026-07-28T02:12:52-07:00,2,30
components/layout/Navbar.tsx,36,tsx,69784aa,Ishaan Kor,2026-07-28,09:12:52,-07:00,2026-07-28T02:12:52-07:00,2,30
components/layout/Navbar.tsx,37,tsx,69784aa,Ishaan Kor,2026-07-28,09:12:52,-07:00,2026-07-28T02:12:52-07:00,2,30
components/layout/Navbar.tsx,38,tsx,69784aa,Ishaan Kor,2026-07-28,09:12:52,-07:00,2026-07-28T02:12:52-07:00,2,30
components/layout/Navbar.tsx,39,tsx,69784aa,Ishaan Kor,2026-07-28,09:12:52,-07:00,2026-07-28T02:12:52-07:00,2,30
components/layout/Navbar.tsx,40,tsx,69784aa,Ishaan Kor,2026-07-28,09:12:52,-07:00,2026-07-28T02:12:52-07:00,2,30
components/layout/Navbar.tsx,41,tsx,69784aa,Ishaan Kor,2026-07-28,09:12:52,-07:00,2026-07-28T02:12:52-07:00,2,30
components/layout/Navbar.tsx,42,tsx,69784aa,Ishaan Kor,2026-07-28,09:12:52,-07:00,2026-07-28T02:12:52-07:00,2,30
components/layout/Navbar.tsx,43,tsx,69784aa,Ishaan Kor,2026-07-28,09:12:52,-07:00,2026-07-28T02:12:52-07:00,2,30
components/layout/Navbar.tsx,44,tsx,69784aa,Ishaan Kor,2026-07-28,09:12:52,-07:00,2026-07-28T02:12:52-07:00,2,30
components/layout/Navbar.tsx,45,tsx,69784aa,Ishaan Kor,2026-07-28,09:12:52,-07:00,2026-07-28T02:12:52-07:00,2,30
components/layout/Navbar.tsx,46,tsx,69784aa,Ishaan Kor,2026-07-28,09:12:52,-07:00,2026-07-28T02:12:52-07:00,2,30
components/layout/Navbar.tsx,47,tsx,69784aa,Ishaan Kor,2026-07-28,09:12:52,-07:00,2026-07-28T02:12:52-07:00,2,30
components/layout/Navbar.tsx,48,tsx,69784aa,Ishaan Kor,2026-07-28,09:12:52,-07:00,2026-07-28T02:12:52-07:00,2,30
components/layout/Navbar.tsx,49,tsx,69784aa,Ishaan Kor,2026-07-28,09:12:52,-07:00,2026-07-28T02:12:52-07:00,2,30
components/layout/Navbar.tsx,50,tsx,69784aa,Ishaan Kor,2026-07-28,09:12:52,-07:00,2026-07-28T02:12:52-07:00,2,30
components/projects/ProjectsShowcase.tsx,1,tsx,69784aa,Ishaan Kor,2026-07-28,09:12:52,-07:00,2026-07-28T02:12:52-07:00,2,30
components/projects/ProjectsShowcase.tsx,2,tsx,69784aa,Ishaan Kor,2026-07-28,09:12:52,-07:00,2026-07-28T02:12:52-07:00,2,30
components/projects/ProjectsShowcase.tsx,3,tsx,69784aa,Ishaan Kor,2026-07-28,09:12:52,-07:00,2026-07-28T02:12:52-07:00,2,30
components/projects/ProjectsShowcase.tsx,4,tsx,69784aa,Ishaan Kor,2026-07-28,09:12:52,-07:00,2026-07-28T02:12:52-07:00,2,30
components/projects/ProjectsShowcase.tsx,5,tsx,69784aa,Ishaan Kor,2026-07-28,09:12:52,-07:00,2026-07-28T02:12:52-07:00,2,30
components/projects/ProjectsShowcase.tsx,6,tsx,69784aa,Ishaan Kor,2026-07-28,09:12:52,-07:00,2026-07-28T02:12:52-07:00,2,30
components/projects/ProjectsShowcase.tsx,7,tsx,69784aa,Ishaan Kor,2026-07-28,09:12:52,-07:00,2026-07-28T02:12:52-07:00,2,30
components/projects/ProjectsShowcase.tsx,8,tsx,69784aa,Ishaan Kor,2026-07-28,09:12:52,-07:00,2026-07-28T02:12:52-07:00,2,30
components/projects/ProjectsShowcase.tsx,9,tsx,69784aa,Ishaan Kor,2026-07-28,09:12:52,-07:00,2026-07-28T02:12:52-07:00,2,30
components/projects/ProjectsShowcase.tsx,10,tsx,69784aa,Ishaan Kor,2026-07-28,09:12:52,-07:00,2026-07-28T02:12:52-07:00,2,30
components/projects/ProjectsShowcase.tsx,11,tsx,69784aa,Ishaan Kor,2026-07-28,09:12:52,-07:00,2026-07-28T02:12:52-07:00,2,30
components/projects/ProjectsShowcase.tsx,12,tsx,69784aa,Ishaan Kor,2026-07-28,09:12:52,-07:00,2026-07-28T02:12:52-07:00,2,30
components/projects/ProjectsShowcase.tsx,13,tsx,69784aa,Ishaan Kor,2026-07-28,09:12:52,-07:00,2026-07-28T02:12:52-07:00,2,30
components/projects/ProjectsShowcase.tsx,14,tsx,69784aa,Ishaan Kor,2026-07-28,09:12:52,-07:00,2026-07-28T02:12:52-07:00,2,30
components/projects/ProjectsShowcase.tsx,15,tsx,69784aa,Ishaan Kor,2026-07-28,09:12:52,-07:00,2026-07-28T02:12:52-07:00,2,30
components/projects/ProjectsShowcase.tsx,16,tsx,69784aa,Ishaan Kor,2026-07-28,09:12:52,-07:00,2026-07-28T02:12:52-07:00,2,30
components/projects/ProjectsShowcase.tsx,17,tsx,69784aa,Ishaan Kor,2026-07-28,09:12:52,-07:00,2026-07-28T02:12:52-07:00,2,30
components/projects/ProjectsShowcase.tsx,18,tsx,69784aa,Ishaan Kor,2026-07-28,09:12:52,-07:00,2026-07-28T02:12:52-07:00,2,30
components/projects/ProjectsShowcase.tsx,19,tsx,69784aa,Ishaan Kor,2026-07-28,09:12:52,-07:00,2026-07-28T02:12:52-07:00,2,30
components/projects/ProjectsShowcase.tsx,20,tsx,69784aa,Ishaan Kor,2026-07-28,09:12:52,-07:00,2026-07-28T02:12:52-07:00,2,30
components/projects/ProjectsShowcase.tsx,21,tsx,69784aa,Ishaan Kor,2026-07-28,09:12:52,-07:00,2026-07-28T02:12:52-07:00,2,30
components/projects/ProjectsShowcase.tsx,22,tsx,69784aa,Ishaan Kor,2026-07-28,09:12:52,-07:00,2026-07-28T02:12:52-07:00,2,30
components/projects/ProjectsShowcase.tsx,23,tsx,69784aa,Ishaan Kor,2026-07-28,09:12:52,-07:00,2026-07-28T02:12:52-07:00,2,30
components/projects/ProjectsShowcase.tsx,24,tsx,69784aa,Ishaan Kor,2026-07-28,09:12:52,-07:00,2026-07-28T02:12:52-07:00,2,30
components/projects/ProjectsShowcase.tsx,25,tsx,69784aa,Ishaan Kor,2026-07-28,09:12:52,-07:00,2026-07-28T02:12:52-07:00,2,30
components/projects/ProjectsShowcase.tsx,26,tsx,69784aa,Ishaan Kor,2026-07-28,09:12:52,-07:00,2026-07-28T02:12:52-07:00,2,30
components/projects/ProjectsShowcase.tsx,27,tsx,69784aa,Ishaan Kor,2026-07-28,09:12:52,-07:00,2026-07-28T02:12:52-07:00,2,30
components/projects/ProjectsShowcase.tsx,28,tsx,69784aa,Ishaan Kor,2026-07-28,09:12:52,-07:00,2026-07-28T02:12:52-07:00,2,30
components/projects/ProjectsShowcase.tsx,29,tsx,69784aa,Ishaan Kor,2026-07-28,09:12:52,-07:00,2026-07-28T02:12:52-07:00,2,30
components/projects/ProjectsShowcase.tsx,30,tsx,69784aa,Ishaan Kor,2026-07-28,09:12:52,-07:00,2026-07-28T02:12:52-07:00,2,30
components/projects/ProjectsShowcase.tsx,31,tsx,69784aa,Ishaan Kor,2026-07-28,09:12:52,-07:00,2026-07-28T02:12:52-07:00,2,30
components/projects/ProjectsShowcase.tsx,32,tsx,69784aa,Ishaan Kor,2026-07-28,09:12:52,-07:00,2026-07-28T02:12:52-07:00,2,30
components/projects/ProjectsShowcase.tsx,33,tsx,69784aa,Ishaan Kor,2026-07-28,09:12:52,-07:00,2026-07-28T02:12:52-07:00,2,30
components/projects/ProjectsShowcase.tsx,34,tsx,69784aa,Ishaan Kor,2026-07-28,09:12:52,-07:00,2026-07-28T02:12:52-07:00,2,30
components/projects/ProjectsShowcase.tsx,35,tsx,69784aa,Ishaan Kor,2026-07-28,09:12:52,-07:00,2026-07-28T02:12:52-07:00,2,30
components/projects/ProjectsShowcase.tsx,36,tsx,69784aa,Ishaan Kor,2026-07-28,09:12:52,-07:00,2026-07-28T02:12:52-07:00,2,30
components/projects/ProjectsShowcase.tsx,37,tsx,69784aa,Ishaan Kor,2026-07-28,09:12:52,-07:00,2026-07-28T02:12:52-07:00,2,30
components/projects/ProjectsShowcase.tsx,38,tsx,69784aa,Ishaan Kor,2026-07-28,09:12:52,-07:00,2026-07-28T02:12:52-07:00,2,30
components/projects/ProjectsShowcase.tsx,39,tsx,69784aa,Ishaan Kor,2026-07-28,09:12:52,-07:00,2026-07-28T02:12:52-07:00,2,30
components/projects/ProjectsShowcase.tsx,40,tsx,69784aa,Ishaan Kor,2026-07-28,09:12:52,-07:00,2026-07-28T02:12:52-07:00,2,30
components/projects/ProjectsShowcase.tsx,41,tsx,69784aa,Ishaan Kor,2026-07-28,09:12:52,-07:00,2026-07-28T02:12:52-07:00,2,30
components/projects/ProjectsShowcase.tsx,42,tsx,69784aa,Ishaan Kor,2026-07-28,09:12:52,-07:00,2026-07-28T02:12:52-07:00,2,30
components/projects/ProjectsShowcase.tsx,43,tsx,69784aa,Ishaan Kor,2026-07-28,09:12:52,-07:00,2026-07-28T02:12:52-07:00,2,30
components/projects/ProjectsShowcase.tsx,44,tsx,69784aa,Ishaan Kor,2026-07-28,09:12:52,-07:00,2026-07-28T02:12:52-07:00,2,30
components/projects/ProjectsShowcase.tsx,45,tsx,69784aa,Ishaan Kor,2026-07-28,09:12:52,-07:00,2026-07-28T02:12:52-07:00,2,30
components/projects/ProjectsShowcase.tsx,46,tsx,69784aa,Ishaan Kor,2026-07-28,09:12:52,-07:00,2026-07-28T02:12:52-07:00,2,30
components/projects/ProjectsShowcase.tsx,47,tsx,69784aa,Ishaan Kor,2026-07-28,09:12:52,-07:00,2026-07-28T02:12:52-07:00,2,30
components/projects/ProjectsShowcase.tsx,48,tsx,69784aa,Ishaan Kor,2026-07-28,09:12:52,-07:00,2026-07-28T02:12:52-07:00,2,30
components/projects/ProjectsShowcase.tsx,49,tsx,69784aa,Ishaan Kor,2026-07-28,09:12:52,-07:00,2026-07-28T02:12:52-07:00,2,30
components/projects/ProjectsShowcase.tsx,50,tsx,69784aa,Ishaan Kor,2026-07-28,09:12:52,-07:00,2026-07-28T02:12:52-07:00,2,30
components/sections/AboutMeSection.tsx,1,tsx,69784aa,Ishaan Kor,2026-07-28,09:12:52,-07:00,2026-07-28T02:12:52-07:00,2,30
components/sections/AboutMeSection.tsx,2,tsx,69784aa,Ishaan Kor,2026-07-28,09:12:52,-07:00,2026-07-28T02:12:52-07:00,2,30
components/sections/AboutMeSection.tsx,3,tsx,69784aa,Ishaan Kor,2026-07-28,09:12:52,-07:00,2026-07-28T02:12:52-07:00,2,30
components/sections/AboutMeSection.tsx,4,tsx,69784aa,Ishaan Kor,2026-07-28,09:12:52,-07:00,2026-07-28T02:12:52-07:00,2,30
components/sections/AboutMeSection.tsx,5,tsx,69784aa,Ishaan Kor,2026-07-28,09:12:52,-07:00,2026-07-28T02:12:52-07:00,2,30
components/sections/AboutMeSection.tsx,6,tsx,69784aa,Ishaan Kor,2026-07-28,09:12:52,-07:00,2026-07-28T02:12:52-07:00,2,30
components/sections/AboutMeSection.tsx,7,tsx,69784aa,Ishaan Kor,2026-07-28,09:12:52,-07:00,2026-07-28T02:12:52-07:00,2,30
components/sections/AboutMeSection.tsx,8,tsx,69784aa,Ishaan Kor,2026-07-28,09:12:52,-07:00,2026-07-28T02:12:52-07:00,2,30
components/sections/AboutMeSection.tsx,9,tsx,69784aa,Ishaan Kor,2026-07-28,09:12:52,-07:00,2026-07-28T02:12:52-07:00,2,30
components/sections/AboutMeSection.tsx,10,tsx,69784aa,Ishaan Kor,2026-07-28,09:12:52,-07:00,2026-07-28T02:12:52-07:00,2,30
components/sections/AboutMeSection.tsx,11,tsx,69784aa,Ishaan Kor,2026-07-28,09:12:52,-07:00,2026-07-28T02:12:52-07:00,2,30
components/sections/AboutMeSection.tsx,12,tsx,69784aa,Ishaan Kor,2026-07-28,09:12:52,-07:00,2026-07-28T02:12:52-07:00,2,30
components/sections/AboutMeSection.tsx,13,tsx,69784aa,Ishaan Kor,2026-07-28,09:12:52,-07:00,2026-07-28T02:12:52-07:00,2,30
components/sections/AboutMeSection.tsx,14,tsx,69784aa,Ishaan Kor,2026-07-28,09:12:52,-07:00,2026-07-28T02:12:52-07:00,2,30
components/sections/AboutMeSection.tsx,15,tsx,69784aa,Ishaan Kor,2026-07-28,09:12:52,-07:00,2026-07-28T02:12:52-07:00,2,30
components/sections/AboutMeSection.tsx,16,tsx,69784aa,Ishaan Kor,2026-07-28,09:12:52,-07:00,2026-07-28T02:12:52-07:00,2,30
components/sections/AboutMeSection.tsx,17,tsx,69784aa,Ishaan Kor,2026-07-28,09:12:52,-07:00,2026-07-28T02:12:52-07:00,2,30
components/sections/AboutMeSection.tsx,18,tsx,69784aa,Ishaan Kor,2026-07-28,09:12:52,-07:00,2026-07-28T02:12:52-07:00,2,30
components/sections/AboutMeSection.tsx,19,tsx,69784aa,Ishaan Kor,2026-07-28,09:12:52,-07:00,2026-07-28T02:12:52-07:00,2,30
components/sections/AboutMeSection.tsx,20,tsx,69784aa,Ishaan Kor,2026-07-28,09:12:52,-07:00,2026-07-28T02:12:52-07:00,2,30
components/sections/AboutMeSection.tsx,21,tsx,69784aa,Ishaan Kor,2026-07-28,09:12:52,-07:00,2026-07-28T02:12:52-07:00,2,30
components/sections/AboutMeSection.tsx,22,tsx,69784aa,Ishaan Kor,2026-07-28,09:12:52,-07:00,2026-07-28T02:12:52-07:00,2,30
components/sections/AboutMeSection.tsx,23,tsx,69784aa,Ishaan Kor,2026-07-28,09:12:52,-07:00,2026-07-28T02:12:52-07:00,2,30
components/sections/AboutMeSection.tsx,24,tsx,69784aa,Ishaan Kor,2026-07-28,09:12:52,-07:00,2026-07-28T02:12:52-07:00,2,30
components/sections/AboutMeSection.tsx,25,tsx,69784aa,Ishaan Kor,2026-07-28,09:12:52,-07:00,2026-07-28T02:12:52-07:00,2,30
components/sections/AboutMeSection.tsx,26,tsx,69784aa,Ishaan Kor,2026-07-28,09:12:52,-07:00,2026-07-28T02:12:52-07:00,2,30
components/sections/AboutMeSection.tsx,27,tsx,69784aa,Ishaan Kor,2026-07-28,09:12:52,-07:00,2026-07-28T02:12:52-07:00,2,30
components/sections/AboutMeSection.tsx,28,tsx,69784aa,Ishaan Kor,2026-07-28,09:12:52,-07:00,2026-07-28T02:12:52-07:00,2,30
components/sections/AboutMeSection.tsx,29,tsx,69784aa,Ishaan Kor,2026-07-28,09:12:52,-07:00,2026-07-28T02:12:52-07:00,2,30
components/sections/AboutMeSection.tsx,30,tsx,69784aa,Ishaan Kor,2026-07-28,09:12:52,-07:00,2026-07-28T02:12:52-07:00,2,30
components/sections/AboutMeSection.tsx,31,tsx,69784aa,Ishaan Kor,2026-07-28,09:12:52,-07:00,2026-07-28T02:12:52-07:00,2,30
components/sections/AboutMeSection.tsx,32,tsx,69784aa,Ishaan Kor,2026-07-28,09:12:52,-07:00,2026-07-28T02:12:52-07:00,2,30
components/sections/AboutMeSection.tsx,33,tsx,69784aa,Ishaan Kor,2026-07-28,09:12:52,-07:00,2026-07-28T02:12:52-07:00,2,30
components/sections/AboutMeSection.tsx,34,tsx,69784aa,Ishaan Kor,2026-07-28,09:12:52,-07:00,2026-07-28T02:12:52-07:00,2,30
components/sections/AboutMeSection.tsx,35,tsx,69784aa,Ishaan Kor,2026-07-28,09:12:52,-07:00,2026-07-28T02:12:52-07:00,2,30
components/sections/AboutMeSection.tsx,36,tsx,69784aa,Ishaan Kor,2026-07-28,09:12:52,-07:00,2026-07-28T02:12:52-07:00,2,30
components/sections/AboutMeSection.tsx,37,tsx,69784aa,Ishaan Kor,2026-07-28,09:12:52,-07:00,2026-07-28T02:12:52-07:00,2,30
components/sections/AboutMeSection.tsx,38,tsx,69784aa,Ishaan Kor,2026-07-28,09:12:52,-07:00,2026-07-28T02:12:52-07:00,2,30
components/sections/AboutMeSection.tsx,39,tsx,69784aa,Ishaan Kor,2026-07-28,09:12:52,-07:00,2026-07-28T02:12:52-07:00,2,30
components/sections/AboutMeSection.tsx,40,tsx,69784aa,Ishaan Kor,2026-07-28,09:12:52,-07:00,2026-07-28T02:12:52-07:00,2,30
components/sections/AboutMeSection.tsx,41,tsx,69784aa,Ishaan Kor,2026-07-28,09:12:52,-07:00,2026-07-28T02:12:52-07:00,2,30
components/sections/AboutMeSection.tsx,42,tsx,69784aa,Ishaan Kor,2026-07-28,09:12:52,-07:00,2026-07-28T02:12:52-07:00,2,30
components/sections/AboutMeSection.tsx,43,tsx,69784aa,Ishaan Kor,2026-07-28,09:12:52,-07:00,2026-07-28T02:12:52-07:00,2,30
components/sections/AboutMeSection.tsx,44,tsx,69784aa,Ishaan Kor,2026-07-28,09:12:52,-07:00,2026-07-28T02:12:52-07:00,2,30
components/sections/AboutMeSection.tsx,45,tsx,69784aa,Ishaan Kor,2026-07-28,09:12:52,-07:00,2026-07-28T02:12:52-07:00,2,30
components/sections/AboutMeSection.tsx,46,tsx,69784aa,Ishaan Kor,2026-07-28,09:12:52,-07:00,2026-07-28T02:12:52-07:00,2,30
components/sections/AboutMeSection.tsx,47,tsx,69784aa,Ishaan Kor,2026-07-28,09:12:52,-07:00,2026-07-28T02:12:52-07:00,2,30
components/sections/AboutMeSection.tsx,48,tsx,69784aa,Ishaan Kor,2026-07-28,09:12:52,-07:00,2026-07-28T02:12:52-07:00,2,30
components/sections/AboutMeSection.tsx,49,tsx,69784aa,Ishaan Kor,2026-07-28,09:12:52,-07:00,2026-07-28T02:12:52-07:00,2,30
components/sections/AboutMeSection.tsx,50,tsx,69784aa,Ishaan Kor,2026-07-28,09:12:52,-07:00,2026-07-28T02:12:52-07:00,2,30
data/portfolio.ts,1,ts,69784aa,Ishaan Kor,2026-07-28,09:12:52,-07:00,2026-07-28T02:12:52-07:00,1,30
data/portfolio.ts,2,ts,69784aa,Ishaan Kor,2026-07-28,09:12:52,-07:00,2026-07-28T02:12:52-07:00,1,30
data/portfolio.ts,3,ts,69784aa,Ishaan Kor,2026-07-28,09:12:52,-07:00,2026-07-28T02:12:52-07:00,1,30
data/portfolio.ts,4,ts,69784aa,Ishaan Kor,2026-07-28,09:12:52,-07:00,2026-07-28T02:12:52-07:00,1,30
data/portfolio.ts,5,ts,69784aa,Ishaan Kor,2026-07-28,09:12:52,-07:00,2026-07-28T02:12:52-07:00,1,30
data/portfolio.ts,6,ts,69784aa,Ishaan Kor,2026-07-28,09:12:52,-07:00,2026-07-28T02:12:52-07:00,1,30
data/portfolio.ts,7,ts,69784aa,Ishaan Kor,2026-07-28,09:12:52,-07:00,2026-07-28T02:12:52-07:00,1,30
data/portfolio.ts,8,ts,69784aa,Ishaan Kor,2026-07-28,09:12:52,-07:00,2026-07-28T02:12:52-07:00,1,30
data/portfolio.ts,9,ts,69784aa,Ishaan Kor,2026-07-28,09:12:52,-07:00,2026-07-28T02:12:52-07:00,1,30
data/portfolio.ts,10,ts,69784aa,Ishaan Kor,2026-07-28,09:12:52,-07:00,2026-07-28T02:12:52-07:00,1,30
data/portfolio.ts,11,ts,69784aa,Ishaan Kor,2026-07-28,09:12:52,-07:00,2026-07-28T02:12:52-07:00,1,30
data/portfolio.ts,12,ts,69784aa,Ishaan Kor,2026-07-28,09:12:52,-07:00,2026-07-28T02:12:52-07:00,1,30
data/portfolio.ts,13,ts,69784aa,Ishaan Kor,2026-07-28,09:12:52,-07:00,2026-07-28T02:12:52-07:00,1,30
data/portfolio.ts,14,ts,69784aa,Ishaan Kor,2026-07-28,09:12:52,-07:00,2026-07-28T02:12:52-07:00,1,30
data/portfolio.ts,15,ts,69784aa,Ishaan Kor,2026-07-28,09:12:52,-07:00,2026-07-28T02:12:52-07:00,1,30
data/portfolio.ts,16,ts,69784aa,Ishaan Kor,2026-07-28,09:12:52,-07:00,2026-07-28T02:12:52-07:00,1,30
data/portfolio.ts,17,ts,69784aa,Ishaan Kor,2026-07-28,09:12:52,-07:00,2026-07-28T02:12:52-07:00,1,30
data/portfolio.ts,18,ts,69784aa,Ishaan Kor,2026-07-28,09:12:52,-07:00,2026-07-28T02:12:52-07:00,1,30
data/portfolio.ts,19,ts,69784aa,Ishaan Kor,2026-07-28,09:12:52,-07:00,2026-07-28T02:12:52-07:00,1,30
data/portfolio.ts,20,ts,69784aa,Ishaan Kor,2026-07-28,09:12:52,-07:00,2026-07-28T02:12:52-07:00,1,30
data/portfolio.ts,21,ts,69784aa,Ishaan Kor,2026-07-28,09:12:52,-07:00,2026-07-28T02:12:52-07:00,1,30
data/portfolio.ts,22,ts,69784aa,Ishaan Kor,2026-07-28,09:12:52,-07:00,2026-07-28T02:12:52-07:00,1,30
data/portfolio.ts,23,ts,69784aa,Ishaan Kor,2026-07-28,09:12:52,-07:00,2026-07-28T02:12:52-07:00,1,30
data/portfolio.ts,24,ts,69784aa,Ishaan Kor,2026-07-28,09:12:52,-07:00,2026-07-28T02:12:52-07:00,1,30
data/portfolio.ts,25,ts,69784aa,Ishaan Kor,2026-07-28,09:12:52,-07:00,2026-07-28T02:12:52-07:00,1,30
data/portfolio.ts,26,ts,69784aa,Ishaan Kor,2026-07-28,09:12:52,-07:00,2026-07-28T02:12:52-07:00,1,30
data/portfolio.ts,27,ts,69784aa,Ishaan Kor,2026-07-28,09:12:52,-07:00,2026-07-28T02:12:52-07:00,1,30
data/portfolio.ts,28,ts,69784aa,Ishaan Kor,2026-07-28,09:12:52,-07:00,2026-07-28T02:12:52-07:00,1,30
data/portfolio.ts,29,ts,69784aa,Ishaan Kor,2026-07-28,09:12:52,-07:00,2026-07-28T02:12:52-07:00,1,30
data/portfolio.ts,30,ts,69784aa,Ishaan Kor,2026-07-28,09:12:52,-07:00,2026-07-28T02:12:52-07:00,1,30
data/portfolio.ts,31,ts,69784aa,Ishaan Kor,2026-07-28,09:12:52,-07:00,2026-07-28T02:12:52-07:00,1,30
data/portfolio.ts,32,ts,69784aa,Ishaan Kor,2026-07-28,09:12:52,-07:00,2026-07-28T02:12:52-07:00,1,30
data/portfolio.ts,33,ts,69784aa,Ishaan Kor,2026-07-28,09:12:52,-07:00,2026-07-28T02:12:52-07:00,1,30
data/portfolio.ts,34,ts,69784aa,Ishaan Kor,2026-07-28,09:12:52,-07:00,2026-07-28T02:12:52-07:00,1,30
data/portfolio.ts,35,ts,69784aa,Ishaan Kor,2026-07-28,09:12:52,-07:00,2026-07-28T02:12:52-07:00,1,30
data/portfolio.ts,36,ts,69784aa,Ishaan Kor,2026-07-28,09:12:52,-07:00,2026-07-28T02:12:52-07:00,1,30
data/portfolio.ts,37,ts,69784aa,Ishaan Kor,2026-07-28,09:12:52,-07:00,2026-07-28T02:12:52-07:00,1,30
data/portfolio.ts,38,ts,69784aa,Ishaan Kor,2026-07-28,09:12:52,-07:00,2026-07-28T02:12:52-07:00,1,30
data/portfolio.ts,39,ts,69784aa,Ishaan Kor,2026-07-28,09:12:52,-07:00,2026-07-28T02:12:52-07:00,1,30
data/portfolio.ts,40,ts,69784aa,Ishaan Kor,2026-07-28,09:12:52,-07:00,2026-07-28T02:12:52-07:00,1,30
data/portfolio.ts,41,ts,69784aa,Ishaan Kor,2026-07-28,09:12:52,-07:00,2026-07-28T02:12:52-07:00,1,30
data/portfolio.ts,42,ts,69784aa,Ishaan Kor,2026-07-28,09:12:52,-07:00,2026-07-28T02:12:52-07:00,1,30
data/portfolio.ts,43,ts,69784aa,Ishaan Kor,2026-07-28,09:12:52,-07:00,2026-07-28T02:12:52-07:00,1,30
data/portfolio.ts,44,ts,69784aa,Ishaan Kor,2026-07-28,09:12:52,-07:00,2026-07-28T02:12:52-07:00,1,30
data/portfolio.ts,45,ts,69784aa,Ishaan Kor,2026-07-28,09:12:52,-07:00,2026-07-28T02:12:52-07:00,1,30
data/portfolio.ts,46,ts,69784aa,Ishaan Kor,2026-07-28,09:12:52,-07:00,2026-07-28T02:12:52-07:00,1,30
data/portfolio.ts,47,ts,69784aa,Ishaan Kor,2026-07-28,09:12:52,-07:00,2026-07-28T02:12:52-07:00,1,30
data/portfolio.ts,48,ts,69784aa,Ishaan Kor,2026-07-28,09:12:52,-07:00,2026-07-28T02:12:52-07:00,1,30
data/portfolio.ts,49,ts,69784aa,Ishaan Kor,2026-07-28,09:12:52,-07:00,2026-07-28T02:12:52-07:00,1,30
data/portfolio.ts,50,ts,69784aa,Ishaan Kor,2026-07-28,09:12:52,-07:00,2026-07-28T02:12:52-07:00,1,30
out/404.html,1,html,69784aa,Ishaan Kor,2026-07-28,09:12:52,-07:00,2026-07-28T02:12:52-07:00,1,30
out/404.html,2,html,69784aa,Ishaan Kor,2026-07-28,09:12:52,-07:00,2026-07-28T02:12:52-07:00,1,30
out/_next/static/{Zrwanxax_BjX1LsLhzoVh,1,code,69784aa,Ishaan Kor,2026-07-28,09:12:52,-07:00,2026-07-28T02:12:52-07:00,3,30
out/_next/static/{Zrwanxax_BjX1LsLhzoVh,1,code,69784aa,Ishaan Kor,2026-07-28,09:12:52,-07:00,2026-07-28T02:12:52-07:00,3,30
out/_next/static/chunks/216-9814d87f2564a689.js,1,js,69784aa,Ishaan Kor,2026-07-28,09:12:52,-07:00,2026-07-28T02:12:52-07:00,4,30
out/_next/static/chunks/231-e94689ce8106a19d.js,1,js,69784aa,Ishaan Kor,2026-07-28,09:12:52,-07:00,2026-07-28T02:12:52-07:00,4,30
out/_next/static/chunks/262.39ffb9bbeaa1df4d.js,1,js,69784aa,Ishaan Kor,2026-07-28,09:12:52,-07:00,2026-07-28T02:12:52-07:00,4,30
out/_next/static/chunks/262.e1bd020cda6bb773.js,1,js,69784aa,Ishaan Kor,2026-07-28,09:12:52,-07:00,2026-07-28T02:12:52-07:00,4,30
out/_next/static/chunks/342-2a1780caf01eaee6.js,1,js,69784aa,Ishaan Kor,2026-07-28,09:12:52,-07:00,2026-07-28T02:12:52-07:00,4,30
out/_next/static/chunks/356-35c8842de1ed36a0.js,1,js,69784aa,Ishaan Kor,2026-07-28,09:12:52,-07:00,2026-07-28T02:12:52-07:00,4,30
out/_next/static/chunks/356-6e72945daa90c931.js,1,js,69784aa,Ishaan Kor,2026-07-28,09:12:52,-07:00,2026-07-28T02:12:52-07:00,4,30
out/_next/static/chunks/883-8f2c99760d0082f9.js,1,js,69784aa,Ishaan Kor,2026-07-28,09:12:52,-07:00,2026-07-28T02:12:52-07:00,4,30
out/_next/static/chunks/app/contact/page-2991cd5897aeb895.js,1,js,69784aa,Ishaan Kor,2026-07-28,09:12:52,-07:00,2026-07-28T02:12:52-07:00,6,30
out/_next/static/chunks/app/contact/page-591f4d610c048538.js,1,js,69784aa,Ishaan Kor,2026-07-28,09:12:52,-07:00,2026-07-28T02:12:52-07:00,6,30
out/_next/static/chunks/app/layout-b2662c85b94888fb.js,1,js,69784aa,Ishaan Kor,2026-07-28,09:12:52,-07:00,2026-07-28T02:12:52-07:00,5,30
out/_next/static/chunks/app/layout-c5cd066f4b8834bd.js,1,js,69784aa,Ishaan Kor,2026-07-28,09:12:52,-07:00,2026-07-28T02:12:52-07:00,5,30
out/_next/static/chunks/app/page-1d9f9232df18aca6.js,1,js,69784aa,Ishaan Kor,2026-07-28,09:12:52,-07:00,2026-07-28T02:12:52-07:00,5,30
out/_next/static/chunks/app/page-222a2156f15b6a95.js,1,js,69784aa,Ishaan Kor,2026-07-28,09:12:52,-07:00,2026-07-28T02:12:52-07:00,5,30
out/_next/static/chunks/app/projects/page-5b7c5c7090b10a8c.js,1,js,69784aa,Ishaan Kor,2026-07-28,09:12:52,-07:00,2026-07-28T02:12:52-07:00,6,30
out/_next/static/chunks/app/projects/page-b240ec2dfd412629.js,1,js,69784aa,Ishaan Kor,2026-07-28,09:12:52,-07:00,2026-07-28T02:12:52-07:00,6,30
out/_next/static/chunks/app/resume/page-58cd6c22faa16a15.js,1,js,69784aa,Ishaan Kor,2026-07-28,09:12:52,-07:00,2026-07-28T02:12:52-07:00,6,30
out/_next/static/chunks/app/resume/page-8c8affa851a26419.js,1,js,69784aa,Ishaan Kor,2026-07-28,09:12:52,-07:00,2026-07-28T02:12:52-07:00,6,30
out/_next/static/chunks/{webpack-8fd0cf7605225216.js,1,js,69784aa,Ishaan Kor,2026-07-28,09:12:52,-07:00,2026-07-28T02:12:52-07:00,4,30
out/_next/static/chunks/{webpack-8fd0cf7605225216.js,2,js,69784aa,Ishaan Kor,2026-07-28,09:12:52,-07:00,2026-07-28T02:12:52-07:00,4,30
out/_next/static/css/33dadba0f6f10f50.css,1,css,69784aa,Ishaan Kor,2026-07-28,09:12:52,-07:00,2026-07-28T02:12:52-07:00,4,30
out/_next/static/css/33dadba0f6f10f50.css,2,css,69784aa,Ishaan Kor,2026-07-28,09:12:52,-07:00,2026-07-28T02:12:52-07:00,4,30
out/_next/static/css/33dadba0f6f10f50.css,3,css,69784aa,Ishaan Kor,2026-07-28,09:12:52,-07:00,2026-07-28T02:12:52-07:00,4,30
out/_next/static/css/c57ee96938c4ebf5.css,1,css,69784aa,Ishaan Kor,2026-07-28,09:12:52,-07:00,2026-07-28T02:12:52-07:00,4,30
out/_next/static/css/c57ee96938c4ebf5.css,2,css,69784aa,Ishaan Kor,2026-07-28,09:12:52,-07:00,2026-07-28T02:12:52-07:00,4,30
out/_next/static/css/c57ee96938c4ebf5.css,3,css,69784aa,Ishaan Kor,2026-07-28,09:12:52,-07:00,2026-07-28T02:12:52-07:00,4,30
out/contact.html,1,html,69784aa,Ishaan Kor,2026-07-28,09:12:52,-07:00,2026-07-28T02:12:52-07:00,1,30
out/contact.html,2,html,69784aa,Ishaan Kor,2026-07-28,09:12:52,-07:00,2026-07-28T02:12:52-07:00,1,30
out/contact.txt,1,txt,69784aa,Ishaan Kor,2026-07-28,09:12:52,-07:00,2026-07-28T02:12:52-07:00,1,30
out/contact.txt,2,txt,69784aa,Ishaan Kor,2026-07-28,09:12:52,-07:00,2026-07-28T02:12:52-07:00,1,30
out/contact.txt,3,txt,69784aa,Ishaan Kor,2026-07-28,09:12:52,-07:00,2026-07-28T02:12:52-07:00,1,30
out/contact.txt,4,txt,69784aa,Ishaan Kor,2026-07-28,09:12:52,-07:00,2026-07-28T02:12:52-07:00,1,30
out/contact.txt,5,txt,69784aa,Ishaan Kor,2026-07-28,09:12:52,-07:00,2026-07-28T02:12:52-07:00,1,30
out/contact.txt,6,txt,69784aa,Ishaan Kor,2026-07-28,09:12:52,-07:00,2026-07-28T02:12:52-07:00,1,30
out/contact.txt,7,txt,69784aa,Ishaan Kor,2026-07-28,09:12:52,-07:00,2026-07-28T02:12:52-07:00,1,30
out/contact.txt,8,txt,69784aa,Ishaan Kor,2026-07-28,09:12:52,-07:00,2026-07-28T02:12:52-07:00,1,30
out/contact.txt,9,txt,69784aa,Ishaan Kor,2026-07-28,09:12:52,-07:00,2026-07-28T02:12:52-07:00,1,30
out/contact.txt,10,txt,69784aa,Ishaan Kor,2026-07-28,09:12:52,-07:00,2026-07-28T02:12:52-07:00,1,30
out/index.html,1,html,69784aa,Ishaan Kor,2026-07-28,09:12:52,-07:00,2026-07-28T02:12:52-07:00,1,30
out/index.html,2,html,69784aa,Ishaan Kor,2026-07-28,09:12:52,-07:00,2026-07-28T02:12:52-07:00,1,30
out/index.txt,1,txt,69784aa,Ishaan Kor,2026-07-28,09:12:52,-07:00,2026-07-28T02:12:52-07:00,1,30
out/index.txt,2,txt,69784aa,Ishaan Kor,2026-07-28,09:12:52,-07:00,2026-07-28T02:12:52-07:00,1,30
out/index.txt,3,txt,69784aa,Ishaan Kor,2026-07-28,09:12:52,-07:00,2026-07-28T02:12:52-07:00,1,30
out/index.txt,4,txt,69784aa,Ishaan Kor,2026-07-28,09:12:52,-07:00,2026-07-28T02:12:52-07:00,1,30
out/index.txt,5,txt,69784aa,Ishaan Kor,2026-07-28,09:12:52,-07:00,2026-07-28T02:12:52-07:00,1,30
out/index.txt,6,txt,69784aa,Ishaan Kor,2026-07-28,09:12:52,-07:00,2026-07-28T02:12:52-07:00,1,30
out/index.txt,7,txt,69784aa,Ishaan Kor,2026-07-28,09:12:52,-07:00,2026-07-28T02:12:52-07:00,1,30
out/index.txt,8,txt,69784aa,Ishaan Kor,2026-07-28,09:12:52,-07:00,2026-07-28T02:12:52-07:00,1,30
out/index.txt,9,txt,69784aa,Ishaan Kor,2026-07-28,09:12:52,-07:00,2026-07-28T02:12:52-07:00,1,30
out/index.txt,10,txt,69784aa,Ishaan Kor,2026-07-28,09:12:52,-07:00,2026-07-28T02:12:52-07:00,1,30
out/index.txt,11,txt,69784aa,Ishaan Kor,2026-07-28,09:12:52,-07:00,2026-07-28T02:12:52-07:00,1,30
out/index.txt,12,txt,69784aa,Ishaan Kor,2026-07-28,09:12:52,-07:00,2026-07-28T02:12:52-07:00,1,30
out/index.txt,13,txt,69784aa,Ishaan Kor,2026-07-28,09:12:52,-07:00,2026-07-28T02:12:52-07:00,1,30
out/index.txt,14,txt,69784aa,Ishaan Kor,2026-07-28,09:12:52,-07:00,2026-07-28T02:12:52-07:00,1,30
out/index.txt,15,txt,69784aa,Ishaan Kor,2026-07-28,09:12:52,-07:00,2026-07-28T02:12:52-07:00,1,30
out/index.txt,16,txt,69784aa,Ishaan Kor,2026-07-28,09:12:52,-07:00,2026-07-28T02:12:52-07:00,1,30
out/index.txt,17,txt,69784aa,Ishaan Kor,2026-07-28,09:12:52,-07:00,2026-07-28T02:12:52-07:00,1,30
out/index.txt,18,txt,69784aa,Ishaan Kor,2026-07-28,09:12:52,-07:00,2026-07-28T02:12:52-07:00,1,30
out/index.txt,19,txt,69784aa,Ishaan Kor,2026-07-28,09:12:52,-07:00,2026-07-28T02:12:52-07:00,1,30
out/index.txt,20,txt,69784aa,Ishaan Kor,2026-07-28,09:12:52,-07:00,2026-07-28T02:12:52-07:00,1,30
out/index.txt,21,txt,69784aa,Ishaan Kor,2026-07-28,09:12:52,-07:00,2026-07-28T02:12:52-07:00,1,30
out/index.txt,22,txt,69784aa,Ishaan Kor,2026-07-28,09:12:52,-07:00,2026-07-28T02:12:52-07:00,1,30
out/index.txt,23,txt,69784aa,Ishaan Kor,2026-07-28,09:12:52,-07:00,2026-07-28T02:12:52-07:00,1,30
out/index.txt,24,txt,69784aa,Ishaan Kor,2026-07-28,09:12:52,-07:00,2026-07-28T02:12:52-07:00,1,30
out/index.txt,25,txt,69784aa,Ishaan Kor,2026-07-28,09:12:52,-07:00,2026-07-28T02:12:52-07:00,1,30
out/index.txt,26,txt,69784aa,Ishaan Kor,2026-07-28,09:12:52,-07:00,2026-07-28T02:12:52-07:00,1,30
out/index.txt,27,txt,69784aa,Ishaan Kor,2026-07-28,09:12:52,-07:00,2026-07-28T02:12:52-07:00,1,30
out/projects.html,1,html,69784aa,Ishaan Kor,2026-07-28,09:12:52,-07:00,2026-07-28T02:12:52-07:00,1,30
out/projects.html,2,html,69784aa,Ishaan Kor,2026-07-28,09:12:52,-07:00,2026-07-28T02:12:52-07:00,1,30
out/projects.txt,1,txt,69784aa,Ishaan Kor,2026-07-28,09:12:52,-07:00,2026-07-28T02:12:52-07:00,1,30
out/projects.txt,2,txt,69784aa,Ishaan Kor,2026-07-28,09:12:52,-07:00,2026-07-28T02:12:52-07:00,1,30
out/projects.txt,3,txt,69784aa,Ishaan Kor,2026-07-28,09:12:52,-07:00,2026-07-28T02:12:52-07:00,1,30
out/projects.txt,4,txt,69784aa,Ishaan Kor,2026-07-28,09:12:52,-07:00,2026-07-28T02:12:52-07:00,1,30
out/projects.txt,5,txt,69784aa,Ishaan Kor,2026-07-28,09:12:52,-07:00,2026-07-28T02:12:52-07:00,1,30
out/projects.txt,6,txt,69784aa,Ishaan Kor,2026-07-28,09:12:52,-07:00,2026-07-28T02:12:52-07:00,1,30
out/projects.txt,7,txt,69784aa,Ishaan Kor,2026-07-28,09:12:52,-07:00,2026-07-28T02:12:52-07:00,1,30
out/projects.txt,8,txt,69784aa,Ishaan Kor,2026-07-28,09:12:52,-07:00,2026-07-28T02:12:52-07:00,1,30
out/projects.txt,9,txt,69784aa,Ishaan Kor,2026-07-28,09:12:52,-07:00,2026-07-28T02:12:52-07:00,1,30
out/projects.txt,10,txt,69784aa,Ishaan Kor,2026-07-28,09:12:52,-07:00,2026-07-28T02:12:52-07:00,1,30
out/projects.txt,11,txt,69784aa,Ishaan Kor,2026-07-28,09:12:52,-07:00,2026-07-28T02:12:52-07:00,1,30
out/projects.txt,12,txt,69784aa,Ishaan Kor,2026-07-28,09:12:52,-07:00,2026-07-28T02:12:52-07:00,1,30
out/resume.html,1,html,69784aa,Ishaan Kor,2026-07-28,09:12:52,-07:00,2026-07-28T02:12:52-07:00,1,30
out/resume.html,2,html,69784aa,Ishaan Kor,2026-07-28,09:12:52,-07:00,2026-07-28T02:12:52-07:00,1,30
out/resume.txt,1,txt,69784aa,Ishaan Kor,2026-07-28,09:12:52,-07:00,2026-07-28T02:12:52-07:00,1,30
out/resume.txt,2,txt,69784aa,Ishaan Kor,2026-07-28,09:12:52,-07:00,2026-07-28T02:12:52-07:00,1,30
out/resume.txt,3,txt,69784aa,Ishaan Kor,2026-07-28,09:12:52,-07:00,2026-07-28T02:12:52-07:00,1,30
out/resume.txt,4,txt,69784aa,Ishaan Kor,2026-07-28,09:12:52,-07:00,2026-07-28T02:12:52-07:00,1,30
out/resume.txt,5,txt,69784aa,Ishaan Kor,2026-07-28,09:12:52,-07:00,2026-07-28T02:12:52-07:00,1,30
out/resume.txt,6,txt,69784aa,Ishaan Kor,2026-07-28,09:12:52,-07:00,2026-07-28T02:12:52-07:00,1,30
out/resume.txt,7,txt,69784aa,Ishaan Kor,2026-07-28,09:12:52,-07:00,2026-07-28T02:12:52-07:00,1,30
out/resume.txt,8,txt,69784aa,Ishaan Kor,2026-07-28,09:12:52,-07:00,2026-07-28T02:12:52-07:00,1,30
out/resume.txt,9,txt,69784aa,Ishaan Kor,2026-07-28,09:12:52,-07:00,2026-07-28T02:12:52-07:00,1,30
out/resume.txt,10,txt,69784aa,Ishaan Kor,2026-07-28,09:12:52,-07:00,2026-07-28T02:12:52-07:00,1,30
out/resume.txt,11,txt,69784aa,Ishaan Kor,2026-07-28,09:12:52,-07:00,2026-07-28T02:12:52-07:00,1,30
out/resume.txt,12,txt,69784aa,Ishaan Kor,2026-07-28,09:12:52,-07:00,2026-07-28T02:12:52-07:00,1,30
tailwind.config.ts,1,ts,69784aa,Ishaan Kor,2026-07-28,09:12:52,-07:00,2026-07-28T02:12:52-07:00,0,30
tailwind.config.ts,2,ts,69784aa,Ishaan Kor,2026-07-28,09:12:52,-07:00,2026-07-28T02:12:52-07:00,0,30
tailwind.config.ts,3,ts,69784aa,Ishaan Kor,2026-07-28,09:12:52,-07:00,2026-07-28T02:12:52-07:00,0,30
tailwind.config.ts,4,ts,69784aa,Ishaan Kor,2026-07-28,09:12:52,-07:00,2026-07-28T02:12:52-07:00,0,30
tailwind.config.ts,5,ts,69784aa,Ishaan Kor,2026-07-28,09:12:52,-07:00,2026-07-28T02:12:52-07:00,0,30
tailwind.config.ts,6,ts,69784aa,Ishaan Kor,2026-07-28,09:12:52,-07:00,2026-07-28T02:12:52-07:00,0,30
tailwind.config.ts,7,ts,69784aa,Ishaan Kor,2026-07-28,09:12:52,-07:00,2026-07-28T02:12:52-07:00,0,30
tailwind.config.ts,8,ts,69784aa,Ishaan Kor,2026-07-28,09:12:52,-07:00,2026-07-28T02:12:52-07:00,0,30
tailwind.config.ts,9,ts,69784aa,Ishaan Kor,2026-07-28,09:12:52,-07:00,2026-07-28T02:12:52-07:00,0,30
tailwind.config.ts,10,ts,69784aa,Ishaan Kor,2026-07-28,09:12:52,-07:00,2026-07-28T02:12:52-07:00,0,30
tailwind.config.ts,11,ts,69784aa,Ishaan Kor,2026-07-28,09:12:52,-07:00,2026-07-28T02:12:52-07:00,0,30
tailwind.config.ts,12,ts,69784aa,Ishaan Kor,2026-07-28,09:12:52,-07:00,2026-07-28T02:12:52-07:00,0,30
tailwind.config.ts,13,ts,69784aa,Ishaan Kor,2026-07-28,09:12:52,-07:00,2026-07-28T02:12:52-07:00,0,30
tailwind.config.ts,14,ts,69784aa,Ishaan Kor,2026-07-28,09:12:52,-07:00,2026-07-28T02:12:52-07:00,0,30
tailwind.config.ts,15,ts,69784aa,Ishaan Kor,2026-07-28,09:12:52,-07:00,2026-07-28T02:12:52-07:00,0,30
tailwind.config.ts,16,ts,69784aa,Ishaan Kor,2026-07-28,09:12:52,-07:00,2026-07-28T02:12:52-07:00,0,30
tailwind.config.ts,17,ts,69784aa,Ishaan Kor,2026-07-28,09:12:52,-07:00,2026-07-28T02:12:52-07:00,0,30
tailwind.config.ts,18,ts,69784aa,Ishaan Kor,2026-07-28,09:12:52,-07:00,2026-07-28T02:12:52-07:00,0,30
tailwind.config.ts,19,ts,69784aa,Ishaan Kor,2026-07-28,09:12:52,-07:00,2026-07-28T02:12:52-07:00,0,30
tailwind.config.ts,20,ts,69784aa,Ishaan Kor,2026-07-28,09:12:52,-07:00,2026-07-28T02:12:52-07:00,0,30
tailwind.config.ts,21,ts,69784aa,Ishaan Kor,2026-07-28,09:12:52,-07:00,2026-07-28T02:12:52-07:00,0,30
tailwind.config.ts,22,ts,69784aa,Ishaan Kor,2026-07-28,09:12:52,-07:00,2026-07-28T02:12:52-07:00,0,30
tailwind.config.ts,23,ts,69784aa,Ishaan Kor,2026-07-28,09:12:52,-07:00,2026-07-28T02:12:52-07:00,0,30
tailwind.config.ts,24,ts,69784aa,Ishaan Kor,2026-07-28,09:12:52,-07:00,2026-07-28T02:12:52-07:00,0,30
tailwind.config.ts,25,ts,69784aa,Ishaan Kor,2026-07-28,09:12:52,-07:00,2026-07-28T02:12:52-07:00,0,30
tailwind.config.ts,26,ts,69784aa,Ishaan Kor,2026-07-28,09:12:52,-07:00,2026-07-28T02:12:52-07:00,0,30
tailwind.config.ts,27,ts,69784aa,Ishaan Kor,2026-07-28,09:12:52,-07:00,2026-07-28T02:12:52-07:00,0,30
tailwind.config.ts,28,ts,69784aa,Ishaan Kor,2026-07-28,09:12:52,-07:00,2026-07-28T02:12:52-07:00,0,30
tailwind.config.ts,29,ts,69784aa,Ishaan Kor,2026-07-28,09:12:52,-07:00,2026-07-28T02:12:52-07:00,0,30
tailwind.config.ts,30,ts,69784aa,Ishaan Kor,2026-07-28,09:12:52,-07:00,2026-07-28T02:12:52-07:00,0,30
tailwind.config.ts,31,ts,69784aa,Ishaan Kor,2026-07-28,09:12:52,-07:00,2026-07-28T02:12:52-07:00,0,30
tailwind.config.ts,32,ts,69784aa,Ishaan Kor,2026-07-28,09:12:52,-07:00,2026-07-28T02:12:52-07:00,0,30
tailwind.config.ts,33,ts,69784aa,Ishaan Kor,2026-07-28,09:12:52,-07:00,2026-07-28T02:12:52-07:00,0,30
tailwind.config.ts,34,ts,69784aa,Ishaan Kor,2026-07-28,09:12:52,-07:00,2026-07-28T02:12:52-07:00,0,30
tailwind.config.ts,35,ts,69784aa,Ishaan Kor,2026-07-28,09:12:52,-07:00,2026-07-28T02:12:52-07:00,0,30
tailwind.config.ts,36,ts,69784aa,Ishaan Kor,2026-07-28,09:12:52,-07:00,2026-07-28T02:12:52-07:00,0,30
tailwind.config.ts,37,ts,69784aa,Ishaan Kor,2026-07-28,09:12:52,-07:00,2026-07-28T02:12:52-07:00,0,30
tailwind.config.ts,38,ts,69784aa,Ishaan Kor,2026-07-28,09:12:52,-07:00,2026-07-28T02:12:52-07:00,0,30
tailwind.config.ts,39,ts,69784aa,Ishaan Kor,2026-07-28,09:12:52,-07:00,2026-07-28T02:12:52-07:00,0,30
tailwind.config.ts,40,ts,69784aa,Ishaan Kor,2026-07-28,09:12:52,-07:00,2026-07-28T02:12:52-07:00,0,30
tailwind.config.ts,41,ts,69784aa,Ishaan Kor,2026-07-28,09:12:52,-07:00,2026-07-28T02:12:52-07:00,0,30
.github/workflows/deploy.yml,1,yml,d5dd402,Ishaan Kor,2026-07-28,02:00:45,-07:00,2026-07-27T19:00:45-07:00,2,30
.github/workflows/deploy.yml,2,yml,d5dd402,Ishaan Kor,2026-07-28,02:00:45,-07:00,2026-07-27T19:00:45-07:00,2,30
.github/workflows/deploy.yml,3,yml,d5dd402,Ishaan Kor,2026-07-28,02:00:45,-07:00,2026-07-27T19:00:45-07:00,2,30
.github/workflows/deploy.yml,4,yml,d5dd402,Ishaan Kor,2026-07-28,02:00:45,-07:00,2026-07-27T19:00:45-07:00,2,30
.github/workflows/deploy.yml,5,yml,d5dd402,Ishaan Kor,2026-07-28,02:00:45,-07:00,2026-07-27T19:00:45-07:00,2,30
.github/workflows/deploy.yml,6,yml,d5dd402,Ishaan Kor,2026-07-28,02:00:45,-07:00,2026-07-27T19:00:45-07:00,2,30
.github/workflows/deploy.yml,7,yml,d5dd402,Ishaan Kor,2026-07-28,02:00:45,-07:00,2026-07-27T19:00:45-07:00,2,30
.github/workflows/deploy.yml,8,yml,d5dd402,Ishaan Kor,2026-07-28,02:00:45,-07:00,2026-07-27T19:00:45-07:00,2,30
.github/workflows/deploy.yml,9,yml,d5dd402,Ishaan Kor,2026-07-28,02:00:45,-07:00,2026-07-27T19:00:45-07:00,2,30
.github/workflows/deploy.yml,10,yml,d5dd402,Ishaan Kor,2026-07-28,02:00:45,-07:00,2026-07-27T19:00:45-07:00,2,30
.github/workflows/deploy.yml,11,yml,d5dd402,Ishaan Kor,2026-07-28,02:00:45,-07:00,2026-07-27T19:00:45-07:00,2,30
.github/workflows/deploy.yml,12,yml,d5dd402,Ishaan Kor,2026-07-28,02:00:45,-07:00,2026-07-27T19:00:45-07:00,2,30
.github/workflows/deploy.yml,13,yml,d5dd402,Ishaan Kor,2026-07-28,02:00:45,-07:00,2026-07-27T19:00:45-07:00,2,30
.github/workflows/deploy.yml,14,yml,d5dd402,Ishaan Kor,2026-07-28,02:00:45,-07:00,2026-07-27T19:00:45-07:00,2,30
.github/workflows/deploy.yml,15,yml,d5dd402,Ishaan Kor,2026-07-28,02:00:45,-07:00,2026-07-27T19:00:45-07:00,2,30
.github/workflows/deploy.yml,16,yml,d5dd402,Ishaan Kor,2026-07-28,02:00:45,-07:00,2026-07-27T19:00:45-07:00,2,30
.github/workflows/deploy.yml,17,yml,d5dd402,Ishaan Kor,2026-07-28,02:00:45,-07:00,2026-07-27T19:00:45-07:00,2,30
.github/workflows/deploy.yml,18,yml,d5dd402,Ishaan Kor,2026-07-28,02:00:45,-07:00,2026-07-27T19:00:45-07:00,2,30
.github/workflows/deploy.yml,19,yml,d5dd402,Ishaan Kor,2026-07-28,02:00:45,-07:00,2026-07-27T19:00:45-07:00,2,30
.github/workflows/deploy.yml,20,yml,d5dd402,Ishaan Kor,2026-07-28,02:00:45,-07:00,2026-07-27T19:00:45-07:00,2,30
.github/workflows/deploy.yml,21,yml,d5dd402,Ishaan Kor,2026-07-28,02:00:45,-07:00,2026-07-27T19:00:45-07:00,2,30
.github/workflows/deploy.yml,22,yml,d5dd402,Ishaan Kor,2026-07-28,02:00:45,-07:00,2026-07-27T19:00:45-07:00,2,30
.github/workflows/deploy.yml,23,yml,d5dd402,Ishaan Kor,2026-07-28,02:00:45,-07:00,2026-07-27T19:00:45-07:00,2,30
.github/workflows/deploy.yml,24,yml,d5dd402,Ishaan Kor,2026-07-28,02:00:45,-07:00,2026-07-27T19:00:45-07:00,2,30
.github/workflows/deploy.yml,25,yml,d5dd402,Ishaan Kor,2026-07-28,02:00:45,-07:00,2026-07-27T19:00:45-07:00,2,30
.github/workflows/deploy.yml,26,yml,d5dd402,Ishaan Kor,2026-07-28,02:00:45,-07:00,2026-07-27T19:00:45-07:00,2,30
.github/workflows/deploy.yml,27,yml,d5dd402,Ishaan Kor,2026-07-28,02:00:45,-07:00,2026-07-27T19:00:45-07:00,2,30
.github/workflows/deploy.yml,28,yml,d5dd402,Ishaan Kor,2026-07-28,02:00:45,-07:00,2026-07-27T19:00:45-07:00,2,30
.github/workflows/deploy.yml,29,yml,d5dd402,Ishaan Kor,2026-07-28,02:00:45,-07:00,2026-07-27T19:00:45-07:00,2,30
.github/workflows/deploy.yml,30,yml,d5dd402,Ishaan Kor,2026-07-28,02:00:45,-07:00,2026-07-27T19:00:45-07:00,2,30
.github/workflows/deploy.yml,31,yml,d5dd402,Ishaan Kor,2026-07-28,02:00:45,-07:00,2026-07-27T19:00:45-07:00,2,30
.github/workflows/deploy.yml,32,yml,d5dd402,Ishaan Kor,2026-07-28,02:00:45,-07:00,2026-07-27T19:00:45-07:00,2,30
.github/workflows/deploy.yml,33,yml,d5dd402,Ishaan Kor,2026-07-28,02:00:45,-07:00,2026-07-27T19:00:45-07:00,2,30
.github/workflows/deploy.yml,34,yml,d5dd402,Ishaan Kor,2026-07-28,02:00:45,-07:00,2026-07-27T19:00:45-07:00,2,30
.github/workflows/deploy.yml,35,yml,d5dd402,Ishaan Kor,2026-07-28,02:00:45,-07:00,2026-07-27T19:00:45-07:00,2,30
.github/workflows/deploy.yml,36,yml,d5dd402,Ishaan Kor,2026-07-28,02:00:45,-07:00,2026-07-27T19:00:45-07:00,2,30
.github/workflows/deploy.yml,37,yml,d5dd402,Ishaan Kor,2026-07-28,02:00:45,-07:00,2026-07-27T19:00:45-07:00,2,30
.github/workflows/deploy.yml,38,yml,d5dd402,Ishaan Kor,2026-07-28,02:00:45,-07:00,2026-07-27T19:00:45-07:00,2,30
.github/workflows/deploy.yml,39,yml,d5dd402,Ishaan Kor,2026-07-28,02:00:45,-07:00,2026-07-27T19:00:45-07:00,2,30
.github/workflows/deploy.yml,40,yml,d5dd402,Ishaan Kor,2026-07-28,02:00:45,-07:00,2026-07-27T19:00:45-07:00,2,30
.github/workflows/deploy.yml,41,yml,d5dd402,Ishaan Kor,2026-07-28,02:00:45,-07:00,2026-07-27T19:00:45-07:00,2,30
.github/workflows/deploy.yml,42,yml,d5dd402,Ishaan Kor,2026-07-28,02:00:45,-07:00,2026-07-27T19:00:45-07:00,2,30
.github/workflows/deploy.yml,43,yml,d5dd402,Ishaan Kor,2026-07-28,02:00:45,-07:00,2026-07-27T19:00:45-07:00,2,30
.github/workflows/deploy.yml,44,yml,d5dd402,Ishaan Kor,2026-07-28,02:00:45,-07:00,2026-07-27T19:00:45-07:00,2,30
.github/workflows/deploy.yml,45,yml,d5dd402,Ishaan Kor,2026-07-28,02:00:45,-07:00,2026-07-27T19:00:45-07:00,2,30
.github/workflows/deploy.yml,46,yml,d5dd402,Ishaan Kor,2026-07-28,02:00:45,-07:00,2026-07-27T19:00:45-07:00,2,30
.github/workflows/deploy.yml,47,yml,d5dd402,Ishaan Kor,2026-07-28,02:00:45,-07:00,2026-07-27T19:00:45-07:00,2,30
.github/workflows/deploy.yml,48,yml,d5dd402,Ishaan Kor,2026-07-28,02:00:45,-07:00,2026-07-27T19:00:45-07:00,2,30
.github/workflows/deploy.yml,49,yml,d5dd402,Ishaan Kor,2026-07-28,02:00:45,-07:00,2026-07-27T19:00:45-07:00,2,30
.github/workflows/deploy.yml,50,yml,d5dd402,Ishaan Kor,2026-07-28,02:00:45,-07:00,2026-07-27T19:00:45-07:00,2,30
app/globals.css,1,css,d5dd402,Ishaan Kor,2026-07-28,02:00:45,-07:00,2026-07-27T19:00:45-07:00,1,30
app/globals.css,2,css,d5dd402,Ishaan Kor,2026-07-28,02:00:45,-07:00,2026-07-27T19:00:45-07:00,1,30
app/globals.css,3,css,d5dd402,Ishaan Kor,2026-07-28,02:00:45,-07:00,2026-07-27T19:00:45-07:00,1,30
app/globals.css,4,css,d5dd402,Ishaan Kor,2026-07-28,02:00:45,-07:00,2026-07-27T19:00:45-07:00,1,30
app/globals.css,5,css,d5dd402,Ishaan Kor,2026-07-28,02:00:45,-07:00,2026-07-27T19:00:45-07:00,1,30
app/globals.css,6,css,d5dd402,Ishaan Kor,2026-07-28,02:00:45,-07:00,2026-07-27T19:00:45-07:00,1,30
app/globals.css,7,css,d5dd402,Ishaan Kor,2026-07-28,02:00:45,-07:00,2026-07-27T19:00:45-07:00,1,30
app/globals.css,8,css,d5dd402,Ishaan Kor,2026-07-28,02:00:45,-07:00,2026-07-27T19:00:45-07:00,1,30
app/globals.css,9,css,d5dd402,Ishaan Kor,2026-07-28,02:00:45,-07:00,2026-07-27T19:00:45-07:00,1,30
app/globals.css,10,css,d5dd402,Ishaan Kor,2026-07-28,02:00:45,-07:00,2026-07-27T19:00:45-07:00,1,30
app/globals.css,11,css,d5dd402,Ishaan Kor,2026-07-28,02:00:45,-07:00,2026-07-27T19:00:45-07:00,1,30
app/globals.css,12,css,d5dd402,Ishaan Kor,2026-07-28,02:00:45,-07:00,2026-07-27T19:00:45-07:00,1,30
app/globals.css,13,css,d5dd402,Ishaan Kor,2026-07-28,02:00:45,-07:00,2026-07-27T19:00:45-07:00,1,30
app/globals.css,14,css,d5dd402,Ishaan Kor,2026-07-28,02:00:45,-07:00,2026-07-27T19:00:45-07:00,1,30
app/globals.css,15,css,d5dd402,Ishaan Kor,2026-07-28,02:00:45,-07:00,2026-07-27T19:00:45-07:00,1,30
app/globals.css,16,css,d5dd402,Ishaan Kor,2026-07-28,02:00:45,-07:00,2026-07-27T19:00:45-07:00,1,30
app/globals.css,17,css,d5dd402,Ishaan Kor,2026-07-28,02:00:45,-07:00,2026-07-27T19:00:45-07:00,1,30
app/globals.css,18,css,d5dd402,Ishaan Kor,2026-07-28,02:00:45,-07:00,2026-07-27T19:00:45-07:00,1,30
app/globals.css,19,css,d5dd402,Ishaan Kor,2026-07-28,02:00:45,-07:00,2026-07-27T19:00:45-07:00,1,30
app/globals.css,20,css,d5dd402,Ishaan Kor,2026-07-28,02:00:45,-07:00,2026-07-27T19:00:45-07:00,1,30
app/globals.css,21,css,d5dd402,Ishaan Kor,2026-07-28,02:00:45,-07:00,2026-07-27T19:00:45-07:00,1,30
app/globals.css,22,css,d5dd402,Ishaan Kor,2026-07-28,02:00:45,-07:00,2026-07-27T19:00:45-07:00,1,30
app/globals.css,23,css,d5dd402,Ishaan Kor,2026-07-28,02:00:45,-07:00,2026-07-27T19:00:45-07:00,1,30
app/globals.css,24,css,d5dd402,Ishaan Kor,2026-07-28,02:00:45,-07:00,2026-07-27T19:00:45-07:00,1,30
app/globals.css,25,css,d5dd402,Ishaan Kor,2026-07-28,02:00:45,-07:00,2026-07-27T19:00:45-07:00,1,30
app/globals.css,26,css,d5dd402,Ishaan Kor,2026-07-28,02:00:45,-07:00,2026-07-27T19:00:45-07:00,1,30
app/globals.css,27,css,d5dd402,Ishaan Kor,2026-07-28,02:00:45,-07:00,2026-07-27T19:00:45-07:00,1,30
app/globals.css,28,css,d5dd402,Ishaan Kor,2026-07-28,02:00:45,-07:00,2026-07-27T19:00:45-07:00,1,30
app/globals.css,29,css,d5dd402,Ishaan Kor,2026-07-28,02:00:45,-07:00,2026-07-27T19:00:45-07:00,1,30
app/globals.css,30,css,d5dd402,Ishaan Kor,2026-07-28,02:00:45,-07:00,2026-07-27T19:00:45-07:00,1,30
app/globals.css,31,css,d5dd402,Ishaan Kor,2026-07-28,02:00:45,-07:00,2026-07-27T19:00:45-07:00,1,30
app/globals.css,32,css,d5dd402,Ishaan Kor,2026-07-28,02:00:45,-07:00,2026-07-27T19:00:45-07:00,1,30
app/globals.css,33,css,d5dd402,Ishaan Kor,2026-07-28,02:00:45,-07:00,2026-07-27T19:00:45-07:00,1,30
app/globals.css,34,css,d5dd402,Ishaan Kor,2026-07-28,02:00:45,-07:00,2026-07-27T19:00:45-07:00,1,30
app/globals.css,35,css,d5dd402,Ishaan Kor,2026-07-28,02:00:45,-07:00,2026-07-27T19:00:45-07:00,1,30
app/globals.css,36,css,d5dd402,Ishaan Kor,2026-07-28,02:00:45,-07:00,2026-07-27T19:00:45-07:00,1,30
app/globals.css,37,css,d5dd402,Ishaan Kor,2026-07-28,02:00:45,-07:00,2026-07-27T19:00:45-07:00,1,30
app/globals.css,38,css,d5dd402,Ishaan Kor,2026-07-28,02:00:45,-07:00,2026-07-27T19:00:45-07:00,1,30
app/globals.css,39,css,d5dd402,Ishaan Kor,2026-07-28,02:00:45,-07:00,2026-07-27T19:00:45-07:00,1,30
app/globals.css,40,css,d5dd402,Ishaan Kor,2026-07-28,02:00:45,-07:00,2026-07-27T19:00:45-07:00,1,30
app/globals.css,41,css,d5dd402,Ishaan Kor,2026-07-28,02:00:45,-07:00,2026-07-27T19:00:45-07:00,1,30
app/globals.css,42,css,d5dd402,Ishaan Kor,2026-07-28,02:00:45,-07:00,2026-07-27T19:00:45-07:00,1,30
app/globals.css,43,css,d5dd402,Ishaan Kor,2026-07-28,02:00:45,-07:00,2026-07-27T19:00:45-07:00,1,30
app/globals.css,44,css,d5dd402,Ishaan Kor,2026-07-28,02:00:45,-07:00,2026-07-27T19:00:45-07:00,1,30
app/globals.css,45,css,d5dd402,Ishaan Kor,2026-07-28,02:00:45,-07:00,2026-07-27T19:00:45-07:00,1,30
app/globals.css,46,css,d5dd402,Ishaan Kor,2026-07-28,02:00:45,-07:00,2026-07-27T19:00:45-07:00,1,30
app/globals.css,47,css,d5dd402,Ishaan Kor,2026-07-28,02:00:45,-07:00,2026-07-27T19:00:45-07:00,1,30
app/globals.css,48,css,d5dd402,Ishaan Kor,2026-07-28,02:00:45,-07:00,2026-07-27T19:00:45-07:00,1,30
app/globals.css,49,css,d5dd402,Ishaan Kor,2026-07-28,02:00:45,-07:00,2026-07-27T19:00:45-07:00,1,30
app/globals.css,50,css,d5dd402,Ishaan Kor,2026-07-28,02:00:45,-07:00,2026-07-27T19:00:45-07:00,1,30
app/page.tsx,1,tsx,d5dd402,Ishaan Kor,2026-07-28,02:00:45,-07:00,2026-07-27T19:00:45-07:00,1,30
app/page.tsx,2,tsx,d5dd402,Ishaan Kor,2026-07-28,02:00:45,-07:00,2026-07-27T19:00:45-07:00,1,30
app/page.tsx,3,tsx,d5dd402,Ishaan Kor,2026-07-28,02:00:45,-07:00,2026-07-27T19:00:45-07:00,1,30
app/page.tsx,4,tsx,d5dd402,Ishaan Kor,2026-07-28,02:00:45,-07:00,2026-07-27T19:00:45-07:00,1,30
app/page.tsx,5,tsx,d5dd402,Ishaan Kor,2026-07-28,02:00:45,-07:00,2026-07-27T19:00:45-07:00,1,30
app/page.tsx,6,tsx,d5dd402,Ishaan Kor,2026-07-28,02:00:45,-07:00,2026-07-27T19:00:45-07:00,1,30
app/page.tsx,7,tsx,d5dd402,Ishaan Kor,2026-07-28,02:00:45,-07:00,2026-07-27T19:00:45-07:00,1,30
app/page.tsx,8,tsx,d5dd402,Ishaan Kor,2026-07-28,02:00:45,-07:00,2026-07-27T19:00:45-07:00,1,30
app/page.tsx,9,tsx,d5dd402,Ishaan Kor,2026-07-28,02:00:45,-07:00,2026-07-27T19:00:45-07:00,1,30
app/page.tsx,10,tsx,d5dd402,Ishaan Kor,2026-07-28,02:00:45,-07:00,2026-07-27T19:00:45-07:00,1,30
components/contact/ContactSection.tsx,1,tsx,d5dd402,Ishaan Kor,2026-07-28,02:00:45,-07:00,2026-07-27T19:00:45-07:00,2,30
components/contact/ContactSection.tsx,2,tsx,d5dd402,Ishaan Kor,2026-07-28,02:00:45,-07:00,2026-07-27T19:00:45-07:00,2,30
components/contact/ContactSection.tsx,3,tsx,d5dd402,Ishaan Kor,2026-07-28,02:00:45,-07:00,2026-07-27T19:00:45-07:00,2,30
components/contact/ContactSection.tsx,4,tsx,d5dd402,Ishaan Kor,2026-07-28,02:00:45,-07:00,2026-07-27T19:00:45-07:00,2,30
components/contact/ContactSection.tsx,5,tsx,d5dd402,Ishaan Kor,2026-07-28,02:00:45,-07:00,2026-07-27T19:00:45-07:00,2,30
components/contact/ContactSection.tsx,6,tsx,d5dd402,Ishaan Kor,2026-07-28,02:00:45,-07:00,2026-07-27T19:00:45-07:00,2,30
components/contact/ContactSection.tsx,7,tsx,d5dd402,Ishaan Kor,2026-07-28,02:00:45,-07:00,2026-07-27T19:00:45-07:00,2,30
components/contact/ContactSection.tsx,8,tsx,d5dd402,Ishaan Kor,2026-07-28,02:00:45,-07:00,2026-07-27T19:00:45-07:00,2,30
components/contact/ContactSection.tsx,9,tsx,d5dd402,Ishaan Kor,2026-07-28,02:00:45,-07:00,2026-07-27T19:00:45-07:00,2,30
components/contact/ContactSection.tsx,10,tsx,d5dd402,Ishaan Kor,2026-07-28,02:00:45,-07:00,2026-07-27T19:00:45-07:00,2,30
components/contact/ContactSection.tsx,11,tsx,d5dd402,Ishaan Kor,2026-07-28,02:00:45,-07:00,2026-07-27T19:00:45-07:00,2,30
components/contact/ContactSection.tsx,12,tsx,d5dd402,Ishaan Kor,2026-07-28,02:00:45,-07:00,2026-07-27T19:00:45-07:00,2,30
components/contact/ContactSection.tsx,13,tsx,d5dd402,Ishaan Kor,2026-07-28,02:00:45,-07:00,2026-07-27T19:00:45-07:00,2,30
components/contact/ContactSection.tsx,14,tsx,d5dd402,Ishaan Kor,2026-07-28,02:00:45,-07:00,2026-07-27T19:00:45-07:00,2,30
components/contact/ContactSection.tsx,15,tsx,d5dd402,Ishaan Kor,2026-07-28,02:00:45,-07:00,2026-07-27T19:00:45-07:00,2,30
components/contact/ContactSection.tsx,16,tsx,d5dd402,Ishaan Kor,2026-07-28,02:00:45,-07:00,2026-07-27T19:00:45-07:00,2,30
components/contact/ContactSection.tsx,17,tsx,d5dd402,Ishaan Kor,2026-07-28,02:00:45,-07:00,2026-07-27T19:00:45-07:00,2,30
components/contact/ContactSection.tsx,18,tsx,d5dd402,Ishaan Kor,2026-07-28,02:00:45,-07:00,2026-07-27T19:00:45-07:00,2,30
components/contact/ContactSection.tsx,19,tsx,d5dd402,Ishaan Kor,2026-07-28,02:00:45,-07:00,2026-07-27T19:00:45-07:00,2,30
components/contact/ContactSection.tsx,20,tsx,d5dd402,Ishaan Kor,2026-07-28,02:00:45,-07:00,2026-07-27T19:00:45-07:00,2,30
components/contact/ContactSection.tsx,21,tsx,d5dd402,Ishaan Kor,2026-07-28,02:00:45,-07:00,2026-07-27T19:00:45-07:00,2,30
components/contact/ContactSection.tsx,22,tsx,d5dd402,Ishaan Kor,2026-07-28,02:00:45,-07:00,2026-07-27T19:00:45-07:00,2,30
components/contact/ContactSection.tsx,23,tsx,d5dd402,Ishaan Kor,2026-07-28,02:00:45,-07:00,2026-07-27T19:00:45-07:00,2,30
components/contact/ContactSection.tsx,24,tsx,d5dd402,Ishaan Kor,2026-07-28,02:00:45,-07:00,2026-07-27T19:00:45-07:00,2,30
components/contact/ContactSection.tsx,25,tsx,d5dd402,Ishaan Kor,2026-07-28,02:00:45,-07:00,2026-07-27T19:00:45-07:00,2,30
components/contact/ContactSection.tsx,26,tsx,d5dd402,Ishaan Kor,2026-07-28,02:00:45,-07:00,2026-07-27T19:00:45-07:00,2,30
components/contact/ContactSection.tsx,27,tsx,d5dd402,Ishaan Kor,2026-07-28,02:00:45,-07:00,2026-07-27T19:00:45-07:00,2,30
components/contact/ContactSection.tsx,28,tsx,d5dd402,Ishaan Kor,2026-07-28,02:00:45,-07:00,2026-07-27T19:00:45-07:00,2,30
components/contact/ContactSection.tsx,29,tsx,d5dd402,Ishaan Kor,2026-07-28,02:00:45,-07:00,2026-07-27T19:00:45-07:00,2,30
components/contact/ContactSection.tsx,30,tsx,d5dd402,Ishaan Kor,2026-07-28,02:00:45,-07:00,2026-07-27T19:00:45-07:00,2,30
components/contact/ContactSection.tsx,31,tsx,d5dd402,Ishaan Kor,2026-07-28,02:00:45,-07:00,2026-07-27T19:00:45-07:00,2,30
components/contact/ContactSection.tsx,32,tsx,d5dd402,Ishaan Kor,2026-07-28,02:00:45,-07:00,2026-07-27T19:00:45-07:00,2,30
components/contact/ContactSection.tsx,33,tsx,d5dd402,Ishaan Kor,2026-07-28,02:00:45,-07:00,2026-07-27T19:00:45-07:00,2,30
components/contact/ContactSection.tsx,34,tsx,d5dd402,Ishaan Kor,2026-07-28,02:00:45,-07:00,2026-07-27T19:00:45-07:00,2,30
components/contact/ContactSection.tsx,35,tsx,d5dd402,Ishaan Kor,2026-07-28,02:00:45,-07:00,2026-07-27T19:00:45-07:00,2,30
components/contact/ContactSection.tsx,36,tsx,d5dd402,Ishaan Kor,2026-07-28,02:00:45,-07:00,2026-07-27T19:00:45-07:00,2,30
components/contact/ContactSection.tsx,37,tsx,d5dd402,Ishaan Kor,2026-07-28,02:00:45,-07:00,2026-07-27T19:00:45-07:00,2,30
components/contact/ContactSection.tsx,38,tsx,d5dd402,Ishaan Kor,2026-07-28,02:00:45,-07:00,2026-07-27T19:00:45-07:00,2,30
components/contact/ContactSection.tsx,39,tsx,d5dd402,Ishaan Kor,2026-07-28,02:00:45,-07:00,2026-07-27T19:00:45-07:00,2,30
components/contact/ContactSection.tsx,40,tsx,d5dd402,Ishaan Kor,2026-07-28,02:00:45,-07:00,2026-07-27T19:00:45-07:00,2,30
components/contact/ContactSection.tsx,41,tsx,d5dd402,Ishaan Kor,2026-07-28,02:00:45,-07:00,2026-07-27T19:00:45-07:00,2,30
components/contact/ContactSection.tsx,42,tsx,d5dd402,Ishaan Kor,2026-07-28,02:00:45,-07:00,2026-07-27T19:00:45-07:00,2,30
components/contact/ContactSection.tsx,43,tsx,d5dd402,Ishaan Kor,2026-07-28,02:00:45,-07:00,2026-07-27T19:00:45-07:00,2,30
components/contact/ContactSection.tsx,44,tsx,d5dd402,Ishaan Kor,2026-07-28,02:00:45,-07:00,2026-07-27T19:00:45-07:00,2,30
components/contact/ContactSection.tsx,45,tsx,d5dd402,Ishaan Kor,2026-07-28,02:00:45,-07:00,2026-07-27T19:00:45-07:00,2,30
components/contact/ContactSection.tsx,46,tsx,d5dd402,Ishaan Kor,2026-07-28,02:00:45,-07:00,2026-07-27T19:00:45-07:00,2,30
components/contact/ContactSection.tsx,47,tsx,d5dd402,Ishaan Kor,2026-07-28,02:00:45,-07:00,2026-07-27T19:00:45-07:00,2,30
components/contact/ContactSection.tsx,48,tsx,d5dd402,Ishaan Kor,2026-07-28,02:00:45,-07:00,2026-07-27T19:00:45-07:00,2,30
components/contact/ContactSection.tsx,49,tsx,d5dd402,Ishaan Kor,2026-07-28,02:00:45,-07:00,2026-07-27T19:00:45-07:00,2,30
components/contact/ContactSection.tsx,50,tsx,d5dd402,Ishaan Kor,2026-07-28,02:00:45,-07:00,2026-07-27T19:00:45-07:00,2,30
components/hero/HeroSection.tsx,1,tsx,d5dd402,Ishaan Kor,2026-07-28,02:00:45,-07:00,2026-07-27T19:00:45-07:00,2,30
components/hero/HeroSection.tsx,2,tsx,d5dd402,Ishaan Kor,2026-07-28,02:00:45,-07:00,2026-07-27T19:00:45-07:00,2,30
components/hero/HeroSection.tsx,3,tsx,d5dd402,Ishaan Kor,2026-07-28,02:00:45,-07:00,2026-07-27T19:00:45-07:00,2,30
components/hero/HeroSection.tsx,4,tsx,d5dd402,Ishaan Kor,2026-07-28,02:00:45,-07:00,2026-07-27T19:00:45-07:00,2,30
components/hero/HeroSection.tsx,5,tsx,d5dd402,Ishaan Kor,2026-07-28,02:00:45,-07:00,2026-07-27T19:00:45-07:00,2,30
components/hero/HeroSection.tsx,6,tsx,d5dd402,Ishaan Kor,2026-07-28,02:00:45,-07:00,2026-07-27T19:00:45-07:00,2,30
components/hero/HeroSection.tsx,7,tsx,d5dd402,Ishaan Kor,2026-07-28,02:00:45,-07:00,2026-07-27T19:00:45-07:00,2,30
components/hero/HeroSection.tsx,8,tsx,d5dd402,Ishaan Kor,2026-07-28,02:00:45,-07:00,2026-07-27T19:00:45-07:00,2,30
components/hero/HeroSection.tsx,9,tsx,d5dd402,Ishaan Kor,2026-07-28,02:00:45,-07:00,2026-07-27T19:00:45-07:00,2,30
components/hero/HeroSection.tsx,10,tsx,d5dd402,Ishaan Kor,2026-07-28,02:00:45,-07:00,2026-07-27T19:00:45-07:00,2,30
components/hero/HeroSection.tsx,11,tsx,d5dd402,Ishaan Kor,2026-07-28,02:00:45,-07:00,2026-07-27T19:00:45-07:00,2,30
components/hero/HeroSection.tsx,12,tsx,d5dd402,Ishaan Kor,2026-07-28,02:00:45,-07:00,2026-07-27T19:00:45-07:00,2,30
components/hero/HeroSection.tsx,13,tsx,d5dd402,Ishaan Kor,2026-07-28,02:00:45,-07:00,2026-07-27T19:00:45-07:00,2,30
components/hero/HeroSection.tsx,14,tsx,d5dd402,Ishaan Kor,2026-07-28,02:00:45,-07:00,2026-07-27T19:00:45-07:00,2,30
components/hero/HeroSection.tsx,15,tsx,d5dd402,Ishaan Kor,2026-07-28,02:00:45,-07:00,2026-07-27T19:00:45-07:00,2,30
components/hero/HeroSection.tsx,16,tsx,d5dd402,Ishaan Kor,2026-07-28,02:00:45,-07:00,2026-07-27T19:00:45-07:00,2,30
components/hero/HeroSection.tsx,17,tsx,d5dd402,Ishaan Kor,2026-07-28,02:00:45,-07:00,2026-07-27T19:00:45-07:00,2,30
components/hero/HeroSection.tsx,18,tsx,d5dd402,Ishaan Kor,2026-07-28,02:00:45,-07:00,2026-07-27T19:00:45-07:00,2,30
components/hero/HeroSection.tsx,19,tsx,d5dd402,Ishaan Kor,2026-07-28,02:00:45,-07:00,2026-07-27T19:00:45-07:00,2,30
components/hero/HeroSection.tsx,20,tsx,d5dd402,Ishaan Kor,2026-07-28,02:00:45,-07:00,2026-07-27T19:00:45-07:00,2,30
components/hero/HeroSection.tsx,21,tsx,d5dd402,Ishaan Kor,2026-07-28,02:00:45,-07:00,2026-07-27T19:00:45-07:00,2,30
components/hero/HeroSection.tsx,22,tsx,d5dd402,Ishaan Kor,2026-07-28,02:00:45,-07:00,2026-07-27T19:00:45-07:00,2,30
components/hero/HeroSection.tsx,23,tsx,d5dd402,Ishaan Kor,2026-07-28,02:00:45,-07:00,2026-07-27T19:00:45-07:00,2,30
components/hero/HeroSection.tsx,24,tsx,d5dd402,Ishaan Kor,2026-07-28,02:00:45,-07:00,2026-07-27T19:00:45-07:00,2,30
components/hero/HeroSection.tsx,25,tsx,d5dd402,Ishaan Kor,2026-07-28,02:00:45,-07:00,2026-07-27T19:00:45-07:00,2,30
components/hero/HeroSection.tsx,26,tsx,d5dd402,Ishaan Kor,2026-07-28,02:00:45,-07:00,2026-07-27T19:00:45-07:00,2,30
components/hero/HeroSection.tsx,27,tsx,d5dd402,Ishaan Kor,2026-07-28,02:00:45,-07:00,2026-07-27T19:00:45-07:00,2,30
components/hero/HeroSection.tsx,28,tsx,d5dd402,Ishaan Kor,2026-07-28,02:00:45,-07:00,2026-07-27T19:00:45-07:00,2,30
components/hero/HeroSection.tsx,29,tsx,d5dd402,Ishaan Kor,2026-07-28,02:00:45,-07:00,2026-07-27T19:00:45-07:00,2,30
components/hero/HeroSection.tsx,30,tsx,d5dd402,Ishaan Kor,2026-07-28,02:00:45,-07:00,2026-07-27T19:00:45-07:00,2,30
components/hero/HeroSection.tsx,31,tsx,d5dd402,Ishaan Kor,2026-07-28,02:00:45,-07:00,2026-07-27T19:00:45-07:00,2,30
components/hero/HeroSection.tsx,32,tsx,d5dd402,Ishaan Kor,2026-07-28,02:00:45,-07:00,2026-07-27T19:00:45-07:00,2,30
components/hero/HeroSection.tsx,33,tsx,d5dd402,Ishaan Kor,2026-07-28,02:00:45,-07:00,2026-07-27T19:00:45-07:00,2,30
components/hero/HeroSection.tsx,34,tsx,d5dd402,Ishaan Kor,2026-07-28,02:00:45,-07:00,2026-07-27T19:00:45-07:00,2,30
components/hero/HeroSection.tsx,35,tsx,d5dd402,Ishaan Kor,2026-07-28,02:00:45,-07:00,2026-07-27T19:00:45-07:00,2,30
components/hero/HeroSection.tsx,36,tsx,d5dd402,Ishaan Kor,2026-07-28,02:00:45,-07:00,2026-07-27T19:00:45-07:00,2,30
components/hero/HeroSection.tsx,37,tsx,d5dd402,Ishaan Kor,2026-07-28,02:00:45,-07:00,2026-07-27T19:00:45-07:00,2,30
components/hero/HeroSection.tsx,38,tsx,d5dd402,Ishaan Kor,2026-07-28,02:00:45,-07:00,2026-07-27T19:00:45-07:00,2,30
components/hero/HeroSection.tsx,39,tsx,d5dd402,Ishaan Kor,2026-07-28,02:00:45,-07:00,2026-07-27T19:00:45-07:00,2,30
components/hero/HeroSection.tsx,40,tsx,d5dd402,Ishaan Kor,2026-07-28,02:00:45,-07:00,2026-07-27T19:00:45-07:00,2,30
components/hero/HeroSection.tsx,41,tsx,d5dd402,Ishaan Kor,2026-07-28,02:00:45,-07:00,2026-07-27T19:00:45-07:00,2,30
components/hero/HeroSection.tsx,42,tsx,d5dd402,Ishaan Kor,2026-07-28,02:00:45,-07:00,2026-07-27T19:00:45-07:00,2,30
components/hero/HeroSection.tsx,43,tsx,d5dd402,Ishaan Kor,2026-07-28,02:00:45,-07:00,2026-07-27T19:00:45-07:00,2,30
components/hero/HeroSection.tsx,44,tsx,d5dd402,Ishaan Kor,2026-07-28,02:00:45,-07:00,2026-07-27T19:00:45-07:00,2,30
components/hero/HeroSection.tsx,45,tsx,d5dd402,Ishaan Kor,2026-07-28,02:00:45,-07:00,2026-07-27T19:00:45-07:00,2,30
components/hero/HeroSection.tsx,46,tsx,d5dd402,Ishaan Kor,2026-07-28,02:00:45,-07:00,2026-07-27T19:00:45-07:00,2,30
components/hero/HeroSection.tsx,47,tsx,d5dd402,Ishaan Kor,2026-07-28,02:00:45,-07:00,2026-07-27T19:00:45-07:00,2,30
components/hero/HeroSection.tsx,48,tsx,d5dd402,Ishaan Kor,2026-07-28,02:00:45,-07:00,2026-07-27T19:00:45-07:00,2,30
components/hero/HeroSection.tsx,49,tsx,d5dd402,Ishaan Kor,2026-07-28,02:00:45,-07:00,2026-07-27T19:00:45-07:00,2,30
components/hero/HeroSection.tsx,50,tsx,d5dd402,Ishaan Kor,2026-07-28,02:00:45,-07:00,2026-07-27T19:00:45-07:00,2,30
components/layout/Footer.tsx,1,tsx,d5dd402,Ishaan Kor,2026-07-28,02:00:45,-07:00,2026-07-27T19:00:45-07:00,2,30
components/layout/Footer.tsx,2,tsx,d5dd402,Ishaan Kor,2026-07-28,02:00:45,-07:00,2026-07-27T19:00:45-07:00,2,30
components/layout/Footer.tsx,3,tsx,d5dd402,Ishaan Kor,2026-07-28,02:00:45,-07:00,2026-07-27T19:00:45-07:00,2,30
components/layout/Footer.tsx,4,tsx,d5dd402,Ishaan Kor,2026-07-28,02:00:45,-07:00,2026-07-27T19:00:45-07:00,2,30
components/layout/Footer.tsx,5,tsx,d5dd402,Ishaan Kor,2026-07-28,02:00:45,-07:00,2026-07-27T19:00:45-07:00,2,30
components/layout/Footer.tsx,6,tsx,d5dd402,Ishaan Kor,2026-07-28,02:00:45,-07:00,2026-07-27T19:00:45-07:00,2,30
components/layout/Footer.tsx,7,tsx,d5dd402,Ishaan Kor,2026-07-28,02:00:45,-07:00,2026-07-27T19:00:45-07:00,2,30
components/layout/Footer.tsx,8,tsx,d5dd402,Ishaan Kor,2026-07-28,02:00:45,-07:00,2026-07-27T19:00:45-07:00,2,30
components/layout/Footer.tsx,9,tsx,d5dd402,Ishaan Kor,2026-07-28,02:00:45,-07:00,2026-07-27T19:00:45-07:00,2,30
components/layout/Footer.tsx,10,tsx,d5dd402,Ishaan Kor,2026-07-28,02:00:45,-07:00,2026-07-27T19:00:45-07:00,2,30
components/layout/Footer.tsx,11,tsx,d5dd402,Ishaan Kor,2026-07-28,02:00:45,-07:00,2026-07-27T19:00:45-07:00,2,30
components/layout/Footer.tsx,12,tsx,d5dd402,Ishaan Kor,2026-07-28,02:00:45,-07:00,2026-07-27T19:00:45-07:00,2,30
components/layout/Footer.tsx,13,tsx,d5dd402,Ishaan Kor,2026-07-28,02:00:45,-07:00,2026-07-27T19:00:45-07:00,2,30
components/layout/Footer.tsx,14,tsx,d5dd402,Ishaan Kor,2026-07-28,02:00:45,-07:00,2026-07-27T19:00:45-07:00,2,30
components/layout/Footer.tsx,15,tsx,d5dd402,Ishaan Kor,2026-07-28,02:00:45,-07:00,2026-07-27T19:00:45-07:00,2,30
components/layout/Footer.tsx,16,tsx,d5dd402,Ishaan Kor,2026-07-28,02:00:45,-07:00,2026-07-27T19:00:45-07:00,2,30
components/layout/Footer.tsx,17,tsx,d5dd402,Ishaan Kor,2026-07-28,02:00:45,-07:00,2026-07-27T19:00:45-07:00,2,30
components/layout/Footer.tsx,18,tsx,d5dd402,Ishaan Kor,2026-07-28,02:00:45,-07:00,2026-07-27T19:00:45-07:00,2,30
components/layout/Footer.tsx,19,tsx,d5dd402,Ishaan Kor,2026-07-28,02:00:45,-07:00,2026-07-27T19:00:45-07:00,2,30
components/layout/Footer.tsx,20,tsx,d5dd402,Ishaan Kor,2026-07-28,02:00:45,-07:00,2026-07-27T19:00:45-07:00,2,30
components/layout/Footer.tsx,21,tsx,d5dd402,Ishaan Kor,2026-07-28,02:00:45,-07:00,2026-07-27T19:00:45-07:00,2,30
components/layout/Footer.tsx,22,tsx,d5dd402,Ishaan Kor,2026-07-28,02:00:45,-07:00,2026-07-27T19:00:45-07:00,2,30
components/layout/Footer.tsx,23,tsx,d5dd402,Ishaan Kor,2026-07-28,02:00:45,-07:00,2026-07-27T19:00:45-07:00,2,30
components/layout/Footer.tsx,24,tsx,d5dd402,Ishaan Kor,2026-07-28,02:00:45,-07:00,2026-07-27T19:00:45-07:00,2,30
components/layout/Footer.tsx,25,tsx,d5dd402,Ishaan Kor,2026-07-28,02:00:45,-07:00,2026-07-27T19:00:45-07:00,2,30
components/layout/Footer.tsx,26,tsx,d5dd402,Ishaan Kor,2026-07-28,02:00:45,-07:00,2026-07-27T19:00:45-07:00,2,30
components/layout/Footer.tsx,27,tsx,d5dd402,Ishaan Kor,2026-07-28,02:00:45,-07:00,2026-07-27T19:00:45-07:00,2,30
components/layout/Footer.tsx,28,tsx,d5dd402,Ishaan Kor,2026-07-28,02:00:45,-07:00,2026-07-27T19:00:45-07:00,2,30
components/layout/Footer.tsx,29,tsx,d5dd402,Ishaan Kor,2026-07-28,02:00:45,-07:00,2026-07-27T19:00:45-07:00,2,30
components/layout/Footer.tsx,30,tsx,d5dd402,Ishaan Kor,2026-07-28,02:00:45,-07:00,2026-07-27T19:00:45-07:00,2,30
components/layout/Footer.tsx,31,tsx,d5dd402,Ishaan Kor,2026-07-28,02:00:45,-07:00,2026-07-27T19:00:45-07:00,2,30
components/layout/Footer.tsx,32,tsx,d5dd402,Ishaan Kor,2026-07-28,02:00:45,-07:00,2026-07-27T19:00:45-07:00,2,30
components/layout/Footer.tsx,33,tsx,d5dd402,Ishaan Kor,2026-07-28,02:00:45,-07:00,2026-07-27T19:00:45-07:00,2,30
components/layout/Footer.tsx,34,tsx,d5dd402,Ishaan Kor,2026-07-28,02:00:45,-07:00,2026-07-27T19:00:45-07:00,2,30
components/layout/Footer.tsx,35,tsx,d5dd402,Ishaan Kor,2026-07-28,02:00:45,-07:00,2026-07-27T19:00:45-07:00,2,30
components/layout/Footer.tsx,36,tsx,d5dd402,Ishaan Kor,2026-07-28,02:00:45,-07:00,2026-07-27T19:00:45-07:00,2,30
components/layout/Footer.tsx,37,tsx,d5dd402,Ishaan Kor,2026-07-28,02:00:45,-07:00,2026-07-27T19:00:45-07:00,2,30
components/layout/Footer.tsx,38,tsx,d5dd402,Ishaan Kor,2026-07-28,02:00:45,-07:00,2026-07-27T19:00:45-07:00,2,30
components/layout/Footer.tsx,39,tsx,d5dd402,Ishaan Kor,2026-07-28,02:00:45,-07:00,2026-07-27T19:00:45-07:00,2,30
components/layout/Footer.tsx,40,tsx,d5dd402,Ishaan Kor,2026-07-28,02:00:45,-07:00,2026-07-27T19:00:45-07:00,2,30
components/layout/Footer.tsx,41,tsx,d5dd402,Ishaan Kor,2026-07-28,02:00:45,-07:00,2026-07-27T19:00:45-07:00,2,30
components/layout/Footer.tsx,42,tsx,d5dd402,Ishaan Kor,2026-07-28,02:00:45,-07:00,2026-07-27T19:00:45-07:00,2,30
components/layout/Footer.tsx,43,tsx,d5dd402,Ishaan Kor,2026-07-28,02:00:45,-07:00,2026-07-27T19:00:45-07:00,2,30
components/layout/Footer.tsx,44,tsx,d5dd402,Ishaan Kor,2026-07-28,02:00:45,-07:00,2026-07-27T19:00:45-07:00,2,30
components/layout/Footer.tsx,45,tsx,d5dd402,Ishaan Kor,2026-07-28,02:00:45,-07:00,2026-07-27T19:00:45-07:00,2,30
components/layout/Footer.tsx,46,tsx,d5dd402,Ishaan Kor,2026-07-28,02:00:45,-07:00,2026-07-27T19:00:45-07:00,2,30
components/layout/Footer.tsx,47,tsx,d5dd402,Ishaan Kor,2026-07-28,02:00:45,-07:00,2026-07-27T19:00:45-07:00,2,30
components/layout/Footer.tsx,48,tsx,d5dd402,Ishaan Kor,2026-07-28,02:00:45,-07:00,2026-07-27T19:00:45-07:00,2,30
components/layout/Footer.tsx,49,tsx,d5dd402,Ishaan Kor,2026-07-28,02:00:45,-07:00,2026-07-27T19:00:45-07:00,2,30
components/layout/Footer.tsx,50,tsx,d5dd402,Ishaan Kor,2026-07-28,02:00:45,-07:00,2026-07-27T19:00:45-07:00,2,30
components/layout/Navbar.tsx,1,tsx,d5dd402,Ishaan Kor,2026-07-28,02:00:45,-07:00,2026-07-27T19:00:45-07:00,2,30
components/layout/Navbar.tsx,2,tsx,d5dd402,Ishaan Kor,2026-07-28,02:00:45,-07:00,2026-07-27T19:00:45-07:00,2,30
components/layout/Navbar.tsx,3,tsx,d5dd402,Ishaan Kor,2026-07-28,02:00:45,-07:00,2026-07-27T19:00:45-07:00,2,30
components/layout/Navbar.tsx,4,tsx,d5dd402,Ishaan Kor,2026-07-28,02:00:45,-07:00,2026-07-27T19:00:45-07:00,2,30
components/layout/Navbar.tsx,5,tsx,d5dd402,Ishaan Kor,2026-07-28,02:00:45,-07:00,2026-07-27T19:00:45-07:00,2,30
components/layout/Navbar.tsx,6,tsx,d5dd402,Ishaan Kor,2026-07-28,02:00:45,-07:00,2026-07-27T19:00:45-07:00,2,30
components/layout/Navbar.tsx,7,tsx,d5dd402,Ishaan Kor,2026-07-28,02:00:45,-07:00,2026-07-27T19:00:45-07:00,2,30
components/layout/Navbar.tsx,8,tsx,d5dd402,Ishaan Kor,2026-07-28,02:00:45,-07:00,2026-07-27T19:00:45-07:00,2,30
components/layout/Navbar.tsx,9,tsx,d5dd402,Ishaan Kor,2026-07-28,02:00:45,-07:00,2026-07-27T19:00:45-07:00,2,30
components/layout/Navbar.tsx,10,tsx,d5dd402,Ishaan Kor,2026-07-28,02:00:45,-07:00,2026-07-27T19:00:45-07:00,2,30
components/layout/Navbar.tsx,11,tsx,d5dd402,Ishaan Kor,2026-07-28,02:00:45,-07:00,2026-07-27T19:00:45-07:00,2,30
components/layout/Navbar.tsx,12,tsx,d5dd402,Ishaan Kor,2026-07-28,02:00:45,-07:00,2026-07-27T19:00:45-07:00,2,30
components/layout/Navbar.tsx,13,tsx,d5dd402,Ishaan Kor,2026-07-28,02:00:45,-07:00,2026-07-27T19:00:45-07:00,2,30
components/layout/Navbar.tsx,14,tsx,d5dd402,Ishaan Kor,2026-07-28,02:00:45,-07:00,2026-07-27T19:00:45-07:00,2,30
components/layout/Navbar.tsx,15,tsx,d5dd402,Ishaan Kor,2026-07-28,02:00:45,-07:00,2026-07-27T19:00:45-07:00,2,30
components/layout/Navbar.tsx,16,tsx,d5dd402,Ishaan Kor,2026-07-28,02:00:45,-07:00,2026-07-27T19:00:45-07:00,2,30
components/layout/Navbar.tsx,17,tsx,d5dd402,Ishaan Kor,2026-07-28,02:00:45,-07:00,2026-07-27T19:00:45-07:00,2,30
components/layout/Navbar.tsx,18,tsx,d5dd402,Ishaan Kor,2026-07-28,02:00:45,-07:00,2026-07-27T19:00:45-07:00,2,30
components/layout/Navbar.tsx,19,tsx,d5dd402,Ishaan Kor,2026-07-28,02:00:45,-07:00,2026-07-27T19:00:45-07:00,2,30
components/layout/Navbar.tsx,20,tsx,d5dd402,Ishaan Kor,2026-07-28,02:00:45,-07:00,2026-07-27T19:00:45-07:00,2,30
components/layout/Navbar.tsx,21,tsx,d5dd402,Ishaan Kor,2026-07-28,02:00:45,-07:00,2026-07-27T19:00:45-07:00,2,30
components/layout/Navbar.tsx,22,tsx,d5dd402,Ishaan Kor,2026-07-28,02:00:45,-07:00,2026-07-27T19:00:45-07:00,2,30
components/layout/Navbar.tsx,23,tsx,d5dd402,Ishaan Kor,2026-07-28,02:00:45,-07:00,2026-07-27T19:00:45-07:00,2,30
components/layout/Navbar.tsx,24,tsx,d5dd402,Ishaan Kor,2026-07-28,02:00:45,-07:00,2026-07-27T19:00:45-07:00,2,30
components/layout/Navbar.tsx,25,tsx,d5dd402,Ishaan Kor,2026-07-28,02:00:45,-07:00,2026-07-27T19:00:45-07:00,2,30
components/layout/Navbar.tsx,26,tsx,d5dd402,Ishaan Kor,2026-07-28,02:00:45,-07:00,2026-07-27T19:00:45-07:00,2,30
components/layout/Navbar.tsx,27,tsx,d5dd402,Ishaan Kor,2026-07-28,02:00:45,-07:00,2026-07-27T19:00:45-07:00,2,30
components/layout/Navbar.tsx,28,tsx,d5dd402,Ishaan Kor,2026-07-28,02:00:45,-07:00,2026-07-27T19:00:45-07:00,2,30
components/layout/Navbar.tsx,29,tsx,d5dd402,Ishaan Kor,2026-07-28,02:00:45,-07:00,2026-07-27T19:00:45-07:00,2,30
components/layout/Navbar.tsx,30,tsx,d5dd402,Ishaan Kor,2026-07-28,02:00:45,-07:00,2026-07-27T19:00:45-07:00,2,30
components/layout/Navbar.tsx,31,tsx,d5dd402,Ishaan Kor,2026-07-28,02:00:45,-07:00,2026-07-27T19:00:45-07:00,2,30
components/layout/Navbar.tsx,32,tsx,d5dd402,Ishaan Kor,2026-07-28,02:00:45,-07:00,2026-07-27T19:00:45-07:00,2,30
components/layout/Navbar.tsx,33,tsx,d5dd402,Ishaan Kor,2026-07-28,02:00:45,-07:00,2026-07-27T19:00:45-07:00,2,30
components/layout/Navbar.tsx,34,tsx,d5dd402,Ishaan Kor,2026-07-28,02:00:45,-07:00,2026-07-27T19:00:45-07:00,2,30
components/layout/Navbar.tsx,35,tsx,d5dd402,Ishaan Kor,2026-07-28,02:00:45,-07:00,2026-07-27T19:00:45-07:00,2,30
components/layout/Navbar.tsx,36,tsx,d5dd402,Ishaan Kor,2026-07-28,02:00:45,-07:00,2026-07-27T19:00:45-07:00,2,30
components/layout/Navbar.tsx,37,tsx,d5dd402,Ishaan Kor,2026-07-28,02:00:45,-07:00,2026-07-27T19:00:45-07:00,2,30
components/layout/Navbar.tsx,38,tsx,d5dd402,Ishaan Kor,2026-07-28,02:00:45,-07:00,2026-07-27T19:00:45-07:00,2,30
components/layout/Navbar.tsx,39,tsx,d5dd402,Ishaan Kor,2026-07-28,02:00:45,-07:00,2026-07-27T19:00:45-07:00,2,30
components/layout/Navbar.tsx,40,tsx,d5dd402,Ishaan Kor,2026-07-28,02:00:45,-07:00,2026-07-27T19:00:45-07:00,2,30
components/layout/Navbar.tsx,41,tsx,d5dd402,Ishaan Kor,2026-07-28,02:00:45,-07:00,2026-07-27T19:00:45-07:00,2,30
components/layout/Navbar.tsx,42,tsx,d5dd402,Ishaan Kor,2026-07-28,02:00:45,-07:00,2026-07-27T19:00:45-07:00,2,30
components/layout/Navbar.tsx,43,tsx,d5dd402,Ishaan Kor,2026-07-28,02:00:45,-07:00,2026-07-27T19:00:45-07:00,2,30
components/layout/Navbar.tsx,44,tsx,d5dd402,Ishaan Kor,2026-07-28,02:00:45,-07:00,2026-07-27T19:00:45-07:00,2,30
components/layout/Navbar.tsx,45,tsx,d5dd402,Ishaan Kor,2026-07-28,02:00:45,-07:00,2026-07-27T19:00:45-07:00,2,30
components/layout/Navbar.tsx,46,tsx,d5dd402,Ishaan Kor,2026-07-28,02:00:45,-07:00,2026-07-27T19:00:45-07:00,2,30
components/layout/Navbar.tsx,47,tsx,d5dd402,Ishaan Kor,2026-07-28,02:00:45,-07:00,2026-07-27T19:00:45-07:00,2,30
components/layout/Navbar.tsx,48,tsx,d5dd402,Ishaan Kor,2026-07-28,02:00:45,-07:00,2026-07-27T19:00:45-07:00,2,30
components/layout/Navbar.tsx,49,tsx,d5dd402,Ishaan Kor,2026-07-28,02:00:45,-07:00,2026-07-27T19:00:45-07:00,2,30
components/layout/Navbar.tsx,50,tsx,d5dd402,Ishaan Kor,2026-07-28,02:00:45,-07:00,2026-07-27T19:00:45-07:00,2,30
components/projects/ProjectsShowcase.tsx,1,tsx,d5dd402,Ishaan Kor,2026-07-28,02:00:45,-07:00,2026-07-27T19:00:45-07:00,2,30
components/projects/ProjectsShowcase.tsx,2,tsx,d5dd402,Ishaan Kor,2026-07-28,02:00:45,-07:00,2026-07-27T19:00:45-07:00,2,30
components/projects/ProjectsShowcase.tsx,3,tsx,d5dd402,Ishaan Kor,2026-07-28,02:00:45,-07:00,2026-07-27T19:00:45-07:00,2,30
components/projects/ProjectsShowcase.tsx,4,tsx,d5dd402,Ishaan Kor,2026-07-28,02:00:45,-07:00,2026-07-27T19:00:45-07:00,2,30
components/projects/ProjectsShowcase.tsx,5,tsx,d5dd402,Ishaan Kor,2026-07-28,02:00:45,-07:00,2026-07-27T19:00:45-07:00,2,30
components/projects/ProjectsShowcase.tsx,6,tsx,d5dd402,Ishaan Kor,2026-07-28,02:00:45,-07:00,2026-07-27T19:00:45-07:00,2,30
components/projects/ProjectsShowcase.tsx,7,tsx,d5dd402,Ishaan Kor,2026-07-28,02:00:45,-07:00,2026-07-27T19:00:45-07:00,2,30
components/projects/ProjectsShowcase.tsx,8,tsx,d5dd402,Ishaan Kor,2026-07-28,02:00:45,-07:00,2026-07-27T19:00:45-07:00,2,30
components/projects/ProjectsShowcase.tsx,9,tsx,d5dd402,Ishaan Kor,2026-07-28,02:00:45,-07:00,2026-07-27T19:00:45-07:00,2,30
components/projects/ProjectsShowcase.tsx,10,tsx,d5dd402,Ishaan Kor,2026-07-28,02:00:45,-07:00,2026-07-27T19:00:45-07:00,2,30
components/projects/ProjectsShowcase.tsx,11,tsx,d5dd402,Ishaan Kor,2026-07-28,02:00:45,-07:00,2026-07-27T19:00:45-07:00,2,30
components/projects/ProjectsShowcase.tsx,12,tsx,d5dd402,Ishaan Kor,2026-07-28,02:00:45,-07:00,2026-07-27T19:00:45-07:00,2,30
components/projects/ProjectsShowcase.tsx,13,tsx,d5dd402,Ishaan Kor,2026-07-28,02:00:45,-07:00,2026-07-27T19:00:45-07:00,2,30
components/projects/ProjectsShowcase.tsx,14,tsx,d5dd402,Ishaan Kor,2026-07-28,02:00:45,-07:00,2026-07-27T19:00:45-07:00,2,30
components/projects/ProjectsShowcase.tsx,15,tsx,d5dd402,Ishaan Kor,2026-07-28,02:00:45,-07:00,2026-07-27T19:00:45-07:00,2,30
components/projects/ProjectsShowcase.tsx,16,tsx,d5dd402,Ishaan Kor,2026-07-28,02:00:45,-07:00,2026-07-27T19:00:45-07:00,2,30
components/projects/ProjectsShowcase.tsx,17,tsx,d5dd402,Ishaan Kor,2026-07-28,02:00:45,-07:00,2026-07-27T19:00:45-07:00,2,30
components/projects/ProjectsShowcase.tsx,18,tsx,d5dd402,Ishaan Kor,2026-07-28,02:00:45,-07:00,2026-07-27T19:00:45-07:00,2,30
components/projects/ProjectsShowcase.tsx,19,tsx,d5dd402,Ishaan Kor,2026-07-28,02:00:45,-07:00,2026-07-27T19:00:45-07:00,2,30
components/projects/ProjectsShowcase.tsx,20,tsx,d5dd402,Ishaan Kor,2026-07-28,02:00:45,-07:00,2026-07-27T19:00:45-07:00,2,30
components/projects/ProjectsShowcase.tsx,21,tsx,d5dd402,Ishaan Kor,2026-07-28,02:00:45,-07:00,2026-07-27T19:00:45-07:00,2,30
components/projects/ProjectsShowcase.tsx,22,tsx,d5dd402,Ishaan Kor,2026-07-28,02:00:45,-07:00,2026-07-27T19:00:45-07:00,2,30
components/projects/ProjectsShowcase.tsx,23,tsx,d5dd402,Ishaan Kor,2026-07-28,02:00:45,-07:00,2026-07-27T19:00:45-07:00,2,30
components/projects/ProjectsShowcase.tsx,24,tsx,d5dd402,Ishaan Kor,2026-07-28,02:00:45,-07:00,2026-07-27T19:00:45-07:00,2,30
components/projects/ProjectsShowcase.tsx,25,tsx,d5dd402,Ishaan Kor,2026-07-28,02:00:45,-07:00,2026-07-27T19:00:45-07:00,2,30
components/projects/ProjectsShowcase.tsx,26,tsx,d5dd402,Ishaan Kor,2026-07-28,02:00:45,-07:00,2026-07-27T19:00:45-07:00,2,30
components/projects/ProjectsShowcase.tsx,27,tsx,d5dd402,Ishaan Kor,2026-07-28,02:00:45,-07:00,2026-07-27T19:00:45-07:00,2,30
components/projects/ProjectsShowcase.tsx,28,tsx,d5dd402,Ishaan Kor,2026-07-28,02:00:45,-07:00,2026-07-27T19:00:45-07:00,2,30
components/projects/ProjectsShowcase.tsx,29,tsx,d5dd402,Ishaan Kor,2026-07-28,02:00:45,-07:00,2026-07-27T19:00:45-07:00,2,30
components/projects/ProjectsShowcase.tsx,30,tsx,d5dd402,Ishaan Kor,2026-07-28,02:00:45,-07:00,2026-07-27T19:00:45-07:00,2,30
components/projects/ProjectsShowcase.tsx,31,tsx,d5dd402,Ishaan Kor,2026-07-28,02:00:45,-07:00,2026-07-27T19:00:45-07:00,2,30
components/projects/ProjectsShowcase.tsx,32,tsx,d5dd402,Ishaan Kor,2026-07-28,02:00:45,-07:00,2026-07-27T19:00:45-07:00,2,30
components/projects/ProjectsShowcase.tsx,33,tsx,d5dd402,Ishaan Kor,2026-07-28,02:00:45,-07:00,2026-07-27T19:00:45-07:00,2,30
components/projects/ProjectsShowcase.tsx,34,tsx,d5dd402,Ishaan Kor,2026-07-28,02:00:45,-07:00,2026-07-27T19:00:45-07:00,2,30
components/projects/ProjectsShowcase.tsx,35,tsx,d5dd402,Ishaan Kor,2026-07-28,02:00:45,-07:00,2026-07-27T19:00:45-07:00,2,30
components/projects/ProjectsShowcase.tsx,36,tsx,d5dd402,Ishaan Kor,2026-07-28,02:00:45,-07:00,2026-07-27T19:00:45-07:00,2,30
components/projects/ProjectsShowcase.tsx,37,tsx,d5dd402,Ishaan Kor,2026-07-28,02:00:45,-07:00,2026-07-27T19:00:45-07:00,2,30
components/projects/ProjectsShowcase.tsx,38,tsx,d5dd402,Ishaan Kor,2026-07-28,02:00:45,-07:00,2026-07-27T19:00:45-07:00,2,30
components/projects/ProjectsShowcase.tsx,39,tsx,d5dd402,Ishaan Kor,2026-07-28,02:00:45,-07:00,2026-07-27T19:00:45-07:00,2,30
components/projects/ProjectsShowcase.tsx,40,tsx,d5dd402,Ishaan Kor,2026-07-28,02:00:45,-07:00,2026-07-27T19:00:45-07:00,2,30
components/projects/ProjectsShowcase.tsx,41,tsx,d5dd402,Ishaan Kor,2026-07-28,02:00:45,-07:00,2026-07-27T19:00:45-07:00,2,30
components/projects/ProjectsShowcase.tsx,42,tsx,d5dd402,Ishaan Kor,2026-07-28,02:00:45,-07:00,2026-07-27T19:00:45-07:00,2,30
components/projects/ProjectsShowcase.tsx,43,tsx,d5dd402,Ishaan Kor,2026-07-28,02:00:45,-07:00,2026-07-27T19:00:45-07:00,2,30
components/projects/ProjectsShowcase.tsx,44,tsx,d5dd402,Ishaan Kor,2026-07-28,02:00:45,-07:00,2026-07-27T19:00:45-07:00,2,30
components/projects/ProjectsShowcase.tsx,45,tsx,d5dd402,Ishaan Kor,2026-07-28,02:00:45,-07:00,2026-07-27T19:00:45-07:00,2,30
components/projects/ProjectsShowcase.tsx,46,tsx,d5dd402,Ishaan Kor,2026-07-28,02:00:45,-07:00,2026-07-27T19:00:45-07:00,2,30
components/projects/ProjectsShowcase.tsx,47,tsx,d5dd402,Ishaan Kor,2026-07-28,02:00:45,-07:00,2026-07-27T19:00:45-07:00,2,30
components/projects/ProjectsShowcase.tsx,48,tsx,d5dd402,Ishaan Kor,2026-07-28,02:00:45,-07:00,2026-07-27T19:00:45-07:00,2,30
components/projects/ProjectsShowcase.tsx,49,tsx,d5dd402,Ishaan Kor,2026-07-28,02:00:45,-07:00,2026-07-27T19:00:45-07:00,2,30
components/projects/ProjectsShowcase.tsx,50,tsx,d5dd402,Ishaan Kor,2026-07-28,02:00:45,-07:00,2026-07-27T19:00:45-07:00,2,30
components/sections/WhatIDo.tsx,1,tsx,d5dd402,Ishaan Kor,2026-07-28,02:00:45,-07:00,2026-07-27T19:00:45-07:00,2,30
components/sections/WhatIDo.tsx,2,tsx,d5dd402,Ishaan Kor,2026-07-28,02:00:45,-07:00,2026-07-27T19:00:45-07:00,2,30
components/sections/WhatIDo.tsx,3,tsx,d5dd402,Ishaan Kor,2026-07-28,02:00:45,-07:00,2026-07-27T19:00:45-07:00,2,30
components/sections/WhatIDo.tsx,4,tsx,d5dd402,Ishaan Kor,2026-07-28,02:00:45,-07:00,2026-07-27T19:00:45-07:00,2,30
components/sections/WhatIDo.tsx,5,tsx,d5dd402,Ishaan Kor,2026-07-28,02:00:45,-07:00,2026-07-27T19:00:45-07:00,2,30
components/sections/WhatIDo.tsx,6,tsx,d5dd402,Ishaan Kor,2026-07-28,02:00:45,-07:00,2026-07-27T19:00:45-07:00,2,30
components/sections/WhatIDo.tsx,7,tsx,d5dd402,Ishaan Kor,2026-07-28,02:00:45,-07:00,2026-07-27T19:00:45-07:00,2,30
components/sections/WhatIDo.tsx,8,tsx,d5dd402,Ishaan Kor,2026-07-28,02:00:45,-07:00,2026-07-27T19:00:45-07:00,2,30
components/sections/WhatIDo.tsx,9,tsx,d5dd402,Ishaan Kor,2026-07-28,02:00:45,-07:00,2026-07-27T19:00:45-07:00,2,30
components/sections/WhatIDo.tsx,10,tsx,d5dd402,Ishaan Kor,2026-07-28,02:00:45,-07:00,2026-07-27T19:00:45-07:00,2,30
components/sections/WhatIDo.tsx,11,tsx,d5dd402,Ishaan Kor,2026-07-28,02:00:45,-07:00,2026-07-27T19:00:45-07:00,2,30
components/sections/WhatIDo.tsx,12,tsx,d5dd402,Ishaan Kor,2026-07-28,02:00:45,-07:00,2026-07-27T19:00:45-07:00,2,30
components/sections/WhatIDo.tsx,13,tsx,d5dd402,Ishaan Kor,2026-07-28,02:00:45,-07:00,2026-07-27T19:00:45-07:00,2,30
components/sections/WhatIDo.tsx,14,tsx,d5dd402,Ishaan Kor,2026-07-28,02:00:45,-07:00,2026-07-27T19:00:45-07:00,2,30
components/sections/WhatIDo.tsx,15,tsx,d5dd402,Ishaan Kor,2026-07-28,02:00:45,-07:00,2026-07-27T19:00:45-07:00,2,30
components/sections/WhatIDo.tsx,16,tsx,d5dd402,Ishaan Kor,2026-07-28,02:00:45,-07:00,2026-07-27T19:00:45-07:00,2,30
components/sections/WhatIDo.tsx,17,tsx,d5dd402,Ishaan Kor,2026-07-28,02:00:45,-07:00,2026-07-27T19:00:45-07:00,2,30
components/sections/WhatIDo.tsx,18,tsx,d5dd402,Ishaan Kor,2026-07-28,02:00:45,-07:00,2026-07-27T19:00:45-07:00,2,30
components/sections/WhatIDo.tsx,19,tsx,d5dd402,Ishaan Kor,2026-07-28,02:00:45,-07:00,2026-07-27T19:00:45-07:00,2,30
components/sections/WhatIDo.tsx,20,tsx,d5dd402,Ishaan Kor,2026-07-28,02:00:45,-07:00,2026-07-27T19:00:45-07:00,2,30
components/sections/WhatIDo.tsx,21,tsx,d5dd402,Ishaan Kor,2026-07-28,02:00:45,-07:00,2026-07-27T19:00:45-07:00,2,30
components/sections/WhatIDo.tsx,22,tsx,d5dd402,Ishaan Kor,2026-07-28,02:00:45,-07:00,2026-07-27T19:00:45-07:00,2,30
components/sections/WhatIDo.tsx,23,tsx,d5dd402,Ishaan Kor,2026-07-28,02:00:45,-07:00,2026-07-27T19:00:45-07:00,2,30
components/sections/WhatIDo.tsx,24,tsx,d5dd402,Ishaan Kor,2026-07-28,02:00:45,-07:00,2026-07-27T19:00:45-07:00,2,30
components/sections/WhatIDo.tsx,25,tsx,d5dd402,Ishaan Kor,2026-07-28,02:00:45,-07:00,2026-07-27T19:00:45-07:00,2,30
components/sections/WhatIDo.tsx,26,tsx,d5dd402,Ishaan Kor,2026-07-28,02:00:45,-07:00,2026-07-27T19:00:45-07:00,2,30
components/sections/WhatIDo.tsx,27,tsx,d5dd402,Ishaan Kor,2026-07-28,02:00:45,-07:00,2026-07-27T19:00:45-07:00,2,30
components/sections/WhatIDo.tsx,28,tsx,d5dd402,Ishaan Kor,2026-07-28,02:00:45,-07:00,2026-07-27T19:00:45-07:00,2,30
components/sections/WhatIDo.tsx,29,tsx,d5dd402,Ishaan Kor,2026-07-28,02:00:45,-07:00,2026-07-27T19:00:45-07:00,2,30
components/sections/WhatIDo.tsx,30,tsx,d5dd402,Ishaan Kor,2026-07-28,02:00:45,-07:00,2026-07-27T19:00:45-07:00,2,30
components/sections/WhatIDo.tsx,31,tsx,d5dd402,Ishaan Kor,2026-07-28,02:00:45,-07:00,2026-07-27T19:00:45-07:00,2,30
components/sections/WhatIDo.tsx,32,tsx,d5dd402,Ishaan Kor,2026-07-28,02:00:45,-07:00,2026-07-27T19:00:45-07:00,2,30
components/sections/WhatIDo.tsx,33,tsx,d5dd402,Ishaan Kor,2026-07-28,02:00:45,-07:00,2026-07-27T19:00:45-07:00,2,30
components/sections/WhatIDo.tsx,34,tsx,d5dd402,Ishaan Kor,2026-07-28,02:00:45,-07:00,2026-07-27T19:00:45-07:00,2,30
components/sections/WhatIDo.tsx,35,tsx,d5dd402,Ishaan Kor,2026-07-28,02:00:45,-07:00,2026-07-27T19:00:45-07:00,2,30
components/sections/WhatIDo.tsx,36,tsx,d5dd402,Ishaan Kor,2026-07-28,02:00:45,-07:00,2026-07-27T19:00:45-07:00,2,30
components/sections/WhatIDo.tsx,37,tsx,d5dd402,Ishaan Kor,2026-07-28,02:00:45,-07:00,2026-07-27T19:00:45-07:00,2,30
components/sections/WhatIDo.tsx,38,tsx,d5dd402,Ishaan Kor,2026-07-28,02:00:45,-07:00,2026-07-27T19:00:45-07:00,2,30
components/sections/WhatIDo.tsx,39,tsx,d5dd402,Ishaan Kor,2026-07-28,02:00:45,-07:00,2026-07-27T19:00:45-07:00,2,30
components/sections/WhatIDo.tsx,40,tsx,d5dd402,Ishaan Kor,2026-07-28,02:00:45,-07:00,2026-07-27T19:00:45-07:00,2,30
components/sections/WhatIDo.tsx,41,tsx,d5dd402,Ishaan Kor,2026-07-28,02:00:45,-07:00,2026-07-27T19:00:45-07:00,2,30
components/sections/WhatIDo.tsx,42,tsx,d5dd402,Ishaan Kor,2026-07-28,02:00:45,-07:00,2026-07-27T19:00:45-07:00,2,30
components/sections/WhatIDo.tsx,43,tsx,d5dd402,Ishaan Kor,2026-07-28,02:00:45,-07:00,2026-07-27T19:00:45-07:00,2,30
components/sections/WhatIDo.tsx,44,tsx,d5dd402,Ishaan Kor,2026-07-28,02:00:45,-07:00,2026-07-27T19:00:45-07:00,2,30
components/sections/WhatIDo.tsx,45,tsx,d5dd402,Ishaan Kor,2026-07-28,02:00:45,-07:00,2026-07-27T19:00:45-07:00,2,30
components/sections/WhatIDo.tsx,46,tsx,d5dd402,Ishaan Kor,2026-07-28,02:00:45,-07:00,2026-07-27T19:00:45-07:00,2,30
components/sections/WhatIDo.tsx,47,tsx,d5dd402,Ishaan Kor,2026-07-28,02:00:45,-07:00,2026-07-27T19:00:45-07:00,2,30
components/sections/WhatIDo.tsx,48,tsx,d5dd402,Ishaan Kor,2026-07-28,02:00:45,-07:00,2026-07-27T19:00:45-07:00,2,30
components/sections/WhatIDo.tsx,49,tsx,d5dd402,Ishaan Kor,2026-07-28,02:00:45,-07:00,2026-07-27T19:00:45-07:00,2,30
components/sections/WhatIDo.tsx,50,tsx,d5dd402,Ishaan Kor,2026-07-28,02:00:45,-07:00,2026-07-27T19:00:45-07:00,2,30
next.config.mjs,1,mjs,d5dd402,Ishaan Kor,2026-07-28,02:00:45,-07:00,2026-07-27T19:00:45-07:00,0,30
next.config.mjs,2,mjs,d5dd402,Ishaan Kor,2026-07-28,02:00:45,-07:00,2026-07-27T19:00:45-07:00,0,30
next.config.mjs,3,mjs,d5dd402,Ishaan Kor,2026-07-28,02:00:45,-07:00,2026-07-27T19:00:45-07:00,0,30
next.config.mjs,4,mjs,d5dd402,Ishaan Kor,2026-07-28,02:00:45,-07:00,2026-07-27T19:00:45-07:00,0,30
next.config.mjs,5,mjs,d5dd402,Ishaan Kor,2026-07-28,02:00:45,-07:00,2026-07-27T19:00:45-07:00,0,30
next.config.mjs,6,mjs,d5dd402,Ishaan Kor,2026-07-28,02:00:45,-07:00,2026-07-27T19:00:45-07:00,0,30
next.config.mjs,7,mjs,d5dd402,Ishaan Kor,2026-07-28,02:00:45,-07:00,2026-07-27T19:00:45-07:00,0,30
next.config.mjs,8,mjs,d5dd402,Ishaan Kor,2026-07-28,02:00:45,-07:00,2026-07-27T19:00:45-07:00,0,30
next.config.mjs,9,mjs,d5dd402,Ishaan Kor,2026-07-28,02:00:45,-07:00,2026-07-27T19:00:45-07:00,0,30
next.config.mjs,10,mjs,d5dd402,Ishaan Kor,2026-07-28,02:00:45,-07:00,2026-07-27T19:00:45-07:00,0,30
next.config.mjs,11,mjs,d5dd402,Ishaan Kor,2026-07-28,02:00:45,-07:00,2026-07-27T19:00:45-07:00,0,30
next.config.mjs,12,mjs,d5dd402,Ishaan Kor,2026-07-28,02:00:45,-07:00,2026-07-27T19:00:45-07:00,0,30
next.config.mjs,13,mjs,d5dd402,Ishaan Kor,2026-07-28,02:00:45,-07:00,2026-07-27T19:00:45-07:00,0,30
next.config.mjs,14,mjs,d5dd402,Ishaan Kor,2026-07-28,02:00:45,-07:00,2026-07-27T19:00:45-07:00,0,30
out/404.html,1,html,d5dd402,Ishaan Kor,2026-07-28,02:00:45,-07:00,2026-07-27T19:00:45-07:00,1,30
out/_next/static/Zrwanxax_BjX1LsLhzoVh/_buildManifest.js,1,js,d5dd402,Ishaan Kor,2026-07-28,02:00:45,-07:00,2026-07-27T19:00:45-07:00,4,30
out/_next/static/Zrwanxax_BjX1LsLhzoVh/_ssgManifest.js,1,js,d5dd402,Ishaan Kor,2026-07-28,02:00:45,-07:00,2026-07-27T19:00:45-07:00,4,30
out/_next/static/chunks/117-beaaa6ae5d921c22.js,1,js,d5dd402,Ishaan Kor,2026-07-28,02:00:45,-07:00,2026-07-27T19:00:45-07:00,4,30
out/_next/static/chunks/117-beaaa6ae5d921c22.js,2,js,d5dd402,Ishaan Kor,2026-07-28,02:00:45,-07:00,2026-07-27T19:00:45-07:00,4,30
out/_next/static/chunks/216-9814d87f2564a689.js,1,js,d5dd402,Ishaan Kor,2026-07-28,02:00:45,-07:00,2026-07-27T19:00:45-07:00,4,30
out/_next/static/chunks/262.e1bd020cda6bb773.js,1,js,d5dd402,Ishaan Kor,2026-07-28,02:00:45,-07:00,2026-07-27T19:00:45-07:00,4,30
out/_next/static/chunks/356-35c8842de1ed36a0.js,1,js,d5dd402,Ishaan Kor,2026-07-28,02:00:45,-07:00,2026-07-27T19:00:45-07:00,4,30
out/_next/static/chunks/55.8fe781d24385487a.js,1,js,d5dd402,Ishaan Kor,2026-07-28,02:00:45,-07:00,2026-07-27T19:00:45-07:00,4,30
out/_next/static/chunks/883-8f2c99760d0082f9.js,1,js,d5dd402,Ishaan Kor,2026-07-28,02:00:45,-07:00,2026-07-27T19:00:45-07:00,4,30
out/_next/static/chunks/app/_not-found/page-cb510ac76467903c.js,1,js,d5dd402,Ishaan Kor,2026-07-28,02:00:45,-07:00,2026-07-27T19:00:45-07:00,6,30
out/_next/static/chunks/app/contact/page-2991cd5897aeb895.js,1,js,d5dd402,Ishaan Kor,2026-07-28,02:00:45,-07:00,2026-07-27T19:00:45-07:00,6,30
out/_next/static/chunks/app/layout-b2662c85b94888fb.js,1,js,d5dd402,Ishaan Kor,2026-07-28,02:00:45,-07:00,2026-07-27T19:00:45-07:00,5,30
out/_next/static/chunks/app/page-222a2156f15b6a95.js,1,js,d5dd402,Ishaan Kor,2026-07-28,02:00:45,-07:00,2026-07-27T19:00:45-07:00,5,30
out/_next/static/chunks/app/projects/page-5b7c5c7090b10a8c.js,1,js,d5dd402,Ishaan Kor,2026-07-28,02:00:45,-07:00,2026-07-27T19:00:45-07:00,6,30
out/_next/static/chunks/app/resume/page-58cd6c22faa16a15.js,1,js,d5dd402,Ishaan Kor,2026-07-28,02:00:45,-07:00,2026-07-27T19:00:45-07:00,6,30
out/_next/static/chunks/b536a0f1.c79de6c658298b49.js,1,js,d5dd402,Ishaan Kor,2026-07-28,02:00:45,-07:00,2026-07-27T19:00:45-07:00,4,30
out/_next/static/chunks/fd9d1056-3fd1a6c0d3460a1b.js,1,js,d5dd402,Ishaan Kor,2026-07-28,02:00:45,-07:00,2026-07-27T19:00:45-07:00,4,30
out/_next/static/chunks/framework-d1703057b07599d4.js,1,js,d5dd402,Ishaan Kor,2026-07-28,02:00:45,-07:00,2026-07-27T19:00:45-07:00,4,30
out/_next/static/chunks/main-14ace4458003a385.js,1,js,d5dd402,Ishaan Kor,2026-07-28,02:00:45,-07:00,2026-07-27T19:00:45-07:00,4,30
out/_next/static/chunks/main-app-7e7144fe917ffed1.js,1,js,d5dd402,Ishaan Kor,2026-07-28,02:00:45,-07:00,2026-07-27T19:00:45-07:00,4,30
out/_next/static/chunks/pages/_app-72b849fbd24ac258.js,1,js,d5dd402,Ishaan Kor,2026-07-28,02:00:45,-07:00,2026-07-27T19:00:45-07:00,5,30
out/_next/static/chunks/pages/_error-7ba65e1336b92748.js,1,js,d5dd402,Ishaan Kor,2026-07-28,02:00:45,-07:00,2026-07-27T19:00:45-07:00,5,30
out/_next/static/chunks/polyfills-42372ed130431b0a.js,1,js,d5dd402,Ishaan Kor,2026-07-28,02:00:45,-07:00,2026-07-27T19:00:45-07:00,4,30
out/_next/static/chunks/webpack-8fd0cf7605225216.js,1,js,d5dd402,Ishaan Kor,2026-07-28,02:00:45,-07:00,2026-07-27T19:00:45-07:00,4,30
out/_next/static/css/33dadba0f6f10f50.css,1,css,d5dd402,Ishaan Kor,2026-07-28,02:00:45,-07:00,2026-07-27T19:00:45-07:00,4,30
out/_next/static/css/33dadba0f6f10f50.css,2,css,d5dd402,Ishaan Kor,2026-07-28,02:00:45,-07:00,2026-07-27T19:00:45-07:00,4,30
out/_next/static/css/33dadba0f6f10f50.css,3,css,d5dd402,Ishaan Kor,2026-07-28,02:00:45,-07:00,2026-07-27T19:00:45-07:00,4,30
out/_next/static/media/0aa834ed78bf6d07-s.woff2,1,woff2,d5dd402,Ishaan Kor,2026-07-28,02:00:45,-07:00,2026-07-27T19:00:45-07:00,4,30
out/_next/static/media/19cfc7226ec3afaa-s.woff2,1,woff2,d5dd402,Ishaan Kor,2026-07-28,02:00:45,-07:00,2026-07-27T19:00:45-07:00,4,30
out/_next/static/media/21350d82a1f187e9-s.woff2,1,woff2,d5dd402,Ishaan Kor,2026-07-28,02:00:45,-07:00,2026-07-27T19:00:45-07:00,4,30
out/_next/static/media/67957d42bae0796d-s.woff2,1,woff2,d5dd402,Ishaan Kor,2026-07-28,02:00:45,-07:00,2026-07-27T19:00:45-07:00,4,30
out/_next/static/media/886030b0b59bc5a7-s.woff2,1,woff2,d5dd402,Ishaan Kor,2026-07-28,02:00:45,-07:00,2026-07-27T19:00:45-07:00,4,30
out/_next/static/media/8e9860b6e62d6359-s.woff2,1,woff2,d5dd402,Ishaan Kor,2026-07-28,02:00:45,-07:00,2026-07-27T19:00:45-07:00,4,30
out/_next/static/media/939c4f875ee75fbb-s.woff2,1,woff2,d5dd402,Ishaan Kor,2026-07-28,02:00:45,-07:00,2026-07-27T19:00:45-07:00,4,30
out/_next/static/media/ba9851c3c22cd980-s.woff2,1,woff2,d5dd402,Ishaan Kor,2026-07-28,02:00:45,-07:00,2026-07-27T19:00:45-07:00,4,30
out/_next/static/media/bb3ef058b751a6ad-s.p.woff2,1,woff2,d5dd402,Ishaan Kor,2026-07-28,02:00:45,-07:00,2026-07-27T19:00:45-07:00,4,30
out/_next/static/media/c5fe6dc8356a8c31-s.woff2,1,woff2,d5dd402,Ishaan Kor,2026-07-28,02:00:45,-07:00,2026-07-27T19:00:45-07:00,4,30
out/_next/static/media/df0a9ae256c0569c-s.woff2,1,woff2,d5dd402,Ishaan Kor,2026-07-28,02:00:45,-07:00,2026-07-27T19:00:45-07:00,4,30
out/_next/static/media/e4af272ccee01ff0-s.p.woff2,1,woff2,d5dd402,Ishaan Kor,2026-07-28,02:00:45,-07:00,2026-07-27T19:00:45-07:00,4,30
out/_next/static/media/f911b923c6adde36-s.woff2,1,woff2,d5dd402,Ishaan Kor,2026-07-28,02:00:45,-07:00,2026-07-27T19:00:45-07:00,4,30
out/contact.html,1,html,d5dd402,Ishaan Kor,2026-07-28,02:00:45,-07:00,2026-07-27T19:00:45-07:00,1,30
out/contact.txt,1,txt,d5dd402,Ishaan Kor,2026-07-28,02:00:45,-07:00,2026-07-27T19:00:45-07:00,1,30
out/contact.txt,2,txt,d5dd402,Ishaan Kor,2026-07-28,02:00:45,-07:00,2026-07-27T19:00:45-07:00,1,30
out/contact.txt,3,txt,d5dd402,Ishaan Kor,2026-07-28,02:00:45,-07:00,2026-07-27T19:00:45-07:00,1,30
out/contact.txt,4,txt,d5dd402,Ishaan Kor,2026-07-28,02:00:45,-07:00,2026-07-27T19:00:45-07:00,1,30
out/contact.txt,5,txt,d5dd402,Ishaan Kor,2026-07-28,02:00:45,-07:00,2026-07-27T19:00:45-07:00,1,30
out/contact.txt,6,txt,d5dd402,Ishaan Kor,2026-07-28,02:00:45,-07:00,2026-07-27T19:00:45-07:00,1,30
out/contact.txt,7,txt,d5dd402,Ishaan Kor,2026-07-28,02:00:45,-07:00,2026-07-27T19:00:45-07:00,1,30
out/contact.txt,8,txt,d5dd402,Ishaan Kor,2026-07-28,02:00:45,-07:00,2026-07-27T19:00:45-07:00,1,30
out/index.html,1,html,d5dd402,Ishaan Kor,2026-07-28,02:00:45,-07:00,2026-07-27T19:00:45-07:00,1,30
out/index.txt,1,txt,d5dd402,Ishaan Kor,2026-07-28,02:00:45,-07:00,2026-07-27T19:00:45-07:00,1,30
out/index.txt,2,txt,d5dd402,Ishaan Kor,2026-07-28,02:00:45,-07:00,2026-07-27T19:00:45-07:00,1,30
out/index.txt,3,txt,d5dd402,Ishaan Kor,2026-07-28,02:00:45,-07:00,2026-07-27T19:00:45-07:00,1,30
out/index.txt,4,txt,d5dd402,Ishaan Kor,2026-07-28,02:00:45,-07:00,2026-07-27T19:00:45-07:00,1,30
out/index.txt,5,txt,d5dd402,Ishaan Kor,2026-07-28,02:00:45,-07:00,2026-07-27T19:00:45-07:00,1,30
out/index.txt,6,txt,d5dd402,Ishaan Kor,2026-07-28,02:00:45,-07:00,2026-07-27T19:00:45-07:00,1,30
out/index.txt,7,txt,d5dd402,Ishaan Kor,2026-07-28,02:00:45,-07:00,2026-07-27T19:00:45-07:00,1,30
out/index.txt,8,txt,d5dd402,Ishaan Kor,2026-07-28,02:00:45,-07:00,2026-07-27T19:00:45-07:00,1,30
out/index.txt,9,txt,d5dd402,Ishaan Kor,2026-07-28,02:00:45,-07:00,2026-07-27T19:00:45-07:00,1,30
out/index.txt,10,txt,d5dd402,Ishaan Kor,2026-07-28,02:00:45,-07:00,2026-07-27T19:00:45-07:00,1,30
out/index.txt,11,txt,d5dd402,Ishaan Kor,2026-07-28,02:00:45,-07:00,2026-07-27T19:00:45-07:00,1,30
out/index.txt,12,txt,d5dd402,Ishaan Kor,2026-07-28,02:00:45,-07:00,2026-07-27T19:00:45-07:00,1,30
out/index.txt,13,txt,d5dd402,Ishaan Kor,2026-07-28,02:00:45,-07:00,2026-07-27T19:00:45-07:00,1,30
out/index.txt,14,txt,d5dd402,Ishaan Kor,2026-07-28,02:00:45,-07:00,2026-07-27T19:00:45-07:00,1,30
out/projects.html,1,html,d5dd402,Ishaan Kor,2026-07-28,02:00:45,-07:00,2026-07-27T19:00:45-07:00,1,30
out/projects.txt,1,txt,d5dd402,Ishaan Kor,2026-07-28,02:00:45,-07:00,2026-07-27T19:00:45-07:00,1,30
out/projects.txt,2,txt,d5dd402,Ishaan Kor,2026-07-28,02:00:45,-07:00,2026-07-27T19:00:45-07:00,1,30
out/projects.txt,3,txt,d5dd402,Ishaan Kor,2026-07-28,02:00:45,-07:00,2026-07-27T19:00:45-07:00,1,30
out/projects.txt,4,txt,d5dd402,Ishaan Kor,2026-07-28,02:00:45,-07:00,2026-07-27T19:00:45-07:00,1,30
out/projects.txt,5,txt,d5dd402,Ishaan Kor,2026-07-28,02:00:45,-07:00,2026-07-27T19:00:45-07:00,1,30
out/projects.txt,6,txt,d5dd402,Ishaan Kor,2026-07-28,02:00:45,-07:00,2026-07-27T19:00:45-07:00,1,30
out/projects.txt,7,txt,d5dd402,Ishaan Kor,2026-07-28,02:00:45,-07:00,2026-07-27T19:00:45-07:00,1,30
out/projects.txt,8,txt,d5dd402,Ishaan Kor,2026-07-28,02:00:45,-07:00,2026-07-27T19:00:45-07:00,1,30
out/projects.txt,9,txt,d5dd402,Ishaan Kor,2026-07-28,02:00:45,-07:00,2026-07-27T19:00:45-07:00,1,30
out/resume.html,1,html,d5dd402,Ishaan Kor,2026-07-28,02:00:45,-07:00,2026-07-27T19:00:45-07:00,1,30
out/resume.txt,1,txt,d5dd402,Ishaan Kor,2026-07-28,02:00:45,-07:00,2026-07-27T19:00:45-07:00,1,30
out/resume.txt,2,txt,d5dd402,Ishaan Kor,2026-07-28,02:00:45,-07:00,2026-07-27T19:00:45-07:00,1,30
out/resume.txt,3,txt,d5dd402,Ishaan Kor,2026-07-28,02:00:45,-07:00,2026-07-27T19:00:45-07:00,1,30
out/resume.txt,4,txt,d5dd402,Ishaan Kor,2026-07-28,02:00:45,-07:00,2026-07-27T19:00:45-07:00,1,30
out/resume.txt,5,txt,d5dd402,Ishaan Kor,2026-07-28,02:00:45,-07:00,2026-07-27T19:00:45-07:00,1,30
out/resume.txt,6,txt,d5dd402,Ishaan Kor,2026-07-28,02:00:45,-07:00,2026-07-27T19:00:45-07:00,1,30
out/resume.txt,7,txt,d5dd402,Ishaan Kor,2026-07-28,02:00:45,-07:00,2026-07-27T19:00:45-07:00,1,30
out/resume.txt,8,txt,d5dd402,Ishaan Kor,2026-07-28,02:00:45,-07:00,2026-07-27T19:00:45-07:00,1,30
out/resume.txt,9,txt,d5dd402,Ishaan Kor,2026-07-28,02:00:45,-07:00,2026-07-27T19:00:45-07:00,1,30
tailwind.config.ts,1,ts,d5dd402,Ishaan Kor,2026-07-28,02:00:45,-07:00,2026-07-27T19:00:45-07:00,0,30
tailwind.config.ts,2,ts,d5dd402,Ishaan Kor,2026-07-28,02:00:45,-07:00,2026-07-27T19:00:45-07:00,0,30
tailwind.config.ts,3,ts,d5dd402,Ishaan Kor,2026-07-28,02:00:45,-07:00,2026-07-27T19:00:45-07:00,0,30
tailwind.config.ts,4,ts,d5dd402,Ishaan Kor,2026-07-28,02:00:45,-07:00,2026-07-27T19:00:45-07:00,0,30
tailwind.config.ts,5,ts,d5dd402,Ishaan Kor,2026-07-28,02:00:45,-07:00,2026-07-27T19:00:45-07:00,0,30
tailwind.config.ts,6,ts,d5dd402,Ishaan Kor,2026-07-28,02:00:45,-07:00,2026-07-27T19:00:45-07:00,0,30
tailwind.config.ts,7,ts,d5dd402,Ishaan Kor,2026-07-28,02:00:45,-07:00,2026-07-27T19:00:45-07:00,0,30
tailwind.config.ts,8,ts,d5dd402,Ishaan Kor,2026-07-28,02:00:45,-07:00,2026-07-27T19:00:45-07:00,0,30
tailwind.config.ts,9,ts,d5dd402,Ishaan Kor,2026-07-28,02:00:45,-07:00,2026-07-27T19:00:45-07:00,0,30
tailwind.config.ts,10,ts,d5dd402,Ishaan Kor,2026-07-28,02:00:45,-07:00,2026-07-27T19:00:45-07:00,0,30
tailwind.config.ts,11,ts,d5dd402,Ishaan Kor,2026-07-28,02:00:45,-07:00,2026-07-27T19:00:45-07:00,0,30
tailwind.config.ts,12,ts,d5dd402,Ishaan Kor,2026-07-28,02:00:45,-07:00,2026-07-27T19:00:45-07:00,0,30
tailwind.config.ts,13,ts,d5dd402,Ishaan Kor,2026-07-28,02:00:45,-07:00,2026-07-27T19:00:45-07:00,0,30
tailwind.config.ts,14,ts,d5dd402,Ishaan Kor,2026-07-28,02:00:45,-07:00,2026-07-27T19:00:45-07:00,0,30
tailwind.config.ts,15,ts,d5dd402,Ishaan Kor,2026-07-28,02:00:45,-07:00,2026-07-27T19:00:45-07:00,0,30
tailwind.config.ts,16,ts,d5dd402,Ishaan Kor,2026-07-28,02:00:45,-07:00,2026-07-27T19:00:45-07:00,0,30
tailwind.config.ts,17,ts,d5dd402,Ishaan Kor,2026-07-28,02:00:45,-07:00,2026-07-27T19:00:45-07:00,0,30
tailwind.config.ts,18,ts,d5dd402,Ishaan Kor,2026-07-28,02:00:45,-07:00,2026-07-27T19:00:45-07:00,0,30
tailwind.config.ts,19,ts,d5dd402,Ishaan Kor,2026-07-28,02:00:45,-07:00,2026-07-27T19:00:45-07:00,0,30
tailwind.config.ts,20,ts,d5dd402,Ishaan Kor,2026-07-28,02:00:45,-07:00,2026-07-27T19:00:45-07:00,0,30
tailwind.config.ts,21,ts,d5dd402,Ishaan Kor,2026-07-28,02:00:45,-07:00,2026-07-27T19:00:45-07:00,0,30
tailwind.config.ts,22,ts,d5dd402,Ishaan Kor,2026-07-28,02:00:45,-07:00,2026-07-27T19:00:45-07:00,0,30
tailwind.config.ts,23,ts,d5dd402,Ishaan Kor,2026-07-28,02:00:45,-07:00,2026-07-27T19:00:45-07:00,0,30
tailwind.config.ts,24,ts,d5dd402,Ishaan Kor,2026-07-28,02:00:45,-07:00,2026-07-27T19:00:45-07:00,0,30
tailwind.config.ts,25,ts,d5dd402,Ishaan Kor,2026-07-28,02:00:45,-07:00,2026-07-27T19:00:45-07:00,0,30
tailwind.config.ts,26,ts,d5dd402,Ishaan Kor,2026-07-28,02:00:45,-07:00,2026-07-27T19:00:45-07:00,0,30
tailwind.config.ts,27,ts,d5dd402,Ishaan Kor,2026-07-28,02:00:45,-07:00,2026-07-27T19:00:45-07:00,0,30
tailwind.config.ts,28,ts,d5dd402,Ishaan Kor,2026-07-28,02:00:45,-07:00,2026-07-27T19:00:45-07:00,0,30
tailwind.config.ts,29,ts,d5dd402,Ishaan Kor,2026-07-28,02:00:45,-07:00,2026-07-27T19:00:45-07:00,0,30
tailwind.config.ts,30,ts,d5dd402,Ishaan Kor,2026-07-28,02:00:45,-07:00,2026-07-27T19:00:45-07:00,0,30
tailwind.config.ts,31,ts,d5dd402,Ishaan Kor,2026-07-28,02:00:45,-07:00,2026-07-27T19:00:45-07:00,0,30
tailwind.config.ts,32,ts,d5dd402,Ishaan Kor,2026-07-28,02:00:45,-07:00,2026-07-27T19:00:45-07:00,0,30
tailwind.config.ts,33,ts,d5dd402,Ishaan Kor,2026-07-28,02:00:45,-07:00,2026-07-27T19:00:45-07:00,0,30
tailwind.config.ts,34,ts,d5dd402,Ishaan Kor,2026-07-28,02:00:45,-07:00,2026-07-27T19:00:45-07:00,0,30
tailwind.config.ts,35,ts,d5dd402,Ishaan Kor,2026-07-28,02:00:45,-07:00,2026-07-27T19:00:45-07:00,0,30
tailwind.config.ts,36,ts,d5dd402,Ishaan Kor,2026-07-28,02:00:45,-07:00,2026-07-27T19:00:45-07:00,0,30
meta/loc.csv,1,csv,b06404d,GitHub Action,2026-07-28,01:55:05,55:05Z,2026-07-28T01:55:05Z,1,30
meta/loc.csv,2,csv,b06404d,GitHub Action,2026-07-28,01:55:05,55:05Z,2026-07-28T01:55:05Z,1,30
meta/loc.csv,3,csv,b06404d,GitHub Action,2026-07-28,01:55:05,55:05Z,2026-07-28T01:55:05Z,1,30
meta/loc.csv,4,csv,b06404d,GitHub Action,2026-07-28,01:55:05,55:05Z,2026-07-28T01:55:05Z,1,30
meta/loc.csv,5,csv,b06404d,GitHub Action,2026-07-28,01:55:05,55:05Z,2026-07-28T01:55:05Z,1,30
meta/loc.csv,6,csv,b06404d,GitHub Action,2026-07-28,01:55:05,55:05Z,2026-07-28T01:55:05Z,1,30
meta/loc.csv,7,csv,b06404d,GitHub Action,2026-07-28,01:55:05,55:05Z,2026-07-28T01:55:05Z,1,30
meta/loc.csv,8,csv,b06404d,GitHub Action,2026-07-28,01:55:05,55:05Z,2026-07-28T01:55:05Z,1,30
meta/loc.csv,9,csv,b06404d,GitHub Action,2026-07-28,01:55:05,55:05Z,2026-07-28T01:55:05Z,1,30
meta/loc.csv,10,csv,b06404d,GitHub Action,2026-07-28,01:55:05,55:05Z,2026-07-28T01:55:05Z,1,30
meta/loc.csv,11,csv,b06404d,GitHub Action,2026-07-28,01:55:05,55:05Z,2026-07-28T01:55:05Z,1,30
meta/loc.csv,12,csv,b06404d,GitHub Action,2026-07-28,01:55:05,55:05Z,2026-07-28T01:55:05Z,1,30
meta/loc.csv,13,csv,b06404d,GitHub Action,2026-07-28,01:55:05,55:05Z,2026-07-28T01:55:05Z,1,30
meta/loc.csv,14,csv,b06404d,GitHub Action,2026-07-28,01:55:05,55:05Z,2026-07-28T01:55:05Z,1,30
meta/loc.csv,15,csv,b06404d,GitHub Action,2026-07-28,01:55:05,55:05Z,2026-07-28T01:55:05Z,1,30
meta/loc.csv,16,csv,b06404d,GitHub Action,2026-07-28,01:55:05,55:05Z,2026-07-28T01:55:05Z,1,30
meta/loc.csv,17,csv,b06404d,GitHub Action,2026-07-28,01:55:05,55:05Z,2026-07-28T01:55:05Z,1,30
meta/loc.csv,18,csv,b06404d,GitHub Action,2026-07-28,01:55:05,55:05Z,2026-07-28T01:55:05Z,1,30
meta/loc.csv,19,csv,b06404d,GitHub Action,2026-07-28,01:55:05,55:05Z,2026-07-28T01:55:05Z,1,30
meta/loc.csv,20,csv,b06404d,GitHub Action,2026-07-28,01:55:05,55:05Z,2026-07-28T01:55:05Z,1,30
meta/loc.csv,21,csv,b06404d,GitHub Action,2026-07-28,01:55:05,55:05Z,2026-07-28T01:55:05Z,1,30
meta/loc.csv,22,csv,b06404d,GitHub Action,2026-07-28,01:55:05,55:05Z,2026-07-28T01:55:05Z,1,30
meta/loc.csv,23,csv,b06404d,GitHub Action,2026-07-28,01:55:05,55:05Z,2026-07-28T01:55:05Z,1,30
meta/loc.csv,24,csv,b06404d,GitHub Action,2026-07-28,01:55:05,55:05Z,2026-07-28T01:55:05Z,1,30
meta/loc.csv,25,csv,b06404d,GitHub Action,2026-07-28,01:55:05,55:05Z,2026-07-28T01:55:05Z,1,30
meta/loc.csv,26,csv,b06404d,GitHub Action,2026-07-28,01:55:05,55:05Z,2026-07-28T01:55:05Z,1,30
meta/loc.csv,27,csv,b06404d,GitHub Action,2026-07-28,01:55:05,55:05Z,2026-07-28T01:55:05Z,1,30
meta/loc.csv,28,csv,b06404d,GitHub Action,2026-07-28,01:55:05,55:05Z,2026-07-28T01:55:05Z,1,30
meta/loc.csv,29,csv,b06404d,GitHub Action,2026-07-28,01:55:05,55:05Z,2026-07-28T01:55:05Z,1,30
meta/loc.csv,30,csv,b06404d,GitHub Action,2026-07-28,01:55:05,55:05Z,2026-07-28T01:55:05Z,1,30
meta/loc.csv,31,csv,b06404d,GitHub Action,2026-07-28,01:55:05,55:05Z,2026-07-28T01:55:05Z,1,30
meta/loc.csv,32,csv,b06404d,GitHub Action,2026-07-28,01:55:05,55:05Z,2026-07-28T01:55:05Z,1,30
meta/loc.csv,33,csv,b06404d,GitHub Action,2026-07-28,01:55:05,55:05Z,2026-07-28T01:55:05Z,1,30
meta/loc.csv,34,csv,b06404d,GitHub Action,2026-07-28,01:55:05,55:05Z,2026-07-28T01:55:05Z,1,30
meta/loc.csv,35,csv,b06404d,GitHub Action,2026-07-28,01:55:05,55:05Z,2026-07-28T01:55:05Z,1,30
meta/loc.csv,36,csv,b06404d,GitHub Action,2026-07-28,01:55:05,55:05Z,2026-07-28T01:55:05Z,1,30
meta/loc.csv,37,csv,b06404d,GitHub Action,2026-07-28,01:55:05,55:05Z,2026-07-28T01:55:05Z,1,30
meta/loc.csv,38,csv,b06404d,GitHub Action,2026-07-28,01:55:05,55:05Z,2026-07-28T01:55:05Z,1,30
meta/loc.csv,39,csv,b06404d,GitHub Action,2026-07-28,01:55:05,55:05Z,2026-07-28T01:55:05Z,1,30
meta/loc.csv,40,csv,b06404d,GitHub Action,2026-07-28,01:55:05,55:05Z,2026-07-28T01:55:05Z,1,30
meta/loc.csv,41,csv,b06404d,GitHub Action,2026-07-28,01:55:05,55:05Z,2026-07-28T01:55:05Z,1,30
meta/loc.csv,42,csv,b06404d,GitHub Action,2026-07-28,01:55:05,55:05Z,2026-07-28T01:55:05Z,1,30
meta/loc.csv,43,csv,b06404d,GitHub Action,2026-07-28,01:55:05,55:05Z,2026-07-28T01:55:05Z,1,30
meta/loc.csv,44,csv,b06404d,GitHub Action,2026-07-28,01:55:05,55:05Z,2026-07-28T01:55:05Z,1,30
meta/loc.csv,45,csv,b06404d,GitHub Action,2026-07-28,01:55:05,55:05Z,2026-07-28T01:55:05Z,1,30
meta/loc.csv,46,csv,b06404d,GitHub Action,2026-07-28,01:55:05,55:05Z,2026-07-28T01:55:05Z,1,30
meta/loc.csv,47,csv,b06404d,GitHub Action,2026-07-28,01:55:05,55:05Z,2026-07-28T01:55:05Z,1,30
meta/loc.csv,48,csv,b06404d,GitHub Action,2026-07-28,01:55:05,55:05Z,2026-07-28T01:55:05Z,1,30
meta/loc.csv,49,csv,b06404d,GitHub Action,2026-07-28,01:55:05,55:05Z,2026-07-28T01:55:05Z,1,30
meta/loc.csv,50,csv,b06404d,GitHub Action,2026-07-28,01:55:05,55:05Z,2026-07-28T01:55:05Z,1,30
.eslintrc.json,1,json,f189fd9,Ishaan Kor,2026-07-28,01:54:33,-07:00,2026-07-27T18:54:33-07:00,0,30
.eslintrc.json,2,json,f189fd9,Ishaan Kor,2026-07-28,01:54:33,-07:00,2026-07-27T18:54:33-07:00,0,30
.eslintrc.json,3,json,f189fd9,Ishaan Kor,2026-07-28,01:54:33,-07:00,2026-07-27T18:54:33-07:00,0,30
app/api/contact/route.ts,1,ts,f189fd9,Ishaan Kor,2026-07-28,01:54:33,-07:00,2026-07-27T18:54:33-07:00,3,30
app/api/contact/route.ts,2,ts,f189fd9,Ishaan Kor,2026-07-28,01:54:33,-07:00,2026-07-27T18:54:33-07:00,3,30
app/api/contact/route.ts,3,ts,f189fd9,Ishaan Kor,2026-07-28,01:54:33,-07:00,2026-07-27T18:54:33-07:00,3,30
app/api/contact/route.ts,4,ts,f189fd9,Ishaan Kor,2026-07-28,01:54:33,-07:00,2026-07-27T18:54:33-07:00,3,30
app/api/contact/route.ts,5,ts,f189fd9,Ishaan Kor,2026-07-28,01:54:33,-07:00,2026-07-27T18:54:33-07:00,3,30
app/api/contact/route.ts,6,ts,f189fd9,Ishaan Kor,2026-07-28,01:54:33,-07:00,2026-07-27T18:54:33-07:00,3,30
app/api/contact/route.ts,7,ts,f189fd9,Ishaan Kor,2026-07-28,01:54:33,-07:00,2026-07-27T18:54:33-07:00,3,30
app/api/contact/route.ts,8,ts,f189fd9,Ishaan Kor,2026-07-28,01:54:33,-07:00,2026-07-27T18:54:33-07:00,3,30
app/api/contact/route.ts,9,ts,f189fd9,Ishaan Kor,2026-07-28,01:54:33,-07:00,2026-07-27T18:54:33-07:00,3,30
app/api/contact/route.ts,10,ts,f189fd9,Ishaan Kor,2026-07-28,01:54:33,-07:00,2026-07-27T18:54:33-07:00,3,30
app/api/contact/route.ts,11,ts,f189fd9,Ishaan Kor,2026-07-28,01:54:33,-07:00,2026-07-27T18:54:33-07:00,3,30
app/api/contact/route.ts,12,ts,f189fd9,Ishaan Kor,2026-07-28,01:54:33,-07:00,2026-07-27T18:54:33-07:00,3,30
app/api/contact/route.ts,13,ts,f189fd9,Ishaan Kor,2026-07-28,01:54:33,-07:00,2026-07-27T18:54:33-07:00,3,30
app/api/contact/route.ts,14,ts,f189fd9,Ishaan Kor,2026-07-28,01:54:33,-07:00,2026-07-27T18:54:33-07:00,3,30
app/api/contact/route.ts,15,ts,f189fd9,Ishaan Kor,2026-07-28,01:54:33,-07:00,2026-07-27T18:54:33-07:00,3,30
app/api/contact/route.ts,16,ts,f189fd9,Ishaan Kor,2026-07-28,01:54:33,-07:00,2026-07-27T18:54:33-07:00,3,30
app/api/contact/route.ts,17,ts,f189fd9,Ishaan Kor,2026-07-28,01:54:33,-07:00,2026-07-27T18:54:33-07:00,3,30
app/api/contact/route.ts,18,ts,f189fd9,Ishaan Kor,2026-07-28,01:54:33,-07:00,2026-07-27T18:54:33-07:00,3,30
app/api/contact/route.ts,19,ts,f189fd9,Ishaan Kor,2026-07-28,01:54:33,-07:00,2026-07-27T18:54:33-07:00,3,30
app/api/contact/route.ts,20,ts,f189fd9,Ishaan Kor,2026-07-28,01:54:33,-07:00,2026-07-27T18:54:33-07:00,3,30
app/api/contact/route.ts,21,ts,f189fd9,Ishaan Kor,2026-07-28,01:54:33,-07:00,2026-07-27T18:54:33-07:00,3,30
app/api/contact/route.ts,22,ts,f189fd9,Ishaan Kor,2026-07-28,01:54:33,-07:00,2026-07-27T18:54:33-07:00,3,30
app/api/contact/route.ts,23,ts,f189fd9,Ishaan Kor,2026-07-28,01:54:33,-07:00,2026-07-27T18:54:33-07:00,3,30
app/api/contact/route.ts,24,ts,f189fd9,Ishaan Kor,2026-07-28,01:54:33,-07:00,2026-07-27T18:54:33-07:00,3,30
app/api/contact/route.ts,25,ts,f189fd9,Ishaan Kor,2026-07-28,01:54:33,-07:00,2026-07-27T18:54:33-07:00,3,30
app/api/contact/route.ts,26,ts,f189fd9,Ishaan Kor,2026-07-28,01:54:33,-07:00,2026-07-27T18:54:33-07:00,3,30
app/api/contact/route.ts,27,ts,f189fd9,Ishaan Kor,2026-07-28,01:54:33,-07:00,2026-07-27T18:54:33-07:00,3,30
app/api/contact/route.ts,28,ts,f189fd9,Ishaan Kor,2026-07-28,01:54:33,-07:00,2026-07-27T18:54:33-07:00,3,30
app/api/contact/route.ts,29,ts,f189fd9,Ishaan Kor,2026-07-28,01:54:33,-07:00,2026-07-27T18:54:33-07:00,3,30
app/api/contact/route.ts,30,ts,f189fd9,Ishaan Kor,2026-07-28,01:54:33,-07:00,2026-07-27T18:54:33-07:00,3,30
app/api/contact/route.ts,31,ts,f189fd9,Ishaan Kor,2026-07-28,01:54:33,-07:00,2026-07-27T18:54:33-07:00,3,30
app/api/contact/route.ts,32,ts,f189fd9,Ishaan Kor,2026-07-28,01:54:33,-07:00,2026-07-27T18:54:33-07:00,3,30
app/api/contact/route.ts,33,ts,f189fd9,Ishaan Kor,2026-07-28,01:54:33,-07:00,2026-07-27T18:54:33-07:00,3,30
app/api/contact/route.ts,34,ts,f189fd9,Ishaan Kor,2026-07-28,01:54:33,-07:00,2026-07-27T18:54:33-07:00,3,30
app/api/contact/route.ts,35,ts,f189fd9,Ishaan Kor,2026-07-28,01:54:33,-07:00,2026-07-27T18:54:33-07:00,3,30
app/api/contact/route.ts,36,ts,f189fd9,Ishaan Kor,2026-07-28,01:54:33,-07:00,2026-07-27T18:54:33-07:00,3,30
app/api/contact/route.ts,37,ts,f189fd9,Ishaan Kor,2026-07-28,01:54:33,-07:00,2026-07-27T18:54:33-07:00,3,30
app/api/contact/route.ts,38,ts,f189fd9,Ishaan Kor,2026-07-28,01:54:33,-07:00,2026-07-27T18:54:33-07:00,3,30
app/api/contact/route.ts,39,ts,f189fd9,Ishaan Kor,2026-07-28,01:54:33,-07:00,2026-07-27T18:54:33-07:00,3,30
app/api/contact/route.ts,40,ts,f189fd9,Ishaan Kor,2026-07-28,01:54:33,-07:00,2026-07-27T18:54:33-07:00,3,30
app/api/contact/route.ts,41,ts,f189fd9,Ishaan Kor,2026-07-28,01:54:33,-07:00,2026-07-27T18:54:33-07:00,3,30
app/api/contact/route.ts,42,ts,f189fd9,Ishaan Kor,2026-07-28,01:54:33,-07:00,2026-07-27T18:54:33-07:00,3,30
app/api/contact/route.ts,43,ts,f189fd9,Ishaan Kor,2026-07-28,01:54:33,-07:00,2026-07-27T18:54:33-07:00,3,30
app/api/contact/route.ts,44,ts,f189fd9,Ishaan Kor,2026-07-28,01:54:33,-07:00,2026-07-27T18:54:33-07:00,3,30
app/api/contact/route.ts,45,ts,f189fd9,Ishaan Kor,2026-07-28,01:54:33,-07:00,2026-07-27T18:54:33-07:00,3,30
app/api/contact/route.ts,46,ts,f189fd9,Ishaan Kor,2026-07-28,01:54:33,-07:00,2026-07-27T18:54:33-07:00,3,30
app/api/contact/route.ts,47,ts,f189fd9,Ishaan Kor,2026-07-28,01:54:33,-07:00,2026-07-27T18:54:33-07:00,3,30
app/contact/page.tsx,1,tsx,f189fd9,Ishaan Kor,2026-07-28,01:54:33,-07:00,2026-07-27T18:54:33-07:00,2,30
app/contact/page.tsx,2,tsx,f189fd9,Ishaan Kor,2026-07-28,01:54:33,-07:00,2026-07-27T18:54:33-07:00,2,30
app/contact/page.tsx,3,tsx,f189fd9,Ishaan Kor,2026-07-28,01:54:33,-07:00,2026-07-27T18:54:33-07:00,2,30
app/contact/page.tsx,4,tsx,f189fd9,Ishaan Kor,2026-07-28,01:54:33,-07:00,2026-07-27T18:54:33-07:00,2,30
app/contact/page.tsx,5,tsx,f189fd9,Ishaan Kor,2026-07-28,01:54:33,-07:00,2026-07-27T18:54:33-07:00,2,30
app/contact/page.tsx,6,tsx,f189fd9,Ishaan Kor,2026-07-28,01:54:33,-07:00,2026-07-27T18:54:33-07:00,2,30
app/contact/page.tsx,7,tsx,f189fd9,Ishaan Kor,2026-07-28,01:54:33,-07:00,2026-07-27T18:54:33-07:00,2,30
app/contact/page.tsx,8,tsx,f189fd9,Ishaan Kor,2026-07-28,01:54:33,-07:00,2026-07-27T18:54:33-07:00,2,30
app/contact/page.tsx,9,tsx,f189fd9,Ishaan Kor,2026-07-28,01:54:33,-07:00,2026-07-27T18:54:33-07:00,2,30
app/contact/page.tsx,10,tsx,f189fd9,Ishaan Kor,2026-07-28,01:54:33,-07:00,2026-07-27T18:54:33-07:00,2,30
app/contact/page.tsx,11,tsx,f189fd9,Ishaan Kor,2026-07-28,01:54:33,-07:00,2026-07-27T18:54:33-07:00,2,30
app/contact/page.tsx,12,tsx,f189fd9,Ishaan Kor,2026-07-28,01:54:33,-07:00,2026-07-27T18:54:33-07:00,2,30
app/contact/page.tsx,13,tsx,f189fd9,Ishaan Kor,2026-07-28,01:54:33,-07:00,2026-07-27T18:54:33-07:00,2,30
app/contact/page.tsx,14,tsx,f189fd9,Ishaan Kor,2026-07-28,01:54:33,-07:00,2026-07-27T18:54:33-07:00,2,30
app/globals.css,1,css,f189fd9,Ishaan Kor,2026-07-28,01:54:33,-07:00,2026-07-27T18:54:33-07:00,1,30
app/globals.css,2,css,f189fd9,Ishaan Kor,2026-07-28,01:54:33,-07:00,2026-07-27T18:54:33-07:00,1,30
app/globals.css,3,css,f189fd9,Ishaan Kor,2026-07-28,01:54:33,-07:00,2026-07-27T18:54:33-07:00,1,30
app/globals.css,4,css,f189fd9,Ishaan Kor,2026-07-28,01:54:33,-07:00,2026-07-27T18:54:33-07:00,1,30
app/globals.css,5,css,f189fd9,Ishaan Kor,2026-07-28,01:54:33,-07:00,2026-07-27T18:54:33-07:00,1,30
app/globals.css,6,css,f189fd9,Ishaan Kor,2026-07-28,01:54:33,-07:00,2026-07-27T18:54:33-07:00,1,30
app/globals.css,7,css,f189fd9,Ishaan Kor,2026-07-28,01:54:33,-07:00,2026-07-27T18:54:33-07:00,1,30
app/globals.css,8,css,f189fd9,Ishaan Kor,2026-07-28,01:54:33,-07:00,2026-07-27T18:54:33-07:00,1,30
app/globals.css,9,css,f189fd9,Ishaan Kor,2026-07-28,01:54:33,-07:00,2026-07-27T18:54:33-07:00,1,30
app/globals.css,10,css,f189fd9,Ishaan Kor,2026-07-28,01:54:33,-07:00,2026-07-27T18:54:33-07:00,1,30
app/globals.css,11,css,f189fd9,Ishaan Kor,2026-07-28,01:54:33,-07:00,2026-07-27T18:54:33-07:00,1,30
app/globals.css,12,css,f189fd9,Ishaan Kor,2026-07-28,01:54:33,-07:00,2026-07-27T18:54:33-07:00,1,30
app/globals.css,13,css,f189fd9,Ishaan Kor,2026-07-28,01:54:33,-07:00,2026-07-27T18:54:33-07:00,1,30
app/globals.css,14,css,f189fd9,Ishaan Kor,2026-07-28,01:54:33,-07:00,2026-07-27T18:54:33-07:00,1,30
app/globals.css,15,css,f189fd9,Ishaan Kor,2026-07-28,01:54:33,-07:00,2026-07-27T18:54:33-07:00,1,30
app/globals.css,16,css,f189fd9,Ishaan Kor,2026-07-28,01:54:33,-07:00,2026-07-27T18:54:33-07:00,1,30
app/globals.css,17,css,f189fd9,Ishaan Kor,2026-07-28,01:54:33,-07:00,2026-07-27T18:54:33-07:00,1,30
app/globals.css,18,css,f189fd9,Ishaan Kor,2026-07-28,01:54:33,-07:00,2026-07-27T18:54:33-07:00,1,30
app/globals.css,19,css,f189fd9,Ishaan Kor,2026-07-28,01:54:33,-07:00,2026-07-27T18:54:33-07:00,1,30
app/globals.css,20,css,f189fd9,Ishaan Kor,2026-07-28,01:54:33,-07:00,2026-07-27T18:54:33-07:00,1,30
app/globals.css,21,css,f189fd9,Ishaan Kor,2026-07-28,01:54:33,-07:00,2026-07-27T18:54:33-07:00,1,30
app/globals.css,22,css,f189fd9,Ishaan Kor,2026-07-28,01:54:33,-07:00,2026-07-27T18:54:33-07:00,1,30
app/globals.css,23,css,f189fd9,Ishaan Kor,2026-07-28,01:54:33,-07:00,2026-07-27T18:54:33-07:00,1,30
app/globals.css,24,css,f189fd9,Ishaan Kor,2026-07-28,01:54:33,-07:00,2026-07-27T18:54:33-07:00,1,30
app/globals.css,25,css,f189fd9,Ishaan Kor,2026-07-28,01:54:33,-07:00,2026-07-27T18:54:33-07:00,1,30
app/globals.css,26,css,f189fd9,Ishaan Kor,2026-07-28,01:54:33,-07:00,2026-07-27T18:54:33-07:00,1,30
app/globals.css,27,css,f189fd9,Ishaan Kor,2026-07-28,01:54:33,-07:00,2026-07-27T18:54:33-07:00,1,30
app/globals.css,28,css,f189fd9,Ishaan Kor,2026-07-28,01:54:33,-07:00,2026-07-27T18:54:33-07:00,1,30
app/globals.css,29,css,f189fd9,Ishaan Kor,2026-07-28,01:54:33,-07:00,2026-07-27T18:54:33-07:00,1,30
app/globals.css,30,css,f189fd9,Ishaan Kor,2026-07-28,01:54:33,-07:00,2026-07-27T18:54:33-07:00,1,30
app/globals.css,31,css,f189fd9,Ishaan Kor,2026-07-28,01:54:33,-07:00,2026-07-27T18:54:33-07:00,1,30
app/globals.css,32,css,f189fd9,Ishaan Kor,2026-07-28,01:54:33,-07:00,2026-07-27T18:54:33-07:00,1,30
app/globals.css,33,css,f189fd9,Ishaan Kor,2026-07-28,01:54:33,-07:00,2026-07-27T18:54:33-07:00,1,30
app/globals.css,34,css,f189fd9,Ishaan Kor,2026-07-28,01:54:33,-07:00,2026-07-27T18:54:33-07:00,1,30
app/globals.css,35,css,f189fd9,Ishaan Kor,2026-07-28,01:54:33,-07:00,2026-07-27T18:54:33-07:00,1,30
app/globals.css,36,css,f189fd9,Ishaan Kor,2026-07-28,01:54:33,-07:00,2026-07-27T18:54:33-07:00,1,30
app/globals.css,37,css,f189fd9,Ishaan Kor,2026-07-28,01:54:33,-07:00,2026-07-27T18:54:33-07:00,1,30
app/globals.css,38,css,f189fd9,Ishaan Kor,2026-07-28,01:54:33,-07:00,2026-07-27T18:54:33-07:00,1,30
app/globals.css,39,css,f189fd9,Ishaan Kor,2026-07-28,01:54:33,-07:00,2026-07-27T18:54:33-07:00,1,30
app/globals.css,40,css,f189fd9,Ishaan Kor,2026-07-28,01:54:33,-07:00,2026-07-27T18:54:33-07:00,1,30
app/globals.css,41,css,f189fd9,Ishaan Kor,2026-07-28,01:54:33,-07:00,2026-07-27T18:54:33-07:00,1,30
app/globals.css,42,css,f189fd9,Ishaan Kor,2026-07-28,01:54:33,-07:00,2026-07-27T18:54:33-07:00,1,30
app/globals.css,43,css,f189fd9,Ishaan Kor,2026-07-28,01:54:33,-07:00,2026-07-27T18:54:33-07:00,1,30
app/globals.css,44,css,f189fd9,Ishaan Kor,2026-07-28,01:54:33,-07:00,2026-07-27T18:54:33-07:00,1,30
app/globals.css,45,css,f189fd9,Ishaan Kor,2026-07-28,01:54:33,-07:00,2026-07-27T18:54:33-07:00,1,30
app/globals.css,46,css,f189fd9,Ishaan Kor,2026-07-28,01:54:33,-07:00,2026-07-27T18:54:33-07:00,1,30
app/globals.css,47,css,f189fd9,Ishaan Kor,2026-07-28,01:54:33,-07:00,2026-07-27T18:54:33-07:00,1,30
app/globals.css,48,css,f189fd9,Ishaan Kor,2026-07-28,01:54:33,-07:00,2026-07-27T18:54:33-07:00,1,30
app/globals.css,49,css,f189fd9,Ishaan Kor,2026-07-28,01:54:33,-07:00,2026-07-27T18:54:33-07:00,1,30
app/globals.css,50,css,f189fd9,Ishaan Kor,2026-07-28,01:54:33,-07:00,2026-07-27T18:54:33-07:00,1,30
app/layout.tsx,1,tsx,f189fd9,Ishaan Kor,2026-07-28,01:54:33,-07:00,2026-07-27T18:54:33-07:00,1,30
app/layout.tsx,2,tsx,f189fd9,Ishaan Kor,2026-07-28,01:54:33,-07:00,2026-07-27T18:54:33-07:00,1,30
app/layout.tsx,3,tsx,f189fd9,Ishaan Kor,2026-07-28,01:54:33,-07:00,2026-07-27T18:54:33-07:00,1,30
app/layout.tsx,4,tsx,f189fd9,Ishaan Kor,2026-07-28,01:54:33,-07:00,2026-07-27T18:54:33-07:00,1,30
app/layout.tsx,5,tsx,f189fd9,Ishaan Kor,2026-07-28,01:54:33,-07:00,2026-07-27T18:54:33-07:00,1,30
app/layout.tsx,6,tsx,f189fd9,Ishaan Kor,2026-07-28,01:54:33,-07:00,2026-07-27T18:54:33-07:00,1,30
app/layout.tsx,7,tsx,f189fd9,Ishaan Kor,2026-07-28,01:54:33,-07:00,2026-07-27T18:54:33-07:00,1,30
app/layout.tsx,8,tsx,f189fd9,Ishaan Kor,2026-07-28,01:54:33,-07:00,2026-07-27T18:54:33-07:00,1,30
app/layout.tsx,9,tsx,f189fd9,Ishaan Kor,2026-07-28,01:54:33,-07:00,2026-07-27T18:54:33-07:00,1,30
app/layout.tsx,10,tsx,f189fd9,Ishaan Kor,2026-07-28,01:54:33,-07:00,2026-07-27T18:54:33-07:00,1,30
app/layout.tsx,11,tsx,f189fd9,Ishaan Kor,2026-07-28,01:54:33,-07:00,2026-07-27T18:54:33-07:00,1,30
app/layout.tsx,12,tsx,f189fd9,Ishaan Kor,2026-07-28,01:54:33,-07:00,2026-07-27T18:54:33-07:00,1,30
app/layout.tsx,13,tsx,f189fd9,Ishaan Kor,2026-07-28,01:54:33,-07:00,2026-07-27T18:54:33-07:00,1,30
app/layout.tsx,14,tsx,f189fd9,Ishaan Kor,2026-07-28,01:54:33,-07:00,2026-07-27T18:54:33-07:00,1,30
app/layout.tsx,15,tsx,f189fd9,Ishaan Kor,2026-07-28,01:54:33,-07:00,2026-07-27T18:54:33-07:00,1,30
app/layout.tsx,16,tsx,f189fd9,Ishaan Kor,2026-07-28,01:54:33,-07:00,2026-07-27T18:54:33-07:00,1,30
app/layout.tsx,17,tsx,f189fd9,Ishaan Kor,2026-07-28,01:54:33,-07:00,2026-07-27T18:54:33-07:00,1,30
app/layout.tsx,18,tsx,f189fd9,Ishaan Kor,2026-07-28,01:54:33,-07:00,2026-07-27T18:54:33-07:00,1,30
app/layout.tsx,19,tsx,f189fd9,Ishaan Kor,2026-07-28,01:54:33,-07:00,2026-07-27T18:54:33-07:00,1,30
app/layout.tsx,20,tsx,f189fd9,Ishaan Kor,2026-07-28,01:54:33,-07:00,2026-07-27T18:54:33-07:00,1,30
app/layout.tsx,21,tsx,f189fd9,Ishaan Kor,2026-07-28,01:54:33,-07:00,2026-07-27T18:54:33-07:00,1,30
app/layout.tsx,22,tsx,f189fd9,Ishaan Kor,2026-07-28,01:54:33,-07:00,2026-07-27T18:54:33-07:00,1,30
app/layout.tsx,23,tsx,f189fd9,Ishaan Kor,2026-07-28,01:54:33,-07:00,2026-07-27T18:54:33-07:00,1,30
app/layout.tsx,24,tsx,f189fd9,Ishaan Kor,2026-07-28,01:54:33,-07:00,2026-07-27T18:54:33-07:00,1,30
app/layout.tsx,25,tsx,f189fd9,Ishaan Kor,2026-07-28,01:54:33,-07:00,2026-07-27T18:54:33-07:00,1,30
app/layout.tsx,26,tsx,f189fd9,Ishaan Kor,2026-07-28,01:54:33,-07:00,2026-07-27T18:54:33-07:00,1,30
app/layout.tsx,27,tsx,f189fd9,Ishaan Kor,2026-07-28,01:54:33,-07:00,2026-07-27T18:54:33-07:00,1,30
app/layout.tsx,28,tsx,f189fd9,Ishaan Kor,2026-07-28,01:54:33,-07:00,2026-07-27T18:54:33-07:00,1,30
app/layout.tsx,29,tsx,f189fd9,Ishaan Kor,2026-07-28,01:54:33,-07:00,2026-07-27T18:54:33-07:00,1,30
app/layout.tsx,30,tsx,f189fd9,Ishaan Kor,2026-07-28,01:54:33,-07:00,2026-07-27T18:54:33-07:00,1,30
app/layout.tsx,31,tsx,f189fd9,Ishaan Kor,2026-07-28,01:54:33,-07:00,2026-07-27T18:54:33-07:00,1,30
app/layout.tsx,32,tsx,f189fd9,Ishaan Kor,2026-07-28,01:54:33,-07:00,2026-07-27T18:54:33-07:00,1,30
app/layout.tsx,33,tsx,f189fd9,Ishaan Kor,2026-07-28,01:54:33,-07:00,2026-07-27T18:54:33-07:00,1,30
app/layout.tsx,34,tsx,f189fd9,Ishaan Kor,2026-07-28,01:54:33,-07:00,2026-07-27T18:54:33-07:00,1,30
app/layout.tsx,35,tsx,f189fd9,Ishaan Kor,2026-07-28,01:54:33,-07:00,2026-07-27T18:54:33-07:00,1,30
app/layout.tsx,36,tsx,f189fd9,Ishaan Kor,2026-07-28,01:54:33,-07:00,2026-07-27T18:54:33-07:00,1,30
app/layout.tsx,37,tsx,f189fd9,Ishaan Kor,2026-07-28,01:54:33,-07:00,2026-07-27T18:54:33-07:00,1,30
app/layout.tsx,38,tsx,f189fd9,Ishaan Kor,2026-07-28,01:54:33,-07:00,2026-07-27T18:54:33-07:00,1,30
app/layout.tsx,39,tsx,f189fd9,Ishaan Kor,2026-07-28,01:54:33,-07:00,2026-07-27T18:54:33-07:00,1,30
app/layout.tsx,40,tsx,f189fd9,Ishaan Kor,2026-07-28,01:54:33,-07:00,2026-07-27T18:54:33-07:00,1,30
app/layout.tsx,41,tsx,f189fd9,Ishaan Kor,2026-07-28,01:54:33,-07:00,2026-07-27T18:54:33-07:00,1,30
app/layout.tsx,42,tsx,f189fd9,Ishaan Kor,2026-07-28,01:54:33,-07:00,2026-07-27T18:54:33-07:00,1,30
app/layout.tsx,43,tsx,f189fd9,Ishaan Kor,2026-07-28,01:54:33,-07:00,2026-07-27T18:54:33-07:00,1,30
app/layout.tsx,44,tsx,f189fd9,Ishaan Kor,2026-07-28,01:54:33,-07:00,2026-07-27T18:54:33-07:00,1,30
app/layout.tsx,45,tsx,f189fd9,Ishaan Kor,2026-07-28,01:54:33,-07:00,2026-07-27T18:54:33-07:00,1,30
app/layout.tsx,46,tsx,f189fd9,Ishaan Kor,2026-07-28,01:54:33,-07:00,2026-07-27T18:54:33-07:00,1,30
app/layout.tsx,47,tsx,f189fd9,Ishaan Kor,2026-07-28,01:54:33,-07:00,2026-07-27T18:54:33-07:00,1,30
app/layout.tsx,48,tsx,f189fd9,Ishaan Kor,2026-07-28,01:54:33,-07:00,2026-07-27T18:54:33-07:00,1,30
app/layout.tsx,49,tsx,f189fd9,Ishaan Kor,2026-07-28,01:54:33,-07:00,2026-07-27T18:54:33-07:00,1,30
app/layout.tsx,50,tsx,f189fd9,Ishaan Kor,2026-07-28,01:54:33,-07:00,2026-07-27T18:54:33-07:00,1,30
app/page.tsx,1,tsx,f189fd9,Ishaan Kor,2026-07-28,01:54:33,-07:00,2026-07-27T18:54:33-07:00,1,30
app/page.tsx,2,tsx,f189fd9,Ishaan Kor,2026-07-28,01:54:33,-07:00,2026-07-27T18:54:33-07:00,1,30
app/page.tsx,3,tsx,f189fd9,Ishaan Kor,2026-07-28,01:54:33,-07:00,2026-07-27T18:54:33-07:00,1,30
app/page.tsx,4,tsx,f189fd9,Ishaan Kor,2026-07-28,01:54:33,-07:00,2026-07-27T18:54:33-07:00,1,30
app/page.tsx,5,tsx,f189fd9,Ishaan Kor,2026-07-28,01:54:33,-07:00,2026-07-27T18:54:33-07:00,1,30
app/page.tsx,6,tsx,f189fd9,Ishaan Kor,2026-07-28,01:54:33,-07:00,2026-07-27T18:54:33-07:00,1,30
app/page.tsx,7,tsx,f189fd9,Ishaan Kor,2026-07-28,01:54:33,-07:00,2026-07-27T18:54:33-07:00,1,30
app/page.tsx,8,tsx,f189fd9,Ishaan Kor,2026-07-28,01:54:33,-07:00,2026-07-27T18:54:33-07:00,1,30
app/page.tsx,9,tsx,f189fd9,Ishaan Kor,2026-07-28,01:54:33,-07:00,2026-07-27T18:54:33-07:00,1,30
app/page.tsx,10,tsx,f189fd9,Ishaan Kor,2026-07-28,01:54:33,-07:00,2026-07-27T18:54:33-07:00,1,30
app/page.tsx,11,tsx,f189fd9,Ishaan Kor,2026-07-28,01:54:33,-07:00,2026-07-27T18:54:33-07:00,1,30
app/page.tsx,12,tsx,f189fd9,Ishaan Kor,2026-07-28,01:54:33,-07:00,2026-07-27T18:54:33-07:00,1,30
app/page.tsx,13,tsx,f189fd9,Ishaan Kor,2026-07-28,01:54:33,-07:00,2026-07-27T18:54:33-07:00,1,30
app/page.tsx,14,tsx,f189fd9,Ishaan Kor,2026-07-28,01:54:33,-07:00,2026-07-27T18:54:33-07:00,1,30
app/page.tsx,15,tsx,f189fd9,Ishaan Kor,2026-07-28,01:54:33,-07:00,2026-07-27T18:54:33-07:00,1,30
app/page.tsx,16,tsx,f189fd9,Ishaan Kor,2026-07-28,01:54:33,-07:00,2026-07-27T18:54:33-07:00,1,30
app/page.tsx,17,tsx,f189fd9,Ishaan Kor,2026-07-28,01:54:33,-07:00,2026-07-27T18:54:33-07:00,1,30
app/page.tsx,18,tsx,f189fd9,Ishaan Kor,2026-07-28,01:54:33,-07:00,2026-07-27T18:54:33-07:00,1,30
app/page.tsx,19,tsx,f189fd9,Ishaan Kor,2026-07-28,01:54:33,-07:00,2026-07-27T18:54:33-07:00,1,30
app/page.tsx,20,tsx,f189fd9,Ishaan Kor,2026-07-28,01:54:33,-07:00,2026-07-27T18:54:33-07:00,1,30
app/page.tsx,21,tsx,f189fd9,Ishaan Kor,2026-07-28,01:54:33,-07:00,2026-07-27T18:54:33-07:00,1,30
app/projects/page.tsx,1,tsx,f189fd9,Ishaan Kor,2026-07-28,01:54:33,-07:00,2026-07-27T18:54:33-07:00,2,30
app/projects/page.tsx,2,tsx,f189fd9,Ishaan Kor,2026-07-28,01:54:33,-07:00,2026-07-27T18:54:33-07:00,2,30
app/projects/page.tsx,3,tsx,f189fd9,Ishaan Kor,2026-07-28,01:54:33,-07:00,2026-07-27T18:54:33-07:00,2,30
app/projects/page.tsx,4,tsx,f189fd9,Ishaan Kor,2026-07-28,01:54:33,-07:00,2026-07-27T18:54:33-07:00,2,30
app/projects/page.tsx,5,tsx,f189fd9,Ishaan Kor,2026-07-28,01:54:33,-07:00,2026-07-27T18:54:33-07:00,2,30
app/projects/page.tsx,6,tsx,f189fd9,Ishaan Kor,2026-07-28,01:54:33,-07:00,2026-07-27T18:54:33-07:00,2,30
app/projects/page.tsx,7,tsx,f189fd9,Ishaan Kor,2026-07-28,01:54:33,-07:00,2026-07-27T18:54:33-07:00,2,30
app/projects/page.tsx,8,tsx,f189fd9,Ishaan Kor,2026-07-28,01:54:33,-07:00,2026-07-27T18:54:33-07:00,2,30
app/projects/page.tsx,9,tsx,f189fd9,Ishaan Kor,2026-07-28,01:54:33,-07:00,2026-07-27T18:54:33-07:00,2,30
app/projects/page.tsx,10,tsx,f189fd9,Ishaan Kor,2026-07-28,01:54:33,-07:00,2026-07-27T18:54:33-07:00,2,30
app/projects/page.tsx,11,tsx,f189fd9,Ishaan Kor,2026-07-28,01:54:33,-07:00,2026-07-27T18:54:33-07:00,2,30
app/projects/page.tsx,12,tsx,f189fd9,Ishaan Kor,2026-07-28,01:54:33,-07:00,2026-07-27T18:54:33-07:00,2,30
app/projects/page.tsx,13,tsx,f189fd9,Ishaan Kor,2026-07-28,01:54:33,-07:00,2026-07-27T18:54:33-07:00,2,30
app/projects/page.tsx,14,tsx,f189fd9,Ishaan Kor,2026-07-28,01:54:33,-07:00,2026-07-27T18:54:33-07:00,2,30
app/projects/page.tsx,15,tsx,f189fd9,Ishaan Kor,2026-07-28,01:54:33,-07:00,2026-07-27T18:54:33-07:00,2,30
app/projects/page.tsx,16,tsx,f189fd9,Ishaan Kor,2026-07-28,01:54:33,-07:00,2026-07-27T18:54:33-07:00,2,30
app/projects/page.tsx,17,tsx,f189fd9,Ishaan Kor,2026-07-28,01:54:33,-07:00,2026-07-27T18:54:33-07:00,2,30
app/projects/page.tsx,18,tsx,f189fd9,Ishaan Kor,2026-07-28,01:54:33,-07:00,2026-07-27T18:54:33-07:00,2,30
app/projects/page.tsx,19,tsx,f189fd9,Ishaan Kor,2026-07-28,01:54:33,-07:00,2026-07-27T18:54:33-07:00,2,30
app/projects/page.tsx,20,tsx,f189fd9,Ishaan Kor,2026-07-28,01:54:33,-07:00,2026-07-27T18:54:33-07:00,2,30
app/projects/page.tsx,21,tsx,f189fd9,Ishaan Kor,2026-07-28,01:54:33,-07:00,2026-07-27T18:54:33-07:00,2,30
app/projects/page.tsx,22,tsx,f189fd9,Ishaan Kor,2026-07-28,01:54:33,-07:00,2026-07-27T18:54:33-07:00,2,30
app/projects/page.tsx,23,tsx,f189fd9,Ishaan Kor,2026-07-28,01:54:33,-07:00,2026-07-27T18:54:33-07:00,2,30
app/projects/page.tsx,24,tsx,f189fd9,Ishaan Kor,2026-07-28,01:54:33,-07:00,2026-07-27T18:54:33-07:00,2,30
app/projects/page.tsx,25,tsx,f189fd9,Ishaan Kor,2026-07-28,01:54:33,-07:00,2026-07-27T18:54:33-07:00,2,30
app/projects/page.tsx,26,tsx,f189fd9,Ishaan Kor,2026-07-28,01:54:33,-07:00,2026-07-27T18:54:33-07:00,2,30
app/projects/page.tsx,27,tsx,f189fd9,Ishaan Kor,2026-07-28,01:54:33,-07:00,2026-07-27T18:54:33-07:00,2,30
app/projects/page.tsx,28,tsx,f189fd9,Ishaan Kor,2026-07-28,01:54:33,-07:00,2026-07-27T18:54:33-07:00,2,30
app/projects/page.tsx,29,tsx,f189fd9,Ishaan Kor,2026-07-28,01:54:33,-07:00,2026-07-27T18:54:33-07:00,2,30
app/projects/page.tsx,30,tsx,f189fd9,Ishaan Kor,2026-07-28,01:54:33,-07:00,2026-07-27T18:54:33-07:00,2,30
app/projects/page.tsx,31,tsx,f189fd9,Ishaan Kor,2026-07-28,01:54:33,-07:00,2026-07-27T18:54:33-07:00,2,30
app/projects/page.tsx,32,tsx,f189fd9,Ishaan Kor,2026-07-28,01:54:33,-07:00,2026-07-27T18:54:33-07:00,2,30
app/resume/page.tsx,1,tsx,f189fd9,Ishaan Kor,2026-07-28,01:54:33,-07:00,2026-07-27T18:54:33-07:00,2,30
app/resume/page.tsx,2,tsx,f189fd9,Ishaan Kor,2026-07-28,01:54:33,-07:00,2026-07-27T18:54:33-07:00,2,30
app/resume/page.tsx,3,tsx,f189fd9,Ishaan Kor,2026-07-28,01:54:33,-07:00,2026-07-27T18:54:33-07:00,2,30
app/resume/page.tsx,4,tsx,f189fd9,Ishaan Kor,2026-07-28,01:54:33,-07:00,2026-07-27T18:54:33-07:00,2,30
app/resume/page.tsx,5,tsx,f189fd9,Ishaan Kor,2026-07-28,01:54:33,-07:00,2026-07-27T18:54:33-07:00,2,30
app/resume/page.tsx,6,tsx,f189fd9,Ishaan Kor,2026-07-28,01:54:33,-07:00,2026-07-27T18:54:33-07:00,2,30
app/resume/page.tsx,7,tsx,f189fd9,Ishaan Kor,2026-07-28,01:54:33,-07:00,2026-07-27T18:54:33-07:00,2,30
app/resume/page.tsx,8,tsx,f189fd9,Ishaan Kor,2026-07-28,01:54:33,-07:00,2026-07-27T18:54:33-07:00,2,30
app/resume/page.tsx,9,tsx,f189fd9,Ishaan Kor,2026-07-28,01:54:33,-07:00,2026-07-27T18:54:33-07:00,2,30
app/resume/page.tsx,10,tsx,f189fd9,Ishaan Kor,2026-07-28,01:54:33,-07:00,2026-07-27T18:54:33-07:00,2,30
app/resume/page.tsx,11,tsx,f189fd9,Ishaan Kor,2026-07-28,01:54:33,-07:00,2026-07-27T18:54:33-07:00,2,30
app/resume/page.tsx,12,tsx,f189fd9,Ishaan Kor,2026-07-28,01:54:33,-07:00,2026-07-27T18:54:33-07:00,2,30
app/resume/page.tsx,13,tsx,f189fd9,Ishaan Kor,2026-07-28,01:54:33,-07:00,2026-07-27T18:54:33-07:00,2,30
app/resume/page.tsx,14,tsx,f189fd9,Ishaan Kor,2026-07-28,01:54:33,-07:00,2026-07-27T18:54:33-07:00,2,30
app/resume/page.tsx,15,tsx,f189fd9,Ishaan Kor,2026-07-28,01:54:33,-07:00,2026-07-27T18:54:33-07:00,2,30
app/resume/page.tsx,16,tsx,f189fd9,Ishaan Kor,2026-07-28,01:54:33,-07:00,2026-07-27T18:54:33-07:00,2,30
app/resume/page.tsx,17,tsx,f189fd9,Ishaan Kor,2026-07-28,01:54:33,-07:00,2026-07-27T18:54:33-07:00,2,30
app/resume/page.tsx,18,tsx,f189fd9,Ishaan Kor,2026-07-28,01:54:33,-07:00,2026-07-27T18:54:33-07:00,2,30
app/resume/page.tsx,19,tsx,f189fd9,Ishaan Kor,2026-07-28,01:54:33,-07:00,2026-07-27T18:54:33-07:00,2,30
app/resume/page.tsx,20,tsx,f189fd9,Ishaan Kor,2026-07-28,01:54:33,-07:00,2026-07-27T18:54:33-07:00,2,30
app/resume/page.tsx,21,tsx,f189fd9,Ishaan Kor,2026-07-28,01:54:33,-07:00,2026-07-27T18:54:33-07:00,2,30
app/resume/page.tsx,22,tsx,f189fd9,Ishaan Kor,2026-07-28,01:54:33,-07:00,2026-07-27T18:54:33-07:00,2,30
app/resume/page.tsx,23,tsx,f189fd9,Ishaan Kor,2026-07-28,01:54:33,-07:00,2026-07-27T18:54:33-07:00,2,30
app/resume/page.tsx,24,tsx,f189fd9,Ishaan Kor,2026-07-28,01:54:33,-07:00,2026-07-27T18:54:33-07:00,2,30
app/resume/page.tsx,25,tsx,f189fd9,Ishaan Kor,2026-07-28,01:54:33,-07:00,2026-07-27T18:54:33-07:00,2,30
app/resume/page.tsx,26,tsx,f189fd9,Ishaan Kor,2026-07-28,01:54:33,-07:00,2026-07-27T18:54:33-07:00,2,30
app/resume/page.tsx,27,tsx,f189fd9,Ishaan Kor,2026-07-28,01:54:33,-07:00,2026-07-27T18:54:33-07:00,2,30
app/resume/page.tsx,28,tsx,f189fd9,Ishaan Kor,2026-07-28,01:54:33,-07:00,2026-07-27T18:54:33-07:00,2,30
app/resume/page.tsx,29,tsx,f189fd9,Ishaan Kor,2026-07-28,01:54:33,-07:00,2026-07-27T18:54:33-07:00,2,30
app/resume/page.tsx,30,tsx,f189fd9,Ishaan Kor,2026-07-28,01:54:33,-07:00,2026-07-27T18:54:33-07:00,2,30
app/resume/page.tsx,31,tsx,f189fd9,Ishaan Kor,2026-07-28,01:54:33,-07:00,2026-07-27T18:54:33-07:00,2,30
app/resume/page.tsx,32,tsx,f189fd9,Ishaan Kor,2026-07-28,01:54:33,-07:00,2026-07-27T18:54:33-07:00,2,30
app/resume/page.tsx,33,tsx,f189fd9,Ishaan Kor,2026-07-28,01:54:33,-07:00,2026-07-27T18:54:33-07:00,2,30
app/resume/page.tsx,34,tsx,f189fd9,Ishaan Kor,2026-07-28,01:54:33,-07:00,2026-07-27T18:54:33-07:00,2,30
app/resume/page.tsx,35,tsx,f189fd9,Ishaan Kor,2026-07-28,01:54:33,-07:00,2026-07-27T18:54:33-07:00,2,30
app/resume/page.tsx,36,tsx,f189fd9,Ishaan Kor,2026-07-28,01:54:33,-07:00,2026-07-27T18:54:33-07:00,2,30
app/resume/page.tsx,37,tsx,f189fd9,Ishaan Kor,2026-07-28,01:54:33,-07:00,2026-07-27T18:54:33-07:00,2,30
app/resume/page.tsx,38,tsx,f189fd9,Ishaan Kor,2026-07-28,01:54:33,-07:00,2026-07-27T18:54:33-07:00,2,30
app/resume/page.tsx,39,tsx,f189fd9,Ishaan Kor,2026-07-28,01:54:33,-07:00,2026-07-27T18:54:33-07:00,2,30
app/resume/page.tsx,40,tsx,f189fd9,Ishaan Kor,2026-07-28,01:54:33,-07:00,2026-07-27T18:54:33-07:00,2,30
app/resume/page.tsx,41,tsx,f189fd9,Ishaan Kor,2026-07-28,01:54:33,-07:00,2026-07-27T18:54:33-07:00,2,30
app/resume/page.tsx,42,tsx,f189fd9,Ishaan Kor,2026-07-28,01:54:33,-07:00,2026-07-27T18:54:33-07:00,2,30
app/resume/page.tsx,43,tsx,f189fd9,Ishaan Kor,2026-07-28,01:54:33,-07:00,2026-07-27T18:54:33-07:00,2,30
app/resume/page.tsx,44,tsx,f189fd9,Ishaan Kor,2026-07-28,01:54:33,-07:00,2026-07-27T18:54:33-07:00,2,30
app/resume/page.tsx,45,tsx,f189fd9,Ishaan Kor,2026-07-28,01:54:33,-07:00,2026-07-27T18:54:33-07:00,2,30
components/analytics/GitHubAnalytics.tsx,1,tsx,f189fd9,Ishaan Kor,2026-07-28,01:54:33,-07:00,2026-07-27T18:54:33-07:00,2,30
components/analytics/GitHubAnalytics.tsx,2,tsx,f189fd9,Ishaan Kor,2026-07-28,01:54:33,-07:00,2026-07-27T18:54:33-07:00,2,30
components/analytics/GitHubAnalytics.tsx,3,tsx,f189fd9,Ishaan Kor,2026-07-28,01:54:33,-07:00,2026-07-27T18:54:33-07:00,2,30
components/analytics/GitHubAnalytics.tsx,4,tsx,f189fd9,Ishaan Kor,2026-07-28,01:54:33,-07:00,2026-07-27T18:54:33-07:00,2,30
components/analytics/GitHubAnalytics.tsx,5,tsx,f189fd9,Ishaan Kor,2026-07-28,01:54:33,-07:00,2026-07-27T18:54:33-07:00,2,30
components/analytics/GitHubAnalytics.tsx,6,tsx,f189fd9,Ishaan Kor,2026-07-28,01:54:33,-07:00,2026-07-27T18:54:33-07:00,2,30
components/analytics/GitHubAnalytics.tsx,7,tsx,f189fd9,Ishaan Kor,2026-07-28,01:54:33,-07:00,2026-07-27T18:54:33-07:00,2,30
components/analytics/GitHubAnalytics.tsx,8,tsx,f189fd9,Ishaan Kor,2026-07-28,01:54:33,-07:00,2026-07-27T18:54:33-07:00,2,30
components/analytics/GitHubAnalytics.tsx,9,tsx,f189fd9,Ishaan Kor,2026-07-28,01:54:33,-07:00,2026-07-27T18:54:33-07:00,2,30
components/analytics/GitHubAnalytics.tsx,10,tsx,f189fd9,Ishaan Kor,2026-07-28,01:54:33,-07:00,2026-07-27T18:54:33-07:00,2,30
components/analytics/GitHubAnalytics.tsx,11,tsx,f189fd9,Ishaan Kor,2026-07-28,01:54:33,-07:00,2026-07-27T18:54:33-07:00,2,30
components/analytics/GitHubAnalytics.tsx,12,tsx,f189fd9,Ishaan Kor,2026-07-28,01:54:33,-07:00,2026-07-27T18:54:33-07:00,2,30
components/analytics/GitHubAnalytics.tsx,13,tsx,f189fd9,Ishaan Kor,2026-07-28,01:54:33,-07:00,2026-07-27T18:54:33-07:00,2,30
components/analytics/GitHubAnalytics.tsx,14,tsx,f189fd9,Ishaan Kor,2026-07-28,01:54:33,-07:00,2026-07-27T18:54:33-07:00,2,30
components/analytics/GitHubAnalytics.tsx,15,tsx,f189fd9,Ishaan Kor,2026-07-28,01:54:33,-07:00,2026-07-27T18:54:33-07:00,2,30
components/analytics/GitHubAnalytics.tsx,16,tsx,f189fd9,Ishaan Kor,2026-07-28,01:54:33,-07:00,2026-07-27T18:54:33-07:00,2,30
components/analytics/GitHubAnalytics.tsx,17,tsx,f189fd9,Ishaan Kor,2026-07-28,01:54:33,-07:00,2026-07-27T18:54:33-07:00,2,30
components/analytics/GitHubAnalytics.tsx,18,tsx,f189fd9,Ishaan Kor,2026-07-28,01:54:33,-07:00,2026-07-27T18:54:33-07:00,2,30
components/analytics/GitHubAnalytics.tsx,19,tsx,f189fd9,Ishaan Kor,2026-07-28,01:54:33,-07:00,2026-07-27T18:54:33-07:00,2,30
components/analytics/GitHubAnalytics.tsx,20,tsx,f189fd9,Ishaan Kor,2026-07-28,01:54:33,-07:00,2026-07-27T18:54:33-07:00,2,30
components/analytics/GitHubAnalytics.tsx,21,tsx,f189fd9,Ishaan Kor,2026-07-28,01:54:33,-07:00,2026-07-27T18:54:33-07:00,2,30
components/analytics/GitHubAnalytics.tsx,22,tsx,f189fd9,Ishaan Kor,2026-07-28,01:54:33,-07:00,2026-07-27T18:54:33-07:00,2,30
components/analytics/GitHubAnalytics.tsx,23,tsx,f189fd9,Ishaan Kor,2026-07-28,01:54:33,-07:00,2026-07-27T18:54:33-07:00,2,30
components/analytics/GitHubAnalytics.tsx,24,tsx,f189fd9,Ishaan Kor,2026-07-28,01:54:33,-07:00,2026-07-27T18:54:33-07:00,2,30
components/analytics/GitHubAnalytics.tsx,25,tsx,f189fd9,Ishaan Kor,2026-07-28,01:54:33,-07:00,2026-07-27T18:54:33-07:00,2,30
components/analytics/GitHubAnalytics.tsx,26,tsx,f189fd9,Ishaan Kor,2026-07-28,01:54:33,-07:00,2026-07-27T18:54:33-07:00,2,30
components/analytics/GitHubAnalytics.tsx,27,tsx,f189fd9,Ishaan Kor,2026-07-28,01:54:33,-07:00,2026-07-27T18:54:33-07:00,2,30
components/analytics/GitHubAnalytics.tsx,28,tsx,f189fd9,Ishaan Kor,2026-07-28,01:54:33,-07:00,2026-07-27T18:54:33-07:00,2,30
components/analytics/GitHubAnalytics.tsx,29,tsx,f189fd9,Ishaan Kor,2026-07-28,01:54:33,-07:00,2026-07-27T18:54:33-07:00,2,30
components/analytics/GitHubAnalytics.tsx,30,tsx,f189fd9,Ishaan Kor,2026-07-28,01:54:33,-07:00,2026-07-27T18:54:33-07:00,2,30
components/analytics/GitHubAnalytics.tsx,31,tsx,f189fd9,Ishaan Kor,2026-07-28,01:54:33,-07:00,2026-07-27T18:54:33-07:00,2,30
components/analytics/GitHubAnalytics.tsx,32,tsx,f189fd9,Ishaan Kor,2026-07-28,01:54:33,-07:00,2026-07-27T18:54:33-07:00,2,30
components/analytics/GitHubAnalytics.tsx,33,tsx,f189fd9,Ishaan Kor,2026-07-28,01:54:33,-07:00,2026-07-27T18:54:33-07:00,2,30
components/analytics/GitHubAnalytics.tsx,34,tsx,f189fd9,Ishaan Kor,2026-07-28,01:54:33,-07:00,2026-07-27T18:54:33-07:00,2,30
components/analytics/GitHubAnalytics.tsx,35,tsx,f189fd9,Ishaan Kor,2026-07-28,01:54:33,-07:00,2026-07-27T18:54:33-07:00,2,30
components/analytics/GitHubAnalytics.tsx,36,tsx,f189fd9,Ishaan Kor,2026-07-28,01:54:33,-07:00,2026-07-27T18:54:33-07:00,2,30
components/analytics/GitHubAnalytics.tsx,37,tsx,f189fd9,Ishaan Kor,2026-07-28,01:54:33,-07:00,2026-07-27T18:54:33-07:00,2,30
components/analytics/GitHubAnalytics.tsx,38,tsx,f189fd9,Ishaan Kor,2026-07-28,01:54:33,-07:00,2026-07-27T18:54:33-07:00,2,30
components/analytics/GitHubAnalytics.tsx,39,tsx,f189fd9,Ishaan Kor,2026-07-28,01:54:33,-07:00,2026-07-27T18:54:33-07:00,2,30
components/analytics/GitHubAnalytics.tsx,40,tsx,f189fd9,Ishaan Kor,2026-07-28,01:54:33,-07:00,2026-07-27T18:54:33-07:00,2,30
components/analytics/GitHubAnalytics.tsx,41,tsx,f189fd9,Ishaan Kor,2026-07-28,01:54:33,-07:00,2026-07-27T18:54:33-07:00,2,30
components/analytics/GitHubAnalytics.tsx,42,tsx,f189fd9,Ishaan Kor,2026-07-28,01:54:33,-07:00,2026-07-27T18:54:33-07:00,2,30
components/analytics/GitHubAnalytics.tsx,43,tsx,f189fd9,Ishaan Kor,2026-07-28,01:54:33,-07:00,2026-07-27T18:54:33-07:00,2,30
components/analytics/GitHubAnalytics.tsx,44,tsx,f189fd9,Ishaan Kor,2026-07-28,01:54:33,-07:00,2026-07-27T18:54:33-07:00,2,30
components/analytics/GitHubAnalytics.tsx,45,tsx,f189fd9,Ishaan Kor,2026-07-28,01:54:33,-07:00,2026-07-27T18:54:33-07:00,2,30
components/analytics/GitHubAnalytics.tsx,46,tsx,f189fd9,Ishaan Kor,2026-07-28,01:54:33,-07:00,2026-07-27T18:54:33-07:00,2,30
components/analytics/GitHubAnalytics.tsx,47,tsx,f189fd9,Ishaan Kor,2026-07-28,01:54:33,-07:00,2026-07-27T18:54:33-07:00,2,30
components/analytics/GitHubAnalytics.tsx,48,tsx,f189fd9,Ishaan Kor,2026-07-28,01:54:33,-07:00,2026-07-27T18:54:33-07:00,2,30
components/analytics/GitHubAnalytics.tsx,49,tsx,f189fd9,Ishaan Kor,2026-07-28,01:54:33,-07:00,2026-07-27T18:54:33-07:00,2,30
components/analytics/GitHubAnalytics.tsx,50,tsx,f189fd9,Ishaan Kor,2026-07-28,01:54:33,-07:00,2026-07-27T18:54:33-07:00,2,30
components/contact/ContactSection.tsx,1,tsx,f189fd9,Ishaan Kor,2026-07-28,01:54:33,-07:00,2026-07-27T18:54:33-07:00,2,30
components/contact/ContactSection.tsx,2,tsx,f189fd9,Ishaan Kor,2026-07-28,01:54:33,-07:00,2026-07-27T18:54:33-07:00,2,30
components/contact/ContactSection.tsx,3,tsx,f189fd9,Ishaan Kor,2026-07-28,01:54:33,-07:00,2026-07-27T18:54:33-07:00,2,30
components/contact/ContactSection.tsx,4,tsx,f189fd9,Ishaan Kor,2026-07-28,01:54:33,-07:00,2026-07-27T18:54:33-07:00,2,30
components/contact/ContactSection.tsx,5,tsx,f189fd9,Ishaan Kor,2026-07-28,01:54:33,-07:00,2026-07-27T18:54:33-07:00,2,30
components/contact/ContactSection.tsx,6,tsx,f189fd9,Ishaan Kor,2026-07-28,01:54:33,-07:00,2026-07-27T18:54:33-07:00,2,30
components/contact/ContactSection.tsx,7,tsx,f189fd9,Ishaan Kor,2026-07-28,01:54:33,-07:00,2026-07-27T18:54:33-07:00,2,30
components/contact/ContactSection.tsx,8,tsx,f189fd9,Ishaan Kor,2026-07-28,01:54:33,-07:00,2026-07-27T18:54:33-07:00,2,30
components/contact/ContactSection.tsx,9,tsx,f189fd9,Ishaan Kor,2026-07-28,01:54:33,-07:00,2026-07-27T18:54:33-07:00,2,30
components/contact/ContactSection.tsx,10,tsx,f189fd9,Ishaan Kor,2026-07-28,01:54:33,-07:00,2026-07-27T18:54:33-07:00,2,30
components/contact/ContactSection.tsx,11,tsx,f189fd9,Ishaan Kor,2026-07-28,01:54:33,-07:00,2026-07-27T18:54:33-07:00,2,30
components/contact/ContactSection.tsx,12,tsx,f189fd9,Ishaan Kor,2026-07-28,01:54:33,-07:00,2026-07-27T18:54:33-07:00,2,30
components/contact/ContactSection.tsx,13,tsx,f189fd9,Ishaan Kor,2026-07-28,01:54:33,-07:00,2026-07-27T18:54:33-07:00,2,30
components/contact/ContactSection.tsx,14,tsx,f189fd9,Ishaan Kor,2026-07-28,01:54:33,-07:00,2026-07-27T18:54:33-07:00,2,30
components/contact/ContactSection.tsx,15,tsx,f189fd9,Ishaan Kor,2026-07-28,01:54:33,-07:00,2026-07-27T18:54:33-07:00,2,30
components/contact/ContactSection.tsx,16,tsx,f189fd9,Ishaan Kor,2026-07-28,01:54:33,-07:00,2026-07-27T18:54:33-07:00,2,30
components/contact/ContactSection.tsx,17,tsx,f189fd9,Ishaan Kor,2026-07-28,01:54:33,-07:00,2026-07-27T18:54:33-07:00,2,30
components/contact/ContactSection.tsx,18,tsx,f189fd9,Ishaan Kor,2026-07-28,01:54:33,-07:00,2026-07-27T18:54:33-07:00,2,30
components/contact/ContactSection.tsx,19,tsx,f189fd9,Ishaan Kor,2026-07-28,01:54:33,-07:00,2026-07-27T18:54:33-07:00,2,30
components/contact/ContactSection.tsx,20,tsx,f189fd9,Ishaan Kor,2026-07-28,01:54:33,-07:00,2026-07-27T18:54:33-07:00,2,30
components/contact/ContactSection.tsx,21,tsx,f189fd9,Ishaan Kor,2026-07-28,01:54:33,-07:00,2026-07-27T18:54:33-07:00,2,30
components/contact/ContactSection.tsx,22,tsx,f189fd9,Ishaan Kor,2026-07-28,01:54:33,-07:00,2026-07-27T18:54:33-07:00,2,30
components/contact/ContactSection.tsx,23,tsx,f189fd9,Ishaan Kor,2026-07-28,01:54:33,-07:00,2026-07-27T18:54:33-07:00,2,30
components/contact/ContactSection.tsx,24,tsx,f189fd9,Ishaan Kor,2026-07-28,01:54:33,-07:00,2026-07-27T18:54:33-07:00,2,30
components/contact/ContactSection.tsx,25,tsx,f189fd9,Ishaan Kor,2026-07-28,01:54:33,-07:00,2026-07-27T18:54:33-07:00,2,30
components/contact/ContactSection.tsx,26,tsx,f189fd9,Ishaan Kor,2026-07-28,01:54:33,-07:00,2026-07-27T18:54:33-07:00,2,30
components/contact/ContactSection.tsx,27,tsx,f189fd9,Ishaan Kor,2026-07-28,01:54:33,-07:00,2026-07-27T18:54:33-07:00,2,30
components/contact/ContactSection.tsx,28,tsx,f189fd9,Ishaan Kor,2026-07-28,01:54:33,-07:00,2026-07-27T18:54:33-07:00,2,30
components/contact/ContactSection.tsx,29,tsx,f189fd9,Ishaan Kor,2026-07-28,01:54:33,-07:00,2026-07-27T18:54:33-07:00,2,30
components/contact/ContactSection.tsx,30,tsx,f189fd9,Ishaan Kor,2026-07-28,01:54:33,-07:00,2026-07-27T18:54:33-07:00,2,30
components/contact/ContactSection.tsx,31,tsx,f189fd9,Ishaan Kor,2026-07-28,01:54:33,-07:00,2026-07-27T18:54:33-07:00,2,30
components/contact/ContactSection.tsx,32,tsx,f189fd9,Ishaan Kor,2026-07-28,01:54:33,-07:00,2026-07-27T18:54:33-07:00,2,30
components/contact/ContactSection.tsx,33,tsx,f189fd9,Ishaan Kor,2026-07-28,01:54:33,-07:00,2026-07-27T18:54:33-07:00,2,30
components/contact/ContactSection.tsx,34,tsx,f189fd9,Ishaan Kor,2026-07-28,01:54:33,-07:00,2026-07-27T18:54:33-07:00,2,30
components/contact/ContactSection.tsx,35,tsx,f189fd9,Ishaan Kor,2026-07-28,01:54:33,-07:00,2026-07-27T18:54:33-07:00,2,30
components/contact/ContactSection.tsx,36,tsx,f189fd9,Ishaan Kor,2026-07-28,01:54:33,-07:00,2026-07-27T18:54:33-07:00,2,30
components/contact/ContactSection.tsx,37,tsx,f189fd9,Ishaan Kor,2026-07-28,01:54:33,-07:00,2026-07-27T18:54:33-07:00,2,30
components/contact/ContactSection.tsx,38,tsx,f189fd9,Ishaan Kor,2026-07-28,01:54:33,-07:00,2026-07-27T18:54:33-07:00,2,30
components/contact/ContactSection.tsx,39,tsx,f189fd9,Ishaan Kor,2026-07-28,01:54:33,-07:00,2026-07-27T18:54:33-07:00,2,30
components/contact/ContactSection.tsx,40,tsx,f189fd9,Ishaan Kor,2026-07-28,01:54:33,-07:00,2026-07-27T18:54:33-07:00,2,30
components/contact/ContactSection.tsx,41,tsx,f189fd9,Ishaan Kor,2026-07-28,01:54:33,-07:00,2026-07-27T18:54:33-07:00,2,30
components/contact/ContactSection.tsx,42,tsx,f189fd9,Ishaan Kor,2026-07-28,01:54:33,-07:00,2026-07-27T18:54:33-07:00,2,30
components/contact/ContactSection.tsx,43,tsx,f189fd9,Ishaan Kor,2026-07-28,01:54:33,-07:00,2026-07-27T18:54:33-07:00,2,30
components/contact/ContactSection.tsx,44,tsx,f189fd9,Ishaan Kor,2026-07-28,01:54:33,-07:00,2026-07-27T18:54:33-07:00,2,30
components/contact/ContactSection.tsx,45,tsx,f189fd9,Ishaan Kor,2026-07-28,01:54:33,-07:00,2026-07-27T18:54:33-07:00,2,30
components/contact/ContactSection.tsx,46,tsx,f189fd9,Ishaan Kor,2026-07-28,01:54:33,-07:00,2026-07-27T18:54:33-07:00,2,30
components/contact/ContactSection.tsx,47,tsx,f189fd9,Ishaan Kor,2026-07-28,01:54:33,-07:00,2026-07-27T18:54:33-07:00,2,30
components/contact/ContactSection.tsx,48,tsx,f189fd9,Ishaan Kor,2026-07-28,01:54:33,-07:00,2026-07-27T18:54:33-07:00,2,30
components/contact/ContactSection.tsx,49,tsx,f189fd9,Ishaan Kor,2026-07-28,01:54:33,-07:00,2026-07-27T18:54:33-07:00,2,30
components/contact/ContactSection.tsx,50,tsx,f189fd9,Ishaan Kor,2026-07-28,01:54:33,-07:00,2026-07-27T18:54:33-07:00,2,30
components/experience/ExperienceTimeline.tsx,1,tsx,f189fd9,Ishaan Kor,2026-07-28,01:54:33,-07:00,2026-07-27T18:54:33-07:00,2,30
components/experience/ExperienceTimeline.tsx,2,tsx,f189fd9,Ishaan Kor,2026-07-28,01:54:33,-07:00,2026-07-27T18:54:33-07:00,2,30
components/experience/ExperienceTimeline.tsx,3,tsx,f189fd9,Ishaan Kor,2026-07-28,01:54:33,-07:00,2026-07-27T18:54:33-07:00,2,30
components/experience/ExperienceTimeline.tsx,4,tsx,f189fd9,Ishaan Kor,2026-07-28,01:54:33,-07:00,2026-07-27T18:54:33-07:00,2,30
components/experience/ExperienceTimeline.tsx,5,tsx,f189fd9,Ishaan Kor,2026-07-28,01:54:33,-07:00,2026-07-27T18:54:33-07:00,2,30
components/experience/ExperienceTimeline.tsx,6,tsx,f189fd9,Ishaan Kor,2026-07-28,01:54:33,-07:00,2026-07-27T18:54:33-07:00,2,30
components/experience/ExperienceTimeline.tsx,7,tsx,f189fd9,Ishaan Kor,2026-07-28,01:54:33,-07:00,2026-07-27T18:54:33-07:00,2,30
components/experience/ExperienceTimeline.tsx,8,tsx,f189fd9,Ishaan Kor,2026-07-28,01:54:33,-07:00,2026-07-27T18:54:33-07:00,2,30
components/experience/ExperienceTimeline.tsx,9,tsx,f189fd9,Ishaan Kor,2026-07-28,01:54:33,-07:00,2026-07-27T18:54:33-07:00,2,30
components/experience/ExperienceTimeline.tsx,10,tsx,f189fd9,Ishaan Kor,2026-07-28,01:54:33,-07:00,2026-07-27T18:54:33-07:00,2,30
components/experience/ExperienceTimeline.tsx,11,tsx,f189fd9,Ishaan Kor,2026-07-28,01:54:33,-07:00,2026-07-27T18:54:33-07:00,2,30
components/experience/ExperienceTimeline.tsx,12,tsx,f189fd9,Ishaan Kor,2026-07-28,01:54:33,-07:00,2026-07-27T18:54:33-07:00,2,30
components/experience/ExperienceTimeline.tsx,13,tsx,f189fd9,Ishaan Kor,2026-07-28,01:54:33,-07:00,2026-07-27T18:54:33-07:00,2,30
components/experience/ExperienceTimeline.tsx,14,tsx,f189fd9,Ishaan Kor,2026-07-28,01:54:33,-07:00,2026-07-27T18:54:33-07:00,2,30
components/experience/ExperienceTimeline.tsx,15,tsx,f189fd9,Ishaan Kor,2026-07-28,01:54:33,-07:00,2026-07-27T18:54:33-07:00,2,30
components/experience/ExperienceTimeline.tsx,16,tsx,f189fd9,Ishaan Kor,2026-07-28,01:54:33,-07:00,2026-07-27T18:54:33-07:00,2,30
components/experience/ExperienceTimeline.tsx,17,tsx,f189fd9,Ishaan Kor,2026-07-28,01:54:33,-07:00,2026-07-27T18:54:33-07:00,2,30
components/experience/ExperienceTimeline.tsx,18,tsx,f189fd9,Ishaan Kor,2026-07-28,01:54:33,-07:00,2026-07-27T18:54:33-07:00,2,30
components/experience/ExperienceTimeline.tsx,19,tsx,f189fd9,Ishaan Kor,2026-07-28,01:54:33,-07:00,2026-07-27T18:54:33-07:00,2,30
components/experience/ExperienceTimeline.tsx,20,tsx,f189fd9,Ishaan Kor,2026-07-28,01:54:33,-07:00,2026-07-27T18:54:33-07:00,2,30
components/experience/ExperienceTimeline.tsx,21,tsx,f189fd9,Ishaan Kor,2026-07-28,01:54:33,-07:00,2026-07-27T18:54:33-07:00,2,30
components/experience/ExperienceTimeline.tsx,22,tsx,f189fd9,Ishaan Kor,2026-07-28,01:54:33,-07:00,2026-07-27T18:54:33-07:00,2,30
components/experience/ExperienceTimeline.tsx,23,tsx,f189fd9,Ishaan Kor,2026-07-28,01:54:33,-07:00,2026-07-27T18:54:33-07:00,2,30
components/experience/ExperienceTimeline.tsx,24,tsx,f189fd9,Ishaan Kor,2026-07-28,01:54:33,-07:00,2026-07-27T18:54:33-07:00,2,30
components/experience/ExperienceTimeline.tsx,25,tsx,f189fd9,Ishaan Kor,2026-07-28,01:54:33,-07:00,2026-07-27T18:54:33-07:00,2,30
components/experience/ExperienceTimeline.tsx,26,tsx,f189fd9,Ishaan Kor,2026-07-28,01:54:33,-07:00,2026-07-27T18:54:33-07:00,2,30
components/experience/ExperienceTimeline.tsx,27,tsx,f189fd9,Ishaan Kor,2026-07-28,01:54:33,-07:00,2026-07-27T18:54:33-07:00,2,30
components/experience/ExperienceTimeline.tsx,28,tsx,f189fd9,Ishaan Kor,2026-07-28,01:54:33,-07:00,2026-07-27T18:54:33-07:00,2,30
components/experience/ExperienceTimeline.tsx,29,tsx,f189fd9,Ishaan Kor,2026-07-28,01:54:33,-07:00,2026-07-27T18:54:33-07:00,2,30
components/experience/ExperienceTimeline.tsx,30,tsx,f189fd9,Ishaan Kor,2026-07-28,01:54:33,-07:00,2026-07-27T18:54:33-07:00,2,30
components/experience/ExperienceTimeline.tsx,31,tsx,f189fd9,Ishaan Kor,2026-07-28,01:54:33,-07:00,2026-07-27T18:54:33-07:00,2,30
components/experience/ExperienceTimeline.tsx,32,tsx,f189fd9,Ishaan Kor,2026-07-28,01:54:33,-07:00,2026-07-27T18:54:33-07:00,2,30
components/experience/ExperienceTimeline.tsx,33,tsx,f189fd9,Ishaan Kor,2026-07-28,01:54:33,-07:00,2026-07-27T18:54:33-07:00,2,30
components/experience/ExperienceTimeline.tsx,34,tsx,f189fd9,Ishaan Kor,2026-07-28,01:54:33,-07:00,2026-07-27T18:54:33-07:00,2,30
components/experience/ExperienceTimeline.tsx,35,tsx,f189fd9,Ishaan Kor,2026-07-28,01:54:33,-07:00,2026-07-27T18:54:33-07:00,2,30
components/experience/ExperienceTimeline.tsx,36,tsx,f189fd9,Ishaan Kor,2026-07-28,01:54:33,-07:00,2026-07-27T18:54:33-07:00,2,30
components/experience/ExperienceTimeline.tsx,37,tsx,f189fd9,Ishaan Kor,2026-07-28,01:54:33,-07:00,2026-07-27T18:54:33-07:00,2,30
components/experience/ExperienceTimeline.tsx,38,tsx,f189fd9,Ishaan Kor,2026-07-28,01:54:33,-07:00,2026-07-27T18:54:33-07:00,2,30
components/experience/ExperienceTimeline.tsx,39,tsx,f189fd9,Ishaan Kor,2026-07-28,01:54:33,-07:00,2026-07-27T18:54:33-07:00,2,30
components/experience/ExperienceTimeline.tsx,40,tsx,f189fd9,Ishaan Kor,2026-07-28,01:54:33,-07:00,2026-07-27T18:54:33-07:00,2,30
components/experience/ExperienceTimeline.tsx,41,tsx,f189fd9,Ishaan Kor,2026-07-28,01:54:33,-07:00,2026-07-27T18:54:33-07:00,2,30
components/experience/ExperienceTimeline.tsx,42,tsx,f189fd9,Ishaan Kor,2026-07-28,01:54:33,-07:00,2026-07-27T18:54:33-07:00,2,30
components/experience/ExperienceTimeline.tsx,43,tsx,f189fd9,Ishaan Kor,2026-07-28,01:54:33,-07:00,2026-07-27T18:54:33-07:00,2,30
components/experience/ExperienceTimeline.tsx,44,tsx,f189fd9,Ishaan Kor,2026-07-28,01:54:33,-07:00,2026-07-27T18:54:33-07:00,2,30
components/experience/ExperienceTimeline.tsx,45,tsx,f189fd9,Ishaan Kor,2026-07-28,01:54:33,-07:00,2026-07-27T18:54:33-07:00,2,30
components/experience/ExperienceTimeline.tsx,46,tsx,f189fd9,Ishaan Kor,2026-07-28,01:54:33,-07:00,2026-07-27T18:54:33-07:00,2,30
components/experience/ExperienceTimeline.tsx,47,tsx,f189fd9,Ishaan Kor,2026-07-28,01:54:33,-07:00,2026-07-27T18:54:33-07:00,2,30
components/experience/ExperienceTimeline.tsx,48,tsx,f189fd9,Ishaan Kor,2026-07-28,01:54:33,-07:00,2026-07-27T18:54:33-07:00,2,30
components/experience/ExperienceTimeline.tsx,49,tsx,f189fd9,Ishaan Kor,2026-07-28,01:54:33,-07:00,2026-07-27T18:54:33-07:00,2,30
components/experience/ExperienceTimeline.tsx,50,tsx,f189fd9,Ishaan Kor,2026-07-28,01:54:33,-07:00,2026-07-27T18:54:33-07:00,2,30
components/hero/Hero3DCanvas.tsx,1,tsx,f189fd9,Ishaan Kor,2026-07-28,01:54:33,-07:00,2026-07-27T18:54:33-07:00,2,30
components/hero/Hero3DCanvas.tsx,2,tsx,f189fd9,Ishaan Kor,2026-07-28,01:54:33,-07:00,2026-07-27T18:54:33-07:00,2,30
components/hero/Hero3DCanvas.tsx,3,tsx,f189fd9,Ishaan Kor,2026-07-28,01:54:33,-07:00,2026-07-27T18:54:33-07:00,2,30
components/hero/Hero3DCanvas.tsx,4,tsx,f189fd9,Ishaan Kor,2026-07-28,01:54:33,-07:00,2026-07-27T18:54:33-07:00,2,30
components/hero/Hero3DCanvas.tsx,5,tsx,f189fd9,Ishaan Kor,2026-07-28,01:54:33,-07:00,2026-07-27T18:54:33-07:00,2,30
components/hero/Hero3DCanvas.tsx,6,tsx,f189fd9,Ishaan Kor,2026-07-28,01:54:33,-07:00,2026-07-27T18:54:33-07:00,2,30
components/hero/Hero3DCanvas.tsx,7,tsx,f189fd9,Ishaan Kor,2026-07-28,01:54:33,-07:00,2026-07-27T18:54:33-07:00,2,30
components/hero/Hero3DCanvas.tsx,8,tsx,f189fd9,Ishaan Kor,2026-07-28,01:54:33,-07:00,2026-07-27T18:54:33-07:00,2,30
components/hero/Hero3DCanvas.tsx,9,tsx,f189fd9,Ishaan Kor,2026-07-28,01:54:33,-07:00,2026-07-27T18:54:33-07:00,2,30
components/hero/Hero3DCanvas.tsx,10,tsx,f189fd9,Ishaan Kor,2026-07-28,01:54:33,-07:00,2026-07-27T18:54:33-07:00,2,30
components/hero/Hero3DCanvas.tsx,11,tsx,f189fd9,Ishaan Kor,2026-07-28,01:54:33,-07:00,2026-07-27T18:54:33-07:00,2,30
components/hero/Hero3DCanvas.tsx,12,tsx,f189fd9,Ishaan Kor,2026-07-28,01:54:33,-07:00,2026-07-27T18:54:33-07:00,2,30
components/hero/Hero3DCanvas.tsx,13,tsx,f189fd9,Ishaan Kor,2026-07-28,01:54:33,-07:00,2026-07-27T18:54:33-07:00,2,30
components/hero/Hero3DCanvas.tsx,14,tsx,f189fd9,Ishaan Kor,2026-07-28,01:54:33,-07:00,2026-07-27T18:54:33-07:00,2,30
components/hero/Hero3DCanvas.tsx,15,tsx,f189fd9,Ishaan Kor,2026-07-28,01:54:33,-07:00,2026-07-27T18:54:33-07:00,2,30
components/hero/Hero3DCanvas.tsx,16,tsx,f189fd9,Ishaan Kor,2026-07-28,01:54:33,-07:00,2026-07-27T18:54:33-07:00,2,30
components/hero/Hero3DCanvas.tsx,17,tsx,f189fd9,Ishaan Kor,2026-07-28,01:54:33,-07:00,2026-07-27T18:54:33-07:00,2,30
components/hero/Hero3DCanvas.tsx,18,tsx,f189fd9,Ishaan Kor,2026-07-28,01:54:33,-07:00,2026-07-27T18:54:33-07:00,2,30
components/hero/Hero3DCanvas.tsx,19,tsx,f189fd9,Ishaan Kor,2026-07-28,01:54:33,-07:00,2026-07-27T18:54:33-07:00,2,30
components/hero/Hero3DCanvas.tsx,20,tsx,f189fd9,Ishaan Kor,2026-07-28,01:54:33,-07:00,2026-07-27T18:54:33-07:00,2,30
components/hero/Hero3DCanvas.tsx,21,tsx,f189fd9,Ishaan Kor,2026-07-28,01:54:33,-07:00,2026-07-27T18:54:33-07:00,2,30
components/hero/Hero3DCanvas.tsx,22,tsx,f189fd9,Ishaan Kor,2026-07-28,01:54:33,-07:00,2026-07-27T18:54:33-07:00,2,30
components/hero/Hero3DCanvas.tsx,23,tsx,f189fd9,Ishaan Kor,2026-07-28,01:54:33,-07:00,2026-07-27T18:54:33-07:00,2,30
components/hero/Hero3DCanvas.tsx,24,tsx,f189fd9,Ishaan Kor,2026-07-28,01:54:33,-07:00,2026-07-27T18:54:33-07:00,2,30
components/hero/Hero3DCanvas.tsx,25,tsx,f189fd9,Ishaan Kor,2026-07-28,01:54:33,-07:00,2026-07-27T18:54:33-07:00,2,30
components/hero/Hero3DCanvas.tsx,26,tsx,f189fd9,Ishaan Kor,2026-07-28,01:54:33,-07:00,2026-07-27T18:54:33-07:00,2,30
components/hero/Hero3DCanvas.tsx,27,tsx,f189fd9,Ishaan Kor,2026-07-28,01:54:33,-07:00,2026-07-27T18:54:33-07:00,2,30
components/hero/Hero3DCanvas.tsx,28,tsx,f189fd9,Ishaan Kor,2026-07-28,01:54:33,-07:00,2026-07-27T18:54:33-07:00,2,30
components/hero/Hero3DCanvas.tsx,29,tsx,f189fd9,Ishaan Kor,2026-07-28,01:54:33,-07:00,2026-07-27T18:54:33-07:00,2,30
components/hero/Hero3DCanvas.tsx,30,tsx,f189fd9,Ishaan Kor,2026-07-28,01:54:33,-07:00,2026-07-27T18:54:33-07:00,2,30
components/hero/Hero3DCanvas.tsx,31,tsx,f189fd9,Ishaan Kor,2026-07-28,01:54:33,-07:00,2026-07-27T18:54:33-07:00,2,30
components/hero/Hero3DCanvas.tsx,32,tsx,f189fd9,Ishaan Kor,2026-07-28,01:54:33,-07:00,2026-07-27T18:54:33-07:00,2,30
components/hero/Hero3DCanvas.tsx,33,tsx,f189fd9,Ishaan Kor,2026-07-28,01:54:33,-07:00,2026-07-27T18:54:33-07:00,2,30
components/hero/Hero3DCanvas.tsx,34,tsx,f189fd9,Ishaan Kor,2026-07-28,01:54:33,-07:00,2026-07-27T18:54:33-07:00,2,30
components/hero/Hero3DCanvas.tsx,35,tsx,f189fd9,Ishaan Kor,2026-07-28,01:54:33,-07:00,2026-07-27T18:54:33-07:00,2,30
components/hero/Hero3DCanvas.tsx,36,tsx,f189fd9,Ishaan Kor,2026-07-28,01:54:33,-07:00,2026-07-27T18:54:33-07:00,2,30
components/hero/Hero3DCanvas.tsx,37,tsx,f189fd9,Ishaan Kor,2026-07-28,01:54:33,-07:00,2026-07-27T18:54:33-07:00,2,30
components/hero/Hero3DCanvas.tsx,38,tsx,f189fd9,Ishaan Kor,2026-07-28,01:54:33,-07:00,2026-07-27T18:54:33-07:00,2,30
components/hero/Hero3DCanvas.tsx,39,tsx,f189fd9,Ishaan Kor,2026-07-28,01:54:33,-07:00,2026-07-27T18:54:33-07:00,2,30
components/hero/Hero3DCanvas.tsx,40,tsx,f189fd9,Ishaan Kor,2026-07-28,01:54:33,-07:00,2026-07-27T18:54:33-07:00,2,30
components/hero/Hero3DCanvas.tsx,41,tsx,f189fd9,Ishaan Kor,2026-07-28,01:54:33,-07:00,2026-07-27T18:54:33-07:00,2,30
components/hero/Hero3DCanvas.tsx,42,tsx,f189fd9,Ishaan Kor,2026-07-28,01:54:33,-07:00,2026-07-27T18:54:33-07:00,2,30
components/hero/Hero3DCanvas.tsx,43,tsx,f189fd9,Ishaan Kor,2026-07-28,01:54:33,-07:00,2026-07-27T18:54:33-07:00,2,30
components/hero/Hero3DCanvas.tsx,44,tsx,f189fd9,Ishaan Kor,2026-07-28,01:54:33,-07:00,2026-07-27T18:54:33-07:00,2,30
components/hero/Hero3DCanvas.tsx,45,tsx,f189fd9,Ishaan Kor,2026-07-28,01:54:33,-07:00,2026-07-27T18:54:33-07:00,2,30
components/hero/Hero3DCanvas.tsx,46,tsx,f189fd9,Ishaan Kor,2026-07-28,01:54:33,-07:00,2026-07-27T18:54:33-07:00,2,30
components/hero/Hero3DCanvas.tsx,47,tsx,f189fd9,Ishaan Kor,2026-07-28,01:54:33,-07:00,2026-07-27T18:54:33-07:00,2,30
components/hero/Hero3DCanvas.tsx,48,tsx,f189fd9,Ishaan Kor,2026-07-28,01:54:33,-07:00,2026-07-27T18:54:33-07:00,2,30
components/hero/Hero3DCanvas.tsx,49,tsx,f189fd9,Ishaan Kor,2026-07-28,01:54:33,-07:00,2026-07-27T18:54:33-07:00,2,30
components/hero/Hero3DCanvas.tsx,50,tsx,f189fd9,Ishaan Kor,2026-07-28,01:54:33,-07:00,2026-07-27T18:54:33-07:00,2,30
components/hero/HeroSection.tsx,1,tsx,f189fd9,Ishaan Kor,2026-07-28,01:54:33,-07:00,2026-07-27T18:54:33-07:00,2,30
components/hero/HeroSection.tsx,2,tsx,f189fd9,Ishaan Kor,2026-07-28,01:54:33,-07:00,2026-07-27T18:54:33-07:00,2,30
components/hero/HeroSection.tsx,3,tsx,f189fd9,Ishaan Kor,2026-07-28,01:54:33,-07:00,2026-07-27T18:54:33-07:00,2,30
components/hero/HeroSection.tsx,4,tsx,f189fd9,Ishaan Kor,2026-07-28,01:54:33,-07:00,2026-07-27T18:54:33-07:00,2,30
components/hero/HeroSection.tsx,5,tsx,f189fd9,Ishaan Kor,2026-07-28,01:54:33,-07:00,2026-07-27T18:54:33-07:00,2,30
components/hero/HeroSection.tsx,6,tsx,f189fd9,Ishaan Kor,2026-07-28,01:54:33,-07:00,2026-07-27T18:54:33-07:00,2,30
components/hero/HeroSection.tsx,7,tsx,f189fd9,Ishaan Kor,2026-07-28,01:54:33,-07:00,2026-07-27T18:54:33-07:00,2,30
components/hero/HeroSection.tsx,8,tsx,f189fd9,Ishaan Kor,2026-07-28,01:54:33,-07:00,2026-07-27T18:54:33-07:00,2,30
components/hero/HeroSection.tsx,9,tsx,f189fd9,Ishaan Kor,2026-07-28,01:54:33,-07:00,2026-07-27T18:54:33-07:00,2,30
components/hero/HeroSection.tsx,10,tsx,f189fd9,Ishaan Kor,2026-07-28,01:54:33,-07:00,2026-07-27T18:54:33-07:00,2,30
components/hero/HeroSection.tsx,11,tsx,f189fd9,Ishaan Kor,2026-07-28,01:54:33,-07:00,2026-07-27T18:54:33-07:00,2,30
components/hero/HeroSection.tsx,12,tsx,f189fd9,Ishaan Kor,2026-07-28,01:54:33,-07:00,2026-07-27T18:54:33-07:00,2,30
components/hero/HeroSection.tsx,13,tsx,f189fd9,Ishaan Kor,2026-07-28,01:54:33,-07:00,2026-07-27T18:54:33-07:00,2,30
components/hero/HeroSection.tsx,14,tsx,f189fd9,Ishaan Kor,2026-07-28,01:54:33,-07:00,2026-07-27T18:54:33-07:00,2,30
components/hero/HeroSection.tsx,15,tsx,f189fd9,Ishaan Kor,2026-07-28,01:54:33,-07:00,2026-07-27T18:54:33-07:00,2,30
components/hero/HeroSection.tsx,16,tsx,f189fd9,Ishaan Kor,2026-07-28,01:54:33,-07:00,2026-07-27T18:54:33-07:00,2,30
components/hero/HeroSection.tsx,17,tsx,f189fd9,Ishaan Kor,2026-07-28,01:54:33,-07:00,2026-07-27T18:54:33-07:00,2,30
components/hero/HeroSection.tsx,18,tsx,f189fd9,Ishaan Kor,2026-07-28,01:54:33,-07:00,2026-07-27T18:54:33-07:00,2,30
components/hero/HeroSection.tsx,19,tsx,f189fd9,Ishaan Kor,2026-07-28,01:54:33,-07:00,2026-07-27T18:54:33-07:00,2,30
components/hero/HeroSection.tsx,20,tsx,f189fd9,Ishaan Kor,2026-07-28,01:54:33,-07:00,2026-07-27T18:54:33-07:00,2,30
components/hero/HeroSection.tsx,21,tsx,f189fd9,Ishaan Kor,2026-07-28,01:54:33,-07:00,2026-07-27T18:54:33-07:00,2,30
components/hero/HeroSection.tsx,22,tsx,f189fd9,Ishaan Kor,2026-07-28,01:54:33,-07:00,2026-07-27T18:54:33-07:00,2,30
components/hero/HeroSection.tsx,23,tsx,f189fd9,Ishaan Kor,2026-07-28,01:54:33,-07:00,2026-07-27T18:54:33-07:00,2,30
components/hero/HeroSection.tsx,24,tsx,f189fd9,Ishaan Kor,2026-07-28,01:54:33,-07:00,2026-07-27T18:54:33-07:00,2,30
components/hero/HeroSection.tsx,25,tsx,f189fd9,Ishaan Kor,2026-07-28,01:54:33,-07:00,2026-07-27T18:54:33-07:00,2,30
components/hero/HeroSection.tsx,26,tsx,f189fd9,Ishaan Kor,2026-07-28,01:54:33,-07:00,2026-07-27T18:54:33-07:00,2,30
components/hero/HeroSection.tsx,27,tsx,f189fd9,Ishaan Kor,2026-07-28,01:54:33,-07:00,2026-07-27T18:54:33-07:00,2,30
components/hero/HeroSection.tsx,28,tsx,f189fd9,Ishaan Kor,2026-07-28,01:54:33,-07:00,2026-07-27T18:54:33-07:00,2,30
components/hero/HeroSection.tsx,29,tsx,f189fd9,Ishaan Kor,2026-07-28,01:54:33,-07:00,2026-07-27T18:54:33-07:00,2,30
components/hero/HeroSection.tsx,30,tsx,f189fd9,Ishaan Kor,2026-07-28,01:54:33,-07:00,2026-07-27T18:54:33-07:00,2,30
components/hero/HeroSection.tsx,31,tsx,f189fd9,Ishaan Kor,2026-07-28,01:54:33,-07:00,2026-07-27T18:54:33-07:00,2,30
components/hero/HeroSection.tsx,32,tsx,f189fd9,Ishaan Kor,2026-07-28,01:54:33,-07:00,2026-07-27T18:54:33-07:00,2,30
components/hero/HeroSection.tsx,33,tsx,f189fd9,Ishaan Kor,2026-07-28,01:54:33,-07:00,2026-07-27T18:54:33-07:00,2,30
components/hero/HeroSection.tsx,34,tsx,f189fd9,Ishaan Kor,2026-07-28,01:54:33,-07:00,2026-07-27T18:54:33-07:00,2,30
components/hero/HeroSection.tsx,35,tsx,f189fd9,Ishaan Kor,2026-07-28,01:54:33,-07:00,2026-07-27T18:54:33-07:00,2,30
components/hero/HeroSection.tsx,36,tsx,f189fd9,Ishaan Kor,2026-07-28,01:54:33,-07:00,2026-07-27T18:54:33-07:00,2,30
components/hero/HeroSection.tsx,37,tsx,f189fd9,Ishaan Kor,2026-07-28,01:54:33,-07:00,2026-07-27T18:54:33-07:00,2,30
components/hero/HeroSection.tsx,38,tsx,f189fd9,Ishaan Kor,2026-07-28,01:54:33,-07:00,2026-07-27T18:54:33-07:00,2,30
components/hero/HeroSection.tsx,39,tsx,f189fd9,Ishaan Kor,2026-07-28,01:54:33,-07:00,2026-07-27T18:54:33-07:00,2,30
components/hero/HeroSection.tsx,40,tsx,f189fd9,Ishaan Kor,2026-07-28,01:54:33,-07:00,2026-07-27T18:54:33-07:00,2,30
components/hero/HeroSection.tsx,41,tsx,f189fd9,Ishaan Kor,2026-07-28,01:54:33,-07:00,2026-07-27T18:54:33-07:00,2,30
components/hero/HeroSection.tsx,42,tsx,f189fd9,Ishaan Kor,2026-07-28,01:54:33,-07:00,2026-07-27T18:54:33-07:00,2,30
components/hero/HeroSection.tsx,43,tsx,f189fd9,Ishaan Kor,2026-07-28,01:54:33,-07:00,2026-07-27T18:54:33-07:00,2,30
components/hero/HeroSection.tsx,44,tsx,f189fd9,Ishaan Kor,2026-07-28,01:54:33,-07:00,2026-07-27T18:54:33-07:00,2,30
components/hero/HeroSection.tsx,45,tsx,f189fd9,Ishaan Kor,2026-07-28,01:54:33,-07:00,2026-07-27T18:54:33-07:00,2,30
components/hero/HeroSection.tsx,46,tsx,f189fd9,Ishaan Kor,2026-07-28,01:54:33,-07:00,2026-07-27T18:54:33-07:00,2,30
components/hero/HeroSection.tsx,47,tsx,f189fd9,Ishaan Kor,2026-07-28,01:54:33,-07:00,2026-07-27T18:54:33-07:00,2,30
components/hero/HeroSection.tsx,48,tsx,f189fd9,Ishaan Kor,2026-07-28,01:54:33,-07:00,2026-07-27T18:54:33-07:00,2,30
components/hero/HeroSection.tsx,49,tsx,f189fd9,Ishaan Kor,2026-07-28,01:54:33,-07:00,2026-07-27T18:54:33-07:00,2,30
components/hero/HeroSection.tsx,50,tsx,f189fd9,Ishaan Kor,2026-07-28,01:54:33,-07:00,2026-07-27T18:54:33-07:00,2,30
components/layout/Footer.tsx,1,tsx,f189fd9,Ishaan Kor,2026-07-28,01:54:33,-07:00,2026-07-27T18:54:33-07:00,2,30
components/layout/Footer.tsx,2,tsx,f189fd9,Ishaan Kor,2026-07-28,01:54:33,-07:00,2026-07-27T18:54:33-07:00,2,30
components/layout/Footer.tsx,3,tsx,f189fd9,Ishaan Kor,2026-07-28,01:54:33,-07:00,2026-07-27T18:54:33-07:00,2,30
components/layout/Footer.tsx,4,tsx,f189fd9,Ishaan Kor,2026-07-28,01:54:33,-07:00,2026-07-27T18:54:33-07:00,2,30
components/layout/Footer.tsx,5,tsx,f189fd9,Ishaan Kor,2026-07-28,01:54:33,-07:00,2026-07-27T18:54:33-07:00,2,30
components/layout/Footer.tsx,6,tsx,f189fd9,Ishaan Kor,2026-07-28,01:54:33,-07:00,2026-07-27T18:54:33-07:00,2,30
components/layout/Footer.tsx,7,tsx,f189fd9,Ishaan Kor,2026-07-28,01:54:33,-07:00,2026-07-27T18:54:33-07:00,2,30
components/layout/Footer.tsx,8,tsx,f189fd9,Ishaan Kor,2026-07-28,01:54:33,-07:00,2026-07-27T18:54:33-07:00,2,30
components/layout/Footer.tsx,9,tsx,f189fd9,Ishaan Kor,2026-07-28,01:54:33,-07:00,2026-07-27T18:54:33-07:00,2,30
components/layout/Footer.tsx,10,tsx,f189fd9,Ishaan Kor,2026-07-28,01:54:33,-07:00,2026-07-27T18:54:33-07:00,2,30
components/layout/Footer.tsx,11,tsx,f189fd9,Ishaan Kor,2026-07-28,01:54:33,-07:00,2026-07-27T18:54:33-07:00,2,30
components/layout/Footer.tsx,12,tsx,f189fd9,Ishaan Kor,2026-07-28,01:54:33,-07:00,2026-07-27T18:54:33-07:00,2,30
components/layout/Footer.tsx,13,tsx,f189fd9,Ishaan Kor,2026-07-28,01:54:33,-07:00,2026-07-27T18:54:33-07:00,2,30
components/layout/Footer.tsx,14,tsx,f189fd9,Ishaan Kor,2026-07-28,01:54:33,-07:00,2026-07-27T18:54:33-07:00,2,30
components/layout/Footer.tsx,15,tsx,f189fd9,Ishaan Kor,2026-07-28,01:54:33,-07:00,2026-07-27T18:54:33-07:00,2,30
components/layout/Footer.tsx,16,tsx,f189fd9,Ishaan Kor,2026-07-28,01:54:33,-07:00,2026-07-27T18:54:33-07:00,2,30
components/layout/Footer.tsx,17,tsx,f189fd9,Ishaan Kor,2026-07-28,01:54:33,-07:00,2026-07-27T18:54:33-07:00,2,30
components/layout/Footer.tsx,18,tsx,f189fd9,Ishaan Kor,2026-07-28,01:54:33,-07:00,2026-07-27T18:54:33-07:00,2,30
components/layout/Footer.tsx,19,tsx,f189fd9,Ishaan Kor,2026-07-28,01:54:33,-07:00,2026-07-27T18:54:33-07:00,2,30
components/layout/Footer.tsx,20,tsx,f189fd9,Ishaan Kor,2026-07-28,01:54:33,-07:00,2026-07-27T18:54:33-07:00,2,30
components/layout/Footer.tsx,21,tsx,f189fd9,Ishaan Kor,2026-07-28,01:54:33,-07:00,2026-07-27T18:54:33-07:00,2,30
components/layout/Footer.tsx,22,tsx,f189fd9,Ishaan Kor,2026-07-28,01:54:33,-07:00,2026-07-27T18:54:33-07:00,2,30
components/layout/Footer.tsx,23,tsx,f189fd9,Ishaan Kor,2026-07-28,01:54:33,-07:00,2026-07-27T18:54:33-07:00,2,30
components/layout/Footer.tsx,24,tsx,f189fd9,Ishaan Kor,2026-07-28,01:54:33,-07:00,2026-07-27T18:54:33-07:00,2,30
components/layout/Footer.tsx,25,tsx,f189fd9,Ishaan Kor,2026-07-28,01:54:33,-07:00,2026-07-27T18:54:33-07:00,2,30
components/layout/Footer.tsx,26,tsx,f189fd9,Ishaan Kor,2026-07-28,01:54:33,-07:00,2026-07-27T18:54:33-07:00,2,30
components/layout/Footer.tsx,27,tsx,f189fd9,Ishaan Kor,2026-07-28,01:54:33,-07:00,2026-07-27T18:54:33-07:00,2,30
components/layout/Footer.tsx,28,tsx,f189fd9,Ishaan Kor,2026-07-28,01:54:33,-07:00,2026-07-27T18:54:33-07:00,2,30
components/layout/Footer.tsx,29,tsx,f189fd9,Ishaan Kor,2026-07-28,01:54:33,-07:00,2026-07-27T18:54:33-07:00,2,30
components/layout/Footer.tsx,30,tsx,f189fd9,Ishaan Kor,2026-07-28,01:54:33,-07:00,2026-07-27T18:54:33-07:00,2,30
components/layout/Footer.tsx,31,tsx,f189fd9,Ishaan Kor,2026-07-28,01:54:33,-07:00,2026-07-27T18:54:33-07:00,2,30
components/layout/Footer.tsx,32,tsx,f189fd9,Ishaan Kor,2026-07-28,01:54:33,-07:00,2026-07-27T18:54:33-07:00,2,30
components/layout/Footer.tsx,33,tsx,f189fd9,Ishaan Kor,2026-07-28,01:54:33,-07:00,2026-07-27T18:54:33-07:00,2,30
components/layout/Footer.tsx,34,tsx,f189fd9,Ishaan Kor,2026-07-28,01:54:33,-07:00,2026-07-27T18:54:33-07:00,2,30
components/layout/Footer.tsx,35,tsx,f189fd9,Ishaan Kor,2026-07-28,01:54:33,-07:00,2026-07-27T18:54:33-07:00,2,30
components/layout/Footer.tsx,36,tsx,f189fd9,Ishaan Kor,2026-07-28,01:54:33,-07:00,2026-07-27T18:54:33-07:00,2,30
components/layout/Footer.tsx,37,tsx,f189fd9,Ishaan Kor,2026-07-28,01:54:33,-07:00,2026-07-27T18:54:33-07:00,2,30
components/layout/Footer.tsx,38,tsx,f189fd9,Ishaan Kor,2026-07-28,01:54:33,-07:00,2026-07-27T18:54:33-07:00,2,30
components/layout/Footer.tsx,39,tsx,f189fd9,Ishaan Kor,2026-07-28,01:54:33,-07:00,2026-07-27T18:54:33-07:00,2,30
components/layout/Footer.tsx,40,tsx,f189fd9,Ishaan Kor,2026-07-28,01:54:33,-07:00,2026-07-27T18:54:33-07:00,2,30
components/layout/Footer.tsx,41,tsx,f189fd9,Ishaan Kor,2026-07-28,01:54:33,-07:00,2026-07-27T18:54:33-07:00,2,30
components/layout/Footer.tsx,42,tsx,f189fd9,Ishaan Kor,2026-07-28,01:54:33,-07:00,2026-07-27T18:54:33-07:00,2,30
components/layout/Footer.tsx,43,tsx,f189fd9,Ishaan Kor,2026-07-28,01:54:33,-07:00,2026-07-27T18:54:33-07:00,2,30
components/layout/Footer.tsx,44,tsx,f189fd9,Ishaan Kor,2026-07-28,01:54:33,-07:00,2026-07-27T18:54:33-07:00,2,30
components/layout/Footer.tsx,45,tsx,f189fd9,Ishaan Kor,2026-07-28,01:54:33,-07:00,2026-07-27T18:54:33-07:00,2,30
components/layout/Footer.tsx,46,tsx,f189fd9,Ishaan Kor,2026-07-28,01:54:33,-07:00,2026-07-27T18:54:33-07:00,2,30
components/layout/Footer.tsx,47,tsx,f189fd9,Ishaan Kor,2026-07-28,01:54:33,-07:00,2026-07-27T18:54:33-07:00,2,30
components/layout/Footer.tsx,48,tsx,f189fd9,Ishaan Kor,2026-07-28,01:54:33,-07:00,2026-07-27T18:54:33-07:00,2,30
components/layout/Footer.tsx,49,tsx,f189fd9,Ishaan Kor,2026-07-28,01:54:33,-07:00,2026-07-27T18:54:33-07:00,2,30
components/layout/Footer.tsx,50,tsx,f189fd9,Ishaan Kor,2026-07-28,01:54:33,-07:00,2026-07-27T18:54:33-07:00,2,30
components/layout/Navbar.tsx,1,tsx,f189fd9,Ishaan Kor,2026-07-28,01:54:33,-07:00,2026-07-27T18:54:33-07:00,2,30
components/layout/Navbar.tsx,2,tsx,f189fd9,Ishaan Kor,2026-07-28,01:54:33,-07:00,2026-07-27T18:54:33-07:00,2,30
components/layout/Navbar.tsx,3,tsx,f189fd9,Ishaan Kor,2026-07-28,01:54:33,-07:00,2026-07-27T18:54:33-07:00,2,30
components/layout/Navbar.tsx,4,tsx,f189fd9,Ishaan Kor,2026-07-28,01:54:33,-07:00,2026-07-27T18:54:33-07:00,2,30
components/layout/Navbar.tsx,5,tsx,f189fd9,Ishaan Kor,2026-07-28,01:54:33,-07:00,2026-07-27T18:54:33-07:00,2,30
components/layout/Navbar.tsx,6,tsx,f189fd9,Ishaan Kor,2026-07-28,01:54:33,-07:00,2026-07-27T18:54:33-07:00,2,30
components/layout/Navbar.tsx,7,tsx,f189fd9,Ishaan Kor,2026-07-28,01:54:33,-07:00,2026-07-27T18:54:33-07:00,2,30
components/layout/Navbar.tsx,8,tsx,f189fd9,Ishaan Kor,2026-07-28,01:54:33,-07:00,2026-07-27T18:54:33-07:00,2,30
components/layout/Navbar.tsx,9,tsx,f189fd9,Ishaan Kor,2026-07-28,01:54:33,-07:00,2026-07-27T18:54:33-07:00,2,30
components/layout/Navbar.tsx,10,tsx,f189fd9,Ishaan Kor,2026-07-28,01:54:33,-07:00,2026-07-27T18:54:33-07:00,2,30
components/layout/Navbar.tsx,11,tsx,f189fd9,Ishaan Kor,2026-07-28,01:54:33,-07:00,2026-07-27T18:54:33-07:00,2,30
components/layout/Navbar.tsx,12,tsx,f189fd9,Ishaan Kor,2026-07-28,01:54:33,-07:00,2026-07-27T18:54:33-07:00,2,30
components/layout/Navbar.tsx,13,tsx,f189fd9,Ishaan Kor,2026-07-28,01:54:33,-07:00,2026-07-27T18:54:33-07:00,2,30
components/layout/Navbar.tsx,14,tsx,f189fd9,Ishaan Kor,2026-07-28,01:54:33,-07:00,2026-07-27T18:54:33-07:00,2,30
components/layout/Navbar.tsx,15,tsx,f189fd9,Ishaan Kor,2026-07-28,01:54:33,-07:00,2026-07-27T18:54:33-07:00,2,30
components/layout/Navbar.tsx,16,tsx,f189fd9,Ishaan Kor,2026-07-28,01:54:33,-07:00,2026-07-27T18:54:33-07:00,2,30
components/layout/Navbar.tsx,17,tsx,f189fd9,Ishaan Kor,2026-07-28,01:54:33,-07:00,2026-07-27T18:54:33-07:00,2,30
components/layout/Navbar.tsx,18,tsx,f189fd9,Ishaan Kor,2026-07-28,01:54:33,-07:00,2026-07-27T18:54:33-07:00,2,30
components/layout/Navbar.tsx,19,tsx,f189fd9,Ishaan Kor,2026-07-28,01:54:33,-07:00,2026-07-27T18:54:33-07:00,2,30
components/layout/Navbar.tsx,20,tsx,f189fd9,Ishaan Kor,2026-07-28,01:54:33,-07:00,2026-07-27T18:54:33-07:00,2,30
components/layout/Navbar.tsx,21,tsx,f189fd9,Ishaan Kor,2026-07-28,01:54:33,-07:00,2026-07-27T18:54:33-07:00,2,30
components/layout/Navbar.tsx,22,tsx,f189fd9,Ishaan Kor,2026-07-28,01:54:33,-07:00,2026-07-27T18:54:33-07:00,2,30
components/layout/Navbar.tsx,23,tsx,f189fd9,Ishaan Kor,2026-07-28,01:54:33,-07:00,2026-07-27T18:54:33-07:00,2,30
components/layout/Navbar.tsx,24,tsx,f189fd9,Ishaan Kor,2026-07-28,01:54:33,-07:00,2026-07-27T18:54:33-07:00,2,30
components/layout/Navbar.tsx,25,tsx,f189fd9,Ishaan Kor,2026-07-28,01:54:33,-07:00,2026-07-27T18:54:33-07:00,2,30
components/layout/Navbar.tsx,26,tsx,f189fd9,Ishaan Kor,2026-07-28,01:54:33,-07:00,2026-07-27T18:54:33-07:00,2,30
components/layout/Navbar.tsx,27,tsx,f189fd9,Ishaan Kor,2026-07-28,01:54:33,-07:00,2026-07-27T18:54:33-07:00,2,30
components/layout/Navbar.tsx,28,tsx,f189fd9,Ishaan Kor,2026-07-28,01:54:33,-07:00,2026-07-27T18:54:33-07:00,2,30
components/layout/Navbar.tsx,29,tsx,f189fd9,Ishaan Kor,2026-07-28,01:54:33,-07:00,2026-07-27T18:54:33-07:00,2,30
components/layout/Navbar.tsx,30,tsx,f189fd9,Ishaan Kor,2026-07-28,01:54:33,-07:00,2026-07-27T18:54:33-07:00,2,30
components/layout/Navbar.tsx,31,tsx,f189fd9,Ishaan Kor,2026-07-28,01:54:33,-07:00,2026-07-27T18:54:33-07:00,2,30
components/layout/Navbar.tsx,32,tsx,f189fd9,Ishaan Kor,2026-07-28,01:54:33,-07:00,2026-07-27T18:54:33-07:00,2,30
components/layout/Navbar.tsx,33,tsx,f189fd9,Ishaan Kor,2026-07-28,01:54:33,-07:00,2026-07-27T18:54:33-07:00,2,30
components/layout/Navbar.tsx,34,tsx,f189fd9,Ishaan Kor,2026-07-28,01:54:33,-07:00,2026-07-27T18:54:33-07:00,2,30
components/layout/Navbar.tsx,35,tsx,f189fd9,Ishaan Kor,2026-07-28,01:54:33,-07:00,2026-07-27T18:54:33-07:00,2,30
components/layout/Navbar.tsx,36,tsx,f189fd9,Ishaan Kor,2026-07-28,01:54:33,-07:00,2026-07-27T18:54:33-07:00,2,30
components/layout/Navbar.tsx,37,tsx,f189fd9,Ishaan Kor,2026-07-28,01:54:33,-07:00,2026-07-27T18:54:33-07:00,2,30
components/layout/Navbar.tsx,38,tsx,f189fd9,Ishaan Kor,2026-07-28,01:54:33,-07:00,2026-07-27T18:54:33-07:00,2,30
components/layout/Navbar.tsx,39,tsx,f189fd9,Ishaan Kor,2026-07-28,01:54:33,-07:00,2026-07-27T18:54:33-07:00,2,30
components/layout/Navbar.tsx,40,tsx,f189fd9,Ishaan Kor,2026-07-28,01:54:33,-07:00,2026-07-27T18:54:33-07:00,2,30
components/layout/Navbar.tsx,41,tsx,f189fd9,Ishaan Kor,2026-07-28,01:54:33,-07:00,2026-07-27T18:54:33-07:00,2,30
components/layout/Navbar.tsx,42,tsx,f189fd9,Ishaan Kor,2026-07-28,01:54:33,-07:00,2026-07-27T18:54:33-07:00,2,30
components/layout/Navbar.tsx,43,tsx,f189fd9,Ishaan Kor,2026-07-28,01:54:33,-07:00,2026-07-27T18:54:33-07:00,2,30
components/layout/Navbar.tsx,44,tsx,f189fd9,Ishaan Kor,2026-07-28,01:54:33,-07:00,2026-07-27T18:54:33-07:00,2,30
components/layout/Navbar.tsx,45,tsx,f189fd9,Ishaan Kor,2026-07-28,01:54:33,-07:00,2026-07-27T18:54:33-07:00,2,30
components/layout/Navbar.tsx,46,tsx,f189fd9,Ishaan Kor,2026-07-28,01:54:33,-07:00,2026-07-27T18:54:33-07:00,2,30
components/layout/Navbar.tsx,47,tsx,f189fd9,Ishaan Kor,2026-07-28,01:54:33,-07:00,2026-07-27T18:54:33-07:00,2,30
components/layout/Navbar.tsx,48,tsx,f189fd9,Ishaan Kor,2026-07-28,01:54:33,-07:00,2026-07-27T18:54:33-07:00,2,30
components/layout/Navbar.tsx,49,tsx,f189fd9,Ishaan Kor,2026-07-28,01:54:33,-07:00,2026-07-27T18:54:33-07:00,2,30
components/layout/Navbar.tsx,50,tsx,f189fd9,Ishaan Kor,2026-07-28,01:54:33,-07:00,2026-07-27T18:54:33-07:00,2,30
components/projects/ProjectsShowcase.tsx,1,tsx,f189fd9,Ishaan Kor,2026-07-28,01:54:33,-07:00,2026-07-27T18:54:33-07:00,2,30
components/projects/ProjectsShowcase.tsx,2,tsx,f189fd9,Ishaan Kor,2026-07-28,01:54:33,-07:00,2026-07-27T18:54:33-07:00,2,30
components/projects/ProjectsShowcase.tsx,3,tsx,f189fd9,Ishaan Kor,2026-07-28,01:54:33,-07:00,2026-07-27T18:54:33-07:00,2,30
components/projects/ProjectsShowcase.tsx,4,tsx,f189fd9,Ishaan Kor,2026-07-28,01:54:33,-07:00,2026-07-27T18:54:33-07:00,2,30
components/projects/ProjectsShowcase.tsx,5,tsx,f189fd9,Ishaan Kor,2026-07-28,01:54:33,-07:00,2026-07-27T18:54:33-07:00,2,30
components/projects/ProjectsShowcase.tsx,6,tsx,f189fd9,Ishaan Kor,2026-07-28,01:54:33,-07:00,2026-07-27T18:54:33-07:00,2,30
components/projects/ProjectsShowcase.tsx,7,tsx,f189fd9,Ishaan Kor,2026-07-28,01:54:33,-07:00,2026-07-27T18:54:33-07:00,2,30
components/projects/ProjectsShowcase.tsx,8,tsx,f189fd9,Ishaan Kor,2026-07-28,01:54:33,-07:00,2026-07-27T18:54:33-07:00,2,30
components/projects/ProjectsShowcase.tsx,9,tsx,f189fd9,Ishaan Kor,2026-07-28,01:54:33,-07:00,2026-07-27T18:54:33-07:00,2,30
components/projects/ProjectsShowcase.tsx,10,tsx,f189fd9,Ishaan Kor,2026-07-28,01:54:33,-07:00,2026-07-27T18:54:33-07:00,2,30
components/projects/ProjectsShowcase.tsx,11,tsx,f189fd9,Ishaan Kor,2026-07-28,01:54:33,-07:00,2026-07-27T18:54:33-07:00,2,30
components/projects/ProjectsShowcase.tsx,12,tsx,f189fd9,Ishaan Kor,2026-07-28,01:54:33,-07:00,2026-07-27T18:54:33-07:00,2,30
components/projects/ProjectsShowcase.tsx,13,tsx,f189fd9,Ishaan Kor,2026-07-28,01:54:33,-07:00,2026-07-27T18:54:33-07:00,2,30
components/projects/ProjectsShowcase.tsx,14,tsx,f189fd9,Ishaan Kor,2026-07-28,01:54:33,-07:00,2026-07-27T18:54:33-07:00,2,30
components/projects/ProjectsShowcase.tsx,15,tsx,f189fd9,Ishaan Kor,2026-07-28,01:54:33,-07:00,2026-07-27T18:54:33-07:00,2,30
components/projects/ProjectsShowcase.tsx,16,tsx,f189fd9,Ishaan Kor,2026-07-28,01:54:33,-07:00,2026-07-27T18:54:33-07:00,2,30
components/projects/ProjectsShowcase.tsx,17,tsx,f189fd9,Ishaan Kor,2026-07-28,01:54:33,-07:00,2026-07-27T18:54:33-07:00,2,30
components/projects/ProjectsShowcase.tsx,18,tsx,f189fd9,Ishaan Kor,2026-07-28,01:54:33,-07:00,2026-07-27T18:54:33-07:00,2,30
components/projects/ProjectsShowcase.tsx,19,tsx,f189fd9,Ishaan Kor,2026-07-28,01:54:33,-07:00,2026-07-27T18:54:33-07:00,2,30
components/projects/ProjectsShowcase.tsx,20,tsx,f189fd9,Ishaan Kor,2026-07-28,01:54:33,-07:00,2026-07-27T18:54:33-07:00,2,30
components/projects/ProjectsShowcase.tsx,21,tsx,f189fd9,Ishaan Kor,2026-07-28,01:54:33,-07:00,2026-07-27T18:54:33-07:00,2,30
components/projects/ProjectsShowcase.tsx,22,tsx,f189fd9,Ishaan Kor,2026-07-28,01:54:33,-07:00,2026-07-27T18:54:33-07:00,2,30
components/projects/ProjectsShowcase.tsx,23,tsx,f189fd9,Ishaan Kor,2026-07-28,01:54:33,-07:00,2026-07-27T18:54:33-07:00,2,30
components/projects/ProjectsShowcase.tsx,24,tsx,f189fd9,Ishaan Kor,2026-07-28,01:54:33,-07:00,2026-07-27T18:54:33-07:00,2,30
components/projects/ProjectsShowcase.tsx,25,tsx,f189fd9,Ishaan Kor,2026-07-28,01:54:33,-07:00,2026-07-27T18:54:33-07:00,2,30
components/projects/ProjectsShowcase.tsx,26,tsx,f189fd9,Ishaan Kor,2026-07-28,01:54:33,-07:00,2026-07-27T18:54:33-07:00,2,30
components/projects/ProjectsShowcase.tsx,27,tsx,f189fd9,Ishaan Kor,2026-07-28,01:54:33,-07:00,2026-07-27T18:54:33-07:00,2,30
components/projects/ProjectsShowcase.tsx,28,tsx,f189fd9,Ishaan Kor,2026-07-28,01:54:33,-07:00,2026-07-27T18:54:33-07:00,2,30
components/projects/ProjectsShowcase.tsx,29,tsx,f189fd9,Ishaan Kor,2026-07-28,01:54:33,-07:00,2026-07-27T18:54:33-07:00,2,30
components/projects/ProjectsShowcase.tsx,30,tsx,f189fd9,Ishaan Kor,2026-07-28,01:54:33,-07:00,2026-07-27T18:54:33-07:00,2,30
components/projects/ProjectsShowcase.tsx,31,tsx,f189fd9,Ishaan Kor,2026-07-28,01:54:33,-07:00,2026-07-27T18:54:33-07:00,2,30
components/projects/ProjectsShowcase.tsx,32,tsx,f189fd9,Ishaan Kor,2026-07-28,01:54:33,-07:00,2026-07-27T18:54:33-07:00,2,30
components/projects/ProjectsShowcase.tsx,33,tsx,f189fd9,Ishaan Kor,2026-07-28,01:54:33,-07:00,2026-07-27T18:54:33-07:00,2,30
components/projects/ProjectsShowcase.tsx,34,tsx,f189fd9,Ishaan Kor,2026-07-28,01:54:33,-07:00,2026-07-27T18:54:33-07:00,2,30
components/projects/ProjectsShowcase.tsx,35,tsx,f189fd9,Ishaan Kor,2026-07-28,01:54:33,-07:00,2026-07-27T18:54:33-07:00,2,30
components/projects/ProjectsShowcase.tsx,36,tsx,f189fd9,Ishaan Kor,2026-07-28,01:54:33,-07:00,2026-07-27T18:54:33-07:00,2,30
components/projects/ProjectsShowcase.tsx,37,tsx,f189fd9,Ishaan Kor,2026-07-28,01:54:33,-07:00,2026-07-27T18:54:33-07:00,2,30
components/projects/ProjectsShowcase.tsx,38,tsx,f189fd9,Ishaan Kor,2026-07-28,01:54:33,-07:00,2026-07-27T18:54:33-07:00,2,30
components/projects/ProjectsShowcase.tsx,39,tsx,f189fd9,Ishaan Kor,2026-07-28,01:54:33,-07:00,2026-07-27T18:54:33-07:00,2,30
components/projects/ProjectsShowcase.tsx,40,tsx,f189fd9,Ishaan Kor,2026-07-28,01:54:33,-07:00,2026-07-27T18:54:33-07:00,2,30
components/projects/ProjectsShowcase.tsx,41,tsx,f189fd9,Ishaan Kor,2026-07-28,01:54:33,-07:00,2026-07-27T18:54:33-07:00,2,30
components/projects/ProjectsShowcase.tsx,42,tsx,f189fd9,Ishaan Kor,2026-07-28,01:54:33,-07:00,2026-07-27T18:54:33-07:00,2,30
components/projects/ProjectsShowcase.tsx,43,tsx,f189fd9,Ishaan Kor,2026-07-28,01:54:33,-07:00,2026-07-27T18:54:33-07:00,2,30
components/projects/ProjectsShowcase.tsx,44,tsx,f189fd9,Ishaan Kor,2026-07-28,01:54:33,-07:00,2026-07-27T18:54:33-07:00,2,30
components/projects/ProjectsShowcase.tsx,45,tsx,f189fd9,Ishaan Kor,2026-07-28,01:54:33,-07:00,2026-07-27T18:54:33-07:00,2,30
components/projects/ProjectsShowcase.tsx,46,tsx,f189fd9,Ishaan Kor,2026-07-28,01:54:33,-07:00,2026-07-27T18:54:33-07:00,2,30
components/projects/ProjectsShowcase.tsx,47,tsx,f189fd9,Ishaan Kor,2026-07-28,01:54:33,-07:00,2026-07-27T18:54:33-07:00,2,30
components/projects/ProjectsShowcase.tsx,48,tsx,f189fd9,Ishaan Kor,2026-07-28,01:54:33,-07:00,2026-07-27T18:54:33-07:00,2,30
components/projects/ProjectsShowcase.tsx,49,tsx,f189fd9,Ishaan Kor,2026-07-28,01:54:33,-07:00,2026-07-27T18:54:33-07:00,2,30
components/projects/ProjectsShowcase.tsx,50,tsx,f189fd9,Ishaan Kor,2026-07-28,01:54:33,-07:00,2026-07-27T18:54:33-07:00,2,30
components/recommender/ProjectRecommender.tsx,1,tsx,f189fd9,Ishaan Kor,2026-07-28,01:54:33,-07:00,2026-07-27T18:54:33-07:00,2,30
components/recommender/ProjectRecommender.tsx,2,tsx,f189fd9,Ishaan Kor,2026-07-28,01:54:33,-07:00,2026-07-27T18:54:33-07:00,2,30
components/recommender/ProjectRecommender.tsx,3,tsx,f189fd9,Ishaan Kor,2026-07-28,01:54:33,-07:00,2026-07-27T18:54:33-07:00,2,30
components/recommender/ProjectRecommender.tsx,4,tsx,f189fd9,Ishaan Kor,2026-07-28,01:54:33,-07:00,2026-07-27T18:54:33-07:00,2,30
components/recommender/ProjectRecommender.tsx,5,tsx,f189fd9,Ishaan Kor,2026-07-28,01:54:33,-07:00,2026-07-27T18:54:33-07:00,2,30
components/recommender/ProjectRecommender.tsx,6,tsx,f189fd9,Ishaan Kor,2026-07-28,01:54:33,-07:00,2026-07-27T18:54:33-07:00,2,30
components/recommender/ProjectRecommender.tsx,7,tsx,f189fd9,Ishaan Kor,2026-07-28,01:54:33,-07:00,2026-07-27T18:54:33-07:00,2,30
components/recommender/ProjectRecommender.tsx,8,tsx,f189fd9,Ishaan Kor,2026-07-28,01:54:33,-07:00,2026-07-27T18:54:33-07:00,2,30
components/recommender/ProjectRecommender.tsx,9,tsx,f189fd9,Ishaan Kor,2026-07-28,01:54:33,-07:00,2026-07-27T18:54:33-07:00,2,30
components/recommender/ProjectRecommender.tsx,10,tsx,f189fd9,Ishaan Kor,2026-07-28,01:54:33,-07:00,2026-07-27T18:54:33-07:00,2,30
components/recommender/ProjectRecommender.tsx,11,tsx,f189fd9,Ishaan Kor,2026-07-28,01:54:33,-07:00,2026-07-27T18:54:33-07:00,2,30
components/recommender/ProjectRecommender.tsx,12,tsx,f189fd9,Ishaan Kor,2026-07-28,01:54:33,-07:00,2026-07-27T18:54:33-07:00,2,30
components/recommender/ProjectRecommender.tsx,13,tsx,f189fd9,Ishaan Kor,2026-07-28,01:54:33,-07:00,2026-07-27T18:54:33-07:00,2,30
components/recommender/ProjectRecommender.tsx,14,tsx,f189fd9,Ishaan Kor,2026-07-28,01:54:33,-07:00,2026-07-27T18:54:33-07:00,2,30
components/recommender/ProjectRecommender.tsx,15,tsx,f189fd9,Ishaan Kor,2026-07-28,01:54:33,-07:00,2026-07-27T18:54:33-07:00,2,30
components/recommender/ProjectRecommender.tsx,16,tsx,f189fd9,Ishaan Kor,2026-07-28,01:54:33,-07:00,2026-07-27T18:54:33-07:00,2,30
components/recommender/ProjectRecommender.tsx,17,tsx,f189fd9,Ishaan Kor,2026-07-28,01:54:33,-07:00,2026-07-27T18:54:33-07:00,2,30
components/recommender/ProjectRecommender.tsx,18,tsx,f189fd9,Ishaan Kor,2026-07-28,01:54:33,-07:00,2026-07-27T18:54:33-07:00,2,30
components/recommender/ProjectRecommender.tsx,19,tsx,f189fd9,Ishaan Kor,2026-07-28,01:54:33,-07:00,2026-07-27T18:54:33-07:00,2,30
components/recommender/ProjectRecommender.tsx,20,tsx,f189fd9,Ishaan Kor,2026-07-28,01:54:33,-07:00,2026-07-27T18:54:33-07:00,2,30
components/recommender/ProjectRecommender.tsx,21,tsx,f189fd9,Ishaan Kor,2026-07-28,01:54:33,-07:00,2026-07-27T18:54:33-07:00,2,30
components/recommender/ProjectRecommender.tsx,22,tsx,f189fd9,Ishaan Kor,2026-07-28,01:54:33,-07:00,2026-07-27T18:54:33-07:00,2,30
components/recommender/ProjectRecommender.tsx,23,tsx,f189fd9,Ishaan Kor,2026-07-28,01:54:33,-07:00,2026-07-27T18:54:33-07:00,2,30
components/recommender/ProjectRecommender.tsx,24,tsx,f189fd9,Ishaan Kor,2026-07-28,01:54:33,-07:00,2026-07-27T18:54:33-07:00,2,30
components/recommender/ProjectRecommender.tsx,25,tsx,f189fd9,Ishaan Kor,2026-07-28,01:54:33,-07:00,2026-07-27T18:54:33-07:00,2,30
components/recommender/ProjectRecommender.tsx,26,tsx,f189fd9,Ishaan Kor,2026-07-28,01:54:33,-07:00,2026-07-27T18:54:33-07:00,2,30
components/recommender/ProjectRecommender.tsx,27,tsx,f189fd9,Ishaan Kor,2026-07-28,01:54:33,-07:00,2026-07-27T18:54:33-07:00,2,30
components/recommender/ProjectRecommender.tsx,28,tsx,f189fd9,Ishaan Kor,2026-07-28,01:54:33,-07:00,2026-07-27T18:54:33-07:00,2,30
components/recommender/ProjectRecommender.tsx,29,tsx,f189fd9,Ishaan Kor,2026-07-28,01:54:33,-07:00,2026-07-27T18:54:33-07:00,2,30
components/recommender/ProjectRecommender.tsx,30,tsx,f189fd9,Ishaan Kor,2026-07-28,01:54:33,-07:00,2026-07-27T18:54:33-07:00,2,30
components/recommender/ProjectRecommender.tsx,31,tsx,f189fd9,Ishaan Kor,2026-07-28,01:54:33,-07:00,2026-07-27T18:54:33-07:00,2,30
components/recommender/ProjectRecommender.tsx,32,tsx,f189fd9,Ishaan Kor,2026-07-28,01:54:33,-07:00,2026-07-27T18:54:33-07:00,2,30
components/recommender/ProjectRecommender.tsx,33,tsx,f189fd9,Ishaan Kor,2026-07-28,01:54:33,-07:00,2026-07-27T18:54:33-07:00,2,30
components/recommender/ProjectRecommender.tsx,34,tsx,f189fd9,Ishaan Kor,2026-07-28,01:54:33,-07:00,2026-07-27T18:54:33-07:00,2,30
components/recommender/ProjectRecommender.tsx,35,tsx,f189fd9,Ishaan Kor,2026-07-28,01:54:33,-07:00,2026-07-27T18:54:33-07:00,2,30
components/recommender/ProjectRecommender.tsx,36,tsx,f189fd9,Ishaan Kor,2026-07-28,01:54:33,-07:00,2026-07-27T18:54:33-07:00,2,30
components/recommender/ProjectRecommender.tsx,37,tsx,f189fd9,Ishaan Kor,2026-07-28,01:54:33,-07:00,2026-07-27T18:54:33-07:00,2,30
components/recommender/ProjectRecommender.tsx,38,tsx,f189fd9,Ishaan Kor,2026-07-28,01:54:33,-07:00,2026-07-27T18:54:33-07:00,2,30
components/recommender/ProjectRecommender.tsx,39,tsx,f189fd9,Ishaan Kor,2026-07-28,01:54:33,-07:00,2026-07-27T18:54:33-07:00,2,30
components/recommender/ProjectRecommender.tsx,40,tsx,f189fd9,Ishaan Kor,2026-07-28,01:54:33,-07:00,2026-07-27T18:54:33-07:00,2,30
components/recommender/ProjectRecommender.tsx,41,tsx,f189fd9,Ishaan Kor,2026-07-28,01:54:33,-07:00,2026-07-27T18:54:33-07:00,2,30
components/recommender/ProjectRecommender.tsx,42,tsx,f189fd9,Ishaan Kor,2026-07-28,01:54:33,-07:00,2026-07-27T18:54:33-07:00,2,30
components/recommender/ProjectRecommender.tsx,43,tsx,f189fd9,Ishaan Kor,2026-07-28,01:54:33,-07:00,2026-07-27T18:54:33-07:00,2,30
components/recommender/ProjectRecommender.tsx,44,tsx,f189fd9,Ishaan Kor,2026-07-28,01:54:33,-07:00,2026-07-27T18:54:33-07:00,2,30
components/recommender/ProjectRecommender.tsx,45,tsx,f189fd9,Ishaan Kor,2026-07-28,01:54:33,-07:00,2026-07-27T18:54:33-07:00,2,30
components/recommender/ProjectRecommender.tsx,46,tsx,f189fd9,Ishaan Kor,2026-07-28,01:54:33,-07:00,2026-07-27T18:54:33-07:00,2,30
components/recommender/ProjectRecommender.tsx,47,tsx,f189fd9,Ishaan Kor,2026-07-28,01:54:33,-07:00,2026-07-27T18:54:33-07:00,2,30
components/recommender/ProjectRecommender.tsx,48,tsx,f189fd9,Ishaan Kor,2026-07-28,01:54:33,-07:00,2026-07-27T18:54:33-07:00,2,30
components/recommender/ProjectRecommender.tsx,49,tsx,f189fd9,Ishaan Kor,2026-07-28,01:54:33,-07:00,2026-07-27T18:54:33-07:00,2,30
components/recommender/ProjectRecommender.tsx,50,tsx,f189fd9,Ishaan Kor,2026-07-28,01:54:33,-07:00,2026-07-27T18:54:33-07:00,2,30
components/skills/TechStackSection.tsx,1,tsx,f189fd9,Ishaan Kor,2026-07-28,01:54:33,-07:00,2026-07-27T18:54:33-07:00,2,30
components/skills/TechStackSection.tsx,2,tsx,f189fd9,Ishaan Kor,2026-07-28,01:54:33,-07:00,2026-07-27T18:54:33-07:00,2,30
components/skills/TechStackSection.tsx,3,tsx,f189fd9,Ishaan Kor,2026-07-28,01:54:33,-07:00,2026-07-27T18:54:33-07:00,2,30
components/skills/TechStackSection.tsx,4,tsx,f189fd9,Ishaan Kor,2026-07-28,01:54:33,-07:00,2026-07-27T18:54:33-07:00,2,30
components/skills/TechStackSection.tsx,5,tsx,f189fd9,Ishaan Kor,2026-07-28,01:54:33,-07:00,2026-07-27T18:54:33-07:00,2,30
components/skills/TechStackSection.tsx,6,tsx,f189fd9,Ishaan Kor,2026-07-28,01:54:33,-07:00,2026-07-27T18:54:33-07:00,2,30
components/skills/TechStackSection.tsx,7,tsx,f189fd9,Ishaan Kor,2026-07-28,01:54:33,-07:00,2026-07-27T18:54:33-07:00,2,30
components/skills/TechStackSection.tsx,8,tsx,f189fd9,Ishaan Kor,2026-07-28,01:54:33,-07:00,2026-07-27T18:54:33-07:00,2,30
components/skills/TechStackSection.tsx,9,tsx,f189fd9,Ishaan Kor,2026-07-28,01:54:33,-07:00,2026-07-27T18:54:33-07:00,2,30
components/skills/TechStackSection.tsx,10,tsx,f189fd9,Ishaan Kor,2026-07-28,01:54:33,-07:00,2026-07-27T18:54:33-07:00,2,30
components/skills/TechStackSection.tsx,11,tsx,f189fd9,Ishaan Kor,2026-07-28,01:54:33,-07:00,2026-07-27T18:54:33-07:00,2,30
components/skills/TechStackSection.tsx,12,tsx,f189fd9,Ishaan Kor,2026-07-28,01:54:33,-07:00,2026-07-27T18:54:33-07:00,2,30
components/skills/TechStackSection.tsx,13,tsx,f189fd9,Ishaan Kor,2026-07-28,01:54:33,-07:00,2026-07-27T18:54:33-07:00,2,30
components/skills/TechStackSection.tsx,14,tsx,f189fd9,Ishaan Kor,2026-07-28,01:54:33,-07:00,2026-07-27T18:54:33-07:00,2,30
components/skills/TechStackSection.tsx,15,tsx,f189fd9,Ishaan Kor,2026-07-28,01:54:33,-07:00,2026-07-27T18:54:33-07:00,2,30
components/skills/TechStackSection.tsx,16,tsx,f189fd9,Ishaan Kor,2026-07-28,01:54:33,-07:00,2026-07-27T18:54:33-07:00,2,30
components/skills/TechStackSection.tsx,17,tsx,f189fd9,Ishaan Kor,2026-07-28,01:54:33,-07:00,2026-07-27T18:54:33-07:00,2,30
components/skills/TechStackSection.tsx,18,tsx,f189fd9,Ishaan Kor,2026-07-28,01:54:33,-07:00,2026-07-27T18:54:33-07:00,2,30
components/skills/TechStackSection.tsx,19,tsx,f189fd9,Ishaan Kor,2026-07-28,01:54:33,-07:00,2026-07-27T18:54:33-07:00,2,30
components/skills/TechStackSection.tsx,20,tsx,f189fd9,Ishaan Kor,2026-07-28,01:54:33,-07:00,2026-07-27T18:54:33-07:00,2,30
components/skills/TechStackSection.tsx,21,tsx,f189fd9,Ishaan Kor,2026-07-28,01:54:33,-07:00,2026-07-27T18:54:33-07:00,2,30
components/skills/TechStackSection.tsx,22,tsx,f189fd9,Ishaan Kor,2026-07-28,01:54:33,-07:00,2026-07-27T18:54:33-07:00,2,30
components/skills/TechStackSection.tsx,23,tsx,f189fd9,Ishaan Kor,2026-07-28,01:54:33,-07:00,2026-07-27T18:54:33-07:00,2,30
components/skills/TechStackSection.tsx,24,tsx,f189fd9,Ishaan Kor,2026-07-28,01:54:33,-07:00,2026-07-27T18:54:33-07:00,2,30
components/skills/TechStackSection.tsx,25,tsx,f189fd9,Ishaan Kor,2026-07-28,01:54:33,-07:00,2026-07-27T18:54:33-07:00,2,30
components/skills/TechStackSection.tsx,26,tsx,f189fd9,Ishaan Kor,2026-07-28,01:54:33,-07:00,2026-07-27T18:54:33-07:00,2,30
components/skills/TechStackSection.tsx,27,tsx,f189fd9,Ishaan Kor,2026-07-28,01:54:33,-07:00,2026-07-27T18:54:33-07:00,2,30
components/skills/TechStackSection.tsx,28,tsx,f189fd9,Ishaan Kor,2026-07-28,01:54:33,-07:00,2026-07-27T18:54:33-07:00,2,30
components/skills/TechStackSection.tsx,29,tsx,f189fd9,Ishaan Kor,2026-07-28,01:54:33,-07:00,2026-07-27T18:54:33-07:00,2,30
components/skills/TechStackSection.tsx,30,tsx,f189fd9,Ishaan Kor,2026-07-28,01:54:33,-07:00,2026-07-27T18:54:33-07:00,2,30
components/skills/TechStackSection.tsx,31,tsx,f189fd9,Ishaan Kor,2026-07-28,01:54:33,-07:00,2026-07-27T18:54:33-07:00,2,30
components/skills/TechStackSection.tsx,32,tsx,f189fd9,Ishaan Kor,2026-07-28,01:54:33,-07:00,2026-07-27T18:54:33-07:00,2,30
components/skills/TechStackSection.tsx,33,tsx,f189fd9,Ishaan Kor,2026-07-28,01:54:33,-07:00,2026-07-27T18:54:33-07:00,2,30
components/skills/TechStackSection.tsx,34,tsx,f189fd9,Ishaan Kor,2026-07-28,01:54:33,-07:00,2026-07-27T18:54:33-07:00,2,30
components/skills/TechStackSection.tsx,35,tsx,f189fd9,Ishaan Kor,2026-07-28,01:54:33,-07:00,2026-07-27T18:54:33-07:00,2,30
components/skills/TechStackSection.tsx,36,tsx,f189fd9,Ishaan Kor,2026-07-28,01:54:33,-07:00,2026-07-27T18:54:33-07:00,2,30
components/skills/TechStackSection.tsx,37,tsx,f189fd9,Ishaan Kor,2026-07-28,01:54:33,-07:00,2026-07-27T18:54:33-07:00,2,30
components/skills/TechStackSection.tsx,38,tsx,f189fd9,Ishaan Kor,2026-07-28,01:54:33,-07:00,2026-07-27T18:54:33-07:00,2,30
components/skills/TechStackSection.tsx,39,tsx,f189fd9,Ishaan Kor,2026-07-28,01:54:33,-07:00,2026-07-27T18:54:33-07:00,2,30
components/skills/TechStackSection.tsx,40,tsx,f189fd9,Ishaan Kor,2026-07-28,01:54:33,-07:00,2026-07-27T18:54:33-07:00,2,30
components/skills/TechStackSection.tsx,41,tsx,f189fd9,Ishaan Kor,2026-07-28,01:54:33,-07:00,2026-07-27T18:54:33-07:00,2,30
components/skills/TechStackSection.tsx,42,tsx,f189fd9,Ishaan Kor,2026-07-28,01:54:33,-07:00,2026-07-27T18:54:33-07:00,2,30
components/skills/TechStackSection.tsx,43,tsx,f189fd9,Ishaan Kor,2026-07-28,01:54:33,-07:00,2026-07-27T18:54:33-07:00,2,30
components/skills/TechStackSection.tsx,44,tsx,f189fd9,Ishaan Kor,2026-07-28,01:54:33,-07:00,2026-07-27T18:54:33-07:00,2,30
components/skills/TechStackSection.tsx,45,tsx,f189fd9,Ishaan Kor,2026-07-28,01:54:33,-07:00,2026-07-27T18:54:33-07:00,2,30
components/skills/TechStackSection.tsx,46,tsx,f189fd9,Ishaan Kor,2026-07-28,01:54:33,-07:00,2026-07-27T18:54:33-07:00,2,30
components/skills/TechStackSection.tsx,47,tsx,f189fd9,Ishaan Kor,2026-07-28,01:54:33,-07:00,2026-07-27T18:54:33-07:00,2,30
components/skills/TechStackSection.tsx,48,tsx,f189fd9,Ishaan Kor,2026-07-28,01:54:33,-07:00,2026-07-27T18:54:33-07:00,2,30
components/skills/TechStackSection.tsx,49,tsx,f189fd9,Ishaan Kor,2026-07-28,01:54:33,-07:00,2026-07-27T18:54:33-07:00,2,30
components/skills/TechStackSection.tsx,50,tsx,f189fd9,Ishaan Kor,2026-07-28,01:54:33,-07:00,2026-07-27T18:54:33-07:00,2,30
data/portfolio.ts,1,ts,f189fd9,Ishaan Kor,2026-07-28,01:54:33,-07:00,2026-07-27T18:54:33-07:00,1,30
data/portfolio.ts,2,ts,f189fd9,Ishaan Kor,2026-07-28,01:54:33,-07:00,2026-07-27T18:54:33-07:00,1,30
data/portfolio.ts,3,ts,f189fd9,Ishaan Kor,2026-07-28,01:54:33,-07:00,2026-07-27T18:54:33-07:00,1,30
data/portfolio.ts,4,ts,f189fd9,Ishaan Kor,2026-07-28,01:54:33,-07:00,2026-07-27T18:54:33-07:00,1,30
data/portfolio.ts,5,ts,f189fd9,Ishaan Kor,2026-07-28,01:54:33,-07:00,2026-07-27T18:54:33-07:00,1,30
data/portfolio.ts,6,ts,f189fd9,Ishaan Kor,2026-07-28,01:54:33,-07:00,2026-07-27T18:54:33-07:00,1,30
data/portfolio.ts,7,ts,f189fd9,Ishaan Kor,2026-07-28,01:54:33,-07:00,2026-07-27T18:54:33-07:00,1,30
data/portfolio.ts,8,ts,f189fd9,Ishaan Kor,2026-07-28,01:54:33,-07:00,2026-07-27T18:54:33-07:00,1,30
data/portfolio.ts,9,ts,f189fd9,Ishaan Kor,2026-07-28,01:54:33,-07:00,2026-07-27T18:54:33-07:00,1,30
data/portfolio.ts,10,ts,f189fd9,Ishaan Kor,2026-07-28,01:54:33,-07:00,2026-07-27T18:54:33-07:00,1,30
data/portfolio.ts,11,ts,f189fd9,Ishaan Kor,2026-07-28,01:54:33,-07:00,2026-07-27T18:54:33-07:00,1,30
data/portfolio.ts,12,ts,f189fd9,Ishaan Kor,2026-07-28,01:54:33,-07:00,2026-07-27T18:54:33-07:00,1,30
data/portfolio.ts,13,ts,f189fd9,Ishaan Kor,2026-07-28,01:54:33,-07:00,2026-07-27T18:54:33-07:00,1,30
data/portfolio.ts,14,ts,f189fd9,Ishaan Kor,2026-07-28,01:54:33,-07:00,2026-07-27T18:54:33-07:00,1,30
data/portfolio.ts,15,ts,f189fd9,Ishaan Kor,2026-07-28,01:54:33,-07:00,2026-07-27T18:54:33-07:00,1,30
data/portfolio.ts,16,ts,f189fd9,Ishaan Kor,2026-07-28,01:54:33,-07:00,2026-07-27T18:54:33-07:00,1,30
data/portfolio.ts,17,ts,f189fd9,Ishaan Kor,2026-07-28,01:54:33,-07:00,2026-07-27T18:54:33-07:00,1,30
data/portfolio.ts,18,ts,f189fd9,Ishaan Kor,2026-07-28,01:54:33,-07:00,2026-07-27T18:54:33-07:00,1,30
data/portfolio.ts,19,ts,f189fd9,Ishaan Kor,2026-07-28,01:54:33,-07:00,2026-07-27T18:54:33-07:00,1,30
data/portfolio.ts,20,ts,f189fd9,Ishaan Kor,2026-07-28,01:54:33,-07:00,2026-07-27T18:54:33-07:00,1,30
data/portfolio.ts,21,ts,f189fd9,Ishaan Kor,2026-07-28,01:54:33,-07:00,2026-07-27T18:54:33-07:00,1,30
data/portfolio.ts,22,ts,f189fd9,Ishaan Kor,2026-07-28,01:54:33,-07:00,2026-07-27T18:54:33-07:00,1,30
data/portfolio.ts,23,ts,f189fd9,Ishaan Kor,2026-07-28,01:54:33,-07:00,2026-07-27T18:54:33-07:00,1,30
data/portfolio.ts,24,ts,f189fd9,Ishaan Kor,2026-07-28,01:54:33,-07:00,2026-07-27T18:54:33-07:00,1,30
data/portfolio.ts,25,ts,f189fd9,Ishaan Kor,2026-07-28,01:54:33,-07:00,2026-07-27T18:54:33-07:00,1,30
data/portfolio.ts,26,ts,f189fd9,Ishaan Kor,2026-07-28,01:54:33,-07:00,2026-07-27T18:54:33-07:00,1,30
data/portfolio.ts,27,ts,f189fd9,Ishaan Kor,2026-07-28,01:54:33,-07:00,2026-07-27T18:54:33-07:00,1,30
data/portfolio.ts,28,ts,f189fd9,Ishaan Kor,2026-07-28,01:54:33,-07:00,2026-07-27T18:54:33-07:00,1,30
data/portfolio.ts,29,ts,f189fd9,Ishaan Kor,2026-07-28,01:54:33,-07:00,2026-07-27T18:54:33-07:00,1,30
data/portfolio.ts,30,ts,f189fd9,Ishaan Kor,2026-07-28,01:54:33,-07:00,2026-07-27T18:54:33-07:00,1,30
data/portfolio.ts,31,ts,f189fd9,Ishaan Kor,2026-07-28,01:54:33,-07:00,2026-07-27T18:54:33-07:00,1,30
data/portfolio.ts,32,ts,f189fd9,Ishaan Kor,2026-07-28,01:54:33,-07:00,2026-07-27T18:54:33-07:00,1,30
data/portfolio.ts,33,ts,f189fd9,Ishaan Kor,2026-07-28,01:54:33,-07:00,2026-07-27T18:54:33-07:00,1,30
data/portfolio.ts,34,ts,f189fd9,Ishaan Kor,2026-07-28,01:54:33,-07:00,2026-07-27T18:54:33-07:00,1,30
data/portfolio.ts,35,ts,f189fd9,Ishaan Kor,2026-07-28,01:54:33,-07:00,2026-07-27T18:54:33-07:00,1,30
data/portfolio.ts,36,ts,f189fd9,Ishaan Kor,2026-07-28,01:54:33,-07:00,2026-07-27T18:54:33-07:00,1,30
data/portfolio.ts,37,ts,f189fd9,Ishaan Kor,2026-07-28,01:54:33,-07:00,2026-07-27T18:54:33-07:00,1,30
data/portfolio.ts,38,ts,f189fd9,Ishaan Kor,2026-07-28,01:54:33,-07:00,2026-07-27T18:54:33-07:00,1,30
data/portfolio.ts,39,ts,f189fd9,Ishaan Kor,2026-07-28,01:54:33,-07:00,2026-07-27T18:54:33-07:00,1,30
data/portfolio.ts,40,ts,f189fd9,Ishaan Kor,2026-07-28,01:54:33,-07:00,2026-07-27T18:54:33-07:00,1,30
data/portfolio.ts,41,ts,f189fd9,Ishaan Kor,2026-07-28,01:54:33,-07:00,2026-07-27T18:54:33-07:00,1,30
data/portfolio.ts,42,ts,f189fd9,Ishaan Kor,2026-07-28,01:54:33,-07:00,2026-07-27T18:54:33-07:00,1,30
data/portfolio.ts,43,ts,f189fd9,Ishaan Kor,2026-07-28,01:54:33,-07:00,2026-07-27T18:54:33-07:00,1,30
data/portfolio.ts,44,ts,f189fd9,Ishaan Kor,2026-07-28,01:54:33,-07:00,2026-07-27T18:54:33-07:00,1,30
data/portfolio.ts,45,ts,f189fd9,Ishaan Kor,2026-07-28,01:54:33,-07:00,2026-07-27T18:54:33-07:00,1,30
data/portfolio.ts,46,ts,f189fd9,Ishaan Kor,2026-07-28,01:54:33,-07:00,2026-07-27T18:54:33-07:00,1,30
data/portfolio.ts,47,ts,f189fd9,Ishaan Kor,2026-07-28,01:54:33,-07:00,2026-07-27T18:54:33-07:00,1,30
data/portfolio.ts,48,ts,f189fd9,Ishaan Kor,2026-07-28,01:54:33,-07:00,2026-07-27T18:54:33-07:00,1,30
data/portfolio.ts,49,ts,f189fd9,Ishaan Kor,2026-07-28,01:54:33,-07:00,2026-07-27T18:54:33-07:00,1,30
data/portfolio.ts,50,ts,f189fd9,Ishaan Kor,2026-07-28,01:54:33,-07:00,2026-07-27T18:54:33-07:00,1,30
global.js,1,js,f189fd9,Ishaan Kor,2026-07-28,01:54:33,-07:00,2026-07-27T18:54:33-07:00,0,30
global.js,2,js,f189fd9,Ishaan Kor,2026-07-28,01:54:33,-07:00,2026-07-27T18:54:33-07:00,0,30
global.js,3,js,f189fd9,Ishaan Kor,2026-07-28,01:54:33,-07:00,2026-07-27T18:54:33-07:00,0,30
global.js,4,js,f189fd9,Ishaan Kor,2026-07-28,01:54:33,-07:00,2026-07-27T18:54:33-07:00,0,30
global.js,5,js,f189fd9,Ishaan Kor,2026-07-28,01:54:33,-07:00,2026-07-27T18:54:33-07:00,0,30
global.js,6,js,f189fd9,Ishaan Kor,2026-07-28,01:54:33,-07:00,2026-07-27T18:54:33-07:00,0,30
global.js,7,js,f189fd9,Ishaan Kor,2026-07-28,01:54:33,-07:00,2026-07-27T18:54:33-07:00,0,30
global.js,8,js,f189fd9,Ishaan Kor,2026-07-28,01:54:33,-07:00,2026-07-27T18:54:33-07:00,0,30
global.js,9,js,f189fd9,Ishaan Kor,2026-07-28,01:54:33,-07:00,2026-07-27T18:54:33-07:00,0,30
global.js,10,js,f189fd9,Ishaan Kor,2026-07-28,01:54:33,-07:00,2026-07-27T18:54:33-07:00,0,30
global.js,11,js,f189fd9,Ishaan Kor,2026-07-28,01:54:33,-07:00,2026-07-27T18:54:33-07:00,0,30
global.js,12,js,f189fd9,Ishaan Kor,2026-07-28,01:54:33,-07:00,2026-07-27T18:54:33-07:00,0,30
global.js,13,js,f189fd9,Ishaan Kor,2026-07-28,01:54:33,-07:00,2026-07-27T18:54:33-07:00,0,30
global.js,14,js,f189fd9,Ishaan Kor,2026-07-28,01:54:33,-07:00,2026-07-27T18:54:33-07:00,0,30
global.js,15,js,f189fd9,Ishaan Kor,2026-07-28,01:54:33,-07:00,2026-07-27T18:54:33-07:00,0,30
global.js,16,js,f189fd9,Ishaan Kor,2026-07-28,01:54:33,-07:00,2026-07-27T18:54:33-07:00,0,30
global.js,17,js,f189fd9,Ishaan Kor,2026-07-28,01:54:33,-07:00,2026-07-27T18:54:33-07:00,0,30
global.js,18,js,f189fd9,Ishaan Kor,2026-07-28,01:54:33,-07:00,2026-07-27T18:54:33-07:00,0,30
global.js,19,js,f189fd9,Ishaan Kor,2026-07-28,01:54:33,-07:00,2026-07-27T18:54:33-07:00,0,30
global.js,20,js,f189fd9,Ishaan Kor,2026-07-28,01:54:33,-07:00,2026-07-27T18:54:33-07:00,0,30
global.js,21,js,f189fd9,Ishaan Kor,2026-07-28,01:54:33,-07:00,2026-07-27T18:54:33-07:00,0,30
global.js,22,js,f189fd9,Ishaan Kor,2026-07-28,01:54:33,-07:00,2026-07-27T18:54:33-07:00,0,30
global.js,23,js,f189fd9,Ishaan Kor,2026-07-28,01:54:33,-07:00,2026-07-27T18:54:33-07:00,0,30
global.js,24,js,f189fd9,Ishaan Kor,2026-07-28,01:54:33,-07:00,2026-07-27T18:54:33-07:00,0,30
global.js,25,js,f189fd9,Ishaan Kor,2026-07-28,01:54:33,-07:00,2026-07-27T18:54:33-07:00,0,30
global.js,26,js,f189fd9,Ishaan Kor,2026-07-28,01:54:33,-07:00,2026-07-27T18:54:33-07:00,0,30
global.js,27,js,f189fd9,Ishaan Kor,2026-07-28,01:54:33,-07:00,2026-07-27T18:54:33-07:00,0,30
global.js,28,js,f189fd9,Ishaan Kor,2026-07-28,01:54:33,-07:00,2026-07-27T18:54:33-07:00,0,30
global.js,29,js,f189fd9,Ishaan Kor,2026-07-28,01:54:33,-07:00,2026-07-27T18:54:33-07:00,0,30
global.js,30,js,f189fd9,Ishaan Kor,2026-07-28,01:54:33,-07:00,2026-07-27T18:54:33-07:00,0,30
global.js,31,js,f189fd9,Ishaan Kor,2026-07-28,01:54:33,-07:00,2026-07-27T18:54:33-07:00,0,30
global.js,32,js,f189fd9,Ishaan Kor,2026-07-28,01:54:33,-07:00,2026-07-27T18:54:33-07:00,0,30
global.js,33,js,f189fd9,Ishaan Kor,2026-07-28,01:54:33,-07:00,2026-07-27T18:54:33-07:00,0,30
global.js,34,js,f189fd9,Ishaan Kor,2026-07-28,01:54:33,-07:00,2026-07-27T18:54:33-07:00,0,30
global.js,35,js,f189fd9,Ishaan Kor,2026-07-28,01:54:33,-07:00,2026-07-27T18:54:33-07:00,0,30
global.js,36,js,f189fd9,Ishaan Kor,2026-07-28,01:54:33,-07:00,2026-07-27T18:54:33-07:00,0,30
global.js,37,js,f189fd9,Ishaan Kor,2026-07-28,01:54:33,-07:00,2026-07-27T18:54:33-07:00,0,30
global.js,38,js,f189fd9,Ishaan Kor,2026-07-28,01:54:33,-07:00,2026-07-27T18:54:33-07:00,0,30
global.js,39,js,f189fd9,Ishaan Kor,2026-07-28,01:54:33,-07:00,2026-07-27T18:54:33-07:00,0,30
global.js,40,js,f189fd9,Ishaan Kor,2026-07-28,01:54:33,-07:00,2026-07-27T18:54:33-07:00,0,30
global.js,41,js,f189fd9,Ishaan Kor,2026-07-28,01:54:33,-07:00,2026-07-27T18:54:33-07:00,0,30
global.js,42,js,f189fd9,Ishaan Kor,2026-07-28,01:54:33,-07:00,2026-07-27T18:54:33-07:00,0,30
global.js,43,js,f189fd9,Ishaan Kor,2026-07-28,01:54:33,-07:00,2026-07-27T18:54:33-07:00,0,30
global.js,44,js,f189fd9,Ishaan Kor,2026-07-28,01:54:33,-07:00,2026-07-27T18:54:33-07:00,0,30
global.js,45,js,f189fd9,Ishaan Kor,2026-07-28,01:54:33,-07:00,2026-07-27T18:54:33-07:00,0,30
global.js,46,js,f189fd9,Ishaan Kor,2026-07-28,01:54:33,-07:00,2026-07-27T18:54:33-07:00,0,30
global.js,47,js,f189fd9,Ishaan Kor,2026-07-28,01:54:33,-07:00,2026-07-27T18:54:33-07:00,0,30
global.js,48,js,f189fd9,Ishaan Kor,2026-07-28,01:54:33,-07:00,2026-07-27T18:54:33-07:00,0,30
global.js,49,js,f189fd9,Ishaan Kor,2026-07-28,01:54:33,-07:00,2026-07-27T18:54:33-07:00,0,30
global.js,50,js,f189fd9,Ishaan Kor,2026-07-28,01:54:33,-07:00,2026-07-27T18:54:33-07:00,0,30
index.html,1,html,f189fd9,Ishaan Kor,2026-07-28,01:54:33,-07:00,2026-07-27T18:54:33-07:00,0,30
index.html,2,html,f189fd9,Ishaan Kor,2026-07-28,01:54:33,-07:00,2026-07-27T18:54:33-07:00,0,30
index.html,3,html,f189fd9,Ishaan Kor,2026-07-28,01:54:33,-07:00,2026-07-27T18:54:33-07:00,0,30
index.html,4,html,f189fd9,Ishaan Kor,2026-07-28,01:54:33,-07:00,2026-07-27T18:54:33-07:00,0,30
index.html,5,html,f189fd9,Ishaan Kor,2026-07-28,01:54:33,-07:00,2026-07-27T18:54:33-07:00,0,30
index.html,6,html,f189fd9,Ishaan Kor,2026-07-28,01:54:33,-07:00,2026-07-27T18:54:33-07:00,0,30
index.html,7,html,f189fd9,Ishaan Kor,2026-07-28,01:54:33,-07:00,2026-07-27T18:54:33-07:00,0,30
index.html,8,html,f189fd9,Ishaan Kor,2026-07-28,01:54:33,-07:00,2026-07-27T18:54:33-07:00,0,30
index.html,9,html,f189fd9,Ishaan Kor,2026-07-28,01:54:33,-07:00,2026-07-27T18:54:33-07:00,0,30
index.html,10,html,f189fd9,Ishaan Kor,2026-07-28,01:54:33,-07:00,2026-07-27T18:54:33-07:00,0,30
index.html,11,html,f189fd9,Ishaan Kor,2026-07-28,01:54:33,-07:00,2026-07-27T18:54:33-07:00,0,30
index.html,12,html,f189fd9,Ishaan Kor,2026-07-28,01:54:33,-07:00,2026-07-27T18:54:33-07:00,0,30
index.html,13,html,f189fd9,Ishaan Kor,2026-07-28,01:54:33,-07:00,2026-07-27T18:54:33-07:00,0,30
index.html,14,html,f189fd9,Ishaan Kor,2026-07-28,01:54:33,-07:00,2026-07-27T18:54:33-07:00,0,30
index.html,15,html,f189fd9,Ishaan Kor,2026-07-28,01:54:33,-07:00,2026-07-27T18:54:33-07:00,0,30
index.html,16,html,f189fd9,Ishaan Kor,2026-07-28,01:54:33,-07:00,2026-07-27T18:54:33-07:00,0,30
index.html,17,html,f189fd9,Ishaan Kor,2026-07-28,01:54:33,-07:00,2026-07-27T18:54:33-07:00,0,30
index.html,18,html,f189fd9,Ishaan Kor,2026-07-28,01:54:33,-07:00,2026-07-27T18:54:33-07:00,0,30
index.html,19,html,f189fd9,Ishaan Kor,2026-07-28,01:54:33,-07:00,2026-07-27T18:54:33-07:00,0,30
index.html,20,html,f189fd9,Ishaan Kor,2026-07-28,01:54:33,-07:00,2026-07-27T18:54:33-07:00,0,30
index.html,21,html,f189fd9,Ishaan Kor,2026-07-28,01:54:33,-07:00,2026-07-27T18:54:33-07:00,0,30
index.html,22,html,f189fd9,Ishaan Kor,2026-07-28,01:54:33,-07:00,2026-07-27T18:54:33-07:00,0,30
index.html,23,html,f189fd9,Ishaan Kor,2026-07-28,01:54:33,-07:00,2026-07-27T18:54:33-07:00,0,30
index.html,24,html,f189fd9,Ishaan Kor,2026-07-28,01:54:33,-07:00,2026-07-27T18:54:33-07:00,0,30
index.html,25,html,f189fd9,Ishaan Kor,2026-07-28,01:54:33,-07:00,2026-07-27T18:54:33-07:00,0,30
index.html,26,html,f189fd9,Ishaan Kor,2026-07-28,01:54:33,-07:00,2026-07-27T18:54:33-07:00,0,30
index.html,27,html,f189fd9,Ishaan Kor,2026-07-28,01:54:33,-07:00,2026-07-27T18:54:33-07:00,0,30
index.html,28,html,f189fd9,Ishaan Kor,2026-07-28,01:54:33,-07:00,2026-07-27T18:54:33-07:00,0,30
index.html,29,html,f189fd9,Ishaan Kor,2026-07-28,01:54:33,-07:00,2026-07-27T18:54:33-07:00,0,30
index.html,30,html,f189fd9,Ishaan Kor,2026-07-28,01:54:33,-07:00,2026-07-27T18:54:33-07:00,0,30
index.html,31,html,f189fd9,Ishaan Kor,2026-07-28,01:54:33,-07:00,2026-07-27T18:54:33-07:00,0,30
index.html,32,html,f189fd9,Ishaan Kor,2026-07-28,01:54:33,-07:00,2026-07-27T18:54:33-07:00,0,30
index.html,33,html,f189fd9,Ishaan Kor,2026-07-28,01:54:33,-07:00,2026-07-27T18:54:33-07:00,0,30
index.html,34,html,f189fd9,Ishaan Kor,2026-07-28,01:54:33,-07:00,2026-07-27T18:54:33-07:00,0,30
index.html,35,html,f189fd9,Ishaan Kor,2026-07-28,01:54:33,-07:00,2026-07-27T18:54:33-07:00,0,30
index.html,36,html,f189fd9,Ishaan Kor,2026-07-28,01:54:33,-07:00,2026-07-27T18:54:33-07:00,0,30
index.html,37,html,f189fd9,Ishaan Kor,2026-07-28,01:54:33,-07:00,2026-07-27T18:54:33-07:00,0,30
index.html,38,html,f189fd9,Ishaan Kor,2026-07-28,01:54:33,-07:00,2026-07-27T18:54:33-07:00,0,30
index.html,39,html,f189fd9,Ishaan Kor,2026-07-28,01:54:33,-07:00,2026-07-27T18:54:33-07:00,0,30
index.html,40,html,f189fd9,Ishaan Kor,2026-07-28,01:54:33,-07:00,2026-07-27T18:54:33-07:00,0,30
index.html,41,html,f189fd9,Ishaan Kor,2026-07-28,01:54:33,-07:00,2026-07-27T18:54:33-07:00,0,30
index.html,42,html,f189fd9,Ishaan Kor,2026-07-28,01:54:33,-07:00,2026-07-27T18:54:33-07:00,0,30
index.html,43,html,f189fd9,Ishaan Kor,2026-07-28,01:54:33,-07:00,2026-07-27T18:54:33-07:00,0,30
index.html,44,html,f189fd9,Ishaan Kor,2026-07-28,01:54:33,-07:00,2026-07-27T18:54:33-07:00,0,30
index.html,45,html,f189fd9,Ishaan Kor,2026-07-28,01:54:33,-07:00,2026-07-27T18:54:33-07:00,0,30
index.html,46,html,f189fd9,Ishaan Kor,2026-07-28,01:54:33,-07:00,2026-07-27T18:54:33-07:00,0,30
index.html,47,html,f189fd9,Ishaan Kor,2026-07-28,01:54:33,-07:00,2026-07-27T18:54:33-07:00,0,30
index.html,48,html,f189fd9,Ishaan Kor,2026-07-28,01:54:33,-07:00,2026-07-27T18:54:33-07:00,0,30
index.html,49,html,f189fd9,Ishaan Kor,2026-07-28,01:54:33,-07:00,2026-07-27T18:54:33-07:00,0,30
index.html,50,html,f189fd9,Ishaan Kor,2026-07-28,01:54:33,-07:00,2026-07-27T18:54:33-07:00,0,30
index.js,1,js,f189fd9,Ishaan Kor,2026-07-28,01:54:33,-07:00,2026-07-27T18:54:33-07:00,0,30
index.js,2,js,f189fd9,Ishaan Kor,2026-07-28,01:54:33,-07:00,2026-07-27T18:54:33-07:00,0,30
index.js,3,js,f189fd9,Ishaan Kor,2026-07-28,01:54:33,-07:00,2026-07-27T18:54:33-07:00,0,30
index.js,4,js,f189fd9,Ishaan Kor,2026-07-28,01:54:33,-07:00,2026-07-27T18:54:33-07:00,0,30
index.js,5,js,f189fd9,Ishaan Kor,2026-07-28,01:54:33,-07:00,2026-07-27T18:54:33-07:00,0,30
index.js,6,js,f189fd9,Ishaan Kor,2026-07-28,01:54:33,-07:00,2026-07-27T18:54:33-07:00,0,30
index.js,7,js,f189fd9,Ishaan Kor,2026-07-28,01:54:33,-07:00,2026-07-27T18:54:33-07:00,0,30
index.js,8,js,f189fd9,Ishaan Kor,2026-07-28,01:54:33,-07:00,2026-07-27T18:54:33-07:00,0,30
index.js,9,js,f189fd9,Ishaan Kor,2026-07-28,01:54:33,-07:00,2026-07-27T18:54:33-07:00,0,30
index.js,10,js,f189fd9,Ishaan Kor,2026-07-28,01:54:33,-07:00,2026-07-27T18:54:33-07:00,0,30
index.js,11,js,f189fd9,Ishaan Kor,2026-07-28,01:54:33,-07:00,2026-07-27T18:54:33-07:00,0,30
index.js,12,js,f189fd9,Ishaan Kor,2026-07-28,01:54:33,-07:00,2026-07-27T18:54:33-07:00,0,30
index.js,13,js,f189fd9,Ishaan Kor,2026-07-28,01:54:33,-07:00,2026-07-27T18:54:33-07:00,0,30
index.js,14,js,f189fd9,Ishaan Kor,2026-07-28,01:54:33,-07:00,2026-07-27T18:54:33-07:00,0,30
index.js,15,js,f189fd9,Ishaan Kor,2026-07-28,01:54:33,-07:00,2026-07-27T18:54:33-07:00,0,30
index.js,16,js,f189fd9,Ishaan Kor,2026-07-28,01:54:33,-07:00,2026-07-27T18:54:33-07:00,0,30
index.js,17,js,f189fd9,Ishaan Kor,2026-07-28,01:54:33,-07:00,2026-07-27T18:54:33-07:00,0,30
index.js,18,js,f189fd9,Ishaan Kor,2026-07-28,01:54:33,-07:00,2026-07-27T18:54:33-07:00,0,30
index.js,19,js,f189fd9,Ishaan Kor,2026-07-28,01:54:33,-07:00,2026-07-27T18:54:33-07:00,0,30
index.js,20,js,f189fd9,Ishaan Kor,2026-07-28,01:54:33,-07:00,2026-07-27T18:54:33-07:00,0,30
index.js,21,js,f189fd9,Ishaan Kor,2026-07-28,01:54:33,-07:00,2026-07-27T18:54:33-07:00,0,30
index.js,22,js,f189fd9,Ishaan Kor,2026-07-28,01:54:33,-07:00,2026-07-27T18:54:33-07:00,0,30
index.js,23,js,f189fd9,Ishaan Kor,2026-07-28,01:54:33,-07:00,2026-07-27T18:54:33-07:00,0,30
index.js,24,js,f189fd9,Ishaan Kor,2026-07-28,01:54:33,-07:00,2026-07-27T18:54:33-07:00,0,30
index.js,25,js,f189fd9,Ishaan Kor,2026-07-28,01:54:33,-07:00,2026-07-27T18:54:33-07:00,0,30
index.js,26,js,f189fd9,Ishaan Kor,2026-07-28,01:54:33,-07:00,2026-07-27T18:54:33-07:00,0,30
index.js,27,js,f189fd9,Ishaan Kor,2026-07-28,01:54:33,-07:00,2026-07-27T18:54:33-07:00,0,30
index.js,28,js,f189fd9,Ishaan Kor,2026-07-28,01:54:33,-07:00,2026-07-27T18:54:33-07:00,0,30
index.js,29,js,f189fd9,Ishaan Kor,2026-07-28,01:54:33,-07:00,2026-07-27T18:54:33-07:00,0,30
index.js,30,js,f189fd9,Ishaan Kor,2026-07-28,01:54:33,-07:00,2026-07-27T18:54:33-07:00,0,30
index.js,31,js,f189fd9,Ishaan Kor,2026-07-28,01:54:33,-07:00,2026-07-27T18:54:33-07:00,0,30
index.js,32,js,f189fd9,Ishaan Kor,2026-07-28,01:54:33,-07:00,2026-07-27T18:54:33-07:00,0,30
index.js,33,js,f189fd9,Ishaan Kor,2026-07-28,01:54:33,-07:00,2026-07-27T18:54:33-07:00,0,30
index.js,34,js,f189fd9,Ishaan Kor,2026-07-28,01:54:33,-07:00,2026-07-27T18:54:33-07:00,0,30
index.js,35,js,f189fd9,Ishaan Kor,2026-07-28,01:54:33,-07:00,2026-07-27T18:54:33-07:00,0,30
index.js,36,js,f189fd9,Ishaan Kor,2026-07-28,01:54:33,-07:00,2026-07-27T18:54:33-07:00,0,30
index.js,37,js,f189fd9,Ishaan Kor,2026-07-28,01:54:33,-07:00,2026-07-27T18:54:33-07:00,0,30
index.js,38,js,f189fd9,Ishaan Kor,2026-07-28,01:54:33,-07:00,2026-07-27T18:54:33-07:00,0,30
index.js,39,js,f189fd9,Ishaan Kor,2026-07-28,01:54:33,-07:00,2026-07-27T18:54:33-07:00,0,30
index.js,40,js,f189fd9,Ishaan Kor,2026-07-28,01:54:33,-07:00,2026-07-27T18:54:33-07:00,0,30
index.js,41,js,f189fd9,Ishaan Kor,2026-07-28,01:54:33,-07:00,2026-07-27T18:54:33-07:00,0,30
index.js,42,js,f189fd9,Ishaan Kor,2026-07-28,01:54:33,-07:00,2026-07-27T18:54:33-07:00,0,30
index.js,43,js,f189fd9,Ishaan Kor,2026-07-28,01:54:33,-07:00,2026-07-27T18:54:33-07:00,0,30
index.js,44,js,f189fd9,Ishaan Kor,2026-07-28,01:54:33,-07:00,2026-07-27T18:54:33-07:00,0,30
index.js,45,js,f189fd9,Ishaan Kor,2026-07-28,01:54:33,-07:00,2026-07-27T18:54:33-07:00,0,30
index.js,46,js,f189fd9,Ishaan Kor,2026-07-28,01:54:33,-07:00,2026-07-27T18:54:33-07:00,0,30
index.js,47,js,f189fd9,Ishaan Kor,2026-07-28,01:54:33,-07:00,2026-07-27T18:54:33-07:00,0,30
index.js,48,js,f189fd9,Ishaan Kor,2026-07-28,01:54:33,-07:00,2026-07-27T18:54:33-07:00,0,30
index.js,49,js,f189fd9,Ishaan Kor,2026-07-28,01:54:33,-07:00,2026-07-27T18:54:33-07:00,0,30
index.js,50,js,f189fd9,Ishaan Kor,2026-07-28,01:54:33,-07:00,2026-07-27T18:54:33-07:00,0,30
meta/index.html,1,html,f189fd9,Ishaan Kor,2026-07-28,01:54:33,-07:00,2026-07-27T18:54:33-07:00,1,30
meta/index.html,2,html,f189fd9,Ishaan Kor,2026-07-28,01:54:33,-07:00,2026-07-27T18:54:33-07:00,1,30
meta/index.html,3,html,f189fd9,Ishaan Kor,2026-07-28,01:54:33,-07:00,2026-07-27T18:54:33-07:00,1,30
meta/index.html,4,html,f189fd9,Ishaan Kor,2026-07-28,01:54:33,-07:00,2026-07-27T18:54:33-07:00,1,30
meta/index.html,5,html,f189fd9,Ishaan Kor,2026-07-28,01:54:33,-07:00,2026-07-27T18:54:33-07:00,1,30
meta/index.html,6,html,f189fd9,Ishaan Kor,2026-07-28,01:54:33,-07:00,2026-07-27T18:54:33-07:00,1,30
meta/index.html,7,html,f189fd9,Ishaan Kor,2026-07-28,01:54:33,-07:00,2026-07-27T18:54:33-07:00,1,30
meta/index.html,8,html,f189fd9,Ishaan Kor,2026-07-28,01:54:33,-07:00,2026-07-27T18:54:33-07:00,1,30
meta/index.html,9,html,f189fd9,Ishaan Kor,2026-07-28,01:54:33,-07:00,2026-07-27T18:54:33-07:00,1,30
meta/index.html,10,html,f189fd9,Ishaan Kor,2026-07-28,01:54:33,-07:00,2026-07-27T18:54:33-07:00,1,30
meta/index.html,11,html,f189fd9,Ishaan Kor,2026-07-28,01:54:33,-07:00,2026-07-27T18:54:33-07:00,1,30
meta/index.html,12,html,f189fd9,Ishaan Kor,2026-07-28,01:54:33,-07:00,2026-07-27T18:54:33-07:00,1,30
meta/index.html,13,html,f189fd9,Ishaan Kor,2026-07-28,01:54:33,-07:00,2026-07-27T18:54:33-07:00,1,30
meta/index.html,14,html,f189fd9,Ishaan Kor,2026-07-28,01:54:33,-07:00,2026-07-27T18:54:33-07:00,1,30
meta/index.html,15,html,f189fd9,Ishaan Kor,2026-07-28,01:54:33,-07:00,2026-07-27T18:54:33-07:00,1,30
meta/index.html,16,html,f189fd9,Ishaan Kor,2026-07-28,01:54:33,-07:00,2026-07-27T18:54:33-07:00,1,30
meta/index.html,17,html,f189fd9,Ishaan Kor,2026-07-28,01:54:33,-07:00,2026-07-27T18:54:33-07:00,1,30
meta/index.html,18,html,f189fd9,Ishaan Kor,2026-07-28,01:54:33,-07:00,2026-07-27T18:54:33-07:00,1,30
meta/index.html,19,html,f189fd9,Ishaan Kor,2026-07-28,01:54:33,-07:00,2026-07-27T18:54:33-07:00,1,30
meta/index.html,20,html,f189fd9,Ishaan Kor,2026-07-28,01:54:33,-07:00,2026-07-27T18:54:33-07:00,1,30
meta/index.html,21,html,f189fd9,Ishaan Kor,2026-07-28,01:54:33,-07:00,2026-07-27T18:54:33-07:00,1,30
meta/index.html,22,html,f189fd9,Ishaan Kor,2026-07-28,01:54:33,-07:00,2026-07-27T18:54:33-07:00,1,30
meta/index.html,23,html,f189fd9,Ishaan Kor,2026-07-28,01:54:33,-07:00,2026-07-27T18:54:33-07:00,1,30
meta/index.html,24,html,f189fd9,Ishaan Kor,2026-07-28,01:54:33,-07:00,2026-07-27T18:54:33-07:00,1,30
meta/index.html,25,html,f189fd9,Ishaan Kor,2026-07-28,01:54:33,-07:00,2026-07-27T18:54:33-07:00,1,30
meta/index.html,26,html,f189fd9,Ishaan Kor,2026-07-28,01:54:33,-07:00,2026-07-27T18:54:33-07:00,1,30
meta/index.html,27,html,f189fd9,Ishaan Kor,2026-07-28,01:54:33,-07:00,2026-07-27T18:54:33-07:00,1,30
meta/index.html,28,html,f189fd9,Ishaan Kor,2026-07-28,01:54:33,-07:00,2026-07-27T18:54:33-07:00,1,30
meta/index.html,29,html,f189fd9,Ishaan Kor,2026-07-28,01:54:33,-07:00,2026-07-27T18:54:33-07:00,1,30
meta/index.html,30,html,f189fd9,Ishaan Kor,2026-07-28,01:54:33,-07:00,2026-07-27T18:54:33-07:00,1,30
meta/index.html,31,html,f189fd9,Ishaan Kor,2026-07-28,01:54:33,-07:00,2026-07-27T18:54:33-07:00,1,30
meta/index.html,32,html,f189fd9,Ishaan Kor,2026-07-28,01:54:33,-07:00,2026-07-27T18:54:33-07:00,1,30
meta/index.html,33,html,f189fd9,Ishaan Kor,2026-07-28,01:54:33,-07:00,2026-07-27T18:54:33-07:00,1,30
meta/index.html,34,html,f189fd9,Ishaan Kor,2026-07-28,01:54:33,-07:00,2026-07-27T18:54:33-07:00,1,30
meta/index.html,35,html,f189fd9,Ishaan Kor,2026-07-28,01:54:33,-07:00,2026-07-27T18:54:33-07:00,1,30
meta/index.html,36,html,f189fd9,Ishaan Kor,2026-07-28,01:54:33,-07:00,2026-07-27T18:54:33-07:00,1,30
meta/index.html,37,html,f189fd9,Ishaan Kor,2026-07-28,01:54:33,-07:00,2026-07-27T18:54:33-07:00,1,30
meta/index.html,38,html,f189fd9,Ishaan Kor,2026-07-28,01:54:33,-07:00,2026-07-27T18:54:33-07:00,1,30
meta/index.html,39,html,f189fd9,Ishaan Kor,2026-07-28,01:54:33,-07:00,2026-07-27T18:54:33-07:00,1,30
meta/index.html,40,html,f189fd9,Ishaan Kor,2026-07-28,01:54:33,-07:00,2026-07-27T18:54:33-07:00,1,30
meta/index.html,41,html,f189fd9,Ishaan Kor,2026-07-28,01:54:33,-07:00,2026-07-27T18:54:33-07:00,1,30
meta/index.html,42,html,f189fd9,Ishaan Kor,2026-07-28,01:54:33,-07:00,2026-07-27T18:54:33-07:00,1,30
meta/index.html,43,html,f189fd9,Ishaan Kor,2026-07-28,01:54:33,-07:00,2026-07-27T18:54:33-07:00,1,30
meta/index.html,44,html,f189fd9,Ishaan Kor,2026-07-28,01:54:33,-07:00,2026-07-27T18:54:33-07:00,1,30
meta/index.html,45,html,f189fd9,Ishaan Kor,2026-07-28,01:54:33,-07:00,2026-07-27T18:54:33-07:00,1,30
meta/index.html,46,html,f189fd9,Ishaan Kor,2026-07-28,01:54:33,-07:00,2026-07-27T18:54:33-07:00,1,30
meta/index.html,47,html,f189fd9,Ishaan Kor,2026-07-28,01:54:33,-07:00,2026-07-27T18:54:33-07:00,1,30
meta/index.html,48,html,f189fd9,Ishaan Kor,2026-07-28,01:54:33,-07:00,2026-07-27T18:54:33-07:00,1,30
meta/index.html,49,html,f189fd9,Ishaan Kor,2026-07-28,01:54:33,-07:00,2026-07-27T18:54:33-07:00,1,30
meta/index.html,50,html,f189fd9,Ishaan Kor,2026-07-28,01:54:33,-07:00,2026-07-27T18:54:33-07:00,1,30
meta/main.js,1,js,f189fd9,Ishaan Kor,2026-07-28,01:54:33,-07:00,2026-07-27T18:54:33-07:00,1,30
meta/main.js,2,js,f189fd9,Ishaan Kor,2026-07-28,01:54:33,-07:00,2026-07-27T18:54:33-07:00,1,30
meta/main.js,3,js,f189fd9,Ishaan Kor,2026-07-28,01:54:33,-07:00,2026-07-27T18:54:33-07:00,1,30
meta/main.js,4,js,f189fd9,Ishaan Kor,2026-07-28,01:54:33,-07:00,2026-07-27T18:54:33-07:00,1,30
meta/main.js,5,js,f189fd9,Ishaan Kor,2026-07-28,01:54:33,-07:00,2026-07-27T18:54:33-07:00,1,30
meta/main.js,6,js,f189fd9,Ishaan Kor,2026-07-28,01:54:33,-07:00,2026-07-27T18:54:33-07:00,1,30
meta/main.js,7,js,f189fd9,Ishaan Kor,2026-07-28,01:54:33,-07:00,2026-07-27T18:54:33-07:00,1,30
meta/main.js,8,js,f189fd9,Ishaan Kor,2026-07-28,01:54:33,-07:00,2026-07-27T18:54:33-07:00,1,30
meta/main.js,9,js,f189fd9,Ishaan Kor,2026-07-28,01:54:33,-07:00,2026-07-27T18:54:33-07:00,1,30
meta/main.js,10,js,f189fd9,Ishaan Kor,2026-07-28,01:54:33,-07:00,2026-07-27T18:54:33-07:00,1,30
meta/main.js,11,js,f189fd9,Ishaan Kor,2026-07-28,01:54:33,-07:00,2026-07-27T18:54:33-07:00,1,30
meta/main.js,12,js,f189fd9,Ishaan Kor,2026-07-28,01:54:33,-07:00,2026-07-27T18:54:33-07:00,1,30
meta/main.js,13,js,f189fd9,Ishaan Kor,2026-07-28,01:54:33,-07:00,2026-07-27T18:54:33-07:00,1,30
meta/main.js,14,js,f189fd9,Ishaan Kor,2026-07-28,01:54:33,-07:00,2026-07-27T18:54:33-07:00,1,30
meta/main.js,15,js,f189fd9,Ishaan Kor,2026-07-28,01:54:33,-07:00,2026-07-27T18:54:33-07:00,1,30
meta/main.js,16,js,f189fd9,Ishaan Kor,2026-07-28,01:54:33,-07:00,2026-07-27T18:54:33-07:00,1,30
meta/main.js,17,js,f189fd9,Ishaan Kor,2026-07-28,01:54:33,-07:00,2026-07-27T18:54:33-07:00,1,30
meta/main.js,18,js,f189fd9,Ishaan Kor,2026-07-28,01:54:33,-07:00,2026-07-27T18:54:33-07:00,1,30
meta/main.js,19,js,f189fd9,Ishaan Kor,2026-07-28,01:54:33,-07:00,2026-07-27T18:54:33-07:00,1,30
meta/main.js,20,js,f189fd9,Ishaan Kor,2026-07-28,01:54:33,-07:00,2026-07-27T18:54:33-07:00,1,30
meta/main.js,21,js,f189fd9,Ishaan Kor,2026-07-28,01:54:33,-07:00,2026-07-27T18:54:33-07:00,1,30
meta/main.js,22,js,f189fd9,Ishaan Kor,2026-07-28,01:54:33,-07:00,2026-07-27T18:54:33-07:00,1,30
meta/main.js,23,js,f189fd9,Ishaan Kor,2026-07-28,01:54:33,-07:00,2026-07-27T18:54:33-07:00,1,30
meta/main.js,24,js,f189fd9,Ishaan Kor,2026-07-28,01:54:33,-07:00,2026-07-27T18:54:33-07:00,1,30
meta/main.js,25,js,f189fd9,Ishaan Kor,2026-07-28,01:54:33,-07:00,2026-07-27T18:54:33-07:00,1,30
meta/main.js,26,js,f189fd9,Ishaan Kor,2026-07-28,01:54:33,-07:00,2026-07-27T18:54:33-07:00,1,30
meta/main.js,27,js,f189fd9,Ishaan Kor,2026-07-28,01:54:33,-07:00,2026-07-27T18:54:33-07:00,1,30
meta/main.js,28,js,f189fd9,Ishaan Kor,2026-07-28,01:54:33,-07:00,2026-07-27T18:54:33-07:00,1,30
meta/main.js,29,js,f189fd9,Ishaan Kor,2026-07-28,01:54:33,-07:00,2026-07-27T18:54:33-07:00,1,30
meta/main.js,30,js,f189fd9,Ishaan Kor,2026-07-28,01:54:33,-07:00,2026-07-27T18:54:33-07:00,1,30
meta/main.js,31,js,f189fd9,Ishaan Kor,2026-07-28,01:54:33,-07:00,2026-07-27T18:54:33-07:00,1,30
meta/main.js,32,js,f189fd9,Ishaan Kor,2026-07-28,01:54:33,-07:00,2026-07-27T18:54:33-07:00,1,30
meta/main.js,33,js,f189fd9,Ishaan Kor,2026-07-28,01:54:33,-07:00,2026-07-27T18:54:33-07:00,1,30
meta/main.js,34,js,f189fd9,Ishaan Kor,2026-07-28,01:54:33,-07:00,2026-07-27T18:54:33-07:00,1,30
meta/main.js,35,js,f189fd9,Ishaan Kor,2026-07-28,01:54:33,-07:00,2026-07-27T18:54:33-07:00,1,30
meta/main.js,36,js,f189fd9,Ishaan Kor,2026-07-28,01:54:33,-07:00,2026-07-27T18:54:33-07:00,1,30
meta/main.js,37,js,f189fd9,Ishaan Kor,2026-07-28,01:54:33,-07:00,2026-07-27T18:54:33-07:00,1,30
meta/main.js,38,js,f189fd9,Ishaan Kor,2026-07-28,01:54:33,-07:00,2026-07-27T18:54:33-07:00,1,30
meta/main.js,39,js,f189fd9,Ishaan Kor,2026-07-28,01:54:33,-07:00,2026-07-27T18:54:33-07:00,1,30
meta/main.js,40,js,f189fd9,Ishaan Kor,2026-07-28,01:54:33,-07:00,2026-07-27T18:54:33-07:00,1,30
meta/main.js,41,js,f189fd9,Ishaan Kor,2026-07-28,01:54:33,-07:00,2026-07-27T18:54:33-07:00,1,30
meta/main.js,42,js,f189fd9,Ishaan Kor,2026-07-28,01:54:33,-07:00,2026-07-27T18:54:33-07:00,1,30
meta/main.js,43,js,f189fd9,Ishaan Kor,2026-07-28,01:54:33,-07:00,2026-07-27T18:54:33-07:00,1,30
meta/main.js,44,js,f189fd9,Ishaan Kor,2026-07-28,01:54:33,-07:00,2026-07-27T18:54:33-07:00,1,30
meta/main.js,45,js,f189fd9,Ishaan Kor,2026-07-28,01:54:33,-07:00,2026-07-27T18:54:33-07:00,1,30
meta/main.js,46,js,f189fd9,Ishaan Kor,2026-07-28,01:54:33,-07:00,2026-07-27T18:54:33-07:00,1,30
meta/main.js,47,js,f189fd9,Ishaan Kor,2026-07-28,01:54:33,-07:00,2026-07-27T18:54:33-07:00,1,30
meta/main.js,48,js,f189fd9,Ishaan Kor,2026-07-28,01:54:33,-07:00,2026-07-27T18:54:33-07:00,1,30
meta/main.js,49,js,f189fd9,Ishaan Kor,2026-07-28,01:54:33,-07:00,2026-07-27T18:54:33-07:00,1,30
meta/main.js,50,js,f189fd9,Ishaan Kor,2026-07-28,01:54:33,-07:00,2026-07-27T18:54:33-07:00,1,30
next-env.d.ts,1,ts,f189fd9,Ishaan Kor,2026-07-28,01:54:33,-07:00,2026-07-27T18:54:33-07:00,0,30
next-env.d.ts,2,ts,f189fd9,Ishaan Kor,2026-07-28,01:54:33,-07:00,2026-07-27T18:54:33-07:00,0,30
next-env.d.ts,3,ts,f189fd9,Ishaan Kor,2026-07-28,01:54:33,-07:00,2026-07-27T18:54:33-07:00,0,30
next-env.d.ts,4,ts,f189fd9,Ishaan Kor,2026-07-28,01:54:33,-07:00,2026-07-27T18:54:33-07:00,0,30
next-env.d.ts,5,ts,f189fd9,Ishaan Kor,2026-07-28,01:54:33,-07:00,2026-07-27T18:54:33-07:00,0,30
next.config.mjs,1,mjs,f189fd9,Ishaan Kor,2026-07-28,01:54:33,-07:00,2026-07-27T18:54:33-07:00,0,30
next.config.mjs,2,mjs,f189fd9,Ishaan Kor,2026-07-28,01:54:33,-07:00,2026-07-27T18:54:33-07:00,0,30
next.config.mjs,3,mjs,f189fd9,Ishaan Kor,2026-07-28,01:54:33,-07:00,2026-07-27T18:54:33-07:00,0,30
next.config.mjs,4,mjs,f189fd9,Ishaan Kor,2026-07-28,01:54:33,-07:00,2026-07-27T18:54:33-07:00,0,30
next.config.mjs,5,mjs,f189fd9,Ishaan Kor,2026-07-28,01:54:33,-07:00,2026-07-27T18:54:33-07:00,0,30
next.config.mjs,6,mjs,f189fd9,Ishaan Kor,2026-07-28,01:54:33,-07:00,2026-07-27T18:54:33-07:00,0,30
next.config.mjs,7,mjs,f189fd9,Ishaan Kor,2026-07-28,01:54:33,-07:00,2026-07-27T18:54:33-07:00,0,30
next.config.mjs,8,mjs,f189fd9,Ishaan Kor,2026-07-28,01:54:33,-07:00,2026-07-27T18:54:33-07:00,0,30
next.config.mjs,9,mjs,f189fd9,Ishaan Kor,2026-07-28,01:54:33,-07:00,2026-07-27T18:54:33-07:00,0,30
next.config.mjs,10,mjs,f189fd9,Ishaan Kor,2026-07-28,01:54:33,-07:00,2026-07-27T18:54:33-07:00,0,30
next.config.mjs,11,mjs,f189fd9,Ishaan Kor,2026-07-28,01:54:33,-07:00,2026-07-27T18:54:33-07:00,0,30
next.config.mjs,12,mjs,f189fd9,Ishaan Kor,2026-07-28,01:54:33,-07:00,2026-07-27T18:54:33-07:00,0,30
next.config.mjs,13,mjs,f189fd9,Ishaan Kor,2026-07-28,01:54:33,-07:00,2026-07-27T18:54:33-07:00,0,30
next.config.mjs,14,mjs,f189fd9,Ishaan Kor,2026-07-28,01:54:33,-07:00,2026-07-27T18:54:33-07:00,0,30
next.config.mjs,15,mjs,f189fd9,Ishaan Kor,2026-07-28,01:54:33,-07:00,2026-07-27T18:54:33-07:00,0,30
next.config.mjs,16,mjs,f189fd9,Ishaan Kor,2026-07-28,01:54:33,-07:00,2026-07-27T18:54:33-07:00,0,30
next.config.mjs,17,mjs,f189fd9,Ishaan Kor,2026-07-28,01:54:33,-07:00,2026-07-27T18:54:33-07:00,0,30
package-lock.json,1,json,f189fd9,Ishaan Kor,2026-07-28,01:54:33,-07:00,2026-07-27T18:54:33-07:00,0,30
package-lock.json,2,json,f189fd9,Ishaan Kor,2026-07-28,01:54:33,-07:00,2026-07-27T18:54:33-07:00,0,30
package-lock.json,3,json,f189fd9,Ishaan Kor,2026-07-28,01:54:33,-07:00,2026-07-27T18:54:33-07:00,0,30
package-lock.json,4,json,f189fd9,Ishaan Kor,2026-07-28,01:54:33,-07:00,2026-07-27T18:54:33-07:00,0,30
package-lock.json,5,json,f189fd9,Ishaan Kor,2026-07-28,01:54:33,-07:00,2026-07-27T18:54:33-07:00,0,30
package-lock.json,6,json,f189fd9,Ishaan Kor,2026-07-28,01:54:33,-07:00,2026-07-27T18:54:33-07:00,0,30
package-lock.json,7,json,f189fd9,Ishaan Kor,2026-07-28,01:54:33,-07:00,2026-07-27T18:54:33-07:00,0,30
package-lock.json,8,json,f189fd9,Ishaan Kor,2026-07-28,01:54:33,-07:00,2026-07-27T18:54:33-07:00,0,30
package-lock.json,9,json,f189fd9,Ishaan Kor,2026-07-28,01:54:33,-07:00,2026-07-27T18:54:33-07:00,0,30
package-lock.json,10,json,f189fd9,Ishaan Kor,2026-07-28,01:54:33,-07:00,2026-07-27T18:54:33-07:00,0,30
package-lock.json,11,json,f189fd9,Ishaan Kor,2026-07-28,01:54:33,-07:00,2026-07-27T18:54:33-07:00,0,30
package-lock.json,12,json,f189fd9,Ishaan Kor,2026-07-28,01:54:33,-07:00,2026-07-27T18:54:33-07:00,0,30
package-lock.json,13,json,f189fd9,Ishaan Kor,2026-07-28,01:54:33,-07:00,2026-07-27T18:54:33-07:00,0,30
package-lock.json,14,json,f189fd9,Ishaan Kor,2026-07-28,01:54:33,-07:00,2026-07-27T18:54:33-07:00,0,30
package-lock.json,15,json,f189fd9,Ishaan Kor,2026-07-28,01:54:33,-07:00,2026-07-27T18:54:33-07:00,0,30
package-lock.json,16,json,f189fd9,Ishaan Kor,2026-07-28,01:54:33,-07:00,2026-07-27T18:54:33-07:00,0,30
package-lock.json,17,json,f189fd9,Ishaan Kor,2026-07-28,01:54:33,-07:00,2026-07-27T18:54:33-07:00,0,30
package-lock.json,18,json,f189fd9,Ishaan Kor,2026-07-28,01:54:33,-07:00,2026-07-27T18:54:33-07:00,0,30
package-lock.json,19,json,f189fd9,Ishaan Kor,2026-07-28,01:54:33,-07:00,2026-07-27T18:54:33-07:00,0,30
package-lock.json,20,json,f189fd9,Ishaan Kor,2026-07-28,01:54:33,-07:00,2026-07-27T18:54:33-07:00,0,30
package-lock.json,21,json,f189fd9,Ishaan Kor,2026-07-28,01:54:33,-07:00,2026-07-27T18:54:33-07:00,0,30
package-lock.json,22,json,f189fd9,Ishaan Kor,2026-07-28,01:54:33,-07:00,2026-07-27T18:54:33-07:00,0,30
package-lock.json,23,json,f189fd9,Ishaan Kor,2026-07-28,01:54:33,-07:00,2026-07-27T18:54:33-07:00,0,30
package-lock.json,24,json,f189fd9,Ishaan Kor,2026-07-28,01:54:33,-07:00,2026-07-27T18:54:33-07:00,0,30
package-lock.json,25,json,f189fd9,Ishaan Kor,2026-07-28,01:54:33,-07:00,2026-07-27T18:54:33-07:00,0,30
package-lock.json,26,json,f189fd9,Ishaan Kor,2026-07-28,01:54:33,-07:00,2026-07-27T18:54:33-07:00,0,30
package-lock.json,27,json,f189fd9,Ishaan Kor,2026-07-28,01:54:33,-07:00,2026-07-27T18:54:33-07:00,0,30
package-lock.json,28,json,f189fd9,Ishaan Kor,2026-07-28,01:54:33,-07:00,2026-07-27T18:54:33-07:00,0,30
package-lock.json,29,json,f189fd9,Ishaan Kor,2026-07-28,01:54:33,-07:00,2026-07-27T18:54:33-07:00,0,30
package-lock.json,30,json,f189fd9,Ishaan Kor,2026-07-28,01:54:33,-07:00,2026-07-27T18:54:33-07:00,0,30
package-lock.json,31,json,f189fd9,Ishaan Kor,2026-07-28,01:54:33,-07:00,2026-07-27T18:54:33-07:00,0,30
package-lock.json,32,json,f189fd9,Ishaan Kor,2026-07-28,01:54:33,-07:00,2026-07-27T18:54:33-07:00,0,30
package-lock.json,33,json,f189fd9,Ishaan Kor,2026-07-28,01:54:33,-07:00,2026-07-27T18:54:33-07:00,0,30
package-lock.json,34,json,f189fd9,Ishaan Kor,2026-07-28,01:54:33,-07:00,2026-07-27T18:54:33-07:00,0,30
package-lock.json,35,json,f189fd9,Ishaan Kor,2026-07-28,01:54:33,-07:00,2026-07-27T18:54:33-07:00,0,30
package-lock.json,36,json,f189fd9,Ishaan Kor,2026-07-28,01:54:33,-07:00,2026-07-27T18:54:33-07:00,0,30
package-lock.json,37,json,f189fd9,Ishaan Kor,2026-07-28,01:54:33,-07:00,2026-07-27T18:54:33-07:00,0,30
package-lock.json,38,json,f189fd9,Ishaan Kor,2026-07-28,01:54:33,-07:00,2026-07-27T18:54:33-07:00,0,30
package-lock.json,39,json,f189fd9,Ishaan Kor,2026-07-28,01:54:33,-07:00,2026-07-27T18:54:33-07:00,0,30
package-lock.json,40,json,f189fd9,Ishaan Kor,2026-07-28,01:54:33,-07:00,2026-07-27T18:54:33-07:00,0,30
package-lock.json,41,json,f189fd9,Ishaan Kor,2026-07-28,01:54:33,-07:00,2026-07-27T18:54:33-07:00,0,30
package-lock.json,42,json,f189fd9,Ishaan Kor,2026-07-28,01:54:33,-07:00,2026-07-27T18:54:33-07:00,0,30
package-lock.json,43,json,f189fd9,Ishaan Kor,2026-07-28,01:54:33,-07:00,2026-07-27T18:54:33-07:00,0,30
package-lock.json,44,json,f189fd9,Ishaan Kor,2026-07-28,01:54:33,-07:00,2026-07-27T18:54:33-07:00,0,30
package-lock.json,45,json,f189fd9,Ishaan Kor,2026-07-28,01:54:33,-07:00,2026-07-27T18:54:33-07:00,0,30
package-lock.json,46,json,f189fd9,Ishaan Kor,2026-07-28,01:54:33,-07:00,2026-07-27T18:54:33-07:00,0,30
package-lock.json,47,json,f189fd9,Ishaan Kor,2026-07-28,01:54:33,-07:00,2026-07-27T18:54:33-07:00,0,30
package-lock.json,48,json,f189fd9,Ishaan Kor,2026-07-28,01:54:33,-07:00,2026-07-27T18:54:33-07:00,0,30
package-lock.json,49,json,f189fd9,Ishaan Kor,2026-07-28,01:54:33,-07:00,2026-07-27T18:54:33-07:00,0,30
package-lock.json,50,json,f189fd9,Ishaan Kor,2026-07-28,01:54:33,-07:00,2026-07-27T18:54:33-07:00,0,30
package.json,1,json,f189fd9,Ishaan Kor,2026-07-28,01:54:33,-07:00,2026-07-27T18:54:33-07:00,0,30
package.json,2,json,f189fd9,Ishaan Kor,2026-07-28,01:54:33,-07:00,2026-07-27T18:54:33-07:00,0,30
package.json,3,json,f189fd9,Ishaan Kor,2026-07-28,01:54:33,-07:00,2026-07-27T18:54:33-07:00,0,30
package.json,4,json,f189fd9,Ishaan Kor,2026-07-28,01:54:33,-07:00,2026-07-27T18:54:33-07:00,0,30
package.json,5,json,f189fd9,Ishaan Kor,2026-07-28,01:54:33,-07:00,2026-07-27T18:54:33-07:00,0,30
package.json,6,json,f189fd9,Ishaan Kor,2026-07-28,01:54:33,-07:00,2026-07-27T18:54:33-07:00,0,30
package.json,7,json,f189fd9,Ishaan Kor,2026-07-28,01:54:33,-07:00,2026-07-27T18:54:33-07:00,0,30
package.json,8,json,f189fd9,Ishaan Kor,2026-07-28,01:54:33,-07:00,2026-07-27T18:54:33-07:00,0,30
package.json,9,json,f189fd9,Ishaan Kor,2026-07-28,01:54:33,-07:00,2026-07-27T18:54:33-07:00,0,30
package.json,10,json,f189fd9,Ishaan Kor,2026-07-28,01:54:33,-07:00,2026-07-27T18:54:33-07:00,0,30
package.json,11,json,f189fd9,Ishaan Kor,2026-07-28,01:54:33,-07:00,2026-07-27T18:54:33-07:00,0,30
package.json,12,json,f189fd9,Ishaan Kor,2026-07-28,01:54:33,-07:00,2026-07-27T18:54:33-07:00,0,30
package.json,13,json,f189fd9,Ishaan Kor,2026-07-28,01:54:33,-07:00,2026-07-27T18:54:33-07:00,0,30
package.json,14,json,f189fd9,Ishaan Kor,2026-07-28,01:54:33,-07:00,2026-07-27T18:54:33-07:00,0,30
package.json,15,json,f189fd9,Ishaan Kor,2026-07-28,01:54:33,-07:00,2026-07-27T18:54:33-07:00,0,30
package.json,16,json,f189fd9,Ishaan Kor,2026-07-28,01:54:33,-07:00,2026-07-27T18:54:33-07:00,0,30
package.json,17,json,f189fd9,Ishaan Kor,2026-07-28,01:54:33,-07:00,2026-07-27T18:54:33-07:00,0,30
package.json,18,json,f189fd9,Ishaan Kor,2026-07-28,01:54:33,-07:00,2026-07-27T18:54:33-07:00,0,30
package.json,19,json,f189fd9,Ishaan Kor,2026-07-28,01:54:33,-07:00,2026-07-27T18:54:33-07:00,0,30
package.json,20,json,f189fd9,Ishaan Kor,2026-07-28,01:54:33,-07:00,2026-07-27T18:54:33-07:00,0,30
package.json,21,json,f189fd9,Ishaan Kor,2026-07-28,01:54:33,-07:00,2026-07-27T18:54:33-07:00,0,30
package.json,22,json,f189fd9,Ishaan Kor,2026-07-28,01:54:33,-07:00,2026-07-27T18:54:33-07:00,0,30
package.json,23,json,f189fd9,Ishaan Kor,2026-07-28,01:54:33,-07:00,2026-07-27T18:54:33-07:00,0,30
package.json,24,json,f189fd9,Ishaan Kor,2026-07-28,01:54:33,-07:00,2026-07-27T18:54:33-07:00,0,30
package.json,25,json,f189fd9,Ishaan Kor,2026-07-28,01:54:33,-07:00,2026-07-27T18:54:33-07:00,0,30
package.json,26,json,f189fd9,Ishaan Kor,2026-07-28,01:54:33,-07:00,2026-07-27T18:54:33-07:00,0,30
package.json,27,json,f189fd9,Ishaan Kor,2026-07-28,01:54:33,-07:00,2026-07-27T18:54:33-07:00,0,30
package.json,28,json,f189fd9,Ishaan Kor,2026-07-28,01:54:33,-07:00,2026-07-27T18:54:33-07:00,0,30
package.json,29,json,f189fd9,Ishaan Kor,2026-07-28,01:54:33,-07:00,2026-07-27T18:54:33-07:00,0,30
package.json,30,json,f189fd9,Ishaan Kor,2026-07-28,01:54:33,-07:00,2026-07-27T18:54:33-07:00,0,30
package.json,31,json,f189fd9,Ishaan Kor,2026-07-28,01:54:33,-07:00,2026-07-27T18:54:33-07:00,0,30
package.json,32,json,f189fd9,Ishaan Kor,2026-07-28,01:54:33,-07:00,2026-07-27T18:54:33-07:00,0,30
package.json,33,json,f189fd9,Ishaan Kor,2026-07-28,01:54:33,-07:00,2026-07-27T18:54:33-07:00,0,30
package.json,34,json,f189fd9,Ishaan Kor,2026-07-28,01:54:33,-07:00,2026-07-27T18:54:33-07:00,0,30
package.json,35,json,f189fd9,Ishaan Kor,2026-07-28,01:54:33,-07:00,2026-07-27T18:54:33-07:00,0,30
postcss.config.js,1,js,f189fd9,Ishaan Kor,2026-07-28,01:54:33,-07:00,2026-07-27T18:54:33-07:00,0,30
postcss.config.js,2,js,f189fd9,Ishaan Kor,2026-07-28,01:54:33,-07:00,2026-07-27T18:54:33-07:00,0,30
postcss.config.js,3,js,f189fd9,Ishaan Kor,2026-07-28,01:54:33,-07:00,2026-07-27T18:54:33-07:00,0,30
postcss.config.js,4,js,f189fd9,Ishaan Kor,2026-07-28,01:54:33,-07:00,2026-07-27T18:54:33-07:00,0,30
postcss.config.js,5,js,f189fd9,Ishaan Kor,2026-07-28,01:54:33,-07:00,2026-07-27T18:54:33-07:00,0,30
postcss.config.js,6,js,f189fd9,Ishaan Kor,2026-07-28,01:54:33,-07:00,2026-07-27T18:54:33-07:00,0,30
projects/index.html,1,html,f189fd9,Ishaan Kor,2026-07-28,01:54:33,-07:00,2026-07-27T18:54:33-07:00,1,30
projects/index.html,2,html,f189fd9,Ishaan Kor,2026-07-28,01:54:33,-07:00,2026-07-27T18:54:33-07:00,1,30
projects/index.html,3,html,f189fd9,Ishaan Kor,2026-07-28,01:54:33,-07:00,2026-07-27T18:54:33-07:00,1,30
projects/index.html,4,html,f189fd9,Ishaan Kor,2026-07-28,01:54:33,-07:00,2026-07-27T18:54:33-07:00,1,30
projects/index.html,5,html,f189fd9,Ishaan Kor,2026-07-28,01:54:33,-07:00,2026-07-27T18:54:33-07:00,1,30
projects/index.html,6,html,f189fd9,Ishaan Kor,2026-07-28,01:54:33,-07:00,2026-07-27T18:54:33-07:00,1,30
projects/index.html,7,html,f189fd9,Ishaan Kor,2026-07-28,01:54:33,-07:00,2026-07-27T18:54:33-07:00,1,30
projects/index.html,8,html,f189fd9,Ishaan Kor,2026-07-28,01:54:33,-07:00,2026-07-27T18:54:33-07:00,1,30
projects/index.html,9,html,f189fd9,Ishaan Kor,2026-07-28,01:54:33,-07:00,2026-07-27T18:54:33-07:00,1,30
projects/index.html,10,html,f189fd9,Ishaan Kor,2026-07-28,01:54:33,-07:00,2026-07-27T18:54:33-07:00,1,30
projects/index.html,11,html,f189fd9,Ishaan Kor,2026-07-28,01:54:33,-07:00,2026-07-27T18:54:33-07:00,1,30
projects/index.html,12,html,f189fd9,Ishaan Kor,2026-07-28,01:54:33,-07:00,2026-07-27T18:54:33-07:00,1,30
projects/index.html,13,html,f189fd9,Ishaan Kor,2026-07-28,01:54:33,-07:00,2026-07-27T18:54:33-07:00,1,30
projects/index.html,14,html,f189fd9,Ishaan Kor,2026-07-28,01:54:33,-07:00,2026-07-27T18:54:33-07:00,1,30
projects/index.html,15,html,f189fd9,Ishaan Kor,2026-07-28,01:54:33,-07:00,2026-07-27T18:54:33-07:00,1,30
projects/index.html,16,html,f189fd9,Ishaan Kor,2026-07-28,01:54:33,-07:00,2026-07-27T18:54:33-07:00,1,30
projects/index.html,17,html,f189fd9,Ishaan Kor,2026-07-28,01:54:33,-07:00,2026-07-27T18:54:33-07:00,1,30
projects/index.html,18,html,f189fd9,Ishaan Kor,2026-07-28,01:54:33,-07:00,2026-07-27T18:54:33-07:00,1,30
projects/index.html,19,html,f189fd9,Ishaan Kor,2026-07-28,01:54:33,-07:00,2026-07-27T18:54:33-07:00,1,30
projects/index.html,20,html,f189fd9,Ishaan Kor,2026-07-28,01:54:33,-07:00,2026-07-27T18:54:33-07:00,1,30
projects/index.html,21,html,f189fd9,Ishaan Kor,2026-07-28,01:54:33,-07:00,2026-07-27T18:54:33-07:00,1,30
projects/index.html,22,html,f189fd9,Ishaan Kor,2026-07-28,01:54:33,-07:00,2026-07-27T18:54:33-07:00,1,30
projects/index.html,23,html,f189fd9,Ishaan Kor,2026-07-28,01:54:33,-07:00,2026-07-27T18:54:33-07:00,1,30
projects/index.html,24,html,f189fd9,Ishaan Kor,2026-07-28,01:54:33,-07:00,2026-07-27T18:54:33-07:00,1,30
projects/index.html,25,html,f189fd9,Ishaan Kor,2026-07-28,01:54:33,-07:00,2026-07-27T18:54:33-07:00,1,30
projects/index.html,26,html,f189fd9,Ishaan Kor,2026-07-28,01:54:33,-07:00,2026-07-27T18:54:33-07:00,1,30
projects/index.html,27,html,f189fd9,Ishaan Kor,2026-07-28,01:54:33,-07:00,2026-07-27T18:54:33-07:00,1,30
projects/index.html,28,html,f189fd9,Ishaan Kor,2026-07-28,01:54:33,-07:00,2026-07-27T18:54:33-07:00,1,30
projects/index.html,29,html,f189fd9,Ishaan Kor,2026-07-28,01:54:33,-07:00,2026-07-27T18:54:33-07:00,1,30
projects/index.html,30,html,f189fd9,Ishaan Kor,2026-07-28,01:54:33,-07:00,2026-07-27T18:54:33-07:00,1,30
projects/index.html,31,html,f189fd9,Ishaan Kor,2026-07-28,01:54:33,-07:00,2026-07-27T18:54:33-07:00,1,30
projects/index.html,32,html,f189fd9,Ishaan Kor,2026-07-28,01:54:33,-07:00,2026-07-27T18:54:33-07:00,1,30
projects/index.html,33,html,f189fd9,Ishaan Kor,2026-07-28,01:54:33,-07:00,2026-07-27T18:54:33-07:00,1,30
projects/index.html,34,html,f189fd9,Ishaan Kor,2026-07-28,01:54:33,-07:00,2026-07-27T18:54:33-07:00,1,30
projects/index.html,35,html,f189fd9,Ishaan Kor,2026-07-28,01:54:33,-07:00,2026-07-27T18:54:33-07:00,1,30
projects/index.html,36,html,f189fd9,Ishaan Kor,2026-07-28,01:54:33,-07:00,2026-07-27T18:54:33-07:00,1,30
projects/index.html,37,html,f189fd9,Ishaan Kor,2026-07-28,01:54:33,-07:00,2026-07-27T18:54:33-07:00,1,30
projects/index.html,38,html,f189fd9,Ishaan Kor,2026-07-28,01:54:33,-07:00,2026-07-27T18:54:33-07:00,1,30
projects/index.html,39,html,f189fd9,Ishaan Kor,2026-07-28,01:54:33,-07:00,2026-07-27T18:54:33-07:00,1,30
projects/index.html,40,html,f189fd9,Ishaan Kor,2026-07-28,01:54:33,-07:00,2026-07-27T18:54:33-07:00,1,30
projects/index.html,41,html,f189fd9,Ishaan Kor,2026-07-28,01:54:33,-07:00,2026-07-27T18:54:33-07:00,1,30
projects/index.html,42,html,f189fd9,Ishaan Kor,2026-07-28,01:54:33,-07:00,2026-07-27T18:54:33-07:00,1,30
projects/index.html,43,html,f189fd9,Ishaan Kor,2026-07-28,01:54:33,-07:00,2026-07-27T18:54:33-07:00,1,30
projects/index.html,44,html,f189fd9,Ishaan Kor,2026-07-28,01:54:33,-07:00,2026-07-27T18:54:33-07:00,1,30
projects/index.html,45,html,f189fd9,Ishaan Kor,2026-07-28,01:54:33,-07:00,2026-07-27T18:54:33-07:00,1,30
projects/projects.js,1,js,f189fd9,Ishaan Kor,2026-07-28,01:54:33,-07:00,2026-07-27T18:54:33-07:00,1,30
projects/projects.js,2,js,f189fd9,Ishaan Kor,2026-07-28,01:54:33,-07:00,2026-07-27T18:54:33-07:00,1,30
projects/projects.js,3,js,f189fd9,Ishaan Kor,2026-07-28,01:54:33,-07:00,2026-07-27T18:54:33-07:00,1,30
projects/projects.js,4,js,f189fd9,Ishaan Kor,2026-07-28,01:54:33,-07:00,2026-07-27T18:54:33-07:00,1,30
projects/projects.js,5,js,f189fd9,Ishaan Kor,2026-07-28,01:54:33,-07:00,2026-07-27T18:54:33-07:00,1,30
projects/projects.js,6,js,f189fd9,Ishaan Kor,2026-07-28,01:54:33,-07:00,2026-07-27T18:54:33-07:00,1,30
projects/projects.js,7,js,f189fd9,Ishaan Kor,2026-07-28,01:54:33,-07:00,2026-07-27T18:54:33-07:00,1,30
projects/projects.js,8,js,f189fd9,Ishaan Kor,2026-07-28,01:54:33,-07:00,2026-07-27T18:54:33-07:00,1,30
projects/projects.js,9,js,f189fd9,Ishaan Kor,2026-07-28,01:54:33,-07:00,2026-07-27T18:54:33-07:00,1,30
projects/projects.js,10,js,f189fd9,Ishaan Kor,2026-07-28,01:54:33,-07:00,2026-07-27T18:54:33-07:00,1,30
projects/projects.js,11,js,f189fd9,Ishaan Kor,2026-07-28,01:54:33,-07:00,2026-07-27T18:54:33-07:00,1,30
projects/projects.js,12,js,f189fd9,Ishaan Kor,2026-07-28,01:54:33,-07:00,2026-07-27T18:54:33-07:00,1,30
projects/projects.js,13,js,f189fd9,Ishaan Kor,2026-07-28,01:54:33,-07:00,2026-07-27T18:54:33-07:00,1,30
projects/projects.js,14,js,f189fd9,Ishaan Kor,2026-07-28,01:54:33,-07:00,2026-07-27T18:54:33-07:00,1,30
projects/projects.js,15,js,f189fd9,Ishaan Kor,2026-07-28,01:54:33,-07:00,2026-07-27T18:54:33-07:00,1,30
projects/projects.js,16,js,f189fd9,Ishaan Kor,2026-07-28,01:54:33,-07:00,2026-07-27T18:54:33-07:00,1,30
projects/projects.js,17,js,f189fd9,Ishaan Kor,2026-07-28,01:54:33,-07:00,2026-07-27T18:54:33-07:00,1,30
projects/projects.js,18,js,f189fd9,Ishaan Kor,2026-07-28,01:54:33,-07:00,2026-07-27T18:54:33-07:00,1,30
projects/projects.js,19,js,f189fd9,Ishaan Kor,2026-07-28,01:54:33,-07:00,2026-07-27T18:54:33-07:00,1,30
projects/projects.js,20,js,f189fd9,Ishaan Kor,2026-07-28,01:54:33,-07:00,2026-07-27T18:54:33-07:00,1,30
projects/projects.js,21,js,f189fd9,Ishaan Kor,2026-07-28,01:54:33,-07:00,2026-07-27T18:54:33-07:00,1,30
projects/projects.js,22,js,f189fd9,Ishaan Kor,2026-07-28,01:54:33,-07:00,2026-07-27T18:54:33-07:00,1,30
projects/projects.js,23,js,f189fd9,Ishaan Kor,2026-07-28,01:54:33,-07:00,2026-07-27T18:54:33-07:00,1,30
projects/projects.js,24,js,f189fd9,Ishaan Kor,2026-07-28,01:54:33,-07:00,2026-07-27T18:54:33-07:00,1,30
projects/projects.js,25,js,f189fd9,Ishaan Kor,2026-07-28,01:54:33,-07:00,2026-07-27T18:54:33-07:00,1,30
projects/projects.js,26,js,f189fd9,Ishaan Kor,2026-07-28,01:54:33,-07:00,2026-07-27T18:54:33-07:00,1,30
projects/projects.js,27,js,f189fd9,Ishaan Kor,2026-07-28,01:54:33,-07:00,2026-07-27T18:54:33-07:00,1,30
projects/projects.js,28,js,f189fd9,Ishaan Kor,2026-07-28,01:54:33,-07:00,2026-07-27T18:54:33-07:00,1,30
projects/projects.js,29,js,f189fd9,Ishaan Kor,2026-07-28,01:54:33,-07:00,2026-07-27T18:54:33-07:00,1,30
projects/projects.js,30,js,f189fd9,Ishaan Kor,2026-07-28,01:54:33,-07:00,2026-07-27T18:54:33-07:00,1,30
projects/projects.js,31,js,f189fd9,Ishaan Kor,2026-07-28,01:54:33,-07:00,2026-07-27T18:54:33-07:00,1,30
projects/projects.js,32,js,f189fd9,Ishaan Kor,2026-07-28,01:54:33,-07:00,2026-07-27T18:54:33-07:00,1,30
projects/projects.js,33,js,f189fd9,Ishaan Kor,2026-07-28,01:54:33,-07:00,2026-07-27T18:54:33-07:00,1,30
projects/projects.js,34,js,f189fd9,Ishaan Kor,2026-07-28,01:54:33,-07:00,2026-07-27T18:54:33-07:00,1,30
projects/projects.js,35,js,f189fd9,Ishaan Kor,2026-07-28,01:54:33,-07:00,2026-07-27T18:54:33-07:00,1,30
projects/projects.js,36,js,f189fd9,Ishaan Kor,2026-07-28,01:54:33,-07:00,2026-07-27T18:54:33-07:00,1,30
projects/projects.js,37,js,f189fd9,Ishaan Kor,2026-07-28,01:54:33,-07:00,2026-07-27T18:54:33-07:00,1,30
projects/projects.js,38,js,f189fd9,Ishaan Kor,2026-07-28,01:54:33,-07:00,2026-07-27T18:54:33-07:00,1,30
projects/projects.js,39,js,f189fd9,Ishaan Kor,2026-07-28,01:54:33,-07:00,2026-07-27T18:54:33-07:00,1,30
projects/projects.js,40,js,f189fd9,Ishaan Kor,2026-07-28,01:54:33,-07:00,2026-07-27T18:54:33-07:00,1,30
projects/projects.js,41,js,f189fd9,Ishaan Kor,2026-07-28,01:54:33,-07:00,2026-07-27T18:54:33-07:00,1,30
projects/projects.js,42,js,f189fd9,Ishaan Kor,2026-07-28,01:54:33,-07:00,2026-07-27T18:54:33-07:00,1,30
projects/projects.js,43,js,f189fd9,Ishaan Kor,2026-07-28,01:54:33,-07:00,2026-07-27T18:54:33-07:00,1,30
projects/projects.js,44,js,f189fd9,Ishaan Kor,2026-07-28,01:54:33,-07:00,2026-07-27T18:54:33-07:00,1,30
projects/projects.js,45,js,f189fd9,Ishaan Kor,2026-07-28,01:54:33,-07:00,2026-07-27T18:54:33-07:00,1,30
projects/projects.js,46,js,f189fd9,Ishaan Kor,2026-07-28,01:54:33,-07:00,2026-07-27T18:54:33-07:00,1,30
projects/projects.js,47,js,f189fd9,Ishaan Kor,2026-07-28,01:54:33,-07:00,2026-07-27T18:54:33-07:00,1,30
projects/projects.js,48,js,f189fd9,Ishaan Kor,2026-07-28,01:54:33,-07:00,2026-07-27T18:54:33-07:00,1,30
projects/projects.js,49,js,f189fd9,Ishaan Kor,2026-07-28,01:54:33,-07:00,2026-07-27T18:54:33-07:00,1,30
projects/projects.js,50,js,f189fd9,Ishaan Kor,2026-07-28,01:54:33,-07:00,2026-07-27T18:54:33-07:00,1,30
style.css,1,css,f189fd9,Ishaan Kor,2026-07-28,01:54:33,-07:00,2026-07-27T18:54:33-07:00,0,30
style.css,2,css,f189fd9,Ishaan Kor,2026-07-28,01:54:33,-07:00,2026-07-27T18:54:33-07:00,0,30
style.css,3,css,f189fd9,Ishaan Kor,2026-07-28,01:54:33,-07:00,2026-07-27T18:54:33-07:00,0,30
style.css,4,css,f189fd9,Ishaan Kor,2026-07-28,01:54:33,-07:00,2026-07-27T18:54:33-07:00,0,30
style.css,5,css,f189fd9,Ishaan Kor,2026-07-28,01:54:33,-07:00,2026-07-27T18:54:33-07:00,0,30
style.css,6,css,f189fd9,Ishaan Kor,2026-07-28,01:54:33,-07:00,2026-07-27T18:54:33-07:00,0,30
style.css,7,css,f189fd9,Ishaan Kor,2026-07-28,01:54:33,-07:00,2026-07-27T18:54:33-07:00,0,30
style.css,8,css,f189fd9,Ishaan Kor,2026-07-28,01:54:33,-07:00,2026-07-27T18:54:33-07:00,0,30
style.css,9,css,f189fd9,Ishaan Kor,2026-07-28,01:54:33,-07:00,2026-07-27T18:54:33-07:00,0,30
style.css,10,css,f189fd9,Ishaan Kor,2026-07-28,01:54:33,-07:00,2026-07-27T18:54:33-07:00,0,30
style.css,11,css,f189fd9,Ishaan Kor,2026-07-28,01:54:33,-07:00,2026-07-27T18:54:33-07:00,0,30
style.css,12,css,f189fd9,Ishaan Kor,2026-07-28,01:54:33,-07:00,2026-07-27T18:54:33-07:00,0,30
style.css,13,css,f189fd9,Ishaan Kor,2026-07-28,01:54:33,-07:00,2026-07-27T18:54:33-07:00,0,30
style.css,14,css,f189fd9,Ishaan Kor,2026-07-28,01:54:33,-07:00,2026-07-27T18:54:33-07:00,0,30
style.css,15,css,f189fd9,Ishaan Kor,2026-07-28,01:54:33,-07:00,2026-07-27T18:54:33-07:00,0,30
style.css,16,css,f189fd9,Ishaan Kor,2026-07-28,01:54:33,-07:00,2026-07-27T18:54:33-07:00,0,30
style.css,17,css,f189fd9,Ishaan Kor,2026-07-28,01:54:33,-07:00,2026-07-27T18:54:33-07:00,0,30
style.css,18,css,f189fd9,Ishaan Kor,2026-07-28,01:54:33,-07:00,2026-07-27T18:54:33-07:00,0,30
style.css,19,css,f189fd9,Ishaan Kor,2026-07-28,01:54:33,-07:00,2026-07-27T18:54:33-07:00,0,30
style.css,20,css,f189fd9,Ishaan Kor,2026-07-28,01:54:33,-07:00,2026-07-27T18:54:33-07:00,0,30
style.css,21,css,f189fd9,Ishaan Kor,2026-07-28,01:54:33,-07:00,2026-07-27T18:54:33-07:00,0,30
style.css,22,css,f189fd9,Ishaan Kor,2026-07-28,01:54:33,-07:00,2026-07-27T18:54:33-07:00,0,30
style.css,23,css,f189fd9,Ishaan Kor,2026-07-28,01:54:33,-07:00,2026-07-27T18:54:33-07:00,0,30
style.css,24,css,f189fd9,Ishaan Kor,2026-07-28,01:54:33,-07:00,2026-07-27T18:54:33-07:00,0,30
style.css,25,css,f189fd9,Ishaan Kor,2026-07-28,01:54:33,-07:00,2026-07-27T18:54:33-07:00,0,30
style.css,26,css,f189fd9,Ishaan Kor,2026-07-28,01:54:33,-07:00,2026-07-27T18:54:33-07:00,0,30
style.css,27,css,f189fd9,Ishaan Kor,2026-07-28,01:54:33,-07:00,2026-07-27T18:54:33-07:00,0,30
style.css,28,css,f189fd9,Ishaan Kor,2026-07-28,01:54:33,-07:00,2026-07-27T18:54:33-07:00,0,30
style.css,29,css,f189fd9,Ishaan Kor,2026-07-28,01:54:33,-07:00,2026-07-27T18:54:33-07:00,0,30
style.css,30,css,f189fd9,Ishaan Kor,2026-07-28,01:54:33,-07:00,2026-07-27T18:54:33-07:00,0,30
style.css,31,css,f189fd9,Ishaan Kor,2026-07-28,01:54:33,-07:00,2026-07-27T18:54:33-07:00,0,30
style.css,32,css,f189fd9,Ishaan Kor,2026-07-28,01:54:33,-07:00,2026-07-27T18:54:33-07:00,0,30
style.css,33,css,f189fd9,Ishaan Kor,2026-07-28,01:54:33,-07:00,2026-07-27T18:54:33-07:00,0,30
style.css,34,css,f189fd9,Ishaan Kor,2026-07-28,01:54:33,-07:00,2026-07-27T18:54:33-07:00,0,30
style.css,35,css,f189fd9,Ishaan Kor,2026-07-28,01:54:33,-07:00,2026-07-27T18:54:33-07:00,0,30
style.css,36,css,f189fd9,Ishaan Kor,2026-07-28,01:54:33,-07:00,2026-07-27T18:54:33-07:00,0,30
style.css,37,css,f189fd9,Ishaan Kor,2026-07-28,01:54:33,-07:00,2026-07-27T18:54:33-07:00,0,30
style.css,38,css,f189fd9,Ishaan Kor,2026-07-28,01:54:33,-07:00,2026-07-27T18:54:33-07:00,0,30
style.css,39,css,f189fd9,Ishaan Kor,2026-07-28,01:54:33,-07:00,2026-07-27T18:54:33-07:00,0,30
style.css,40,css,f189fd9,Ishaan Kor,2026-07-28,01:54:33,-07:00,2026-07-27T18:54:33-07:00,0,30
style.css,41,css,f189fd9,Ishaan Kor,2026-07-28,01:54:33,-07:00,2026-07-27T18:54:33-07:00,0,30
style.css,42,css,f189fd9,Ishaan Kor,2026-07-28,01:54:33,-07:00,2026-07-27T18:54:33-07:00,0,30
style.css,43,css,f189fd9,Ishaan Kor,2026-07-28,01:54:33,-07:00,2026-07-27T18:54:33-07:00,0,30
style.css,44,css,f189fd9,Ishaan Kor,2026-07-28,01:54:33,-07:00,2026-07-27T18:54:33-07:00,0,30
style.css,45,css,f189fd9,Ishaan Kor,2026-07-28,01:54:33,-07:00,2026-07-27T18:54:33-07:00,0,30
style.css,46,css,f189fd9,Ishaan Kor,2026-07-28,01:54:33,-07:00,2026-07-27T18:54:33-07:00,0,30
style.css,47,css,f189fd9,Ishaan Kor,2026-07-28,01:54:33,-07:00,2026-07-27T18:54:33-07:00,0,30
style.css,48,css,f189fd9,Ishaan Kor,2026-07-28,01:54:33,-07:00,2026-07-27T18:54:33-07:00,0,30
style.css,49,css,f189fd9,Ishaan Kor,2026-07-28,01:54:33,-07:00,2026-07-27T18:54:33-07:00,0,30
style.css,50,css,f189fd9,Ishaan Kor,2026-07-28,01:54:33,-07:00,2026-07-27T18:54:33-07:00,0,30
tailwind.config.ts,1,ts,f189fd9,Ishaan Kor,2026-07-28,01:54:33,-07:00,2026-07-27T18:54:33-07:00,0,30
tailwind.config.ts,2,ts,f189fd9,Ishaan Kor,2026-07-28,01:54:33,-07:00,2026-07-27T18:54:33-07:00,0,30
tailwind.config.ts,3,ts,f189fd9,Ishaan Kor,2026-07-28,01:54:33,-07:00,2026-07-27T18:54:33-07:00,0,30
tailwind.config.ts,4,ts,f189fd9,Ishaan Kor,2026-07-28,01:54:33,-07:00,2026-07-27T18:54:33-07:00,0,30
tailwind.config.ts,5,ts,f189fd9,Ishaan Kor,2026-07-28,01:54:33,-07:00,2026-07-27T18:54:33-07:00,0,30
tailwind.config.ts,6,ts,f189fd9,Ishaan Kor,2026-07-28,01:54:33,-07:00,2026-07-27T18:54:33-07:00,0,30
tailwind.config.ts,7,ts,f189fd9,Ishaan Kor,2026-07-28,01:54:33,-07:00,2026-07-27T18:54:33-07:00,0,30
tailwind.config.ts,8,ts,f189fd9,Ishaan Kor,2026-07-28,01:54:33,-07:00,2026-07-27T18:54:33-07:00,0,30
tailwind.config.ts,9,ts,f189fd9,Ishaan Kor,2026-07-28,01:54:33,-07:00,2026-07-27T18:54:33-07:00,0,30
tailwind.config.ts,10,ts,f189fd9,Ishaan Kor,2026-07-28,01:54:33,-07:00,2026-07-27T18:54:33-07:00,0,30
tailwind.config.ts,11,ts,f189fd9,Ishaan Kor,2026-07-28,01:54:33,-07:00,2026-07-27T18:54:33-07:00,0,30
tailwind.config.ts,12,ts,f189fd9,Ishaan Kor,2026-07-28,01:54:33,-07:00,2026-07-27T18:54:33-07:00,0,30
tailwind.config.ts,13,ts,f189fd9,Ishaan Kor,2026-07-28,01:54:33,-07:00,2026-07-27T18:54:33-07:00,0,30
tailwind.config.ts,14,ts,f189fd9,Ishaan Kor,2026-07-28,01:54:33,-07:00,2026-07-27T18:54:33-07:00,0,30
tailwind.config.ts,15,ts,f189fd9,Ishaan Kor,2026-07-28,01:54:33,-07:00,2026-07-27T18:54:33-07:00,0,30
tailwind.config.ts,16,ts,f189fd9,Ishaan Kor,2026-07-28,01:54:33,-07:00,2026-07-27T18:54:33-07:00,0,30
tailwind.config.ts,17,ts,f189fd9,Ishaan Kor,2026-07-28,01:54:33,-07:00,2026-07-27T18:54:33-07:00,0,30
tailwind.config.ts,18,ts,f189fd9,Ishaan Kor,2026-07-28,01:54:33,-07:00,2026-07-27T18:54:33-07:00,0,30
tailwind.config.ts,19,ts,f189fd9,Ishaan Kor,2026-07-28,01:54:33,-07:00,2026-07-27T18:54:33-07:00,0,30
tailwind.config.ts,20,ts,f189fd9,Ishaan Kor,2026-07-28,01:54:33,-07:00,2026-07-27T18:54:33-07:00,0,30
tailwind.config.ts,21,ts,f189fd9,Ishaan Kor,2026-07-28,01:54:33,-07:00,2026-07-27T18:54:33-07:00,0,30
tailwind.config.ts,22,ts,f189fd9,Ishaan Kor,2026-07-28,01:54:33,-07:00,2026-07-27T18:54:33-07:00,0,30
tailwind.config.ts,23,ts,f189fd9,Ishaan Kor,2026-07-28,01:54:33,-07:00,2026-07-27T18:54:33-07:00,0,30
tailwind.config.ts,24,ts,f189fd9,Ishaan Kor,2026-07-28,01:54:33,-07:00,2026-07-27T18:54:33-07:00,0,30
tailwind.config.ts,25,ts,f189fd9,Ishaan Kor,2026-07-28,01:54:33,-07:00,2026-07-27T18:54:33-07:00,0,30
tailwind.config.ts,26,ts,f189fd9,Ishaan Kor,2026-07-28,01:54:33,-07:00,2026-07-27T18:54:33-07:00,0,30
tailwind.config.ts,27,ts,f189fd9,Ishaan Kor,2026-07-28,01:54:33,-07:00,2026-07-27T18:54:33-07:00,0,30
tailwind.config.ts,28,ts,f189fd9,Ishaan Kor,2026-07-28,01:54:33,-07:00,2026-07-27T18:54:33-07:00,0,30
tailwind.config.ts,29,ts,f189fd9,Ishaan Kor,2026-07-28,01:54:33,-07:00,2026-07-27T18:54:33-07:00,0,30
tailwind.config.ts,30,ts,f189fd9,Ishaan Kor,2026-07-28,01:54:33,-07:00,2026-07-27T18:54:33-07:00,0,30
tailwind.config.ts,31,ts,f189fd9,Ishaan Kor,2026-07-28,01:54:33,-07:00,2026-07-27T18:54:33-07:00,0,30
tailwind.config.ts,32,ts,f189fd9,Ishaan Kor,2026-07-28,01:54:33,-07:00,2026-07-27T18:54:33-07:00,0,30
tailwind.config.ts,33,ts,f189fd9,Ishaan Kor,2026-07-28,01:54:33,-07:00,2026-07-27T18:54:33-07:00,0,30
tailwind.config.ts,34,ts,f189fd9,Ishaan Kor,2026-07-28,01:54:33,-07:00,2026-07-27T18:54:33-07:00,0,30
tailwind.config.ts,35,ts,f189fd9,Ishaan Kor,2026-07-28,01:54:33,-07:00,2026-07-27T18:54:33-07:00,0,30
tailwind.config.ts,36,ts,f189fd9,Ishaan Kor,2026-07-28,01:54:33,-07:00,2026-07-27T18:54:33-07:00,0,30
tailwind.config.ts,37,ts,f189fd9,Ishaan Kor,2026-07-28,01:54:33,-07:00,2026-07-27T18:54:33-07:00,0,30
tailwind.config.ts,38,ts,f189fd9,Ishaan Kor,2026-07-28,01:54:33,-07:00,2026-07-27T18:54:33-07:00,0,30
tailwind.config.ts,39,ts,f189fd9,Ishaan Kor,2026-07-28,01:54:33,-07:00,2026-07-27T18:54:33-07:00,0,30
tailwind.config.ts,40,ts,f189fd9,Ishaan Kor,2026-07-28,01:54:33,-07:00,2026-07-27T18:54:33-07:00,0,30
tailwind.config.ts,41,ts,f189fd9,Ishaan Kor,2026-07-28,01:54:33,-07:00,2026-07-27T18:54:33-07:00,0,30
tailwind.config.ts,42,ts,f189fd9,Ishaan Kor,2026-07-28,01:54:33,-07:00,2026-07-27T18:54:33-07:00,0,30
tailwind.config.ts,43,ts,f189fd9,Ishaan Kor,2026-07-28,01:54:33,-07:00,2026-07-27T18:54:33-07:00,0,30
tailwind.config.ts,44,ts,f189fd9,Ishaan Kor,2026-07-28,01:54:33,-07:00,2026-07-27T18:54:33-07:00,0,30
tailwind.config.ts,45,ts,f189fd9,Ishaan Kor,2026-07-28,01:54:33,-07:00,2026-07-27T18:54:33-07:00,0,30
tailwind.config.ts,46,ts,f189fd9,Ishaan Kor,2026-07-28,01:54:33,-07:00,2026-07-27T18:54:33-07:00,0,30
tailwind.config.ts,47,ts,f189fd9,Ishaan Kor,2026-07-28,01:54:33,-07:00,2026-07-27T18:54:33-07:00,0,30
tailwind.config.ts,48,ts,f189fd9,Ishaan Kor,2026-07-28,01:54:33,-07:00,2026-07-27T18:54:33-07:00,0,30
tsconfig.json,1,json,f189fd9,Ishaan Kor,2026-07-28,01:54:33,-07:00,2026-07-27T18:54:33-07:00,0,30
tsconfig.json,2,json,f189fd9,Ishaan Kor,2026-07-28,01:54:33,-07:00,2026-07-27T18:54:33-07:00,0,30
tsconfig.json,3,json,f189fd9,Ishaan Kor,2026-07-28,01:54:33,-07:00,2026-07-27T18:54:33-07:00,0,30
tsconfig.json,4,json,f189fd9,Ishaan Kor,2026-07-28,01:54:33,-07:00,2026-07-27T18:54:33-07:00,0,30
tsconfig.json,5,json,f189fd9,Ishaan Kor,2026-07-28,01:54:33,-07:00,2026-07-27T18:54:33-07:00,0,30
tsconfig.json,6,json,f189fd9,Ishaan Kor,2026-07-28,01:54:33,-07:00,2026-07-27T18:54:33-07:00,0,30
tsconfig.json,7,json,f189fd9,Ishaan Kor,2026-07-28,01:54:33,-07:00,2026-07-27T18:54:33-07:00,0,30
tsconfig.json,8,json,f189fd9,Ishaan Kor,2026-07-28,01:54:33,-07:00,2026-07-27T18:54:33-07:00,0,30
tsconfig.json,9,json,f189fd9,Ishaan Kor,2026-07-28,01:54:33,-07:00,2026-07-27T18:54:33-07:00,0,30
tsconfig.json,10,json,f189fd9,Ishaan Kor,2026-07-28,01:54:33,-07:00,2026-07-27T18:54:33-07:00,0,30
tsconfig.json,11,json,f189fd9,Ishaan Kor,2026-07-28,01:54:33,-07:00,2026-07-27T18:54:33-07:00,0,30
tsconfig.json,12,json,f189fd9,Ishaan Kor,2026-07-28,01:54:33,-07:00,2026-07-27T18:54:33-07:00,0,30
tsconfig.json,13,json,f189fd9,Ishaan Kor,2026-07-28,01:54:33,-07:00,2026-07-27T18:54:33-07:00,0,30
tsconfig.json,14,json,f189fd9,Ishaan Kor,2026-07-28,01:54:33,-07:00,2026-07-27T18:54:33-07:00,0,30
tsconfig.json,15,json,f189fd9,Ishaan Kor,2026-07-28,01:54:33,-07:00,2026-07-27T18:54:33-07:00,0,30
tsconfig.json,16,json,f189fd9,Ishaan Kor,2026-07-28,01:54:33,-07:00,2026-07-27T18:54:33-07:00,0,30
tsconfig.json,17,json,f189fd9,Ishaan Kor,2026-07-28,01:54:33,-07:00,2026-07-27T18:54:33-07:00,0,30
tsconfig.json,18,json,f189fd9,Ishaan Kor,2026-07-28,01:54:33,-07:00,2026-07-27T18:54:33-07:00,0,30
tsconfig.json,19,json,f189fd9,Ishaan Kor,2026-07-28,01:54:33,-07:00,2026-07-27T18:54:33-07:00,0,30
tsconfig.json,20,json,f189fd9,Ishaan Kor,2026-07-28,01:54:33,-07:00,2026-07-27T18:54:33-07:00,0,30
tsconfig.json,21,json,f189fd9,Ishaan Kor,2026-07-28,01:54:33,-07:00,2026-07-27T18:54:33-07:00,0,30
tsconfig.json,22,json,f189fd9,Ishaan Kor,2026-07-28,01:54:33,-07:00,2026-07-27T18:54:33-07:00,0,30
tsconfig.json,23,json,f189fd9,Ishaan Kor,2026-07-28,01:54:33,-07:00,2026-07-27T18:54:33-07:00,0,30
tsconfig.json,24,json,f189fd9,Ishaan Kor,2026-07-28,01:54:33,-07:00,2026-07-27T18:54:33-07:00,0,30
tsconfig.json,25,json,f189fd9,Ishaan Kor,2026-07-28,01:54:33,-07:00,2026-07-27T18:54:33-07:00,0,30
tsconfig.json,26,json,f189fd9,Ishaan Kor,2026-07-28,01:54:33,-07:00,2026-07-27T18:54:33-07:00,0,30
tsconfig.json,27,json,f189fd9,Ishaan Kor,2026-07-28,01:54:33,-07:00,2026-07-27T18:54:33-07:00,0,30
meta/loc.csv,1,csv,2d73fcc,GitHub Action,2025-03-08,01:23:15,23:15Z,2025-03-08T01:23:15Z,1,30
meta/loc.csv,2,csv,2d73fcc,GitHub Action,2025-03-08,01:23:15,23:15Z,2025-03-08T01:23:15Z,1,30
meta/loc.csv,3,csv,2d73fcc,GitHub Action,2025-03-08,01:23:15,23:15Z,2025-03-08T01:23:15Z,1,30
meta/loc.csv,4,csv,2d73fcc,GitHub Action,2025-03-08,01:23:15,23:15Z,2025-03-08T01:23:15Z,1,30
meta/loc.csv,5,csv,2d73fcc,GitHub Action,2025-03-08,01:23:15,23:15Z,2025-03-08T01:23:15Z,1,30
meta/loc.csv,6,csv,2d73fcc,GitHub Action,2025-03-08,01:23:15,23:15Z,2025-03-08T01:23:15Z,1,30
meta/loc.csv,7,csv,2d73fcc,GitHub Action,2025-03-08,01:23:15,23:15Z,2025-03-08T01:23:15Z,1,30
meta/loc.csv,8,csv,2d73fcc,GitHub Action,2025-03-08,01:23:15,23:15Z,2025-03-08T01:23:15Z,1,30
meta/loc.csv,9,csv,2d73fcc,GitHub Action,2025-03-08,01:23:15,23:15Z,2025-03-08T01:23:15Z,1,30
meta/loc.csv,10,csv,2d73fcc,GitHub Action,2025-03-08,01:23:15,23:15Z,2025-03-08T01:23:15Z,1,30
meta/loc.csv,11,csv,2d73fcc,GitHub Action,2025-03-08,01:23:15,23:15Z,2025-03-08T01:23:15Z,1,30
meta/loc.csv,12,csv,2d73fcc,GitHub Action,2025-03-08,01:23:15,23:15Z,2025-03-08T01:23:15Z,1,30
meta/loc.csv,13,csv,2d73fcc,GitHub Action,2025-03-08,01:23:15,23:15Z,2025-03-08T01:23:15Z,1,30
meta/loc.csv,14,csv,2d73fcc,GitHub Action,2025-03-08,01:23:15,23:15Z,2025-03-08T01:23:15Z,1,30
meta/loc.csv,15,csv,2d73fcc,GitHub Action,2025-03-08,01:23:15,23:15Z,2025-03-08T01:23:15Z,1,30
meta/loc.csv,16,csv,2d73fcc,GitHub Action,2025-03-08,01:23:15,23:15Z,2025-03-08T01:23:15Z,1,30
meta/loc.csv,17,csv,2d73fcc,GitHub Action,2025-03-08,01:23:15,23:15Z,2025-03-08T01:23:15Z,1,30
meta/loc.csv,18,csv,2d73fcc,GitHub Action,2025-03-08,01:23:15,23:15Z,2025-03-08T01:23:15Z,1,30
meta/loc.csv,19,csv,2d73fcc,GitHub Action,2025-03-08,01:23:15,23:15Z,2025-03-08T01:23:15Z,1,30
meta/loc.csv,20,csv,2d73fcc,GitHub Action,2025-03-08,01:23:15,23:15Z,2025-03-08T01:23:15Z,1,30
meta/loc.csv,21,csv,2d73fcc,GitHub Action,2025-03-08,01:23:15,23:15Z,2025-03-08T01:23:15Z,1,30
meta/loc.csv,22,csv,2d73fcc,GitHub Action,2025-03-08,01:23:15,23:15Z,2025-03-08T01:23:15Z,1,30
meta/loc.csv,23,csv,2d73fcc,GitHub Action,2025-03-08,01:23:15,23:15Z,2025-03-08T01:23:15Z,1,30
meta/loc.csv,24,csv,2d73fcc,GitHub Action,2025-03-08,01:23:15,23:15Z,2025-03-08T01:23:15Z,1,30
meta/loc.csv,25,csv,2d73fcc,GitHub Action,2025-03-08,01:23:15,23:15Z,2025-03-08T01:23:15Z,1,30
meta/loc.csv,26,csv,2d73fcc,GitHub Action,2025-03-08,01:23:15,23:15Z,2025-03-08T01:23:15Z,1,30
meta/loc.csv,27,csv,2d73fcc,GitHub Action,2025-03-08,01:23:15,23:15Z,2025-03-08T01:23:15Z,1,30
meta/loc.csv,28,csv,2d73fcc,GitHub Action,2025-03-08,01:23:15,23:15Z,2025-03-08T01:23:15Z,1,30
meta/loc.csv,29,csv,2d73fcc,GitHub Action,2025-03-08,01:23:15,23:15Z,2025-03-08T01:23:15Z,1,30
meta/loc.csv,30,csv,2d73fcc,GitHub Action,2025-03-08,01:23:15,23:15Z,2025-03-08T01:23:15Z,1,30
meta/loc.csv,31,csv,2d73fcc,GitHub Action,2025-03-08,01:23:15,23:15Z,2025-03-08T01:23:15Z,1,30
meta/loc.csv,32,csv,2d73fcc,GitHub Action,2025-03-08,01:23:15,23:15Z,2025-03-08T01:23:15Z,1,30
meta/loc.csv,33,csv,2d73fcc,GitHub Action,2025-03-08,01:23:15,23:15Z,2025-03-08T01:23:15Z,1,30
meta/loc.csv,34,csv,2d73fcc,GitHub Action,2025-03-08,01:23:15,23:15Z,2025-03-08T01:23:15Z,1,30
meta/loc.csv,35,csv,2d73fcc,GitHub Action,2025-03-08,01:23:15,23:15Z,2025-03-08T01:23:15Z,1,30
meta/loc.csv,36,csv,2d73fcc,GitHub Action,2025-03-08,01:23:15,23:15Z,2025-03-08T01:23:15Z,1,30
meta/loc.csv,37,csv,2d73fcc,GitHub Action,2025-03-08,01:23:15,23:15Z,2025-03-08T01:23:15Z,1,30
meta/loc.csv,38,csv,2d73fcc,GitHub Action,2025-03-08,01:23:15,23:15Z,2025-03-08T01:23:15Z,1,30
meta/loc.csv,39,csv,2d73fcc,GitHub Action,2025-03-08,01:23:15,23:15Z,2025-03-08T01:23:15Z,1,30
meta/loc.csv,40,csv,2d73fcc,GitHub Action,2025-03-08,01:23:15,23:15Z,2025-03-08T01:23:15Z,1,30
meta/loc.csv,41,csv,2d73fcc,GitHub Action,2025-03-08,01:23:15,23:15Z,2025-03-08T01:23:15Z,1,30
meta/loc.csv,42,csv,2d73fcc,GitHub Action,2025-03-08,01:23:15,23:15Z,2025-03-08T01:23:15Z,1,30
meta/loc.csv,43,csv,2d73fcc,GitHub Action,2025-03-08,01:23:15,23:15Z,2025-03-08T01:23:15Z,1,30
meta/loc.csv,44,csv,2d73fcc,GitHub Action,2025-03-08,01:23:15,23:15Z,2025-03-08T01:23:15Z,1,30
meta/loc.csv,45,csv,2d73fcc,GitHub Action,2025-03-08,01:23:15,23:15Z,2025-03-08T01:23:15Z,1,30
meta/loc.csv,46,csv,2d73fcc,GitHub Action,2025-03-08,01:23:15,23:15Z,2025-03-08T01:23:15Z,1,30
meta/loc.csv,47,csv,2d73fcc,GitHub Action,2025-03-08,01:23:15,23:15Z,2025-03-08T01:23:15Z,1,30
meta/loc.csv,48,csv,2d73fcc,GitHub Action,2025-03-08,01:23:15,23:15Z,2025-03-08T01:23:15Z,1,30
meta/loc.csv,49,csv,2d73fcc,GitHub Action,2025-03-08,01:23:15,23:15Z,2025-03-08T01:23:15Z,1,30
meta/loc.csv,50,csv,2d73fcc,GitHub Action,2025-03-08,01:23:15,23:15Z,2025-03-08T01:23:15Z,1,30
style.css,1,css,3bcd727,Ishaan Kor,2025-03-08,01:22:20,-08:00,2025-03-07T17:22:20-08:00,0,30
style.css,2,css,3bcd727,Ishaan Kor,2025-03-08,01:22:20,-08:00,2025-03-07T17:22:20-08:00,0,30
style.css,3,css,3bcd727,Ishaan Kor,2025-03-08,01:22:20,-08:00,2025-03-07T17:22:20-08:00,0,30
style.css,4,css,3bcd727,Ishaan Kor,2025-03-08,01:22:20,-08:00,2025-03-07T17:22:20-08:00,0,30
style.css,5,css,3bcd727,Ishaan Kor,2025-03-08,01:22:20,-08:00,2025-03-07T17:22:20-08:00,0,30
style.css,6,css,3bcd727,Ishaan Kor,2025-03-08,01:22:20,-08:00,2025-03-07T17:22:20-08:00,0,30
style.css,7,css,3bcd727,Ishaan Kor,2025-03-08,01:22:20,-08:00,2025-03-07T17:22:20-08:00,0,30
style.css,8,css,3bcd727,Ishaan Kor,2025-03-08,01:22:20,-08:00,2025-03-07T17:22:20-08:00,0,30
style.css,9,css,3bcd727,Ishaan Kor,2025-03-08,01:22:20,-08:00,2025-03-07T17:22:20-08:00,0,30
style.css,10,css,3bcd727,Ishaan Kor,2025-03-08,01:22:20,-08:00,2025-03-07T17:22:20-08:00,0,30
style.css,11,css,3bcd727,Ishaan Kor,2025-03-08,01:22:20,-08:00,2025-03-07T17:22:20-08:00,0,30
style.css,12,css,3bcd727,Ishaan Kor,2025-03-08,01:22:20,-08:00,2025-03-07T17:22:20-08:00,0,30
meta/loc.csv,1,csv,827e343,GitHub Action,2025-03-08,01:10:12,10:12Z,2025-03-08T01:10:12Z,1,30
meta/loc.csv,2,csv,827e343,GitHub Action,2025-03-08,01:10:12,10:12Z,2025-03-08T01:10:12Z,1,30
meta/loc.csv,3,csv,827e343,GitHub Action,2025-03-08,01:10:12,10:12Z,2025-03-08T01:10:12Z,1,30
meta/loc.csv,4,csv,827e343,GitHub Action,2025-03-08,01:10:12,10:12Z,2025-03-08T01:10:12Z,1,30
meta/loc.csv,5,csv,827e343,GitHub Action,2025-03-08,01:10:12,10:12Z,2025-03-08T01:10:12Z,1,30
meta/loc.csv,6,csv,827e343,GitHub Action,2025-03-08,01:10:12,10:12Z,2025-03-08T01:10:12Z,1,30
meta/loc.csv,7,csv,827e343,GitHub Action,2025-03-08,01:10:12,10:12Z,2025-03-08T01:10:12Z,1,30
meta/loc.csv,8,csv,827e343,GitHub Action,2025-03-08,01:10:12,10:12Z,2025-03-08T01:10:12Z,1,30
meta/loc.csv,9,csv,827e343,GitHub Action,2025-03-08,01:10:12,10:12Z,2025-03-08T01:10:12Z,1,30
meta/loc.csv,10,csv,827e343,GitHub Action,2025-03-08,01:10:12,10:12Z,2025-03-08T01:10:12Z,1,30
meta/loc.csv,11,csv,827e343,GitHub Action,2025-03-08,01:10:12,10:12Z,2025-03-08T01:10:12Z,1,30
meta/loc.csv,12,csv,827e343,GitHub Action,2025-03-08,01:10:12,10:12Z,2025-03-08T01:10:12Z,1,30
meta/loc.csv,13,csv,827e343,GitHub Action,2025-03-08,01:10:12,10:12Z,2025-03-08T01:10:12Z,1,30
meta/loc.csv,14,csv,827e343,GitHub Action,2025-03-08,01:10:12,10:12Z,2025-03-08T01:10:12Z,1,30
meta/loc.csv,15,csv,827e343,GitHub Action,2025-03-08,01:10:12,10:12Z,2025-03-08T01:10:12Z,1,30
meta/loc.csv,16,csv,827e343,GitHub Action,2025-03-08,01:10:12,10:12Z,2025-03-08T01:10:12Z,1,30
meta/loc.csv,17,csv,827e343,GitHub Action,2025-03-08,01:10:12,10:12Z,2025-03-08T01:10:12Z,1,30
meta/loc.csv,18,csv,827e343,GitHub Action,2025-03-08,01:10:12,10:12Z,2025-03-08T01:10:12Z,1,30
meta/loc.csv,19,csv,827e343,GitHub Action,2025-03-08,01:10:12,10:12Z,2025-03-08T01:10:12Z,1,30
meta/loc.csv,20,csv,827e343,GitHub Action,2025-03-08,01:10:12,10:12Z,2025-03-08T01:10:12Z,1,30
meta/loc.csv,21,csv,827e343,GitHub Action,2025-03-08,01:10:12,10:12Z,2025-03-08T01:10:12Z,1,30
meta/loc.csv,22,csv,827e343,GitHub Action,2025-03-08,01:10:12,10:12Z,2025-03-08T01:10:12Z,1,30
meta/loc.csv,23,csv,827e343,GitHub Action,2025-03-08,01:10:12,10:12Z,2025-03-08T01:10:12Z,1,30
meta/loc.csv,24,csv,827e343,GitHub Action,2025-03-08,01:10:12,10:12Z,2025-03-08T01:10:12Z,1,30
meta/loc.csv,25,csv,827e343,GitHub Action,2025-03-08,01:10:12,10:12Z,2025-03-08T01:10:12Z,1,30
meta/loc.csv,26,csv,827e343,GitHub Action,2025-03-08,01:10:12,10:12Z,2025-03-08T01:10:12Z,1,30
meta/loc.csv,27,csv,827e343,GitHub Action,2025-03-08,01:10:12,10:12Z,2025-03-08T01:10:12Z,1,30
meta/loc.csv,28,csv,827e343,GitHub Action,2025-03-08,01:10:12,10:12Z,2025-03-08T01:10:12Z,1,30
meta/loc.csv,29,csv,827e343,GitHub Action,2025-03-08,01:10:12,10:12Z,2025-03-08T01:10:12Z,1,30
meta/loc.csv,30,csv,827e343,GitHub Action,2025-03-08,01:10:12,10:12Z,2025-03-08T01:10:12Z,1,30
meta/loc.csv,31,csv,827e343,GitHub Action,2025-03-08,01:10:12,10:12Z,2025-03-08T01:10:12Z,1,30
meta/loc.csv,32,csv,827e343,GitHub Action,2025-03-08,01:10:12,10:12Z,2025-03-08T01:10:12Z,1,30
meta/loc.csv,33,csv,827e343,GitHub Action,2025-03-08,01:10:12,10:12Z,2025-03-08T01:10:12Z,1,30
meta/loc.csv,34,csv,827e343,GitHub Action,2025-03-08,01:10:12,10:12Z,2025-03-08T01:10:12Z,1,30
meta/loc.csv,35,csv,827e343,GitHub Action,2025-03-08,01:10:12,10:12Z,2025-03-08T01:10:12Z,1,30
meta/loc.csv,36,csv,827e343,GitHub Action,2025-03-08,01:10:12,10:12Z,2025-03-08T01:10:12Z,1,30
meta/loc.csv,37,csv,827e343,GitHub Action,2025-03-08,01:10:12,10:12Z,2025-03-08T01:10:12Z,1,30
meta/loc.csv,38,csv,827e343,GitHub Action,2025-03-08,01:10:12,10:12Z,2025-03-08T01:10:12Z,1,30
meta/loc.csv,39,csv,827e343,GitHub Action,2025-03-08,01:10:12,10:12Z,2025-03-08T01:10:12Z,1,30
meta/loc.csv,40,csv,827e343,GitHub Action,2025-03-08,01:10:12,10:12Z,2025-03-08T01:10:12Z,1,30
meta/loc.csv,41,csv,827e343,GitHub Action,2025-03-08,01:10:12,10:12Z,2025-03-08T01:10:12Z,1,30
meta/loc.csv,42,csv,827e343,GitHub Action,2025-03-08,01:10:12,10:12Z,2025-03-08T01:10:12Z,1,30
meta/loc.csv,43,csv,827e343,GitHub Action,2025-03-08,01:10:12,10:12Z,2025-03-08T01:10:12Z,1,30
meta/loc.csv,44,csv,827e343,GitHub Action,2025-03-08,01:10:12,10:12Z,2025-03-08T01:10:12Z,1,30
meta/loc.csv,45,csv,827e343,GitHub Action,2025-03-08,01:10:12,10:12Z,2025-03-08T01:10:12Z,1,30
meta/loc.csv,46,csv,827e343,GitHub Action,2025-03-08,01:10:12,10:12Z,2025-03-08T01:10:12Z,1,30
meta/loc.csv,47,csv,827e343,GitHub Action,2025-03-08,01:10:12,10:12Z,2025-03-08T01:10:12Z,1,30
meta/loc.csv,48,csv,827e343,GitHub Action,2025-03-08,01:10:12,10:12Z,2025-03-08T01:10:12Z,1,30
meta/loc.csv,49,csv,827e343,GitHub Action,2025-03-08,01:10:12,10:12Z,2025-03-08T01:10:12Z,1,30
meta/loc.csv,50,csv,827e343,GitHub Action,2025-03-08,01:10:12,10:12Z,2025-03-08T01:10:12Z,1,30
meta/index.html,1,html,ba48eac,Ishaan Kor,2025-03-08,01:09:40,-08:00,2025-03-07T17:09:40-08:00,1,30
meta/index.html,2,html,ba48eac,Ishaan Kor,2025-03-08,01:09:40,-08:00,2025-03-07T17:09:40-08:00,1,30
meta/index.html,3,html,ba48eac,Ishaan Kor,2025-03-08,01:09:40,-08:00,2025-03-07T17:09:40-08:00,1,30
meta/index.html,4,html,ba48eac,Ishaan Kor,2025-03-08,01:09:40,-08:00,2025-03-07T17:09:40-08:00,1,30
meta/index.html,5,html,ba48eac,Ishaan Kor,2025-03-08,01:09:40,-08:00,2025-03-07T17:09:40-08:00,1,30
meta/index.html,6,html,ba48eac,Ishaan Kor,2025-03-08,01:09:40,-08:00,2025-03-07T17:09:40-08:00,1,30
meta/index.html,7,html,ba48eac,Ishaan Kor,2025-03-08,01:09:40,-08:00,2025-03-07T17:09:40-08:00,1,30
meta/index.html,8,html,ba48eac,Ishaan Kor,2025-03-08,01:09:40,-08:00,2025-03-07T17:09:40-08:00,1,30
meta/index.html,9,html,ba48eac,Ishaan Kor,2025-03-08,01:09:40,-08:00,2025-03-07T17:09:40-08:00,1,30
meta/index.html,10,html,ba48eac,Ishaan Kor,2025-03-08,01:09:40,-08:00,2025-03-07T17:09:40-08:00,1,30
meta/index.html,11,html,ba48eac,Ishaan Kor,2025-03-08,01:09:40,-08:00,2025-03-07T17:09:40-08:00,1,30
meta/index.html,12,html,ba48eac,Ishaan Kor,2025-03-08,01:09:40,-08:00,2025-03-07T17:09:40-08:00,1,30
meta/index.html,13,html,ba48eac,Ishaan Kor,2025-03-08,01:09:40,-08:00,2025-03-07T17:09:40-08:00,1,30
meta/index.html,14,html,ba48eac,Ishaan Kor,2025-03-08,01:09:40,-08:00,2025-03-07T17:09:40-08:00,1,30
meta/index.html,15,html,ba48eac,Ishaan Kor,2025-03-08,01:09:40,-08:00,2025-03-07T17:09:40-08:00,1,30
meta/index.html,16,html,ba48eac,Ishaan Kor,2025-03-08,01:09:40,-08:00,2025-03-07T17:09:40-08:00,1,30
meta/index.html,17,html,ba48eac,Ishaan Kor,2025-03-08,01:09:40,-08:00,2025-03-07T17:09:40-08:00,1,30
meta/index.html,18,html,ba48eac,Ishaan Kor,2025-03-08,01:09:40,-08:00,2025-03-07T17:09:40-08:00,1,30
meta/index.html,19,html,ba48eac,Ishaan Kor,2025-03-08,01:09:40,-08:00,2025-03-07T17:09:40-08:00,1,30
meta/index.html,20,html,ba48eac,Ishaan Kor,2025-03-08,01:09:40,-08:00,2025-03-07T17:09:40-08:00,1,30
meta/index.html,21,html,ba48eac,Ishaan Kor,2025-03-08,01:09:40,-08:00,2025-03-07T17:09:40-08:00,1,30
meta/index.html,22,html,ba48eac,Ishaan Kor,2025-03-08,01:09:40,-08:00,2025-03-07T17:09:40-08:00,1,30
meta/index.html,23,html,ba48eac,Ishaan Kor,2025-03-08,01:09:40,-08:00,2025-03-07T17:09:40-08:00,1,30
meta/index.html,24,html,ba48eac,Ishaan Kor,2025-03-08,01:09:40,-08:00,2025-03-07T17:09:40-08:00,1,30
meta/index.html,25,html,ba48eac,Ishaan Kor,2025-03-08,01:09:40,-08:00,2025-03-07T17:09:40-08:00,1,30
meta/index.html,26,html,ba48eac,Ishaan Kor,2025-03-08,01:09:40,-08:00,2025-03-07T17:09:40-08:00,1,30
meta/index.html,27,html,ba48eac,Ishaan Kor,2025-03-08,01:09:40,-08:00,2025-03-07T17:09:40-08:00,1,30
meta/main.js,1,js,ba48eac,Ishaan Kor,2025-03-08,01:09:40,-08:00,2025-03-07T17:09:40-08:00,1,30
meta/main.js,2,js,ba48eac,Ishaan Kor,2025-03-08,01:09:40,-08:00,2025-03-07T17:09:40-08:00,1,30
meta/main.js,3,js,ba48eac,Ishaan Kor,2025-03-08,01:09:40,-08:00,2025-03-07T17:09:40-08:00,1,30
meta/main.js,4,js,ba48eac,Ishaan Kor,2025-03-08,01:09:40,-08:00,2025-03-07T17:09:40-08:00,1,30
meta/main.js,5,js,ba48eac,Ishaan Kor,2025-03-08,01:09:40,-08:00,2025-03-07T17:09:40-08:00,1,30
meta/main.js,6,js,ba48eac,Ishaan Kor,2025-03-08,01:09:40,-08:00,2025-03-07T17:09:40-08:00,1,30
meta/main.js,7,js,ba48eac,Ishaan Kor,2025-03-08,01:09:40,-08:00,2025-03-07T17:09:40-08:00,1,30
meta/main.js,8,js,ba48eac,Ishaan Kor,2025-03-08,01:09:40,-08:00,2025-03-07T17:09:40-08:00,1,30
meta/main.js,9,js,ba48eac,Ishaan Kor,2025-03-08,01:09:40,-08:00,2025-03-07T17:09:40-08:00,1,30
meta/main.js,10,js,ba48eac,Ishaan Kor,2025-03-08,01:09:40,-08:00,2025-03-07T17:09:40-08:00,1,30
meta/main.js,11,js,ba48eac,Ishaan Kor,2025-03-08,01:09:40,-08:00,2025-03-07T17:09:40-08:00,1,30
meta/main.js,12,js,ba48eac,Ishaan Kor,2025-03-08,01:09:40,-08:00,2025-03-07T17:09:40-08:00,1,30
meta/main.js,13,js,ba48eac,Ishaan Kor,2025-03-08,01:09:40,-08:00,2025-03-07T17:09:40-08:00,1,30
meta/main.js,14,js,ba48eac,Ishaan Kor,2025-03-08,01:09:40,-08:00,2025-03-07T17:09:40-08:00,1,30
meta/main.js,15,js,ba48eac,Ishaan Kor,2025-03-08,01:09:40,-08:00,2025-03-07T17:09:40-08:00,1,30
meta/main.js,16,js,ba48eac,Ishaan Kor,2025-03-08,01:09:40,-08:00,2025-03-07T17:09:40-08:00,1,30
meta/main.js,17,js,ba48eac,Ishaan Kor,2025-03-08,01:09:40,-08:00,2025-03-07T17:09:40-08:00,1,30
meta/main.js,18,js,ba48eac,Ishaan Kor,2025-03-08,01:09:40,-08:00,2025-03-07T17:09:40-08:00,1,30
meta/main.js,19,js,ba48eac,Ishaan Kor,2025-03-08,01:09:40,-08:00,2025-03-07T17:09:40-08:00,1,30
meta/main.js,20,js,ba48eac,Ishaan Kor,2025-03-08,01:09:40,-08:00,2025-03-07T17:09:40-08:00,1,30
meta/main.js,21,js,ba48eac,Ishaan Kor,2025-03-08,01:09:40,-08:00,2025-03-07T17:09:40-08:00,1,30
meta/main.js,22,js,ba48eac,Ishaan Kor,2025-03-08,01:09:40,-08:00,2025-03-07T17:09:40-08:00,1,30
meta/main.js,23,js,ba48eac,Ishaan Kor,2025-03-08,01:09:40,-08:00,2025-03-07T17:09:40-08:00,1,30
meta/main.js,24,js,ba48eac,Ishaan Kor,2025-03-08,01:09:40,-08:00,2025-03-07T17:09:40-08:00,1,30
meta/main.js,25,js,ba48eac,Ishaan Kor,2025-03-08,01:09:40,-08:00,2025-03-07T17:09:40-08:00,1,30
meta/main.js,26,js,ba48eac,Ishaan Kor,2025-03-08,01:09:40,-08:00,2025-03-07T17:09:40-08:00,1,30
meta/main.js,27,js,ba48eac,Ishaan Kor,2025-03-08,01:09:40,-08:00,2025-03-07T17:09:40-08:00,1,30
meta/main.js,28,js,ba48eac,Ishaan Kor,2025-03-08,01:09:40,-08:00,2025-03-07T17:09:40-08:00,1,30
meta/main.js,29,js,ba48eac,Ishaan Kor,2025-03-08,01:09:40,-08:00,2025-03-07T17:09:40-08:00,1,30
meta/main.js,30,js,ba48eac,Ishaan Kor,2025-03-08,01:09:40,-08:00,2025-03-07T17:09:40-08:00,1,30
meta/main.js,31,js,ba48eac,Ishaan Kor,2025-03-08,01:09:40,-08:00,2025-03-07T17:09:40-08:00,1,30
meta/main.js,32,js,ba48eac,Ishaan Kor,2025-03-08,01:09:40,-08:00,2025-03-07T17:09:40-08:00,1,30
meta/main.js,33,js,ba48eac,Ishaan Kor,2025-03-08,01:09:40,-08:00,2025-03-07T17:09:40-08:00,1,30
meta/main.js,34,js,ba48eac,Ishaan Kor,2025-03-08,01:09:40,-08:00,2025-03-07T17:09:40-08:00,1,30
meta/main.js,35,js,ba48eac,Ishaan Kor,2025-03-08,01:09:40,-08:00,2025-03-07T17:09:40-08:00,1,30
meta/main.js,36,js,ba48eac,Ishaan Kor,2025-03-08,01:09:40,-08:00,2025-03-07T17:09:40-08:00,1,30
meta/main.js,37,js,ba48eac,Ishaan Kor,2025-03-08,01:09:40,-08:00,2025-03-07T17:09:40-08:00,1,30
meta/main.js,38,js,ba48eac,Ishaan Kor,2025-03-08,01:09:40,-08:00,2025-03-07T17:09:40-08:00,1,30
meta/main.js,39,js,ba48eac,Ishaan Kor,2025-03-08,01:09:40,-08:00,2025-03-07T17:09:40-08:00,1,30
meta/main.js,40,js,ba48eac,Ishaan Kor,2025-03-08,01:09:40,-08:00,2025-03-07T17:09:40-08:00,1,30
meta/main.js,41,js,ba48eac,Ishaan Kor,2025-03-08,01:09:40,-08:00,2025-03-07T17:09:40-08:00,1,30
meta/main.js,42,js,ba48eac,Ishaan Kor,2025-03-08,01:09:40,-08:00,2025-03-07T17:09:40-08:00,1,30
meta/main.js,43,js,ba48eac,Ishaan Kor,2025-03-08,01:09:40,-08:00,2025-03-07T17:09:40-08:00,1,30
meta/main.js,44,js,ba48eac,Ishaan Kor,2025-03-08,01:09:40,-08:00,2025-03-07T17:09:40-08:00,1,30
meta/main.js,45,js,ba48eac,Ishaan Kor,2025-03-08,01:09:40,-08:00,2025-03-07T17:09:40-08:00,1,30
meta/main.js,46,js,ba48eac,Ishaan Kor,2025-03-08,01:09:40,-08:00,2025-03-07T17:09:40-08:00,1,30
meta/main.js,47,js,ba48eac,Ishaan Kor,2025-03-08,01:09:40,-08:00,2025-03-07T17:09:40-08:00,1,30
meta/main.js,48,js,ba48eac,Ishaan Kor,2025-03-08,01:09:40,-08:00,2025-03-07T17:09:40-08:00,1,30
meta/main.js,49,js,ba48eac,Ishaan Kor,2025-03-08,01:09:40,-08:00,2025-03-07T17:09:40-08:00,1,30
meta/main.js,50,js,ba48eac,Ishaan Kor,2025-03-08,01:09:40,-08:00,2025-03-07T17:09:40-08:00,1,30
style.css,1,css,ba48eac,Ishaan Kor,2025-03-08,01:09:40,-08:00,2025-03-07T17:09:40-08:00,0,30
style.css,2,css,ba48eac,Ishaan Kor,2025-03-08,01:09:40,-08:00,2025-03-07T17:09:40-08:00,0,30
style.css,3,css,ba48eac,Ishaan Kor,2025-03-08,01:09:40,-08:00,2025-03-07T17:09:40-08:00,0,30
style.css,4,css,ba48eac,Ishaan Kor,2025-03-08,01:09:40,-08:00,2025-03-07T17:09:40-08:00,0,30
style.css,5,css,ba48eac,Ishaan Kor,2025-03-08,01:09:40,-08:00,2025-03-07T17:09:40-08:00,0,30
style.css,6,css,ba48eac,Ishaan Kor,2025-03-08,01:09:40,-08:00,2025-03-07T17:09:40-08:00,0,30
style.css,7,css,ba48eac,Ishaan Kor,2025-03-08,01:09:40,-08:00,2025-03-07T17:09:40-08:00,0,30
style.css,8,css,ba48eac,Ishaan Kor,2025-03-08,01:09:40,-08:00,2025-03-07T17:09:40-08:00,0,30
style.css,9,css,ba48eac,Ishaan Kor,2025-03-08,01:09:40,-08:00,2025-03-07T17:09:40-08:00,0,30
style.css,10,css,ba48eac,Ishaan Kor,2025-03-08,01:09:40,-08:00,2025-03-07T17:09:40-08:00,0,30
style.css,11,css,ba48eac,Ishaan Kor,2025-03-08,01:09:40,-08:00,2025-03-07T17:09:40-08:00,0,30
style.css,12,css,ba48eac,Ishaan Kor,2025-03-08,01:09:40,-08:00,2025-03-07T17:09:40-08:00,0,30
style.css,13,css,ba48eac,Ishaan Kor,2025-03-08,01:09:40,-08:00,2025-03-07T17:09:40-08:00,0,30
style.css,14,css,ba48eac,Ishaan Kor,2025-03-08,01:09:40,-08:00,2025-03-07T17:09:40-08:00,0,30
style.css,15,css,ba48eac,Ishaan Kor,2025-03-08,01:09:40,-08:00,2025-03-07T17:09:40-08:00,0,30
style.css,16,css,ba48eac,Ishaan Kor,2025-03-08,01:09:40,-08:00,2025-03-07T17:09:40-08:00,0,30
style.css,17,css,ba48eac,Ishaan Kor,2025-03-08,01:09:40,-08:00,2025-03-07T17:09:40-08:00,0,30
style.css,18,css,ba48eac,Ishaan Kor,2025-03-08,01:09:40,-08:00,2025-03-07T17:09:40-08:00,0,30
style.css,19,css,ba48eac,Ishaan Kor,2025-03-08,01:09:40,-08:00,2025-03-07T17:09:40-08:00,0,30
style.css,20,css,ba48eac,Ishaan Kor,2025-03-08,01:09:40,-08:00,2025-03-07T17:09:40-08:00,0,30
style.css,21,css,ba48eac,Ishaan Kor,2025-03-08,01:09:40,-08:00,2025-03-07T17:09:40-08:00,0,30
style.css,22,css,ba48eac,Ishaan Kor,2025-03-08,01:09:40,-08:00,2025-03-07T17:09:40-08:00,0,30
style.css,23,css,ba48eac,Ishaan Kor,2025-03-08,01:09:40,-08:00,2025-03-07T17:09:40-08:00,0,30
style.css,24,css,ba48eac,Ishaan Kor,2025-03-08,01:09:40,-08:00,2025-03-07T17:09:40-08:00,0,30
style.css,25,css,ba48eac,Ishaan Kor,2025-03-08,01:09:40,-08:00,2025-03-07T17:09:40-08:00,0,30
style.css,26,css,ba48eac,Ishaan Kor,2025-03-08,01:09:40,-08:00,2025-03-07T17:09:40-08:00,0,30
style.css,27,css,ba48eac,Ishaan Kor,2025-03-08,01:09:40,-08:00,2025-03-07T17:09:40-08:00,0,30
style.css,28,css,ba48eac,Ishaan Kor,2025-03-08,01:09:40,-08:00,2025-03-07T17:09:40-08:00,0,30
style.css,29,css,ba48eac,Ishaan Kor,2025-03-08,01:09:40,-08:00,2025-03-07T17:09:40-08:00,0,30
style.css,30,css,ba48eac,Ishaan Kor,2025-03-08,01:09:40,-08:00,2025-03-07T17:09:40-08:00,0,30
style.css,31,css,ba48eac,Ishaan Kor,2025-03-08,01:09:40,-08:00,2025-03-07T17:09:40-08:00,0,30
style.css,32,css,ba48eac,Ishaan Kor,2025-03-08,01:09:40,-08:00,2025-03-07T17:09:40-08:00,0,30
style.css,33,css,ba48eac,Ishaan Kor,2025-03-08,01:09:40,-08:00,2025-03-07T17:09:40-08:00,0,30
style.css,34,css,ba48eac,Ishaan Kor,2025-03-08,01:09:40,-08:00,2025-03-07T17:09:40-08:00,0,30
style.css,35,css,ba48eac,Ishaan Kor,2025-03-08,01:09:40,-08:00,2025-03-07T17:09:40-08:00,0,30
style.css,36,css,ba48eac,Ishaan Kor,2025-03-08,01:09:40,-08:00,2025-03-07T17:09:40-08:00,0,30
style.css,37,css,ba48eac,Ishaan Kor,2025-03-08,01:09:40,-08:00,2025-03-07T17:09:40-08:00,0,30
style.css,38,css,ba48eac,Ishaan Kor,2025-03-08,01:09:40,-08:00,2025-03-07T17:09:40-08:00,0,30
style.css,39,css,ba48eac,Ishaan Kor,2025-03-08,01:09:40,-08:00,2025-03-07T17:09:40-08:00,0,30
style.css,40,css,ba48eac,Ishaan Kor,2025-03-08,01:09:40,-08:00,2025-03-07T17:09:40-08:00,0,30
style.css,41,css,ba48eac,Ishaan Kor,2025-03-08,01:09:40,-08:00,2025-03-07T17:09:40-08:00,0,30
style.css,42,css,ba48eac,Ishaan Kor,2025-03-08,01:09:40,-08:00,2025-03-07T17:09:40-08:00,0,30
style.css,43,css,ba48eac,Ishaan Kor,2025-03-08,01:09:40,-08:00,2025-03-07T17:09:40-08:00,0,30
style.css,44,css,ba48eac,Ishaan Kor,2025-03-08,01:09:40,-08:00,2025-03-07T17:09:40-08:00,0,30
style.css,45,css,ba48eac,Ishaan Kor,2025-03-08,01:09:40,-08:00,2025-03-07T17:09:40-08:00,0,30
style.css,46,css,ba48eac,Ishaan Kor,2025-03-08,01:09:40,-08:00,2025-03-07T17:09:40-08:00,0,30
style.css,47,css,ba48eac,Ishaan Kor,2025-03-08,01:09:40,-08:00,2025-03-07T17:09:40-08:00,0,30
style.css,48,css,ba48eac,Ishaan Kor,2025-03-08,01:09:40,-08:00,2025-03-07T17:09:40-08:00,0,30
style.css,49,css,ba48eac,Ishaan Kor,2025-03-08,01:09:40,-08:00,2025-03-07T17:09:40-08:00,0,30
style.css,50,css,ba48eac,Ishaan Kor,2025-03-08,01:09:40,-08:00,2025-03-07T17:09:40-08:00,0,30
meta/loc.csv,1,csv,7d3c642,GitHub Action,2025-02-15,06:35:27,35:27Z,2025-02-15T06:35:27Z,1,30
meta/loc.csv,2,csv,7d3c642,GitHub Action,2025-02-15,06:35:27,35:27Z,2025-02-15T06:35:27Z,1,30
meta/loc.csv,3,csv,7d3c642,GitHub Action,2025-02-15,06:35:27,35:27Z,2025-02-15T06:35:27Z,1,30
meta/loc.csv,4,csv,7d3c642,GitHub Action,2025-02-15,06:35:27,35:27Z,2025-02-15T06:35:27Z,1,30
meta/loc.csv,5,csv,7d3c642,GitHub Action,2025-02-15,06:35:27,35:27Z,2025-02-15T06:35:27Z,1,30
meta/loc.csv,6,csv,7d3c642,GitHub Action,2025-02-15,06:35:27,35:27Z,2025-02-15T06:35:27Z,1,30
meta/loc.csv,7,csv,7d3c642,GitHub Action,2025-02-15,06:35:27,35:27Z,2025-02-15T06:35:27Z,1,30
meta/loc.csv,8,csv,7d3c642,GitHub Action,2025-02-15,06:35:27,35:27Z,2025-02-15T06:35:27Z,1,30
meta/loc.csv,9,csv,7d3c642,GitHub Action,2025-02-15,06:35:27,35:27Z,2025-02-15T06:35:27Z,1,30
meta/loc.csv,10,csv,7d3c642,GitHub Action,2025-02-15,06:35:27,35:27Z,2025-02-15T06:35:27Z,1,30
meta/loc.csv,11,csv,7d3c642,GitHub Action,2025-02-15,06:35:27,35:27Z,2025-02-15T06:35:27Z,1,30
meta/loc.csv,12,csv,7d3c642,GitHub Action,2025-02-15,06:35:27,35:27Z,2025-02-15T06:35:27Z,1,30
meta/loc.csv,13,csv,7d3c642,GitHub Action,2025-02-15,06:35:27,35:27Z,2025-02-15T06:35:27Z,1,30
meta/loc.csv,14,csv,7d3c642,GitHub Action,2025-02-15,06:35:27,35:27Z,2025-02-15T06:35:27Z,1,30
meta/loc.csv,15,csv,7d3c642,GitHub Action,2025-02-15,06:35:27,35:27Z,2025-02-15T06:35:27Z,1,30
meta/loc.csv,16,csv,7d3c642,GitHub Action,2025-02-15,06:35:27,35:27Z,2025-02-15T06:35:27Z,1,30
meta/loc.csv,17,csv,7d3c642,GitHub Action,2025-02-15,06:35:27,35:27Z,2025-02-15T06:35:27Z,1,30
meta/loc.csv,18,csv,7d3c642,GitHub Action,2025-02-15,06:35:27,35:27Z,2025-02-15T06:35:27Z,1,30
meta/loc.csv,19,csv,7d3c642,GitHub Action,2025-02-15,06:35:27,35:27Z,2025-02-15T06:35:27Z,1,30
meta/loc.csv,20,csv,7d3c642,GitHub Action,2025-02-15,06:35:27,35:27Z,2025-02-15T06:35:27Z,1,30
meta/loc.csv,21,csv,7d3c642,GitHub Action,2025-02-15,06:35:27,35:27Z,2025-02-15T06:35:27Z,1,30
meta/loc.csv,22,csv,7d3c642,GitHub Action,2025-02-15,06:35:27,35:27Z,2025-02-15T06:35:27Z,1,30
meta/loc.csv,23,csv,7d3c642,GitHub Action,2025-02-15,06:35:27,35:27Z,2025-02-15T06:35:27Z,1,30
meta/loc.csv,24,csv,7d3c642,GitHub Action,2025-02-15,06:35:27,35:27Z,2025-02-15T06:35:27Z,1,30
meta/loc.csv,25,csv,7d3c642,GitHub Action,2025-02-15,06:35:27,35:27Z,2025-02-15T06:35:27Z,1,30
meta/loc.csv,26,csv,7d3c642,GitHub Action,2025-02-15,06:35:27,35:27Z,2025-02-15T06:35:27Z,1,30
meta/loc.csv,27,csv,7d3c642,GitHub Action,2025-02-15,06:35:27,35:27Z,2025-02-15T06:35:27Z,1,30
meta/loc.csv,28,csv,7d3c642,GitHub Action,2025-02-15,06:35:27,35:27Z,2025-02-15T06:35:27Z,1,30
meta/loc.csv,29,csv,7d3c642,GitHub Action,2025-02-15,06:35:27,35:27Z,2025-02-15T06:35:27Z,1,30
meta/loc.csv,30,csv,7d3c642,GitHub Action,2025-02-15,06:35:27,35:27Z,2025-02-15T06:35:27Z,1,30
meta/loc.csv,31,csv,7d3c642,GitHub Action,2025-02-15,06:35:27,35:27Z,2025-02-15T06:35:27Z,1,30
meta/loc.csv,32,csv,7d3c642,GitHub Action,2025-02-15,06:35:27,35:27Z,2025-02-15T06:35:27Z,1,30
meta/loc.csv,33,csv,7d3c642,GitHub Action,2025-02-15,06:35:27,35:27Z,2025-02-15T06:35:27Z,1,30
meta/loc.csv,34,csv,7d3c642,GitHub Action,2025-02-15,06:35:27,35:27Z,2025-02-15T06:35:27Z,1,30
meta/loc.csv,35,csv,7d3c642,GitHub Action,2025-02-15,06:35:27,35:27Z,2025-02-15T06:35:27Z,1,30
meta/loc.csv,36,csv,7d3c642,GitHub Action,2025-02-15,06:35:27,35:27Z,2025-02-15T06:35:27Z,1,30
meta/loc.csv,37,csv,7d3c642,GitHub Action,2025-02-15,06:35:27,35:27Z,2025-02-15T06:35:27Z,1,30
meta/loc.csv,38,csv,7d3c642,GitHub Action,2025-02-15,06:35:27,35:27Z,2025-02-15T06:35:27Z,1,30
meta/loc.csv,39,csv,7d3c642,GitHub Action,2025-02-15,06:35:27,35:27Z,2025-02-15T06:35:27Z,1,30
meta/loc.csv,40,csv,7d3c642,GitHub Action,2025-02-15,06:35:27,35:27Z,2025-02-15T06:35:27Z,1,30
meta/loc.csv,41,csv,7d3c642,GitHub Action,2025-02-15,06:35:27,35:27Z,2025-02-15T06:35:27Z,1,30
meta/loc.csv,42,csv,7d3c642,GitHub Action,2025-02-15,06:35:27,35:27Z,2025-02-15T06:35:27Z,1,30
meta/loc.csv,43,csv,7d3c642,GitHub Action,2025-02-15,06:35:27,35:27Z,2025-02-15T06:35:27Z,1,30
meta/loc.csv,44,csv,7d3c642,GitHub Action,2025-02-15,06:35:27,35:27Z,2025-02-15T06:35:27Z,1,30
meta/loc.csv,45,csv,7d3c642,GitHub Action,2025-02-15,06:35:27,35:27Z,2025-02-15T06:35:27Z,1,30
meta/loc.csv,46,csv,7d3c642,GitHub Action,2025-02-15,06:35:27,35:27Z,2025-02-15T06:35:27Z,1,30
meta/loc.csv,47,csv,7d3c642,GitHub Action,2025-02-15,06:35:27,35:27Z,2025-02-15T06:35:27Z,1,30
meta/loc.csv,48,csv,7d3c642,GitHub Action,2025-02-15,06:35:27,35:27Z,2025-02-15T06:35:27Z,1,30
meta/loc.csv,49,csv,7d3c642,GitHub Action,2025-02-15,06:35:27,35:27Z,2025-02-15T06:35:27Z,1,30
meta/loc.csv,50,csv,7d3c642,GitHub Action,2025-02-15,06:35:27,35:27Z,2025-02-15T06:35:27Z,1,30
meta/index.html,1,html,a5df25f,Ishaan Kor,2025-02-15,06:29:33,-08:00,2025-02-14T22:29:33-08:00,1,30
meta/index.html,2,html,a5df25f,Ishaan Kor,2025-02-15,06:29:33,-08:00,2025-02-14T22:29:33-08:00,1,30
meta/index.html,3,html,a5df25f,Ishaan Kor,2025-02-15,06:29:33,-08:00,2025-02-14T22:29:33-08:00,1,30
meta/index.html,4,html,a5df25f,Ishaan Kor,2025-02-15,06:29:33,-08:00,2025-02-14T22:29:33-08:00,1,30
meta/index.html,5,html,a5df25f,Ishaan Kor,2025-02-15,06:29:33,-08:00,2025-02-14T22:29:33-08:00,1,30
meta/index.html,6,html,a5df25f,Ishaan Kor,2025-02-15,06:29:33,-08:00,2025-02-14T22:29:33-08:00,1,30
meta/index.html,7,html,a5df25f,Ishaan Kor,2025-02-15,06:29:33,-08:00,2025-02-14T22:29:33-08:00,1,30
meta/index.html,8,html,a5df25f,Ishaan Kor,2025-02-15,06:29:33,-08:00,2025-02-14T22:29:33-08:00,1,30
meta/index.html,9,html,a5df25f,Ishaan Kor,2025-02-15,06:29:33,-08:00,2025-02-14T22:29:33-08:00,1,30
meta/index.html,10,html,a5df25f,Ishaan Kor,2025-02-15,06:29:33,-08:00,2025-02-14T22:29:33-08:00,1,30
meta/index.html,11,html,a5df25f,Ishaan Kor,2025-02-15,06:29:33,-08:00,2025-02-14T22:29:33-08:00,1,30
meta/index.html,12,html,a5df25f,Ishaan Kor,2025-02-15,06:29:33,-08:00,2025-02-14T22:29:33-08:00,1,30
meta/index.html,13,html,a5df25f,Ishaan Kor,2025-02-15,06:29:33,-08:00,2025-02-14T22:29:33-08:00,1,30
meta/index.html,14,html,a5df25f,Ishaan Kor,2025-02-15,06:29:33,-08:00,2025-02-14T22:29:33-08:00,1,30
meta/index.html,15,html,a5df25f,Ishaan Kor,2025-02-15,06:29:33,-08:00,2025-02-14T22:29:33-08:00,1,30
meta/index.html,16,html,a5df25f,Ishaan Kor,2025-02-15,06:29:33,-08:00,2025-02-14T22:29:33-08:00,1,30
meta/index.html,17,html,a5df25f,Ishaan Kor,2025-02-15,06:29:33,-08:00,2025-02-14T22:29:33-08:00,1,30
meta/index.html,18,html,a5df25f,Ishaan Kor,2025-02-15,06:29:33,-08:00,2025-02-14T22:29:33-08:00,1,30
meta/main.js,1,js,a5df25f,Ishaan Kor,2025-02-15,06:29:33,-08:00,2025-02-14T22:29:33-08:00,1,30
meta/main.js,2,js,a5df25f,Ishaan Kor,2025-02-15,06:29:33,-08:00,2025-02-14T22:29:33-08:00,1,30
meta/main.js,3,js,a5df25f,Ishaan Kor,2025-02-15,06:29:33,-08:00,2025-02-14T22:29:33-08:00,1,30
meta/main.js,4,js,a5df25f,Ishaan Kor,2025-02-15,06:29:33,-08:00,2025-02-14T22:29:33-08:00,1,30
meta/main.js,5,js,a5df25f,Ishaan Kor,2025-02-15,06:29:33,-08:00,2025-02-14T22:29:33-08:00,1,30
meta/main.js,6,js,a5df25f,Ishaan Kor,2025-02-15,06:29:33,-08:00,2025-02-14T22:29:33-08:00,1,30
meta/main.js,7,js,a5df25f,Ishaan Kor,2025-02-15,06:29:33,-08:00,2025-02-14T22:29:33-08:00,1,30
meta/main.js,8,js,a5df25f,Ishaan Kor,2025-02-15,06:29:33,-08:00,2025-02-14T22:29:33-08:00,1,30
meta/main.js,9,js,a5df25f,Ishaan Kor,2025-02-15,06:29:33,-08:00,2025-02-14T22:29:33-08:00,1,30
meta/main.js,10,js,a5df25f,Ishaan Kor,2025-02-15,06:29:33,-08:00,2025-02-14T22:29:33-08:00,1,30
meta/main.js,11,js,a5df25f,Ishaan Kor,2025-02-15,06:29:33,-08:00,2025-02-14T22:29:33-08:00,1,30
meta/main.js,12,js,a5df25f,Ishaan Kor,2025-02-15,06:29:33,-08:00,2025-02-14T22:29:33-08:00,1,30
meta/main.js,13,js,a5df25f,Ishaan Kor,2025-02-15,06:29:33,-08:00,2025-02-14T22:29:33-08:00,1,30
meta/main.js,14,js,a5df25f,Ishaan Kor,2025-02-15,06:29:33,-08:00,2025-02-14T22:29:33-08:00,1,30
meta/main.js,15,js,a5df25f,Ishaan Kor,2025-02-15,06:29:33,-08:00,2025-02-14T22:29:33-08:00,1,30
meta/main.js,16,js,a5df25f,Ishaan Kor,2025-02-15,06:29:33,-08:00,2025-02-14T22:29:33-08:00,1,30
meta/main.js,17,js,a5df25f,Ishaan Kor,2025-02-15,06:29:33,-08:00,2025-02-14T22:29:33-08:00,1,30
meta/main.js,18,js,a5df25f,Ishaan Kor,2025-02-15,06:29:33,-08:00,2025-02-14T22:29:33-08:00,1,30
meta/main.js,19,js,a5df25f,Ishaan Kor,2025-02-15,06:29:33,-08:00,2025-02-14T22:29:33-08:00,1,30
meta/main.js,20,js,a5df25f,Ishaan Kor,2025-02-15,06:29:33,-08:00,2025-02-14T22:29:33-08:00,1,30
meta/main.js,21,js,a5df25f,Ishaan Kor,2025-02-15,06:29:33,-08:00,2025-02-14T22:29:33-08:00,1,30
meta/main.js,22,js,a5df25f,Ishaan Kor,2025-02-15,06:29:33,-08:00,2025-02-14T22:29:33-08:00,1,30
meta/main.js,23,js,a5df25f,Ishaan Kor,2025-02-15,06:29:33,-08:00,2025-02-14T22:29:33-08:00,1,30
meta/main.js,24,js,a5df25f,Ishaan Kor,2025-02-15,06:29:33,-08:00,2025-02-14T22:29:33-08:00,1,30
meta/main.js,25,js,a5df25f,Ishaan Kor,2025-02-15,06:29:33,-08:00,2025-02-14T22:29:33-08:00,1,30
meta/main.js,26,js,a5df25f,Ishaan Kor,2025-02-15,06:29:33,-08:00,2025-02-14T22:29:33-08:00,1,30
meta/main.js,27,js,a5df25f,Ishaan Kor,2025-02-15,06:29:33,-08:00,2025-02-14T22:29:33-08:00,1,30
meta/main.js,28,js,a5df25f,Ishaan Kor,2025-02-15,06:29:33,-08:00,2025-02-14T22:29:33-08:00,1,30
meta/main.js,29,js,a5df25f,Ishaan Kor,2025-02-15,06:29:33,-08:00,2025-02-14T22:29:33-08:00,1,30
meta/main.js,30,js,a5df25f,Ishaan Kor,2025-02-15,06:29:33,-08:00,2025-02-14T22:29:33-08:00,1,30
meta/main.js,31,js,a5df25f,Ishaan Kor,2025-02-15,06:29:33,-08:00,2025-02-14T22:29:33-08:00,1,30
meta/main.js,32,js,a5df25f,Ishaan Kor,2025-02-15,06:29:33,-08:00,2025-02-14T22:29:33-08:00,1,30
meta/main.js,33,js,a5df25f,Ishaan Kor,2025-02-15,06:29:33,-08:00,2025-02-14T22:29:33-08:00,1,30
meta/main.js,34,js,a5df25f,Ishaan Kor,2025-02-15,06:29:33,-08:00,2025-02-14T22:29:33-08:00,1,30
meta/main.js,35,js,a5df25f,Ishaan Kor,2025-02-15,06:29:33,-08:00,2025-02-14T22:29:33-08:00,1,30
meta/main.js,36,js,a5df25f,Ishaan Kor,2025-02-15,06:29:33,-08:00,2025-02-14T22:29:33-08:00,1,30
meta/main.js,37,js,a5df25f,Ishaan Kor,2025-02-15,06:29:33,-08:00,2025-02-14T22:29:33-08:00,1,30
meta/main.js,38,js,a5df25f,Ishaan Kor,2025-02-15,06:29:33,-08:00,2025-02-14T22:29:33-08:00,1,30
meta/main.js,39,js,a5df25f,Ishaan Kor,2025-02-15,06:29:33,-08:00,2025-02-14T22:29:33-08:00,1,30
meta/main.js,40,js,a5df25f,Ishaan Kor,2025-02-15,06:29:33,-08:00,2025-02-14T22:29:33-08:00,1,30
meta/main.js,41,js,a5df25f,Ishaan Kor,2025-02-15,06:29:33,-08:00,2025-02-14T22:29:33-08:00,1,30
meta/main.js,42,js,a5df25f,Ishaan Kor,2025-02-15,06:29:33,-08:00,2025-02-14T22:29:33-08:00,1,30
meta/main.js,43,js,a5df25f,Ishaan Kor,2025-02-15,06:29:33,-08:00,2025-02-14T22:29:33-08:00,1,30
meta/main.js,44,js,a5df25f,Ishaan Kor,2025-02-15,06:29:33,-08:00,2025-02-14T22:29:33-08:00,1,30
meta/main.js,45,js,a5df25f,Ishaan Kor,2025-02-15,06:29:33,-08:00,2025-02-14T22:29:33-08:00,1,30
meta/main.js,46,js,a5df25f,Ishaan Kor,2025-02-15,06:29:33,-08:00,2025-02-14T22:29:33-08:00,1,30
meta/main.js,47,js,a5df25f,Ishaan Kor,2025-02-15,06:29:33,-08:00,2025-02-14T22:29:33-08:00,1,30
meta/main.js,48,js,a5df25f,Ishaan Kor,2025-02-15,06:29:33,-08:00,2025-02-14T22:29:33-08:00,1,30
meta/main.js,49,js,a5df25f,Ishaan Kor,2025-02-15,06:29:33,-08:00,2025-02-14T22:29:33-08:00,1,30
meta/main.js,50,js,a5df25f,Ishaan Kor,2025-02-15,06:29:33,-08:00,2025-02-14T22:29:33-08:00,1,30
style.css,1,css,a5df25f,Ishaan Kor,2025-02-15,06:29:33,-08:00,2025-02-14T22:29:33-08:00,0,30
style.css,2,css,a5df25f,Ishaan Kor,2025-02-15,06:29:33,-08:00,2025-02-14T22:29:33-08:00,0,30
style.css,3,css,a5df25f,Ishaan Kor,2025-02-15,06:29:33,-08:00,2025-02-14T22:29:33-08:00,0,30
style.css,4,css,a5df25f,Ishaan Kor,2025-02-15,06:29:33,-08:00,2025-02-14T22:29:33-08:00,0,30
style.css,5,css,a5df25f,Ishaan Kor,2025-02-15,06:29:33,-08:00,2025-02-14T22:29:33-08:00,0,30
style.css,6,css,a5df25f,Ishaan Kor,2025-02-15,06:29:33,-08:00,2025-02-14T22:29:33-08:00,0,30
style.css,7,css,a5df25f,Ishaan Kor,2025-02-15,06:29:33,-08:00,2025-02-14T22:29:33-08:00,0,30
style.css,8,css,a5df25f,Ishaan Kor,2025-02-15,06:29:33,-08:00,2025-02-14T22:29:33-08:00,0,30
style.css,9,css,a5df25f,Ishaan Kor,2025-02-15,06:29:33,-08:00,2025-02-14T22:29:33-08:00,0,30
style.css,10,css,a5df25f,Ishaan Kor,2025-02-15,06:29:33,-08:00,2025-02-14T22:29:33-08:00,0,30
style.css,11,css,a5df25f,Ishaan Kor,2025-02-15,06:29:33,-08:00,2025-02-14T22:29:33-08:00,0,30
style.css,12,css,a5df25f,Ishaan Kor,2025-02-15,06:29:33,-08:00,2025-02-14T22:29:33-08:00,0,30
style.css,13,css,a5df25f,Ishaan Kor,2025-02-15,06:29:33,-08:00,2025-02-14T22:29:33-08:00,0,30
style.css,14,css,a5df25f,Ishaan Kor,2025-02-15,06:29:33,-08:00,2025-02-14T22:29:33-08:00,0,30
style.css,15,css,a5df25f,Ishaan Kor,2025-02-15,06:29:33,-08:00,2025-02-14T22:29:33-08:00,0,30
style.css,16,css,a5df25f,Ishaan Kor,2025-02-15,06:29:33,-08:00,2025-02-14T22:29:33-08:00,0,30
style.css,17,css,a5df25f,Ishaan Kor,2025-02-15,06:29:33,-08:00,2025-02-14T22:29:33-08:00,0,30
style.css,18,css,a5df25f,Ishaan Kor,2025-02-15,06:29:33,-08:00,2025-02-14T22:29:33-08:00,0,30
style.css,19,css,a5df25f,Ishaan Kor,2025-02-15,06:29:33,-08:00,2025-02-14T22:29:33-08:00,0,30
style.css,20,css,a5df25f,Ishaan Kor,2025-02-15,06:29:33,-08:00,2025-02-14T22:29:33-08:00,0,30
style.css,21,css,a5df25f,Ishaan Kor,2025-02-15,06:29:33,-08:00,2025-02-14T22:29:33-08:00,0,30
style.css,22,css,a5df25f,Ishaan Kor,2025-02-15,06:29:33,-08:00,2025-02-14T22:29:33-08:00,0,30
style.css,23,css,a5df25f,Ishaan Kor,2025-02-15,06:29:33,-08:00,2025-02-14T22:29:33-08:00,0,30
style.css,24,css,a5df25f,Ishaan Kor,2025-02-15,06:29:33,-08:00,2025-02-14T22:29:33-08:00,0,30
style.css,25,css,a5df25f,Ishaan Kor,2025-02-15,06:29:33,-08:00,2025-02-14T22:29:33-08:00,0,30
style.css,26,css,a5df25f,Ishaan Kor,2025-02-15,06:29:33,-08:00,2025-02-14T22:29:33-08:00,0,30
style.css,27,css,a5df25f,Ishaan Kor,2025-02-15,06:29:33,-08:00,2025-02-14T22:29:33-08:00,0,30
style.css,28,css,a5df25f,Ishaan Kor,2025-02-15,06:29:33,-08:00,2025-02-14T22:29:33-08:00,0,30
style.css,29,css,a5df25f,Ishaan Kor,2025-02-15,06:29:33,-08:00,2025-02-14T22:29:33-08:00,0,30
style.css,30,css,a5df25f,Ishaan Kor,2025-02-15,06:29:33,-08:00,2025-02-14T22:29:33-08:00,0,30
style.css,31,css,a5df25f,Ishaan Kor,2025-02-15,06:29:33,-08:00,2025-02-14T22:29:33-08:00,0,30
style.css,32,css,a5df25f,Ishaan Kor,2025-02-15,06:29:33,-08:00,2025-02-14T22:29:33-08:00,0,30
style.css,33,css,a5df25f,Ishaan Kor,2025-02-15,06:29:33,-08:00,2025-02-14T22:29:33-08:00,0,30
style.css,34,css,a5df25f,Ishaan Kor,2025-02-15,06:29:33,-08:00,2025-02-14T22:29:33-08:00,0,30
style.css,35,css,a5df25f,Ishaan Kor,2025-02-15,06:29:33,-08:00,2025-02-14T22:29:33-08:00,0,30
style.css,36,css,a5df25f,Ishaan Kor,2025-02-15,06:29:33,-08:00,2025-02-14T22:29:33-08:00,0,30
style.css,37,css,a5df25f,Ishaan Kor,2025-02-15,06:29:33,-08:00,2025-02-14T22:29:33-08:00,0,30
style.css,38,css,a5df25f,Ishaan Kor,2025-02-15,06:29:33,-08:00,2025-02-14T22:29:33-08:00,0,30
style.css,39,css,a5df25f,Ishaan Kor,2025-02-15,06:29:33,-08:00,2025-02-14T22:29:33-08:00,0,30
style.css,40,css,a5df25f,Ishaan Kor,2025-02-15,06:29:33,-08:00,2025-02-14T22:29:33-08:00,0,30
style.css,41,css,a5df25f,Ishaan Kor,2025-02-15,06:29:33,-08:00,2025-02-14T22:29:33-08:00,0,30
style.css,42,css,a5df25f,Ishaan Kor,2025-02-15,06:29:33,-08:00,2025-02-14T22:29:33-08:00,0,30
style.css,43,css,a5df25f,Ishaan Kor,2025-02-15,06:29:33,-08:00,2025-02-14T22:29:33-08:00,0,30
style.css,44,css,a5df25f,Ishaan Kor,2025-02-15,06:29:33,-08:00,2025-02-14T22:29:33-08:00,0,30
style.css,45,css,a5df25f,Ishaan Kor,2025-02-15,06:29:33,-08:00,2025-02-14T22:29:33-08:00,0,30
style.css,46,css,a5df25f,Ishaan Kor,2025-02-15,06:29:33,-08:00,2025-02-14T22:29:33-08:00,0,30
style.css,47,css,a5df25f,Ishaan Kor,2025-02-15,06:29:33,-08:00,2025-02-14T22:29:33-08:00,0,30
style.css,48,css,a5df25f,Ishaan Kor,2025-02-15,06:29:33,-08:00,2025-02-14T22:29:33-08:00,0,30
style.css,49,css,a5df25f,Ishaan Kor,2025-02-15,06:29:33,-08:00,2025-02-14T22:29:33-08:00,0,30
style.css,50,css,a5df25f,Ishaan Kor,2025-02-15,06:29:33,-08:00,2025-02-14T22:29:33-08:00,0,30
meta/loc.csv,1,csv,95bdcc8,GitHub Action,2025-02-15,01:10:40,10:40Z,2025-02-15T01:10:40Z,1,30
meta/loc.csv,2,csv,95bdcc8,GitHub Action,2025-02-15,01:10:40,10:40Z,2025-02-15T01:10:40Z,1,30
meta/loc.csv,3,csv,95bdcc8,GitHub Action,2025-02-15,01:10:40,10:40Z,2025-02-15T01:10:40Z,1,30
meta/loc.csv,4,csv,95bdcc8,GitHub Action,2025-02-15,01:10:40,10:40Z,2025-02-15T01:10:40Z,1,30
meta/loc.csv,5,csv,95bdcc8,GitHub Action,2025-02-15,01:10:40,10:40Z,2025-02-15T01:10:40Z,1,30
meta/loc.csv,6,csv,95bdcc8,GitHub Action,2025-02-15,01:10:40,10:40Z,2025-02-15T01:10:40Z,1,30
meta/loc.csv,7,csv,95bdcc8,GitHub Action,2025-02-15,01:10:40,10:40Z,2025-02-15T01:10:40Z,1,30
meta/loc.csv,8,csv,95bdcc8,GitHub Action,2025-02-15,01:10:40,10:40Z,2025-02-15T01:10:40Z,1,30
meta/loc.csv,9,csv,95bdcc8,GitHub Action,2025-02-15,01:10:40,10:40Z,2025-02-15T01:10:40Z,1,30
meta/loc.csv,10,csv,95bdcc8,GitHub Action,2025-02-15,01:10:40,10:40Z,2025-02-15T01:10:40Z,1,30
meta/loc.csv,11,csv,95bdcc8,GitHub Action,2025-02-15,01:10:40,10:40Z,2025-02-15T01:10:40Z,1,30
meta/loc.csv,12,csv,95bdcc8,GitHub Action,2025-02-15,01:10:40,10:40Z,2025-02-15T01:10:40Z,1,30
meta/loc.csv,13,csv,95bdcc8,GitHub Action,2025-02-15,01:10:40,10:40Z,2025-02-15T01:10:40Z,1,30
meta/loc.csv,14,csv,95bdcc8,GitHub Action,2025-02-15,01:10:40,10:40Z,2025-02-15T01:10:40Z,1,30
meta/loc.csv,15,csv,95bdcc8,GitHub Action,2025-02-15,01:10:40,10:40Z,2025-02-15T01:10:40Z,1,30
meta/loc.csv,16,csv,95bdcc8,GitHub Action,2025-02-15,01:10:40,10:40Z,2025-02-15T01:10:40Z,1,30
meta/loc.csv,17,csv,95bdcc8,GitHub Action,2025-02-15,01:10:40,10:40Z,2025-02-15T01:10:40Z,1,30
meta/loc.csv,18,csv,95bdcc8,GitHub Action,2025-02-15,01:10:40,10:40Z,2025-02-15T01:10:40Z,1,30
meta/loc.csv,19,csv,95bdcc8,GitHub Action,2025-02-15,01:10:40,10:40Z,2025-02-15T01:10:40Z,1,30
meta/loc.csv,20,csv,95bdcc8,GitHub Action,2025-02-15,01:10:40,10:40Z,2025-02-15T01:10:40Z,1,30
meta/loc.csv,21,csv,95bdcc8,GitHub Action,2025-02-15,01:10:40,10:40Z,2025-02-15T01:10:40Z,1,30
meta/loc.csv,22,csv,95bdcc8,GitHub Action,2025-02-15,01:10:40,10:40Z,2025-02-15T01:10:40Z,1,30
meta/loc.csv,23,csv,95bdcc8,GitHub Action,2025-02-15,01:10:40,10:40Z,2025-02-15T01:10:40Z,1,30
meta/loc.csv,24,csv,95bdcc8,GitHub Action,2025-02-15,01:10:40,10:40Z,2025-02-15T01:10:40Z,1,30
meta/loc.csv,25,csv,95bdcc8,GitHub Action,2025-02-15,01:10:40,10:40Z,2025-02-15T01:10:40Z,1,30
meta/loc.csv,26,csv,95bdcc8,GitHub Action,2025-02-15,01:10:40,10:40Z,2025-02-15T01:10:40Z,1,30
meta/loc.csv,27,csv,95bdcc8,GitHub Action,2025-02-15,01:10:40,10:40Z,2025-02-15T01:10:40Z,1,30
meta/loc.csv,28,csv,95bdcc8,GitHub Action,2025-02-15,01:10:40,10:40Z,2025-02-15T01:10:40Z,1,30
meta/loc.csv,29,csv,95bdcc8,GitHub Action,2025-02-15,01:10:40,10:40Z,2025-02-15T01:10:40Z,1,30
meta/loc.csv,30,csv,95bdcc8,GitHub Action,2025-02-15,01:10:40,10:40Z,2025-02-15T01:10:40Z,1,30
meta/loc.csv,31,csv,95bdcc8,GitHub Action,2025-02-15,01:10:40,10:40Z,2025-02-15T01:10:40Z,1,30
meta/loc.csv,32,csv,95bdcc8,GitHub Action,2025-02-15,01:10:40,10:40Z,2025-02-15T01:10:40Z,1,30
meta/loc.csv,33,csv,95bdcc8,GitHub Action,2025-02-15,01:10:40,10:40Z,2025-02-15T01:10:40Z,1,30
meta/loc.csv,34,csv,95bdcc8,GitHub Action,2025-02-15,01:10:40,10:40Z,2025-02-15T01:10:40Z,1,30
meta/loc.csv,35,csv,95bdcc8,GitHub Action,2025-02-15,01:10:40,10:40Z,2025-02-15T01:10:40Z,1,30
meta/loc.csv,36,csv,95bdcc8,GitHub Action,2025-02-15,01:10:40,10:40Z,2025-02-15T01:10:40Z,1,30
meta/loc.csv,37,csv,95bdcc8,GitHub Action,2025-02-15,01:10:40,10:40Z,2025-02-15T01:10:40Z,1,30
meta/loc.csv,38,csv,95bdcc8,GitHub Action,2025-02-15,01:10:40,10:40Z,2025-02-15T01:10:40Z,1,30
meta/loc.csv,39,csv,95bdcc8,GitHub Action,2025-02-15,01:10:40,10:40Z,2025-02-15T01:10:40Z,1,30
meta/loc.csv,40,csv,95bdcc8,GitHub Action,2025-02-15,01:10:40,10:40Z,2025-02-15T01:10:40Z,1,30
meta/loc.csv,41,csv,95bdcc8,GitHub Action,2025-02-15,01:10:40,10:40Z,2025-02-15T01:10:40Z,1,30
meta/loc.csv,42,csv,95bdcc8,GitHub Action,2025-02-15,01:10:40,10:40Z,2025-02-15T01:10:40Z,1,30
meta/loc.csv,43,csv,95bdcc8,GitHub Action,2025-02-15,01:10:40,10:40Z,2025-02-15T01:10:40Z,1,30
meta/loc.csv,44,csv,95bdcc8,GitHub Action,2025-02-15,01:10:40,10:40Z,2025-02-15T01:10:40Z,1,30
meta/loc.csv,45,csv,95bdcc8,GitHub Action,2025-02-15,01:10:40,10:40Z,2025-02-15T01:10:40Z,1,30
meta/loc.csv,46,csv,95bdcc8,GitHub Action,2025-02-15,01:10:40,10:40Z,2025-02-15T01:10:40Z,1,30
meta/loc.csv,47,csv,95bdcc8,GitHub Action,2025-02-15,01:10:40,10:40Z,2025-02-15T01:10:40Z,1,30
meta/loc.csv,48,csv,95bdcc8,GitHub Action,2025-02-15,01:10:40,10:40Z,2025-02-15T01:10:40Z,1,30
meta/loc.csv,49,csv,95bdcc8,GitHub Action,2025-02-15,01:10:40,10:40Z,2025-02-15T01:10:40Z,1,30
meta/loc.csv,50,csv,95bdcc8,GitHub Action,2025-02-15,01:10:40,10:40Z,2025-02-15T01:10:40Z,1,30
.github/workflows/deploy.yml,1,yml,e92b636,Ishaan Kor,2025-02-15,01:10:11,-08:00,2025-02-14T17:10:11-08:00,2,30
.github/workflows/deploy.yml,2,yml,e92b636,Ishaan Kor,2025-02-15,01:10:11,-08:00,2025-02-14T17:10:11-08:00,2,30
.github/workflows/deploy.yml,3,yml,e92b636,Ishaan Kor,2025-02-15,01:10:11,-08:00,2025-02-14T17:10:11-08:00,2,30
.github/workflows/deploy.yml,4,yml,e92b636,Ishaan Kor,2025-02-15,01:10:11,-08:00,2025-02-14T17:10:11-08:00,2,30
.github/workflows/deploy.yml,5,yml,e92b636,Ishaan Kor,2025-02-15,01:10:11,-08:00,2025-02-14T17:10:11-08:00,2,30
.github/workflows/deploy.yml,6,yml,e92b636,Ishaan Kor,2025-02-15,01:10:11,-08:00,2025-02-14T17:10:11-08:00,2,30
.github/workflows/deploy.yml,7,yml,e92b636,Ishaan Kor,2025-02-15,01:10:11,-08:00,2025-02-14T17:10:11-08:00,2,30
.github/workflows/deploy.yml,8,yml,e92b636,Ishaan Kor,2025-02-15,01:10:11,-08:00,2025-02-14T17:10:11-08:00,2,30
.github/workflows/deploy.yml,9,yml,e92b636,Ishaan Kor,2025-02-15,01:10:11,-08:00,2025-02-14T17:10:11-08:00,2,30
.github/workflows/deploy.yml,10,yml,e92b636,Ishaan Kor,2025-02-15,01:10:11,-08:00,2025-02-14T17:10:11-08:00,2,30
.github/workflows/deploy.yml,11,yml,e92b636,Ishaan Kor,2025-02-15,01:10:11,-08:00,2025-02-14T17:10:11-08:00,2,30
.github/workflows/deploy.yml,12,yml,e92b636,Ishaan Kor,2025-02-15,01:10:11,-08:00,2025-02-14T17:10:11-08:00,2,30
.github/workflows/deploy.yml,13,yml,e92b636,Ishaan Kor,2025-02-15,01:10:11,-08:00,2025-02-14T17:10:11-08:00,2,30
.github/workflows/deploy.yml,14,yml,e92b636,Ishaan Kor,2025-02-15,01:10:11,-08:00,2025-02-14T17:10:11-08:00,2,30
.github/workflows/deploy.yml,15,yml,e92b636,Ishaan Kor,2025-02-15,01:10:11,-08:00,2025-02-14T17:10:11-08:00,2,30
.github/workflows/deploy.yml,16,yml,e92b636,Ishaan Kor,2025-02-15,01:10:11,-08:00,2025-02-14T17:10:11-08:00,2,30
.github/workflows/deploy.yml,17,yml,e92b636,Ishaan Kor,2025-02-15,01:10:11,-08:00,2025-02-14T17:10:11-08:00,2,30
.github/workflows/deploy.yml,18,yml,e92b636,Ishaan Kor,2025-02-15,01:10:11,-08:00,2025-02-14T17:10:11-08:00,2,30
.github/workflows/deploy.yml,19,yml,e92b636,Ishaan Kor,2025-02-15,01:10:11,-08:00,2025-02-14T17:10:11-08:00,2,30
.github/workflows/deploy.yml,20,yml,e92b636,Ishaan Kor,2025-02-15,01:10:11,-08:00,2025-02-14T17:10:11-08:00,2,30
.github/workflows/deploy.yml,21,yml,e92b636,Ishaan Kor,2025-02-15,01:10:11,-08:00,2025-02-14T17:10:11-08:00,2,30
.github/workflows/deploy.yml,22,yml,e92b636,Ishaan Kor,2025-02-15,01:10:11,-08:00,2025-02-14T17:10:11-08:00,2,30
.github/workflows/deploy.yml,23,yml,e92b636,Ishaan Kor,2025-02-15,01:10:11,-08:00,2025-02-14T17:10:11-08:00,2,30
.github/workflows/deploy.yml,24,yml,e92b636,Ishaan Kor,2025-02-15,01:10:11,-08:00,2025-02-14T17:10:11-08:00,2,30
.github/workflows/deploy.yml,25,yml,e92b636,Ishaan Kor,2025-02-15,01:10:11,-08:00,2025-02-14T17:10:11-08:00,2,30
.github/workflows/deploy.yml,26,yml,e92b636,Ishaan Kor,2025-02-15,01:10:11,-08:00,2025-02-14T17:10:11-08:00,2,30
.github/workflows/deploy.yml,27,yml,e92b636,Ishaan Kor,2025-02-15,01:10:11,-08:00,2025-02-14T17:10:11-08:00,2,30
.github/workflows/deploy.yml,28,yml,e92b636,Ishaan Kor,2025-02-15,01:10:11,-08:00,2025-02-14T17:10:11-08:00,2,30
.github/workflows/deploy.yml,29,yml,e92b636,Ishaan Kor,2025-02-15,01:10:11,-08:00,2025-02-14T17:10:11-08:00,2,30
.github/workflows/deploy.yml,30,yml,e92b636,Ishaan Kor,2025-02-15,01:10:11,-08:00,2025-02-14T17:10:11-08:00,2,30
.github/workflows/deploy.yml,31,yml,e92b636,Ishaan Kor,2025-02-15,01:10:11,-08:00,2025-02-14T17:10:11-08:00,2,30
.github/workflows/deploy.yml,32,yml,e92b636,Ishaan Kor,2025-02-15,01:10:11,-08:00,2025-02-14T17:10:11-08:00,2,30
.github/workflows/deploy.yml,33,yml,e92b636,Ishaan Kor,2025-02-15,01:10:11,-08:00,2025-02-14T17:10:11-08:00,2,30
.github/workflows/deploy.yml,34,yml,e92b636,Ishaan Kor,2025-02-15,01:10:11,-08:00,2025-02-14T17:10:11-08:00,2,30
.github/workflows/deploy.yml,35,yml,e92b636,Ishaan Kor,2025-02-15,01:10:11,-08:00,2025-02-14T17:10:11-08:00,2,30
.github/workflows/deploy.yml,36,yml,e92b636,Ishaan Kor,2025-02-15,01:10:11,-08:00,2025-02-14T17:10:11-08:00,2,30
.gitignore,1,code,e92b636,Ishaan Kor,2025-02-15,01:10:11,-08:00,2025-02-14T17:10:11-08:00,0,30
.gitignore,2,code,e92b636,Ishaan Kor,2025-02-15,01:10:11,-08:00,2025-02-14T17:10:11-08:00,0,30
global.js,1,js,e92b636,Ishaan Kor,2025-02-15,01:10:11,-08:00,2025-02-14T17:10:11-08:00,0,30
meta/index.html,1,html,e92b636,Ishaan Kor,2025-02-15,01:10:11,-08:00,2025-02-14T17:10:11-08:00,1,30
meta/index.html,2,html,e92b636,Ishaan Kor,2025-02-15,01:10:11,-08:00,2025-02-14T17:10:11-08:00,1,30
meta/index.html,3,html,e92b636,Ishaan Kor,2025-02-15,01:10:11,-08:00,2025-02-14T17:10:11-08:00,1,30
meta/index.html,4,html,e92b636,Ishaan Kor,2025-02-15,01:10:11,-08:00,2025-02-14T17:10:11-08:00,1,30
meta/index.html,5,html,e92b636,Ishaan Kor,2025-02-15,01:10:11,-08:00,2025-02-14T17:10:11-08:00,1,30
meta/index.html,6,html,e92b636,Ishaan Kor,2025-02-15,01:10:11,-08:00,2025-02-14T17:10:11-08:00,1,30
meta/index.html,7,html,e92b636,Ishaan Kor,2025-02-15,01:10:11,-08:00,2025-02-14T17:10:11-08:00,1,30
meta/index.html,8,html,e92b636,Ishaan Kor,2025-02-15,01:10:11,-08:00,2025-02-14T17:10:11-08:00,1,30
meta/index.html,9,html,e92b636,Ishaan Kor,2025-02-15,01:10:11,-08:00,2025-02-14T17:10:11-08:00,1,30
meta/index.html,10,html,e92b636,Ishaan Kor,2025-02-15,01:10:11,-08:00,2025-02-14T17:10:11-08:00,1,30
meta/index.html,11,html,e92b636,Ishaan Kor,2025-02-15,01:10:11,-08:00,2025-02-14T17:10:11-08:00,1,30
meta/index.html,12,html,e92b636,Ishaan Kor,2025-02-15,01:10:11,-08:00,2025-02-14T17:10:11-08:00,1,30
meta/index.html,13,html,e92b636,Ishaan Kor,2025-02-15,01:10:11,-08:00,2025-02-14T17:10:11-08:00,1,30
meta/index.html,14,html,e92b636,Ishaan Kor,2025-02-15,01:10:11,-08:00,2025-02-14T17:10:11-08:00,1,30
meta/index.html,15,html,e92b636,Ishaan Kor,2025-02-15,01:10:11,-08:00,2025-02-14T17:10:11-08:00,1,30
meta/index.html,16,html,e92b636,Ishaan Kor,2025-02-15,01:10:11,-08:00,2025-02-14T17:10:11-08:00,1,30
projects/projects.js,1,js,173d1bb,Ishaan Kor,2025-02-09,02:05:36,-08:00,2025-02-08T18:05:36-08:00,1,30
projects/projects.js,2,js,173d1bb,Ishaan Kor,2025-02-09,02:05:36,-08:00,2025-02-08T18:05:36-08:00,1,30
projects/projects.js,3,js,173d1bb,Ishaan Kor,2025-02-09,02:05:36,-08:00,2025-02-08T18:05:36-08:00,1,30
projects/projects.js,4,js,173d1bb,Ishaan Kor,2025-02-09,02:05:36,-08:00,2025-02-08T18:05:36-08:00,1,30
style.css,1,css,173d1bb,Ishaan Kor,2025-02-09,02:05:36,-08:00,2025-02-08T18:05:36-08:00,0,30
style.css,2,css,173d1bb,Ishaan Kor,2025-02-09,02:05:36,-08:00,2025-02-08T18:05:36-08:00,0,30
style.css,3,css,173d1bb,Ishaan Kor,2025-02-09,02:05:36,-08:00,2025-02-08T18:05:36-08:00,0,30
style.css,4,css,173d1bb,Ishaan Kor,2025-02-09,02:05:36,-08:00,2025-02-08T18:05:36-08:00,0,30
style.css,5,css,173d1bb,Ishaan Kor,2025-02-09,02:05:36,-08:00,2025-02-08T18:05:36-08:00,0,30
style.css,6,css,173d1bb,Ishaan Kor,2025-02-09,02:05:36,-08:00,2025-02-08T18:05:36-08:00,0,30
global.js,1,js,70085f8,Ishaan Kor,2025-02-08,12:28:30,-08:00,2025-02-08T04:28:30-08:00,0,30
global.js,2,js,70085f8,Ishaan Kor,2025-02-08,12:28:30,-08:00,2025-02-08T04:28:30-08:00,0,30
global.js,3,js,70085f8,Ishaan Kor,2025-02-08,12:28:30,-08:00,2025-02-08T04:28:30-08:00,0,30
global.js,4,js,70085f8,Ishaan Kor,2025-02-08,12:28:30,-08:00,2025-02-08T04:28:30-08:00,0,30
global.js,5,js,70085f8,Ishaan Kor,2025-02-08,12:28:30,-08:00,2025-02-08T04:28:30-08:00,0,30
global.js,6,js,70085f8,Ishaan Kor,2025-02-08,12:28:30,-08:00,2025-02-08T04:28:30-08:00,0,30
global.js,7,js,70085f8,Ishaan Kor,2025-02-08,12:28:30,-08:00,2025-02-08T04:28:30-08:00,0,30
global.js,8,js,70085f8,Ishaan Kor,2025-02-08,12:28:30,-08:00,2025-02-08T04:28:30-08:00,0,30
global.js,1,js,9c8a08e,Ishaan Kor,2025-02-08,09:06:59,-08:00,2025-02-08T01:06:59-08:00,0,30
global.js,2,js,9c8a08e,Ishaan Kor,2025-02-08,09:06:59,-08:00,2025-02-08T01:06:59-08:00,0,30
global.js,3,js,9c8a08e,Ishaan Kor,2025-02-08,09:06:59,-08:00,2025-02-08T01:06:59-08:00,0,30
global.js,4,js,9c8a08e,Ishaan Kor,2025-02-08,09:06:59,-08:00,2025-02-08T01:06:59-08:00,0,30
global.js,5,js,9c8a08e,Ishaan Kor,2025-02-08,09:06:59,-08:00,2025-02-08T01:06:59-08:00,0,30
global.js,6,js,9c8a08e,Ishaan Kor,2025-02-08,09:06:59,-08:00,2025-02-08T01:06:59-08:00,0,30
global.js,7,js,9c8a08e,Ishaan Kor,2025-02-08,09:06:59,-08:00,2025-02-08T01:06:59-08:00,0,30
global.js,8,js,9c8a08e,Ishaan Kor,2025-02-08,09:06:59,-08:00,2025-02-08T01:06:59-08:00,0,30
style.css,1,css,9c8a08e,Ishaan Kor,2025-02-08,09:06:59,-08:00,2025-02-08T01:06:59-08:00,0,30
style.css,2,css,9c8a08e,Ishaan Kor,2025-02-08,09:06:59,-08:00,2025-02-08T01:06:59-08:00,0,30
global.js,1,js,ad82f1b,Ishaan Kor,2025-02-08,09:03:10,-08:00,2025-02-08T01:03:10-08:00,0,30
global.js,2,js,ad82f1b,Ishaan Kor,2025-02-08,09:03:10,-08:00,2025-02-08T01:03:10-08:00,0,30
global.js,3,js,ad82f1b,Ishaan Kor,2025-02-08,09:03:10,-08:00,2025-02-08T01:03:10-08:00,0,30
global.js,4,js,ad82f1b,Ishaan Kor,2025-02-08,09:03:10,-08:00,2025-02-08T01:03:10-08:00,0,30
global.js,5,js,ad82f1b,Ishaan Kor,2025-02-08,09:03:10,-08:00,2025-02-08T01:03:10-08:00,0,30
global.js,6,js,ad82f1b,Ishaan Kor,2025-02-08,09:03:10,-08:00,2025-02-08T01:03:10-08:00,0,30
global.js,7,js,ad82f1b,Ishaan Kor,2025-02-08,09:03:10,-08:00,2025-02-08T01:03:10-08:00,0,30
global.js,8,js,ad82f1b,Ishaan Kor,2025-02-08,09:03:10,-08:00,2025-02-08T01:03:10-08:00,0,30
global.js,9,js,ad82f1b,Ishaan Kor,2025-02-08,09:03:10,-08:00,2025-02-08T01:03:10-08:00,0,30
global.js,10,js,ad82f1b,Ishaan Kor,2025-02-08,09:03:10,-08:00,2025-02-08T01:03:10-08:00,0,30
global.js,11,js,ad82f1b,Ishaan Kor,2025-02-08,09:03:10,-08:00,2025-02-08T01:03:10-08:00,0,30
global.js,12,js,ad82f1b,Ishaan Kor,2025-02-08,09:03:10,-08:00,2025-02-08T01:03:10-08:00,0,30
global.js,13,js,ad82f1b,Ishaan Kor,2025-02-08,09:03:10,-08:00,2025-02-08T01:03:10-08:00,0,30
global.js,14,js,ad82f1b,Ishaan Kor,2025-02-08,09:03:10,-08:00,2025-02-08T01:03:10-08:00,0,30
global.js,15,js,ad82f1b,Ishaan Kor,2025-02-08,09:03:10,-08:00,2025-02-08T01:03:10-08:00,0,30
global.js,16,js,ad82f1b,Ishaan Kor,2025-02-08,09:03:10,-08:00,2025-02-08T01:03:10-08:00,0,30
global.js,17,js,ad82f1b,Ishaan Kor,2025-02-08,09:03:10,-08:00,2025-02-08T01:03:10-08:00,0,30
lib/projects.json,1,json,ad82f1b,Ishaan Kor,2025-02-08,09:03:10,-08:00,2025-02-08T01:03:10-08:00,1,30
lib/projects.json,2,json,ad82f1b,Ishaan Kor,2025-02-08,09:03:10,-08:00,2025-02-08T01:03:10-08:00,1,30
lib/projects.json,3,json,ad82f1b,Ishaan Kor,2025-02-08,09:03:10,-08:00,2025-02-08T01:03:10-08:00,1,30
lib/projects.json,4,json,ad82f1b,Ishaan Kor,2025-02-08,09:03:10,-08:00,2025-02-08T01:03:10-08:00,1,30
lib/projects.json,5,json,ad82f1b,Ishaan Kor,2025-02-08,09:03:10,-08:00,2025-02-08T01:03:10-08:00,1,30
lib/projects.json,6,json,ad82f1b,Ishaan Kor,2025-02-08,09:03:10,-08:00,2025-02-08T01:03:10-08:00,1,30
lib/projects.json,7,json,ad82f1b,Ishaan Kor,2025-02-08,09:03:10,-08:00,2025-02-08T01:03:10-08:00,1,30
lib/projects.json,8,json,ad82f1b,Ishaan Kor,2025-02-08,09:03:10,-08:00,2025-02-08T01:03:10-08:00,1,30
lib/projects.json,9,json,ad82f1b,Ishaan Kor,2025-02-08,09:03:10,-08:00,2025-02-08T01:03:10-08:00,1,30
lib/projects.json,10,json,ad82f1b,Ishaan Kor,2025-02-08,09:03:10,-08:00,2025-02-08T01:03:10-08:00,1,30
lib/projects.json,11,json,ad82f1b,Ishaan Kor,2025-02-08,09:03:10,-08:00,2025-02-08T01:03:10-08:00,1,30
projects/index.html,1,html,ad82f1b,Ishaan Kor,2025-02-08,09:03:10,-08:00,2025-02-08T01:03:10-08:00,1,30
projects/index.html,2,html,ad82f1b,Ishaan Kor,2025-02-08,09:03:10,-08:00,2025-02-08T01:03:10-08:00,1,30
projects/index.html,3,html,ad82f1b,Ishaan Kor,2025-02-08,09:03:10,-08:00,2025-02-08T01:03:10-08:00,1,30
projects/index.html,4,html,ad82f1b,Ishaan Kor,2025-02-08,09:03:10,-08:00,2025-02-08T01:03:10-08:00,1,30
projects/index.html,5,html,ad82f1b,Ishaan Kor,2025-02-08,09:03:10,-08:00,2025-02-08T01:03:10-08:00,1,30
projects/index.html,6,html,ad82f1b,Ishaan Kor,2025-02-08,09:03:10,-08:00,2025-02-08T01:03:10-08:00,1,30
projects/index.html,7,html,ad82f1b,Ishaan Kor,2025-02-08,09:03:10,-08:00,2025-02-08T01:03:10-08:00,1,30
projects/index.html,8,html,ad82f1b,Ishaan Kor,2025-02-08,09:03:10,-08:00,2025-02-08T01:03:10-08:00,1,30
projects/index.html,9,html,ad82f1b,Ishaan Kor,2025-02-08,09:03:10,-08:00,2025-02-08T01:03:10-08:00,1,30
projects/index.html,10,html,ad82f1b,Ishaan Kor,2025-02-08,09:03:10,-08:00,2025-02-08T01:03:10-08:00,1,30
projects/projects.js,1,js,ad82f1b,Ishaan Kor,2025-02-08,09:03:10,-08:00,2025-02-08T01:03:10-08:00,1,30
projects/projects.js,2,js,ad82f1b,Ishaan Kor,2025-02-08,09:03:10,-08:00,2025-02-08T01:03:10-08:00,1,30
projects/projects.js,3,js,ad82f1b,Ishaan Kor,2025-02-08,09:03:10,-08:00,2025-02-08T01:03:10-08:00,1,30
projects/projects.js,4,js,ad82f1b,Ishaan Kor,2025-02-08,09:03:10,-08:00,2025-02-08T01:03:10-08:00,1,30
projects/projects.js,5,js,ad82f1b,Ishaan Kor,2025-02-08,09:03:10,-08:00,2025-02-08T01:03:10-08:00,1,30
projects/projects.js,6,js,ad82f1b,Ishaan Kor,2025-02-08,09:03:10,-08:00,2025-02-08T01:03:10-08:00,1,30
projects/projects.js,7,js,ad82f1b,Ishaan Kor,2025-02-08,09:03:10,-08:00,2025-02-08T01:03:10-08:00,1,30
projects/projects.js,8,js,ad82f1b,Ishaan Kor,2025-02-08,09:03:10,-08:00,2025-02-08T01:03:10-08:00,1,30
projects/projects.js,9,js,ad82f1b,Ishaan Kor,2025-02-08,09:03:10,-08:00,2025-02-08T01:03:10-08:00,1,30
projects/projects.js,10,js,ad82f1b,Ishaan Kor,2025-02-08,09:03:10,-08:00,2025-02-08T01:03:10-08:00,1,30
projects/projects.js,11,js,ad82f1b,Ishaan Kor,2025-02-08,09:03:10,-08:00,2025-02-08T01:03:10-08:00,1,30
projects/projects.js,12,js,ad82f1b,Ishaan Kor,2025-02-08,09:03:10,-08:00,2025-02-08T01:03:10-08:00,1,30
projects/projects.js,13,js,ad82f1b,Ishaan Kor,2025-02-08,09:03:10,-08:00,2025-02-08T01:03:10-08:00,1,30
projects/projects.js,14,js,ad82f1b,Ishaan Kor,2025-02-08,09:03:10,-08:00,2025-02-08T01:03:10-08:00,1,30
projects/projects.js,15,js,ad82f1b,Ishaan Kor,2025-02-08,09:03:10,-08:00,2025-02-08T01:03:10-08:00,1,30
projects/projects.js,16,js,ad82f1b,Ishaan Kor,2025-02-08,09:03:10,-08:00,2025-02-08T01:03:10-08:00,1,30
projects/projects.js,17,js,ad82f1b,Ishaan Kor,2025-02-08,09:03:10,-08:00,2025-02-08T01:03:10-08:00,1,30
projects/projects.js,18,js,ad82f1b,Ishaan Kor,2025-02-08,09:03:10,-08:00,2025-02-08T01:03:10-08:00,1,30
projects/projects.js,19,js,ad82f1b,Ishaan Kor,2025-02-08,09:03:10,-08:00,2025-02-08T01:03:10-08:00,1,30
projects/projects.js,20,js,ad82f1b,Ishaan Kor,2025-02-08,09:03:10,-08:00,2025-02-08T01:03:10-08:00,1,30
projects/projects.js,21,js,ad82f1b,Ishaan Kor,2025-02-08,09:03:10,-08:00,2025-02-08T01:03:10-08:00,1,30
projects/projects.js,22,js,ad82f1b,Ishaan Kor,2025-02-08,09:03:10,-08:00,2025-02-08T01:03:10-08:00,1,30
projects/projects.js,23,js,ad82f1b,Ishaan Kor,2025-02-08,09:03:10,-08:00,2025-02-08T01:03:10-08:00,1,30
projects/projects.js,24,js,ad82f1b,Ishaan Kor,2025-02-08,09:03:10,-08:00,2025-02-08T01:03:10-08:00,1,30
projects/projects.js,25,js,ad82f1b,Ishaan Kor,2025-02-08,09:03:10,-08:00,2025-02-08T01:03:10-08:00,1,30
projects/projects.js,26,js,ad82f1b,Ishaan Kor,2025-02-08,09:03:10,-08:00,2025-02-08T01:03:10-08:00,1,30
projects/projects.js,27,js,ad82f1b,Ishaan Kor,2025-02-08,09:03:10,-08:00,2025-02-08T01:03:10-08:00,1,30
projects/projects.js,28,js,ad82f1b,Ishaan Kor,2025-02-08,09:03:10,-08:00,2025-02-08T01:03:10-08:00,1,30
projects/projects.js,29,js,ad82f1b,Ishaan Kor,2025-02-08,09:03:10,-08:00,2025-02-08T01:03:10-08:00,1,30
projects/projects.js,30,js,ad82f1b,Ishaan Kor,2025-02-08,09:03:10,-08:00,2025-02-08T01:03:10-08:00,1,30
projects/projects.js,31,js,ad82f1b,Ishaan Kor,2025-02-08,09:03:10,-08:00,2025-02-08T01:03:10-08:00,1,30
projects/projects.js,32,js,ad82f1b,Ishaan Kor,2025-02-08,09:03:10,-08:00,2025-02-08T01:03:10-08:00,1,30
projects/projects.js,33,js,ad82f1b,Ishaan Kor,2025-02-08,09:03:10,-08:00,2025-02-08T01:03:10-08:00,1,30
projects/projects.js,34,js,ad82f1b,Ishaan Kor,2025-02-08,09:03:10,-08:00,2025-02-08T01:03:10-08:00,1,30
projects/projects.js,35,js,ad82f1b,Ishaan Kor,2025-02-08,09:03:10,-08:00,2025-02-08T01:03:10-08:00,1,30
projects/projects.js,36,js,ad82f1b,Ishaan Kor,2025-02-08,09:03:10,-08:00,2025-02-08T01:03:10-08:00,1,30
projects/projects.js,37,js,ad82f1b,Ishaan Kor,2025-02-08,09:03:10,-08:00,2025-02-08T01:03:10-08:00,1,30
projects/projects.js,38,js,ad82f1b,Ishaan Kor,2025-02-08,09:03:10,-08:00,2025-02-08T01:03:10-08:00,1,30
projects/projects.js,39,js,ad82f1b,Ishaan Kor,2025-02-08,09:03:10,-08:00,2025-02-08T01:03:10-08:00,1,30
projects/projects.js,40,js,ad82f1b,Ishaan Kor,2025-02-08,09:03:10,-08:00,2025-02-08T01:03:10-08:00,1,30
projects/projects.js,41,js,ad82f1b,Ishaan Kor,2025-02-08,09:03:10,-08:00,2025-02-08T01:03:10-08:00,1,30
projects/projects.js,42,js,ad82f1b,Ishaan Kor,2025-02-08,09:03:10,-08:00,2025-02-08T01:03:10-08:00,1,30
projects/projects.js,43,js,ad82f1b,Ishaan Kor,2025-02-08,09:03:10,-08:00,2025-02-08T01:03:10-08:00,1,30
projects/projects.js,44,js,ad82f1b,Ishaan Kor,2025-02-08,09:03:10,-08:00,2025-02-08T01:03:10-08:00,1,30
projects/projects.js,45,js,ad82f1b,Ishaan Kor,2025-02-08,09:03:10,-08:00,2025-02-08T01:03:10-08:00,1,30
projects/projects.js,46,js,ad82f1b,Ishaan Kor,2025-02-08,09:03:10,-08:00,2025-02-08T01:03:10-08:00,1,30
projects/projects.js,47,js,ad82f1b,Ishaan Kor,2025-02-08,09:03:10,-08:00,2025-02-08T01:03:10-08:00,1,30
projects/projects.js,48,js,ad82f1b,Ishaan Kor,2025-02-08,09:03:10,-08:00,2025-02-08T01:03:10-08:00,1,30
projects/projects.js,49,js,ad82f1b,Ishaan Kor,2025-02-08,09:03:10,-08:00,2025-02-08T01:03:10-08:00,1,30
projects/projects.js,50,js,ad82f1b,Ishaan Kor,2025-02-08,09:03:10,-08:00,2025-02-08T01:03:10-08:00,1,30
style.css,1,css,ad82f1b,Ishaan Kor,2025-02-08,09:03:10,-08:00,2025-02-08T01:03:10-08:00,0,30
style.css,2,css,ad82f1b,Ishaan Kor,2025-02-08,09:03:10,-08:00,2025-02-08T01:03:10-08:00,0,30
style.css,3,css,ad82f1b,Ishaan Kor,2025-02-08,09:03:10,-08:00,2025-02-08T01:03:10-08:00,0,30
style.css,4,css,ad82f1b,Ishaan Kor,2025-02-08,09:03:10,-08:00,2025-02-08T01:03:10-08:00,0,30
style.css,5,css,ad82f1b,Ishaan Kor,2025-02-08,09:03:10,-08:00,2025-02-08T01:03:10-08:00,0,30
style.css,6,css,ad82f1b,Ishaan Kor,2025-02-08,09:03:10,-08:00,2025-02-08T01:03:10-08:00,0,30
style.css,7,css,ad82f1b,Ishaan Kor,2025-02-08,09:03:10,-08:00,2025-02-08T01:03:10-08:00,0,30
style.css,8,css,ad82f1b,Ishaan Kor,2025-02-08,09:03:10,-08:00,2025-02-08T01:03:10-08:00,0,30
style.css,9,css,ad82f1b,Ishaan Kor,2025-02-08,09:03:10,-08:00,2025-02-08T01:03:10-08:00,0,30
style.css,10,css,ad82f1b,Ishaan Kor,2025-02-08,09:03:10,-08:00,2025-02-08T01:03:10-08:00,0,30
style.css,11,css,ad82f1b,Ishaan Kor,2025-02-08,09:03:10,-08:00,2025-02-08T01:03:10-08:00,0,30
style.css,12,css,ad82f1b,Ishaan Kor,2025-02-08,09:03:10,-08:00,2025-02-08T01:03:10-08:00,0,30
style.css,13,css,ad82f1b,Ishaan Kor,2025-02-08,09:03:10,-08:00,2025-02-08T01:03:10-08:00,0,30
style.css,14,css,ad82f1b,Ishaan Kor,2025-02-08,09:03:10,-08:00,2025-02-08T01:03:10-08:00,0,30
style.css,15,css,ad82f1b,Ishaan Kor,2025-02-08,09:03:10,-08:00,2025-02-08T01:03:10-08:00,0,30
style.css,16,css,ad82f1b,Ishaan Kor,2025-02-08,09:03:10,-08:00,2025-02-08T01:03:10-08:00,0,30
style.css,17,css,ad82f1b,Ishaan Kor,2025-02-08,09:03:10,-08:00,2025-02-08T01:03:10-08:00,0,30
style.css,18,css,ad82f1b,Ishaan Kor,2025-02-08,09:03:10,-08:00,2025-02-08T01:03:10-08:00,0,30
style.css,19,css,ad82f1b,Ishaan Kor,2025-02-08,09:03:10,-08:00,2025-02-08T01:03:10-08:00,0,30
style.css,20,css,ad82f1b,Ishaan Kor,2025-02-08,09:03:10,-08:00,2025-02-08T01:03:10-08:00,0,30
style.css,21,css,ad82f1b,Ishaan Kor,2025-02-08,09:03:10,-08:00,2025-02-08T01:03:10-08:00,0,30
style.css,22,css,ad82f1b,Ishaan Kor,2025-02-08,09:03:10,-08:00,2025-02-08T01:03:10-08:00,0,30
style.css,23,css,ad82f1b,Ishaan Kor,2025-02-08,09:03:10,-08:00,2025-02-08T01:03:10-08:00,0,30
style.css,24,css,ad82f1b,Ishaan Kor,2025-02-08,09:03:10,-08:00,2025-02-08T01:03:10-08:00,0,30
style.css,25,css,ad82f1b,Ishaan Kor,2025-02-08,09:03:10,-08:00,2025-02-08T01:03:10-08:00,0,30
style.css,26,css,ad82f1b,Ishaan Kor,2025-02-08,09:03:10,-08:00,2025-02-08T01:03:10-08:00,0,30
style.css,27,css,ad82f1b,Ishaan Kor,2025-02-08,09:03:10,-08:00,2025-02-08T01:03:10-08:00,0,30
style.css,28,css,ad82f1b,Ishaan Kor,2025-02-08,09:03:10,-08:00,2025-02-08T01:03:10-08:00,0,30
style.css,29,css,ad82f1b,Ishaan Kor,2025-02-08,09:03:10,-08:00,2025-02-08T01:03:10-08:00,0,30
style.css,30,css,ad82f1b,Ishaan Kor,2025-02-08,09:03:10,-08:00,2025-02-08T01:03:10-08:00,0,30
style.css,31,css,ad82f1b,Ishaan Kor,2025-02-08,09:03:10,-08:00,2025-02-08T01:03:10-08:00,0,30
style.css,32,css,ad82f1b,Ishaan Kor,2025-02-08,09:03:10,-08:00,2025-02-08T01:03:10-08:00,0,30
style.css,33,css,ad82f1b,Ishaan Kor,2025-02-08,09:03:10,-08:00,2025-02-08T01:03:10-08:00,0,30
style.css,34,css,ad82f1b,Ishaan Kor,2025-02-08,09:03:10,-08:00,2025-02-08T01:03:10-08:00,0,30
style.css,35,css,ad82f1b,Ishaan Kor,2025-02-08,09:03:10,-08:00,2025-02-08T01:03:10-08:00,0,30
style.css,36,css,ad82f1b,Ishaan Kor,2025-02-08,09:03:10,-08:00,2025-02-08T01:03:10-08:00,0,30
style.css,37,css,ad82f1b,Ishaan Kor,2025-02-08,09:03:10,-08:00,2025-02-08T01:03:10-08:00,0,30
style.css,38,css,ad82f1b,Ishaan Kor,2025-02-08,09:03:10,-08:00,2025-02-08T01:03:10-08:00,0,30
style.css,39,css,ad82f1b,Ishaan Kor,2025-02-08,09:03:10,-08:00,2025-02-08T01:03:10-08:00,0,30
style.css,40,css,ad82f1b,Ishaan Kor,2025-02-08,09:03:10,-08:00,2025-02-08T01:03:10-08:00,0,30
style.css,41,css,ad82f1b,Ishaan Kor,2025-02-08,09:03:10,-08:00,2025-02-08T01:03:10-08:00,0,30
style.css,42,css,ad82f1b,Ishaan Kor,2025-02-08,09:03:10,-08:00,2025-02-08T01:03:10-08:00,0,30
style.css,43,css,ad82f1b,Ishaan Kor,2025-02-08,09:03:10,-08:00,2025-02-08T01:03:10-08:00,0,30
style.css,44,css,ad82f1b,Ishaan Kor,2025-02-08,09:03:10,-08:00,2025-02-08T01:03:10-08:00,0,30
style.css,45,css,ad82f1b,Ishaan Kor,2025-02-08,09:03:10,-08:00,2025-02-08T01:03:10-08:00,0,30
style.css,46,css,ad82f1b,Ishaan Kor,2025-02-08,09:03:10,-08:00,2025-02-08T01:03:10-08:00,0,30
style.css,47,css,ad82f1b,Ishaan Kor,2025-02-08,09:03:10,-08:00,2025-02-08T01:03:10-08:00,0,30
style.css,48,css,ad82f1b,Ishaan Kor,2025-02-08,09:03:10,-08:00,2025-02-08T01:03:10-08:00,0,30
style.css,49,css,ad82f1b,Ishaan Kor,2025-02-08,09:03:10,-08:00,2025-02-08T01:03:10-08:00,0,30
style.css,50,css,ad82f1b,Ishaan Kor,2025-02-08,09:03:10,-08:00,2025-02-08T01:03:10-08:00,0,30
style.css,1,css,ac5cbb0,Ishaan Kor,2025-02-01,04:48:45,-08:00,2025-01-31T20:48:45-08:00,0,30
style.css,2,css,ac5cbb0,Ishaan Kor,2025-02-01,04:48:45,-08:00,2025-01-31T20:48:45-08:00,0,30
style.css,3,css,ac5cbb0,Ishaan Kor,2025-02-01,04:48:45,-08:00,2025-01-31T20:48:45-08:00,0,30
style.css,4,css,ac5cbb0,Ishaan Kor,2025-02-01,04:48:45,-08:00,2025-01-31T20:48:45-08:00,0,30
style.css,5,css,ac5cbb0,Ishaan Kor,2025-02-01,04:48:45,-08:00,2025-01-31T20:48:45-08:00,0,30
style.css,6,css,ac5cbb0,Ishaan Kor,2025-02-01,04:48:45,-08:00,2025-01-31T20:48:45-08:00,0,30
style.css,7,css,ac5cbb0,Ishaan Kor,2025-02-01,04:48:45,-08:00,2025-01-31T20:48:45-08:00,0,30
style.css,8,css,ac5cbb0,Ishaan Kor,2025-02-01,04:48:45,-08:00,2025-01-31T20:48:45-08:00,0,30
style.css,9,css,ac5cbb0,Ishaan Kor,2025-02-01,04:48:45,-08:00,2025-01-31T20:48:45-08:00,0,30
style.css,10,css,ac5cbb0,Ishaan Kor,2025-02-01,04:48:45,-08:00,2025-01-31T20:48:45-08:00,0,30
style.css,11,css,ac5cbb0,Ishaan Kor,2025-02-01,04:48:45,-08:00,2025-01-31T20:48:45-08:00,0,30
style.css,12,css,ac5cbb0,Ishaan Kor,2025-02-01,04:48:45,-08:00,2025-01-31T20:48:45-08:00,0,30
global.js,1,js,4109cba,Ishaan Kor,2025-02-01,04:40:26,-08:00,2025-01-31T20:40:26-08:00,0,30
global.js,2,js,4109cba,Ishaan Kor,2025-02-01,04:40:26,-08:00,2025-01-31T20:40:26-08:00,0,30
global.js,3,js,4109cba,Ishaan Kor,2025-02-01,04:40:26,-08:00,2025-01-31T20:40:26-08:00,0,30
global.js,4,js,4109cba,Ishaan Kor,2025-02-01,04:40:26,-08:00,2025-01-31T20:40:26-08:00,0,30
global.js,5,js,4109cba,Ishaan Kor,2025-02-01,04:40:26,-08:00,2025-01-31T20:40:26-08:00,0,30
global.js,6,js,4109cba,Ishaan Kor,2025-02-01,04:40:26,-08:00,2025-01-31T20:40:26-08:00,0,30
global.js,1,js,5695470,Ishaan Kor,2025-02-01,04:36:59,-08:00,2025-01-31T20:36:59-08:00,0,30
global.js,2,js,5695470,Ishaan Kor,2025-02-01,04:36:59,-08:00,2025-01-31T20:36:59-08:00,0,30
global.js,3,js,5695470,Ishaan Kor,2025-02-01,04:36:59,-08:00,2025-01-31T20:36:59-08:00,0,30
global.js,4,js,5695470,Ishaan Kor,2025-02-01,04:36:59,-08:00,2025-01-31T20:36:59-08:00,0,30
global.js,5,js,5695470,Ishaan Kor,2025-02-01,04:36:59,-08:00,2025-01-31T20:36:59-08:00,0,30
global.js,6,js,5695470,Ishaan Kor,2025-02-01,04:36:59,-08:00,2025-01-31T20:36:59-08:00,0,30
global.js,7,js,5695470,Ishaan Kor,2025-02-01,04:36:59,-08:00,2025-01-31T20:36:59-08:00,0,30
global.js,8,js,5695470,Ishaan Kor,2025-02-01,04:36:59,-08:00,2025-01-31T20:36:59-08:00,0,30
global.js,1,js,641190e,Ishaan Kor,2025-02-01,04:34:06,-08:00,2025-01-31T20:34:06-08:00,0,30
global.js,2,js,641190e,Ishaan Kor,2025-02-01,04:34:06,-08:00,2025-01-31T20:34:06-08:00,0,30
global.js,3,js,641190e,Ishaan Kor,2025-02-01,04:34:06,-08:00,2025-01-31T20:34:06-08:00,0,30
global.js,4,js,641190e,Ishaan Kor,2025-02-01,04:34:06,-08:00,2025-01-31T20:34:06-08:00,0,30
global.js,5,js,641190e,Ishaan Kor,2025-02-01,04:34:06,-08:00,2025-01-31T20:34:06-08:00,0,30
global.js,6,js,641190e,Ishaan Kor,2025-02-01,04:34:06,-08:00,2025-01-31T20:34:06-08:00,0,30
global.js,7,js,641190e,Ishaan Kor,2025-02-01,04:34:06,-08:00,2025-01-31T20:34:06-08:00,0,30
global.js,8,js,641190e,Ishaan Kor,2025-02-01,04:34:06,-08:00,2025-01-31T20:34:06-08:00,0,30
global.js,9,js,641190e,Ishaan Kor,2025-02-01,04:34:06,-08:00,2025-01-31T20:34:06-08:00,0,30
global.js,10,js,641190e,Ishaan Kor,2025-02-01,04:34:06,-08:00,2025-01-31T20:34:06-08:00,0,30
global.js,11,js,641190e,Ishaan Kor,2025-02-01,04:34:06,-08:00,2025-01-31T20:34:06-08:00,0,30
global.js,12,js,641190e,Ishaan Kor,2025-02-01,04:34:06,-08:00,2025-01-31T20:34:06-08:00,0,30
global.js,13,js,641190e,Ishaan Kor,2025-02-01,04:34:06,-08:00,2025-01-31T20:34:06-08:00,0,30
global.js,14,js,641190e,Ishaan Kor,2025-02-01,04:34:06,-08:00,2025-01-31T20:34:06-08:00,0,30
global.js,15,js,641190e,Ishaan Kor,2025-02-01,04:34:06,-08:00,2025-01-31T20:34:06-08:00,0,30
global.js,16,js,641190e,Ishaan Kor,2025-02-01,04:34:06,-08:00,2025-01-31T20:34:06-08:00,0,30
global.js,17,js,641190e,Ishaan Kor,2025-02-01,04:34:06,-08:00,2025-01-31T20:34:06-08:00,0,30
global.js,18,js,641190e,Ishaan Kor,2025-02-01,04:34:06,-08:00,2025-01-31T20:34:06-08:00,0,30
global.js,19,js,641190e,Ishaan Kor,2025-02-01,04:34:06,-08:00,2025-01-31T20:34:06-08:00,0,30
global.js,20,js,641190e,Ishaan Kor,2025-02-01,04:34:06,-08:00,2025-01-31T20:34:06-08:00,0,30
global.js,21,js,641190e,Ishaan Kor,2025-02-01,04:34:06,-08:00,2025-01-31T20:34:06-08:00,0,30
global.js,22,js,641190e,Ishaan Kor,2025-02-01,04:34:06,-08:00,2025-01-31T20:34:06-08:00,0,30
global.js,23,js,641190e,Ishaan Kor,2025-02-01,04:34:06,-08:00,2025-01-31T20:34:06-08:00,0,30
global.js,24,js,641190e,Ishaan Kor,2025-02-01,04:34:06,-08:00,2025-01-31T20:34:06-08:00,0,30
global.js,25,js,641190e,Ishaan Kor,2025-02-01,04:34:06,-08:00,2025-01-31T20:34:06-08:00,0,30
global.js,26,js,641190e,Ishaan Kor,2025-02-01,04:34:06,-08:00,2025-01-31T20:34:06-08:00,0,30
global.js,27,js,641190e,Ishaan Kor,2025-02-01,04:34:06,-08:00,2025-01-31T20:34:06-08:00,0,30
index.html,1,html,641190e,Ishaan Kor,2025-02-01,04:34:06,-08:00,2025-01-31T20:34:06-08:00,0,30
index.html,2,html,641190e,Ishaan Kor,2025-02-01,04:34:06,-08:00,2025-01-31T20:34:06-08:00,0,30
index.html,3,html,641190e,Ishaan Kor,2025-02-01,04:34:06,-08:00,2025-01-31T20:34:06-08:00,0,30
index.html,4,html,641190e,Ishaan Kor,2025-02-01,04:34:06,-08:00,2025-01-31T20:34:06-08:00,0,30
index.html,5,html,641190e,Ishaan Kor,2025-02-01,04:34:06,-08:00,2025-01-31T20:34:06-08:00,0,30
index.html,6,html,641190e,Ishaan Kor,2025-02-01,04:34:06,-08:00,2025-01-31T20:34:06-08:00,0,30
index.html,7,html,641190e,Ishaan Kor,2025-02-01,04:34:06,-08:00,2025-01-31T20:34:06-08:00,0,30
index.html,8,html,641190e,Ishaan Kor,2025-02-01,04:34:06,-08:00,2025-01-31T20:34:06-08:00,0,30
index.html,9,html,641190e,Ishaan Kor,2025-02-01,04:34:06,-08:00,2025-01-31T20:34:06-08:00,0,30
index.html,10,html,641190e,Ishaan Kor,2025-02-01,04:34:06,-08:00,2025-01-31T20:34:06-08:00,0,30
index.js,1,js,641190e,Ishaan Kor,2025-02-01,04:34:06,-08:00,2025-01-31T20:34:06-08:00,0,30
index.js,2,js,641190e,Ishaan Kor,2025-02-01,04:34:06,-08:00,2025-01-31T20:34:06-08:00,0,30
index.js,3,js,641190e,Ishaan Kor,2025-02-01,04:34:06,-08:00,2025-01-31T20:34:06-08:00,0,30
index.js,4,js,641190e,Ishaan Kor,2025-02-01,04:34:06,-08:00,2025-01-31T20:34:06-08:00,0,30
index.js,5,js,641190e,Ishaan Kor,2025-02-01,04:34:06,-08:00,2025-01-31T20:34:06-08:00,0,30
index.js,6,js,641190e,Ishaan Kor,2025-02-01,04:34:06,-08:00,2025-01-31T20:34:06-08:00,0,30
index.js,7,js,641190e,Ishaan Kor,2025-02-01,04:34:06,-08:00,2025-01-31T20:34:06-08:00,0,30
index.js,8,js,641190e,Ishaan Kor,2025-02-01,04:34:06,-08:00,2025-01-31T20:34:06-08:00,0,30
index.js,9,js,641190e,Ishaan Kor,2025-02-01,04:34:06,-08:00,2025-01-31T20:34:06-08:00,0,30
index.js,10,js,641190e,Ishaan Kor,2025-02-01,04:34:06,-08:00,2025-01-31T20:34:06-08:00,0,30
index.js,11,js,641190e,Ishaan Kor,2025-02-01,04:34:06,-08:00,2025-01-31T20:34:06-08:00,0,30
index.js,12,js,641190e,Ishaan Kor,2025-02-01,04:34:06,-08:00,2025-01-31T20:34:06-08:00,0,30
index.js,13,js,641190e,Ishaan Kor,2025-02-01,04:34:06,-08:00,2025-01-31T20:34:06-08:00,0,30
index.js,14,js,641190e,Ishaan Kor,2025-02-01,04:34:06,-08:00,2025-01-31T20:34:06-08:00,0,30
index.js,15,js,641190e,Ishaan Kor,2025-02-01,04:34:06,-08:00,2025-01-31T20:34:06-08:00,0,30
index.js,16,js,641190e,Ishaan Kor,2025-02-01,04:34:06,-08:00,2025-01-31T20:34:06-08:00,0,30
index.js,17,js,641190e,Ishaan Kor,2025-02-01,04:34:06,-08:00,2025-01-31T20:34:06-08:00,0,30
index.js,18,js,641190e,Ishaan Kor,2025-02-01,04:34:06,-08:00,2025-01-31T20:34:06-08:00,0,30
index.js,19,js,641190e,Ishaan Kor,2025-02-01,04:34:06,-08:00,2025-01-31T20:34:06-08:00,0,30
index.js,20,js,641190e,Ishaan Kor,2025-02-01,04:34:06,-08:00,2025-01-31T20:34:06-08:00,0,30
index.js,21,js,641190e,Ishaan Kor,2025-02-01,04:34:06,-08:00,2025-01-31T20:34:06-08:00,0,30
index.js,22,js,641190e,Ishaan Kor,2025-02-01,04:34:06,-08:00,2025-01-31T20:34:06-08:00,0,30
index.js,23,js,641190e,Ishaan Kor,2025-02-01,04:34:06,-08:00,2025-01-31T20:34:06-08:00,0,30
lib/projects.json,1,json,641190e,Ishaan Kor,2025-02-01,04:34:06,-08:00,2025-01-31T20:34:06-08:00,1,30
lib/projects.json,2,json,641190e,Ishaan Kor,2025-02-01,04:34:06,-08:00,2025-01-31T20:34:06-08:00,1,30
lib/projects.json,3,json,641190e,Ishaan Kor,2025-02-01,04:34:06,-08:00,2025-01-31T20:34:06-08:00,1,30
lib/projects.json,4,json,641190e,Ishaan Kor,2025-02-01,04:34:06,-08:00,2025-01-31T20:34:06-08:00,1,30
lib/projects.json,5,json,641190e,Ishaan Kor,2025-02-01,04:34:06,-08:00,2025-01-31T20:34:06-08:00,1,30
lib/projects.json,6,json,641190e,Ishaan Kor,2025-02-01,04:34:06,-08:00,2025-01-31T20:34:06-08:00,1,30
lib/projects.json,7,json,641190e,Ishaan Kor,2025-02-01,04:34:06,-08:00,2025-01-31T20:34:06-08:00,1,30
lib/projects.json,8,json,641190e,Ishaan Kor,2025-02-01,04:34:06,-08:00,2025-01-31T20:34:06-08:00,1,30
lib/projects.json,9,json,641190e,Ishaan Kor,2025-02-01,04:34:06,-08:00,2025-01-31T20:34:06-08:00,1,30
lib/projects.json,10,json,641190e,Ishaan Kor,2025-02-01,04:34:06,-08:00,2025-01-31T20:34:06-08:00,1,30
lib/projects.json,11,json,641190e,Ishaan Kor,2025-02-01,04:34:06,-08:00,2025-01-31T20:34:06-08:00,1,30
lib/projects.json,12,json,641190e,Ishaan Kor,2025-02-01,04:34:06,-08:00,2025-01-31T20:34:06-08:00,1,30
lib/projects.json,13,json,641190e,Ishaan Kor,2025-02-01,04:34:06,-08:00,2025-01-31T20:34:06-08:00,1,30
lib/projects.json,14,json,641190e,Ishaan Kor,2025-02-01,04:34:06,-08:00,2025-01-31T20:34:06-08:00,1,30
lib/projects.json,15,json,641190e,Ishaan Kor,2025-02-01,04:34:06,-08:00,2025-01-31T20:34:06-08:00,1,30
lib/projects.json,16,json,641190e,Ishaan Kor,2025-02-01,04:34:06,-08:00,2025-01-31T20:34:06-08:00,1,30
lib/projects.json,17,json,641190e,Ishaan Kor,2025-02-01,04:34:06,-08:00,2025-01-31T20:34:06-08:00,1,30
lib/projects.json,18,json,641190e,Ishaan Kor,2025-02-01,04:34:06,-08:00,2025-01-31T20:34:06-08:00,1,30
lib/projects.json,19,json,641190e,Ishaan Kor,2025-02-01,04:34:06,-08:00,2025-01-31T20:34:06-08:00,1,30
lib/projects.json,20,json,641190e,Ishaan Kor,2025-02-01,04:34:06,-08:00,2025-01-31T20:34:06-08:00,1,30
lib/projects.json,21,json,641190e,Ishaan Kor,2025-02-01,04:34:06,-08:00,2025-01-31T20:34:06-08:00,1,30
projects/index.html,1,html,641190e,Ishaan Kor,2025-02-01,04:34:06,-08:00,2025-01-31T20:34:06-08:00,1,30
projects/index.html,2,html,641190e,Ishaan Kor,2025-02-01,04:34:06,-08:00,2025-01-31T20:34:06-08:00,1,30
projects/index.html,3,html,641190e,Ishaan Kor,2025-02-01,04:34:06,-08:00,2025-01-31T20:34:06-08:00,1,30
projects/index.html,4,html,641190e,Ishaan Kor,2025-02-01,04:34:06,-08:00,2025-01-31T20:34:06-08:00,1,30
projects/index.html,5,html,641190e,Ishaan Kor,2025-02-01,04:34:06,-08:00,2025-01-31T20:34:06-08:00,1,30
projects/index.html,6,html,641190e,Ishaan Kor,2025-02-01,04:34:06,-08:00,2025-01-31T20:34:06-08:00,1,30
projects/index.html,7,html,641190e,Ishaan Kor,2025-02-01,04:34:06,-08:00,2025-01-31T20:34:06-08:00,1,30
projects/index.html,8,html,641190e,Ishaan Kor,2025-02-01,04:34:06,-08:00,2025-01-31T20:34:06-08:00,1,30
projects/index.html,9,html,641190e,Ishaan Kor,2025-02-01,04:34:06,-08:00,2025-01-31T20:34:06-08:00,1,30
projects/index.html,10,html,641190e,Ishaan Kor,2025-02-01,04:34:06,-08:00,2025-01-31T20:34:06-08:00,1,30
projects/index.html,11,html,641190e,Ishaan Kor,2025-02-01,04:34:06,-08:00,2025-01-31T20:34:06-08:00,1,30
projects/index.html,12,html,641190e,Ishaan Kor,2025-02-01,04:34:06,-08:00,2025-01-31T20:34:06-08:00,1,30
projects/index.html,13,html,641190e,Ishaan Kor,2025-02-01,04:34:06,-08:00,2025-01-31T20:34:06-08:00,1,30
projects/index.html,14,html,641190e,Ishaan Kor,2025-02-01,04:34:06,-08:00,2025-01-31T20:34:06-08:00,1,30
projects/index.html,15,html,641190e,Ishaan Kor,2025-02-01,04:34:06,-08:00,2025-01-31T20:34:06-08:00,1,30
projects/index.html,16,html,641190e,Ishaan Kor,2025-02-01,04:34:06,-08:00,2025-01-31T20:34:06-08:00,1,30
projects/index.html,17,html,641190e,Ishaan Kor,2025-02-01,04:34:06,-08:00,2025-01-31T20:34:06-08:00,1,30
projects/index.html,18,html,641190e,Ishaan Kor,2025-02-01,04:34:06,-08:00,2025-01-31T20:34:06-08:00,1,30
projects/index.html,19,html,641190e,Ishaan Kor,2025-02-01,04:34:06,-08:00,2025-01-31T20:34:06-08:00,1,30
projects/index.html,20,html,641190e,Ishaan Kor,2025-02-01,04:34:06,-08:00,2025-01-31T20:34:06-08:00,1,30
projects/index.html,21,html,641190e,Ishaan Kor,2025-02-01,04:34:06,-08:00,2025-01-31T20:34:06-08:00,1,30
projects/index.html,22,html,641190e,Ishaan Kor,2025-02-01,04:34:06,-08:00,2025-01-31T20:34:06-08:00,1,30
projects/index.html,23,html,641190e,Ishaan Kor,2025-02-01,04:34:06,-08:00,2025-01-31T20:34:06-08:00,1,30
projects/index.html,24,html,641190e,Ishaan Kor,2025-02-01,04:34:06,-08:00,2025-01-31T20:34:06-08:00,1,30
projects/index.html,25,html,641190e,Ishaan Kor,2025-02-01,04:34:06,-08:00,2025-01-31T20:34:06-08:00,1,30
projects/index.html,26,html,641190e,Ishaan Kor,2025-02-01,04:34:06,-08:00,2025-01-31T20:34:06-08:00,1,30
projects/index.html,27,html,641190e,Ishaan Kor,2025-02-01,04:34:06,-08:00,2025-01-31T20:34:06-08:00,1,30
projects/index.html,28,html,641190e,Ishaan Kor,2025-02-01,04:34:06,-08:00,2025-01-31T20:34:06-08:00,1,30
projects/index.html,29,html,641190e,Ishaan Kor,2025-02-01,04:34:06,-08:00,2025-01-31T20:34:06-08:00,1,30
projects/index.html,30,html,641190e,Ishaan Kor,2025-02-01,04:34:06,-08:00,2025-01-31T20:34:06-08:00,1,30
projects/index.html,31,html,641190e,Ishaan Kor,2025-02-01,04:34:06,-08:00,2025-01-31T20:34:06-08:00,1,30
projects/index.html,32,html,641190e,Ishaan Kor,2025-02-01,04:34:06,-08:00,2025-01-31T20:34:06-08:00,1,30
projects/index.html,33,html,641190e,Ishaan Kor,2025-02-01,04:34:06,-08:00,2025-01-31T20:34:06-08:00,1,30
projects/index.html,34,html,641190e,Ishaan Kor,2025-02-01,04:34:06,-08:00,2025-01-31T20:34:06-08:00,1,30
projects/index.html,35,html,641190e,Ishaan Kor,2025-02-01,04:34:06,-08:00,2025-01-31T20:34:06-08:00,1,30
projects/index.html,36,html,641190e,Ishaan Kor,2025-02-01,04:34:06,-08:00,2025-01-31T20:34:06-08:00,1,30
projects/index.html,37,html,641190e,Ishaan Kor,2025-02-01,04:34:06,-08:00,2025-01-31T20:34:06-08:00,1,30
projects/index.html,38,html,641190e,Ishaan Kor,2025-02-01,04:34:06,-08:00,2025-01-31T20:34:06-08:00,1,30
projects/index.html,39,html,641190e,Ishaan Kor,2025-02-01,04:34:06,-08:00,2025-01-31T20:34:06-08:00,1,30
projects/index.html,40,html,641190e,Ishaan Kor,2025-02-01,04:34:06,-08:00,2025-01-31T20:34:06-08:00,1,30
projects/index.html,41,html,641190e,Ishaan Kor,2025-02-01,04:34:06,-08:00,2025-01-31T20:34:06-08:00,1,30
projects/index.html,42,html,641190e,Ishaan Kor,2025-02-01,04:34:06,-08:00,2025-01-31T20:34:06-08:00,1,30
projects/index.html,43,html,641190e,Ishaan Kor,2025-02-01,04:34:06,-08:00,2025-01-31T20:34:06-08:00,1,30
projects/index.html,44,html,641190e,Ishaan Kor,2025-02-01,04:34:06,-08:00,2025-01-31T20:34:06-08:00,1,30
projects/index.html,45,html,641190e,Ishaan Kor,2025-02-01,04:34:06,-08:00,2025-01-31T20:34:06-08:00,1,30
projects/index.html,46,html,641190e,Ishaan Kor,2025-02-01,04:34:06,-08:00,2025-01-31T20:34:06-08:00,1,30
projects/index.html,47,html,641190e,Ishaan Kor,2025-02-01,04:34:06,-08:00,2025-01-31T20:34:06-08:00,1,30
projects/index.html,48,html,641190e,Ishaan Kor,2025-02-01,04:34:06,-08:00,2025-01-31T20:34:06-08:00,1,30
projects/index.html,49,html,641190e,Ishaan Kor,2025-02-01,04:34:06,-08:00,2025-01-31T20:34:06-08:00,1,30
projects/index.html,50,html,641190e,Ishaan Kor,2025-02-01,04:34:06,-08:00,2025-01-31T20:34:06-08:00,1,30
projects/projects.js,1,js,641190e,Ishaan Kor,2025-02-01,04:34:06,-08:00,2025-01-31T20:34:06-08:00,1,30
projects/projects.js,2,js,641190e,Ishaan Kor,2025-02-01,04:34:06,-08:00,2025-01-31T20:34:06-08:00,1,30
projects/projects.js,3,js,641190e,Ishaan Kor,2025-02-01,04:34:06,-08:00,2025-01-31T20:34:06-08:00,1,30
projects/projects.js,4,js,641190e,Ishaan Kor,2025-02-01,04:34:06,-08:00,2025-01-31T20:34:06-08:00,1,30
style.css,1,css,641190e,Ishaan Kor,2025-02-01,04:34:06,-08:00,2025-01-31T20:34:06-08:00,0,30
style.css,2,css,641190e,Ishaan Kor,2025-02-01,04:34:06,-08:00,2025-01-31T20:34:06-08:00,0,30
style.css,3,css,641190e,Ishaan Kor,2025-02-01,04:34:06,-08:00,2025-01-31T20:34:06-08:00,0,30
style.css,4,css,641190e,Ishaan Kor,2025-02-01,04:34:06,-08:00,2025-01-31T20:34:06-08:00,0,30
style.css,5,css,641190e,Ishaan Kor,2025-02-01,04:34:06,-08:00,2025-01-31T20:34:06-08:00,0,30
style.css,6,css,641190e,Ishaan Kor,2025-02-01,04:34:06,-08:00,2025-01-31T20:34:06-08:00,0,30
style.css,7,css,641190e,Ishaan Kor,2025-02-01,04:34:06,-08:00,2025-01-31T20:34:06-08:00,0,30
style.css,8,css,641190e,Ishaan Kor,2025-02-01,04:34:06,-08:00,2025-01-31T20:34:06-08:00,0,30
style.css,9,css,641190e,Ishaan Kor,2025-02-01,04:34:06,-08:00,2025-01-31T20:34:06-08:00,0,30
style.css,10,css,641190e,Ishaan Kor,2025-02-01,04:34:06,-08:00,2025-01-31T20:34:06-08:00,0,30
style.css,11,css,641190e,Ishaan Kor,2025-02-01,04:34:06,-08:00,2025-01-31T20:34:06-08:00,0,30
style.css,12,css,641190e,Ishaan Kor,2025-02-01,04:34:06,-08:00,2025-01-31T20:34:06-08:00,0,30
style.css,13,css,641190e,Ishaan Kor,2025-02-01,04:34:06,-08:00,2025-01-31T20:34:06-08:00,0,30
style.css,14,css,641190e,Ishaan Kor,2025-02-01,04:34:06,-08:00,2025-01-31T20:34:06-08:00,0,30
style.css,15,css,641190e,Ishaan Kor,2025-02-01,04:34:06,-08:00,2025-01-31T20:34:06-08:00,0,30
style.css,16,css,641190e,Ishaan Kor,2025-02-01,04:34:06,-08:00,2025-01-31T20:34:06-08:00,0,30
style.css,17,css,641190e,Ishaan Kor,2025-02-01,04:34:06,-08:00,2025-01-31T20:34:06-08:00,0,30
style.css,18,css,641190e,Ishaan Kor,2025-02-01,04:34:06,-08:00,2025-01-31T20:34:06-08:00,0,30
style.css,19,css,641190e,Ishaan Kor,2025-02-01,04:34:06,-08:00,2025-01-31T20:34:06-08:00,0,30
style.css,20,css,641190e,Ishaan Kor,2025-02-01,04:34:06,-08:00,2025-01-31T20:34:06-08:00,0,30
style.css,21,css,641190e,Ishaan Kor,2025-02-01,04:34:06,-08:00,2025-01-31T20:34:06-08:00,0,30
style.css,22,css,641190e,Ishaan Kor,2025-02-01,04:34:06,-08:00,2025-01-31T20:34:06-08:00,0,30
style.css,23,css,641190e,Ishaan Kor,2025-02-01,04:34:06,-08:00,2025-01-31T20:34:06-08:00,0,30
style.css,24,css,641190e,Ishaan Kor,2025-02-01,04:34:06,-08:00,2025-01-31T20:34:06-08:00,0,30
style.css,25,css,641190e,Ishaan Kor,2025-02-01,04:34:06,-08:00,2025-01-31T20:34:06-08:00,0,30
style.css,26,css,641190e,Ishaan Kor,2025-02-01,04:34:06,-08:00,2025-01-31T20:34:06-08:00,0,30
style.css,27,css,641190e,Ishaan Kor,2025-02-01,04:34:06,-08:00,2025-01-31T20:34:06-08:00,0,30
style.css,28,css,641190e,Ishaan Kor,2025-02-01,04:34:06,-08:00,2025-01-31T20:34:06-08:00,0,30
style.css,29,css,641190e,Ishaan Kor,2025-02-01,04:34:06,-08:00,2025-01-31T20:34:06-08:00,0,30
style.css,30,css,641190e,Ishaan Kor,2025-02-01,04:34:06,-08:00,2025-01-31T20:34:06-08:00,0,30
style.css,31,css,641190e,Ishaan Kor,2025-02-01,04:34:06,-08:00,2025-01-31T20:34:06-08:00,0,30
style.css,32,css,641190e,Ishaan Kor,2025-02-01,04:34:06,-08:00,2025-01-31T20:34:06-08:00,0,30
style.css,33,css,641190e,Ishaan Kor,2025-02-01,04:34:06,-08:00,2025-01-31T20:34:06-08:00,0,30
style.css,34,css,641190e,Ishaan Kor,2025-02-01,04:34:06,-08:00,2025-01-31T20:34:06-08:00,0,30
style.css,35,css,641190e,Ishaan Kor,2025-02-01,04:34:06,-08:00,2025-01-31T20:34:06-08:00,0,30
style.css,36,css,641190e,Ishaan Kor,2025-02-01,04:34:06,-08:00,2025-01-31T20:34:06-08:00,0,30
style.css,37,css,641190e,Ishaan Kor,2025-02-01,04:34:06,-08:00,2025-01-31T20:34:06-08:00,0,30
style.css,38,css,641190e,Ishaan Kor,2025-02-01,04:34:06,-08:00,2025-01-31T20:34:06-08:00,0,30
global.js,1,js,0da4754,Ishaan Kor,2025-02-01,02:37:12,-08:00,2025-01-31T18:37:12-08:00,0,30
global.js,2,js,0da4754,Ishaan Kor,2025-02-01,02:37:12,-08:00,2025-01-31T18:37:12-08:00,0,30
global.js,3,js,0da4754,Ishaan Kor,2025-02-01,02:37:12,-08:00,2025-01-31T18:37:12-08:00,0,30
global.js,4,js,0da4754,Ishaan Kor,2025-02-01,02:37:12,-08:00,2025-01-31T18:37:12-08:00,0,30
global.js,5,js,0da4754,Ishaan Kor,2025-02-01,02:37:12,-08:00,2025-01-31T18:37:12-08:00,0,30
global.js,6,js,0da4754,Ishaan Kor,2025-02-01,02:37:12,-08:00,2025-01-31T18:37:12-08:00,0,30
global.js,7,js,0da4754,Ishaan Kor,2025-02-01,02:37:12,-08:00,2025-01-31T18:37:12-08:00,0,30
global.js,8,js,0da4754,Ishaan Kor,2025-02-01,02:37:12,-08:00,2025-01-31T18:37:12-08:00,0,30
global.js,9,js,0da4754,Ishaan Kor,2025-02-01,02:37:12,-08:00,2025-01-31T18:37:12-08:00,0,30
global.js,10,js,0da4754,Ishaan Kor,2025-02-01,02:37:12,-08:00,2025-01-31T18:37:12-08:00,0,30
global.js,11,js,0da4754,Ishaan Kor,2025-02-01,02:37:12,-08:00,2025-01-31T18:37:12-08:00,0,30
global.js,12,js,0da4754,Ishaan Kor,2025-02-01,02:37:12,-08:00,2025-01-31T18:37:12-08:00,0,30
global.js,13,js,0da4754,Ishaan Kor,2025-02-01,02:37:12,-08:00,2025-01-31T18:37:12-08:00,0,30
global.js,14,js,0da4754,Ishaan Kor,2025-02-01,02:37:12,-08:00,2025-01-31T18:37:12-08:00,0,30
global.js,15,js,0da4754,Ishaan Kor,2025-02-01,02:37:12,-08:00,2025-01-31T18:37:12-08:00,0,30
global.js,16,js,0da4754,Ishaan Kor,2025-02-01,02:37:12,-08:00,2025-01-31T18:37:12-08:00,0,30
global.js,17,js,0da4754,Ishaan Kor,2025-02-01,02:37:12,-08:00,2025-01-31T18:37:12-08:00,0,30
global.js,18,js,0da4754,Ishaan Kor,2025-02-01,02:37:12,-08:00,2025-01-31T18:37:12-08:00,0,30
global.js,19,js,0da4754,Ishaan Kor,2025-02-01,02:37:12,-08:00,2025-01-31T18:37:12-08:00,0,30
global.js,20,js,0da4754,Ishaan Kor,2025-02-01,02:37:12,-08:00,2025-01-31T18:37:12-08:00,0,30
global.js,21,js,0da4754,Ishaan Kor,2025-02-01,02:37:12,-08:00,2025-01-31T18:37:12-08:00,0,30
global.js,22,js,0da4754,Ishaan Kor,2025-02-01,02:37:12,-08:00,2025-01-31T18:37:12-08:00,0,30
global.js,23,js,0da4754,Ishaan Kor,2025-02-01,02:37:12,-08:00,2025-01-31T18:37:12-08:00,0,30
global.js,24,js,0da4754,Ishaan Kor,2025-02-01,02:37:12,-08:00,2025-01-31T18:37:12-08:00,0,30
global.js,25,js,0da4754,Ishaan Kor,2025-02-01,02:37:12,-08:00,2025-01-31T18:37:12-08:00,0,30
global.js,26,js,0da4754,Ishaan Kor,2025-02-01,02:37:12,-08:00,2025-01-31T18:37:12-08:00,0,30
global.js,27,js,0da4754,Ishaan Kor,2025-02-01,02:37:12,-08:00,2025-01-31T18:37:12-08:00,0,30
global.js,28,js,0da4754,Ishaan Kor,2025-02-01,02:37:12,-08:00,2025-01-31T18:37:12-08:00,0,30
global.js,29,js,0da4754,Ishaan Kor,2025-02-01,02:37:12,-08:00,2025-01-31T18:37:12-08:00,0,30
global.js,30,js,0da4754,Ishaan Kor,2025-02-01,02:37:12,-08:00,2025-01-31T18:37:12-08:00,0,30
global.js,31,js,0da4754,Ishaan Kor,2025-02-01,02:37:12,-08:00,2025-01-31T18:37:12-08:00,0,30
global.js,32,js,0da4754,Ishaan Kor,2025-02-01,02:37:12,-08:00,2025-01-31T18:37:12-08:00,0,30
global.js,33,js,0da4754,Ishaan Kor,2025-02-01,02:37:12,-08:00,2025-01-31T18:37:12-08:00,0,30
global.js,34,js,0da4754,Ishaan Kor,2025-02-01,02:37:12,-08:00,2025-01-31T18:37:12-08:00,0,30
global.js,35,js,0da4754,Ishaan Kor,2025-02-01,02:37:12,-08:00,2025-01-31T18:37:12-08:00,0,30
global.js,36,js,0da4754,Ishaan Kor,2025-02-01,02:37:12,-08:00,2025-01-31T18:37:12-08:00,0,30
global.js,37,js,0da4754,Ishaan Kor,2025-02-01,02:37:12,-08:00,2025-01-31T18:37:12-08:00,0,30
global.js,38,js,0da4754,Ishaan Kor,2025-02-01,02:37:12,-08:00,2025-01-31T18:37:12-08:00,0,30
global.js,39,js,0da4754,Ishaan Kor,2025-02-01,02:37:12,-08:00,2025-01-31T18:37:12-08:00,0,30
global.js,40,js,0da4754,Ishaan Kor,2025-02-01,02:37:12,-08:00,2025-01-31T18:37:12-08:00,0,30
global.js,41,js,0da4754,Ishaan Kor,2025-02-01,02:37:12,-08:00,2025-01-31T18:37:12-08:00,0,30
global.js,42,js,0da4754,Ishaan Kor,2025-02-01,02:37:12,-08:00,2025-01-31T18:37:12-08:00,0,30
global.js,43,js,0da4754,Ishaan Kor,2025-02-01,02:37:12,-08:00,2025-01-31T18:37:12-08:00,0,30
global.js,44,js,0da4754,Ishaan Kor,2025-02-01,02:37:12,-08:00,2025-01-31T18:37:12-08:00,0,30
global.js,45,js,0da4754,Ishaan Kor,2025-02-01,02:37:12,-08:00,2025-01-31T18:37:12-08:00,0,30
global.js,46,js,0da4754,Ishaan Kor,2025-02-01,02:37:12,-08:00,2025-01-31T18:37:12-08:00,0,30
global.js,47,js,0da4754,Ishaan Kor,2025-02-01,02:37:12,-08:00,2025-01-31T18:37:12-08:00,0,30
global.js,48,js,0da4754,Ishaan Kor,2025-02-01,02:37:12,-08:00,2025-01-31T18:37:12-08:00,0,30
global.js,49,js,0da4754,Ishaan Kor,2025-02-01,02:37:12,-08:00,2025-01-31T18:37:12-08:00,0,30
global.js,50,js,0da4754,Ishaan Kor,2025-02-01,02:37:12,-08:00,2025-01-31T18:37:12-08:00,0,30
global.js,1,js,14b8a2e,Ishaan Kor,2025-02-01,02:35:28,-08:00,2025-01-31T18:35:28-08:00,0,30
global.js,2,js,14b8a2e,Ishaan Kor,2025-02-01,02:35:28,-08:00,2025-01-31T18:35:28-08:00,0,30
global.js,3,js,14b8a2e,Ishaan Kor,2025-02-01,02:35:28,-08:00,2025-01-31T18:35:28-08:00,0,30
global.js,4,js,14b8a2e,Ishaan Kor,2025-02-01,02:35:28,-08:00,2025-01-31T18:35:28-08:00,0,30
global.js,5,js,14b8a2e,Ishaan Kor,2025-02-01,02:35:28,-08:00,2025-01-31T18:35:28-08:00,0,30
global.js,6,js,14b8a2e,Ishaan Kor,2025-02-01,02:35:28,-08:00,2025-01-31T18:35:28-08:00,0,30
global.js,7,js,14b8a2e,Ishaan Kor,2025-02-01,02:35:28,-08:00,2025-01-31T18:35:28-08:00,0,30
global.js,8,js,14b8a2e,Ishaan Kor,2025-02-01,02:35:28,-08:00,2025-01-31T18:35:28-08:00,0,30
global.js,9,js,14b8a2e,Ishaan Kor,2025-02-01,02:35:28,-08:00,2025-01-31T18:35:28-08:00,0,30
global.js,10,js,14b8a2e,Ishaan Kor,2025-02-01,02:35:28,-08:00,2025-01-31T18:35:28-08:00,0,30
global.js,11,js,14b8a2e,Ishaan Kor,2025-02-01,02:35:28,-08:00,2025-01-31T18:35:28-08:00,0,30
global.js,12,js,14b8a2e,Ishaan Kor,2025-02-01,02:35:28,-08:00,2025-01-31T18:35:28-08:00,0,30
global.js,13,js,14b8a2e,Ishaan Kor,2025-02-01,02:35:28,-08:00,2025-01-31T18:35:28-08:00,0,30
global.js,14,js,14b8a2e,Ishaan Kor,2025-02-01,02:35:28,-08:00,2025-01-31T18:35:28-08:00,0,30
global.js,15,js,14b8a2e,Ishaan Kor,2025-02-01,02:35:28,-08:00,2025-01-31T18:35:28-08:00,0,30
global.js,1,js,efac3d3,Ishaan Kor,2025-02-01,02:32:19,-08:00,2025-01-31T18:32:19-08:00,0,30
global.js,2,js,efac3d3,Ishaan Kor,2025-02-01,02:32:19,-08:00,2025-01-31T18:32:19-08:00,0,30
global.js,3,js,efac3d3,Ishaan Kor,2025-02-01,02:32:19,-08:00,2025-01-31T18:32:19-08:00,0,30
global.js,4,js,efac3d3,Ishaan Kor,2025-02-01,02:32:19,-08:00,2025-01-31T18:32:19-08:00,0,30
global.js,5,js,efac3d3,Ishaan Kor,2025-02-01,02:32:19,-08:00,2025-01-31T18:32:19-08:00,0,30
global.js,6,js,efac3d3,Ishaan Kor,2025-02-01,02:32:19,-08:00,2025-01-31T18:32:19-08:00,0,30
global.js,7,js,efac3d3,Ishaan Kor,2025-02-01,02:32:19,-08:00,2025-01-31T18:32:19-08:00,0,30
global.js,8,js,efac3d3,Ishaan Kor,2025-02-01,02:32:19,-08:00,2025-01-31T18:32:19-08:00,0,30
global.js,9,js,efac3d3,Ishaan Kor,2025-02-01,02:32:19,-08:00,2025-01-31T18:32:19-08:00,0,30
global.js,10,js,efac3d3,Ishaan Kor,2025-02-01,02:32:19,-08:00,2025-01-31T18:32:19-08:00,0,30
global.js,11,js,efac3d3,Ishaan Kor,2025-02-01,02:32:19,-08:00,2025-01-31T18:32:19-08:00,0,30
global.js,12,js,efac3d3,Ishaan Kor,2025-02-01,02:32:19,-08:00,2025-01-31T18:32:19-08:00,0,30
global.js,13,js,efac3d3,Ishaan Kor,2025-02-01,02:32:19,-08:00,2025-01-31T18:32:19-08:00,0,30
global.js,14,js,efac3d3,Ishaan Kor,2025-02-01,02:32:19,-08:00,2025-01-31T18:32:19-08:00,0,30
global.js,15,js,efac3d3,Ishaan Kor,2025-02-01,02:32:19,-08:00,2025-01-31T18:32:19-08:00,0,30
global.js,16,js,efac3d3,Ishaan Kor,2025-02-01,02:32:19,-08:00,2025-01-31T18:32:19-08:00,0,30
global.js,17,js,efac3d3,Ishaan Kor,2025-02-01,02:32:19,-08:00,2025-01-31T18:32:19-08:00,0,30
global.js,18,js,efac3d3,Ishaan Kor,2025-02-01,02:32:19,-08:00,2025-01-31T18:32:19-08:00,0,30
global.js,19,js,efac3d3,Ishaan Kor,2025-02-01,02:32:19,-08:00,2025-01-31T18:32:19-08:00,0,30
global.js,20,js,efac3d3,Ishaan Kor,2025-02-01,02:32:19,-08:00,2025-01-31T18:32:19-08:00,0,30
global.js,21,js,efac3d3,Ishaan Kor,2025-02-01,02:32:19,-08:00,2025-01-31T18:32:19-08:00,0,30
global.js,22,js,efac3d3,Ishaan Kor,2025-02-01,02:32:19,-08:00,2025-01-31T18:32:19-08:00,0,30
global.js,23,js,efac3d3,Ishaan Kor,2025-02-01,02:32:19,-08:00,2025-01-31T18:32:19-08:00,0,30
global.js,24,js,efac3d3,Ishaan Kor,2025-02-01,02:32:19,-08:00,2025-01-31T18:32:19-08:00,0,30
global.js,25,js,efac3d3,Ishaan Kor,2025-02-01,02:32:19,-08:00,2025-01-31T18:32:19-08:00,0,30
global.js,26,js,efac3d3,Ishaan Kor,2025-02-01,02:32:19,-08:00,2025-01-31T18:32:19-08:00,0,30
global.js,27,js,efac3d3,Ishaan Kor,2025-02-01,02:32:19,-08:00,2025-01-31T18:32:19-08:00,0,30
global.js,28,js,efac3d3,Ishaan Kor,2025-02-01,02:32:19,-08:00,2025-01-31T18:32:19-08:00,0,30
global.js,29,js,efac3d3,Ishaan Kor,2025-02-01,02:32:19,-08:00,2025-01-31T18:32:19-08:00,0,30
global.js,30,js,efac3d3,Ishaan Kor,2025-02-01,02:32:19,-08:00,2025-01-31T18:32:19-08:00,0,30
global.js,31,js,efac3d3,Ishaan Kor,2025-02-01,02:32:19,-08:00,2025-01-31T18:32:19-08:00,0,30
global.js,32,js,efac3d3,Ishaan Kor,2025-02-01,02:32:19,-08:00,2025-01-31T18:32:19-08:00,0,30
global.js,33,js,efac3d3,Ishaan Kor,2025-02-01,02:32:19,-08:00,2025-01-31T18:32:19-08:00,0,30
global.js,34,js,efac3d3,Ishaan Kor,2025-02-01,02:32:19,-08:00,2025-01-31T18:32:19-08:00,0,30
global.js,35,js,efac3d3,Ishaan Kor,2025-02-01,02:32:19,-08:00,2025-01-31T18:32:19-08:00,0,30
global.js,36,js,efac3d3,Ishaan Kor,2025-02-01,02:32:19,-08:00,2025-01-31T18:32:19-08:00,0,30
global.js,37,js,efac3d3,Ishaan Kor,2025-02-01,02:32:19,-08:00,2025-01-31T18:32:19-08:00,0,30
global.js,38,js,efac3d3,Ishaan Kor,2025-02-01,02:32:19,-08:00,2025-01-31T18:32:19-08:00,0,30
global.js,39,js,efac3d3,Ishaan Kor,2025-02-01,02:32:19,-08:00,2025-01-31T18:32:19-08:00,0,30
global.js,40,js,efac3d3,Ishaan Kor,2025-02-01,02:32:19,-08:00,2025-01-31T18:32:19-08:00,0,30
global.js,41,js,efac3d3,Ishaan Kor,2025-02-01,02:32:19,-08:00,2025-01-31T18:32:19-08:00,0,30
global.js,42,js,efac3d3,Ishaan Kor,2025-02-01,02:32:19,-08:00,2025-01-31T18:32:19-08:00,0,30
global.js,43,js,efac3d3,Ishaan Kor,2025-02-01,02:32:19,-08:00,2025-01-31T18:32:19-08:00,0,30
global.js,44,js,efac3d3,Ishaan Kor,2025-02-01,02:32:19,-08:00,2025-01-31T18:32:19-08:00,0,30
global.js,45,js,efac3d3,Ishaan Kor,2025-02-01,02:32:19,-08:00,2025-01-31T18:32:19-08:00,0,30
lib/projects.json,1,json,efac3d3,Ishaan Kor,2025-02-01,02:32:19,-08:00,2025-01-31T18:32:19-08:00,1,30
lib/projects.json,2,json,efac3d3,Ishaan Kor,2025-02-01,02:32:19,-08:00,2025-01-31T18:32:19-08:00,1,30
lib/projects.json,3,json,efac3d3,Ishaan Kor,2025-02-01,02:32:19,-08:00,2025-01-31T18:32:19-08:00,1,30
lib/projects.json,4,json,efac3d3,Ishaan Kor,2025-02-01,02:32:19,-08:00,2025-01-31T18:32:19-08:00,1,30
lib/projects.json,5,json,efac3d3,Ishaan Kor,2025-02-01,02:32:19,-08:00,2025-01-31T18:32:19-08:00,1,30
lib/projects.json,6,json,efac3d3,Ishaan Kor,2025-02-01,02:32:19,-08:00,2025-01-31T18:32:19-08:00,1,30
lib/projects.json,7,json,efac3d3,Ishaan Kor,2025-02-01,02:32:19,-08:00,2025-01-31T18:32:19-08:00,1,30
lib/projects.json,8,json,efac3d3,Ishaan Kor,2025-02-01,02:32:19,-08:00,2025-01-31T18:32:19-08:00,1,30
lib/projects.json,9,json,efac3d3,Ishaan Kor,2025-02-01,02:32:19,-08:00,2025-01-31T18:32:19-08:00,1,30
lib/projects.json,10,json,efac3d3,Ishaan Kor,2025-02-01,02:32:19,-08:00,2025-01-31T18:32:19-08:00,1,30
lib/projects.json,11,json,efac3d3,Ishaan Kor,2025-02-01,02:32:19,-08:00,2025-01-31T18:32:19-08:00,1,30
lib/projects.json,12,json,efac3d3,Ishaan Kor,2025-02-01,02:32:19,-08:00,2025-01-31T18:32:19-08:00,1,30
lib/projects.json,13,json,efac3d3,Ishaan Kor,2025-02-01,02:32:19,-08:00,2025-01-31T18:32:19-08:00,1,30
lib/projects.json,14,json,efac3d3,Ishaan Kor,2025-02-01,02:32:19,-08:00,2025-01-31T18:32:19-08:00,1,30
lib/projects.json,15,json,efac3d3,Ishaan Kor,2025-02-01,02:32:19,-08:00,2025-01-31T18:32:19-08:00,1,30
lib/projects.json,16,json,efac3d3,Ishaan Kor,2025-02-01,02:32:19,-08:00,2025-01-31T18:32:19-08:00,1,30
lib/projects.json,17,json,efac3d3,Ishaan Kor,2025-02-01,02:32:19,-08:00,2025-01-31T18:32:19-08:00,1,30
lib/projects.json,18,json,efac3d3,Ishaan Kor,2025-02-01,02:32:19,-08:00,2025-01-31T18:32:19-08:00,1,30
lib/projects.json,19,json,efac3d3,Ishaan Kor,2025-02-01,02:32:19,-08:00,2025-01-31T18:32:19-08:00,1,30
lib/projects.json,20,json,efac3d3,Ishaan Kor,2025-02-01,02:32:19,-08:00,2025-01-31T18:32:19-08:00,1,30
lib/projects.json,21,json,efac3d3,Ishaan Kor,2025-02-01,02:32:19,-08:00,2025-01-31T18:32:19-08:00,1,30
lib/projects.json,22,json,efac3d3,Ishaan Kor,2025-02-01,02:32:19,-08:00,2025-01-31T18:32:19-08:00,1,30
lib/projects.json,23,json,efac3d3,Ishaan Kor,2025-02-01,02:32:19,-08:00,2025-01-31T18:32:19-08:00,1,30
lib/projects.json,24,json,efac3d3,Ishaan Kor,2025-02-01,02:32:19,-08:00,2025-01-31T18:32:19-08:00,1,30
lib/projects.json,25,json,efac3d3,Ishaan Kor,2025-02-01,02:32:19,-08:00,2025-01-31T18:32:19-08:00,1,30
lib/projects.json,26,json,efac3d3,Ishaan Kor,2025-02-01,02:32:19,-08:00,2025-01-31T18:32:19-08:00,1,30
lib/projects.json,27,json,efac3d3,Ishaan Kor,2025-02-01,02:32:19,-08:00,2025-01-31T18:32:19-08:00,1,30
lib/projects.json,28,json,efac3d3,Ishaan Kor,2025-02-01,02:32:19,-08:00,2025-01-31T18:32:19-08:00,1,30
lib/projects.json,29,json,efac3d3,Ishaan Kor,2025-02-01,02:32:19,-08:00,2025-01-31T18:32:19-08:00,1,30
lib/projects.json,30,json,efac3d3,Ishaan Kor,2025-02-01,02:32:19,-08:00,2025-01-31T18:32:19-08:00,1,30
lib/projects.json,31,json,efac3d3,Ishaan Kor,2025-02-01,02:32:19,-08:00,2025-01-31T18:32:19-08:00,1,30
lib/projects.json,32,json,efac3d3,Ishaan Kor,2025-02-01,02:32:19,-08:00,2025-01-31T18:32:19-08:00,1,30
lib/projects.json,33,json,efac3d3,Ishaan Kor,2025-02-01,02:32:19,-08:00,2025-01-31T18:32:19-08:00,1,30
lib/projects.json,34,json,efac3d3,Ishaan Kor,2025-02-01,02:32:19,-08:00,2025-01-31T18:32:19-08:00,1,30
lib/projects.json,35,json,efac3d3,Ishaan Kor,2025-02-01,02:32:19,-08:00,2025-01-31T18:32:19-08:00,1,30
lib/projects.json,36,json,efac3d3,Ishaan Kor,2025-02-01,02:32:19,-08:00,2025-01-31T18:32:19-08:00,1,30
lib/projects.json,37,json,efac3d3,Ishaan Kor,2025-02-01,02:32:19,-08:00,2025-01-31T18:32:19-08:00,1,30
lib/projects.json,38,json,efac3d3,Ishaan Kor,2025-02-01,02:32:19,-08:00,2025-01-31T18:32:19-08:00,1,30
lib/projects.json,39,json,efac3d3,Ishaan Kor,2025-02-01,02:32:19,-08:00,2025-01-31T18:32:19-08:00,1,30
lib/projects.json,40,json,efac3d3,Ishaan Kor,2025-02-01,02:32:19,-08:00,2025-01-31T18:32:19-08:00,1,30
lib/projects.json,41,json,efac3d3,Ishaan Kor,2025-02-01,02:32:19,-08:00,2025-01-31T18:32:19-08:00,1,30
lib/projects.json,42,json,efac3d3,Ishaan Kor,2025-02-01,02:32:19,-08:00,2025-01-31T18:32:19-08:00,1,30
lib/projects.json,43,json,efac3d3,Ishaan Kor,2025-02-01,02:32:19,-08:00,2025-01-31T18:32:19-08:00,1,30
lib/projects.json,44,json,efac3d3,Ishaan Kor,2025-02-01,02:32:19,-08:00,2025-01-31T18:32:19-08:00,1,30
lib/projects.json,45,json,efac3d3,Ishaan Kor,2025-02-01,02:32:19,-08:00,2025-01-31T18:32:19-08:00,1,30
lib/projects.json,46,json,efac3d3,Ishaan Kor,2025-02-01,02:32:19,-08:00,2025-01-31T18:32:19-08:00,1,30
lib/projects.json,47,json,efac3d3,Ishaan Kor,2025-02-01,02:32:19,-08:00,2025-01-31T18:32:19-08:00,1,30
lib/projects.json,48,json,efac3d3,Ishaan Kor,2025-02-01,02:32:19,-08:00,2025-01-31T18:32:19-08:00,1,30
lib/projects.json,49,json,efac3d3,Ishaan Kor,2025-02-01,02:32:19,-08:00,2025-01-31T18:32:19-08:00,1,30
lib/projects.json,50,json,efac3d3,Ishaan Kor,2025-02-01,02:32:19,-08:00,2025-01-31T18:32:19-08:00,1,30
projects/index.html,1,html,efac3d3,Ishaan Kor,2025-02-01,02:32:19,-08:00,2025-01-31T18:32:19-08:00,1,30
projects/index.html,2,html,efac3d3,Ishaan Kor,2025-02-01,02:32:19,-08:00,2025-01-31T18:32:19-08:00,1,30
projects/index.html,3,html,efac3d3,Ishaan Kor,2025-02-01,02:32:19,-08:00,2025-01-31T18:32:19-08:00,1,30
projects/index.html,4,html,efac3d3,Ishaan Kor,2025-02-01,02:32:19,-08:00,2025-01-31T18:32:19-08:00,1,30
projects/index.html,5,html,efac3d3,Ishaan Kor,2025-02-01,02:32:19,-08:00,2025-01-31T18:32:19-08:00,1,30
projects/projects.js,1,js,efac3d3,Ishaan Kor,2025-02-01,02:32:19,-08:00,2025-01-31T18:32:19-08:00,1,30
projects/projects.js,2,js,efac3d3,Ishaan Kor,2025-02-01,02:32:19,-08:00,2025-01-31T18:32:19-08:00,1,30
projects/projects.js,3,js,efac3d3,Ishaan Kor,2025-02-01,02:32:19,-08:00,2025-01-31T18:32:19-08:00,1,30
projects/projects.js,4,js,efac3d3,Ishaan Kor,2025-02-01,02:32:19,-08:00,2025-01-31T18:32:19-08:00,1,30
projects/projects.js,5,js,efac3d3,Ishaan Kor,2025-02-01,02:32:19,-08:00,2025-01-31T18:32:19-08:00,1,30
projects/index.html,1,html,040ff52,Ishaan Kor,2025-01-25,02:19:15,-08:00,2025-01-24T18:19:15-08:00,1,30
projects/index.html,2,html,040ff52,Ishaan Kor,2025-01-25,02:19:15,-08:00,2025-01-24T18:19:15-08:00,1,30
global.js,1,js,2445220,Ishaan Kor,2025-01-25,02:14:01,-08:00,2025-01-24T18:14:01-08:00,0,30
global.js,2,js,2445220,Ishaan Kor,2025-01-25,02:14:01,-08:00,2025-01-24T18:14:01-08:00,0,30
global.js,3,js,2445220,Ishaan Kor,2025-01-25,02:14:01,-08:00,2025-01-24T18:14:01-08:00,0,30
global.js,4,js,2445220,Ishaan Kor,2025-01-25,02:14:01,-08:00,2025-01-24T18:14:01-08:00,0,30
global.js,5,js,2445220,Ishaan Kor,2025-01-25,02:14:01,-08:00,2025-01-24T18:14:01-08:00,0,30
global.js,6,js,2445220,Ishaan Kor,2025-01-25,02:14:01,-08:00,2025-01-24T18:14:01-08:00,0,30
style.css,1,css,53b4e0a,Ishaan Kor,2025-01-25,02:13:13,-08:00,2025-01-24T18:13:13-08:00,0,30
style.css,2,css,53b4e0a,Ishaan Kor,2025-01-25,02:13:13,-08:00,2025-01-24T18:13:13-08:00,0,30
style.css,3,css,53b4e0a,Ishaan Kor,2025-01-25,02:13:13,-08:00,2025-01-24T18:13:13-08:00,0,30
style.css,4,css,53b4e0a,Ishaan Kor,2025-01-25,02:13:13,-08:00,2025-01-24T18:13:13-08:00,0,30
global.js,1,js,db41710,Ishaan Kor,2025-01-25,02:06:03,-08:00,2025-01-24T18:06:03-08:00,0,30
global.js,2,js,db41710,Ishaan Kor,2025-01-25,02:06:03,-08:00,2025-01-24T18:06:03-08:00,0,30
global.js,3,js,db41710,Ishaan Kor,2025-01-25,02:06:03,-08:00,2025-01-24T18:06:03-08:00,0,30
global.js,4,js,db41710,Ishaan Kor,2025-01-25,02:06:03,-08:00,2025-01-24T18:06:03-08:00,0,30
global.js,5,js,db41710,Ishaan Kor,2025-01-25,02:06:03,-08:00,2025-01-24T18:06:03-08:00,0,30
global.js,1,js,935a8d5,Ishaan Kor,2025-01-25,02:03:30,-08:00,2025-01-24T18:03:30-08:00,0,30
global.js,2,js,935a8d5,Ishaan Kor,2025-01-25,02:03:30,-08:00,2025-01-24T18:03:30-08:00,0,30
global.js,3,js,935a8d5,Ishaan Kor,2025-01-25,02:03:30,-08:00,2025-01-24T18:03:30-08:00,0,30
global.js,4,js,935a8d5,Ishaan Kor,2025-01-25,02:03:30,-08:00,2025-01-24T18:03:30-08:00,0,30
global.js,5,js,935a8d5,Ishaan Kor,2025-01-25,02:03:30,-08:00,2025-01-24T18:03:30-08:00,0,30
global.js,6,js,935a8d5,Ishaan Kor,2025-01-25,02:03:30,-08:00,2025-01-24T18:03:30-08:00,0,30
global.js,7,js,935a8d5,Ishaan Kor,2025-01-25,02:03:30,-08:00,2025-01-24T18:03:30-08:00,0,30
global.js,8,js,935a8d5,Ishaan Kor,2025-01-25,02:03:30,-08:00,2025-01-24T18:03:30-08:00,0,30
global.js,9,js,935a8d5,Ishaan Kor,2025-01-25,02:03:30,-08:00,2025-01-24T18:03:30-08:00,0,30
global.js,10,js,935a8d5,Ishaan Kor,2025-01-25,02:03:30,-08:00,2025-01-24T18:03:30-08:00,0,30
global.js,11,js,935a8d5,Ishaan Kor,2025-01-25,02:03:30,-08:00,2025-01-24T18:03:30-08:00,0,30
global.js,12,js,935a8d5,Ishaan Kor,2025-01-25,02:03:30,-08:00,2025-01-24T18:03:30-08:00,0,30
global.js,13,js,935a8d5,Ishaan Kor,2025-01-25,02:03:30,-08:00,2025-01-24T18:03:30-08:00,0,30
global.js,14,js,935a8d5,Ishaan Kor,2025-01-25,02:03:30,-08:00,2025-01-24T18:03:30-08:00,0,30
global.js,15,js,935a8d5,Ishaan Kor,2025-01-25,02:03:30,-08:00,2025-01-24T18:03:30-08:00,0,30
global.js,16,js,935a8d5,Ishaan Kor,2025-01-25,02:03:30,-08:00,2025-01-24T18:03:30-08:00,0,30
global.js,17,js,935a8d5,Ishaan Kor,2025-01-25,02:03:30,-08:00,2025-01-24T18:03:30-08:00,0,30
global.js,18,js,935a8d5,Ishaan Kor,2025-01-25,02:03:30,-08:00,2025-01-24T18:03:30-08:00,0,30
global.js,19,js,935a8d5,Ishaan Kor,2025-01-25,02:03:30,-08:00,2025-01-24T18:03:30-08:00,0,30
global.js,20,js,935a8d5,Ishaan Kor,2025-01-25,02:03:30,-08:00,2025-01-24T18:03:30-08:00,0,30
global.js,1,js,fa8fe40,Ishaan Kor,2025-01-25,02:00:27,-08:00,2025-01-24T18:00:27-08:00,0,30
global.js,2,js,fa8fe40,Ishaan Kor,2025-01-25,02:00:27,-08:00,2025-01-24T18:00:27-08:00,0,30
global.js,3,js,fa8fe40,Ishaan Kor,2025-01-25,02:00:27,-08:00,2025-01-24T18:00:27-08:00,0,30
global.js,4,js,fa8fe40,Ishaan Kor,2025-01-25,02:00:27,-08:00,2025-01-24T18:00:27-08:00,0,30
global.js,5,js,fa8fe40,Ishaan Kor,2025-01-25,02:00:27,-08:00,2025-01-24T18:00:27-08:00,0,30
global.js,6,js,fa8fe40,Ishaan Kor,2025-01-25,02:00:27,-08:00,2025-01-24T18:00:27-08:00,0,30
global.js,7,js,fa8fe40,Ishaan Kor,2025-01-25,02:00:27,-08:00,2025-01-24T18:00:27-08:00,0,30
global.js,8,js,fa8fe40,Ishaan Kor,2025-01-25,02:00:27,-08:00,2025-01-24T18:00:27-08:00,0,30
global.js,9,js,fa8fe40,Ishaan Kor,2025-01-25,02:00:27,-08:00,2025-01-24T18:00:27-08:00,0,30
global.js,10,js,fa8fe40,Ishaan Kor,2025-01-25,02:00:27,-08:00,2025-01-24T18:00:27-08:00,0,30
global.js,11,js,fa8fe40,Ishaan Kor,2025-01-25,02:00:27,-08:00,2025-01-24T18:00:27-08:00,0,30
global.js,12,js,fa8fe40,Ishaan Kor,2025-01-25,02:00:27,-08:00,2025-01-24T18:00:27-08:00,0,30
global.js,13,js,fa8fe40,Ishaan Kor,2025-01-25,02:00:27,-08:00,2025-01-24T18:00:27-08:00,0,30
global.js,1,js,0f6557b,Ishaan Kor,2025-01-25,01:56:06,-08:00,2025-01-24T17:56:06-08:00,0,30
global.js,2,js,0f6557b,Ishaan Kor,2025-01-25,01:56:06,-08:00,2025-01-24T17:56:06-08:00,0,30
global.js,3,js,0f6557b,Ishaan Kor,2025-01-25,01:56:06,-08:00,2025-01-24T17:56:06-08:00,0,30
global.js,4,js,0f6557b,Ishaan Kor,2025-01-25,01:56:06,-08:00,2025-01-24T17:56:06-08:00,0,30
global.js,5,js,0f6557b,Ishaan Kor,2025-01-25,01:56:06,-08:00,2025-01-24T17:56:06-08:00,0,30
global.js,6,js,0f6557b,Ishaan Kor,2025-01-25,01:56:06,-08:00,2025-01-24T17:56:06-08:00,0,30
global.js,7,js,0f6557b,Ishaan Kor,2025-01-25,01:56:06,-08:00,2025-01-24T17:56:06-08:00,0,30
global.js,8,js,0f6557b,Ishaan Kor,2025-01-25,01:56:06,-08:00,2025-01-24T17:56:06-08:00,0,30
global.js,9,js,0f6557b,Ishaan Kor,2025-01-25,01:56:06,-08:00,2025-01-24T17:56:06-08:00,0,30
global.js,10,js,0f6557b,Ishaan Kor,2025-01-25,01:56:06,-08:00,2025-01-24T17:56:06-08:00,0,30
global.js,11,js,0f6557b,Ishaan Kor,2025-01-25,01:56:06,-08:00,2025-01-24T17:56:06-08:00,0,30
global.js,12,js,0f6557b,Ishaan Kor,2025-01-25,01:56:06,-08:00,2025-01-24T17:56:06-08:00,0,30
global.js,13,js,0f6557b,Ishaan Kor,2025-01-25,01:56:06,-08:00,2025-01-24T17:56:06-08:00,0,30
global.js,14,js,0f6557b,Ishaan Kor,2025-01-25,01:56:06,-08:00,2025-01-24T17:56:06-08:00,0,30
global.js,15,js,0f6557b,Ishaan Kor,2025-01-25,01:56:06,-08:00,2025-01-24T17:56:06-08:00,0,30
global.js,16,js,0f6557b,Ishaan Kor,2025-01-25,01:56:06,-08:00,2025-01-24T17:56:06-08:00,0,30
global.js,17,js,0f6557b,Ishaan Kor,2025-01-25,01:56:06,-08:00,2025-01-24T17:56:06-08:00,0,30
global.js,18,js,0f6557b,Ishaan Kor,2025-01-25,01:56:06,-08:00,2025-01-24T17:56:06-08:00,0,30
global.js,19,js,0f6557b,Ishaan Kor,2025-01-25,01:56:06,-08:00,2025-01-24T17:56:06-08:00,0,30
global.js,20,js,0f6557b,Ishaan Kor,2025-01-25,01:56:06,-08:00,2025-01-24T17:56:06-08:00,0,30
global.js,21,js,0f6557b,Ishaan Kor,2025-01-25,01:56:06,-08:00,2025-01-24T17:56:06-08:00,0,30
global.js,22,js,0f6557b,Ishaan Kor,2025-01-25,01:56:06,-08:00,2025-01-24T17:56:06-08:00,0,30
global.js,23,js,0f6557b,Ishaan Kor,2025-01-25,01:56:06,-08:00,2025-01-24T17:56:06-08:00,0,30
global.js,1,js,8a678ab,Ishaan Kor,2025-01-25,01:48:42,-08:00,2025-01-24T17:48:42-08:00,0,30
global.js,2,js,8a678ab,Ishaan Kor,2025-01-25,01:48:42,-08:00,2025-01-24T17:48:42-08:00,0,30
global.js,3,js,8a678ab,Ishaan Kor,2025-01-25,01:48:42,-08:00,2025-01-24T17:48:42-08:00,0,30
global.js,4,js,8a678ab,Ishaan Kor,2025-01-25,01:48:42,-08:00,2025-01-24T17:48:42-08:00,0,30
global.js,5,js,8a678ab,Ishaan Kor,2025-01-25,01:48:42,-08:00,2025-01-24T17:48:42-08:00,0,30
global.js,6,js,8a678ab,Ishaan Kor,2025-01-25,01:48:42,-08:00,2025-01-24T17:48:42-08:00,0,30
global.js,7,js,8a678ab,Ishaan Kor,2025-01-25,01:48:42,-08:00,2025-01-24T17:48:42-08:00,0,30
global.js,8,js,8a678ab,Ishaan Kor,2025-01-25,01:48:42,-08:00,2025-01-24T17:48:42-08:00,0,30
global.js,1,js,f6dff09,Ishaan Kor,2025-01-25,01:41:52,-08:00,2025-01-24T17:41:52-08:00,0,30
global.js,2,js,f6dff09,Ishaan Kor,2025-01-25,01:41:52,-08:00,2025-01-24T17:41:52-08:00,0,30
global.js,3,js,f6dff09,Ishaan Kor,2025-01-25,01:41:52,-08:00,2025-01-24T17:41:52-08:00,0,30
global.js,4,js,f6dff09,Ishaan Kor,2025-01-25,01:41:52,-08:00,2025-01-24T17:41:52-08:00,0,30
global.js,5,js,f6dff09,Ishaan Kor,2025-01-25,01:41:52,-08:00,2025-01-24T17:41:52-08:00,0,30
global.js,6,js,f6dff09,Ishaan Kor,2025-01-25,01:41:52,-08:00,2025-01-24T17:41:52-08:00,0,30
global.js,7,js,f6dff09,Ishaan Kor,2025-01-25,01:41:52,-08:00,2025-01-24T17:41:52-08:00,0,30
global.js,8,js,f6dff09,Ishaan Kor,2025-01-25,01:41:52,-08:00,2025-01-24T17:41:52-08:00,0,30
global.js,1,js,21ded60,Ishaan Kor,2025-01-25,01:33:00,-08:00,2025-01-24T17:33:00-08:00,0,30
global.js,2,js,21ded60,Ishaan Kor,2025-01-25,01:33:00,-08:00,2025-01-24T17:33:00-08:00,0,30
global.js,3,js,21ded60,Ishaan Kor,2025-01-25,01:33:00,-08:00,2025-01-24T17:33:00-08:00,0,30
global.js,4,js,21ded60,Ishaan Kor,2025-01-25,01:33:00,-08:00,2025-01-24T17:33:00-08:00,0,30
global.js,5,js,21ded60,Ishaan Kor,2025-01-25,01:33:00,-08:00,2025-01-24T17:33:00-08:00,0,30
global.js,6,js,21ded60,Ishaan Kor,2025-01-25,01:33:00,-08:00,2025-01-24T17:33:00-08:00,0,30
global.js,7,js,21ded60,Ishaan Kor,2025-01-25,01:33:00,-08:00,2025-01-24T17:33:00-08:00,0,30
global.js,8,js,21ded60,Ishaan Kor,2025-01-25,01:33:00,-08:00,2025-01-24T17:33:00-08:00,0,30
global.js,1,js,1724550,Ishaan Kor,2025-01-25,01:19:14,-08:00,2025-01-24T17:19:14-08:00,0,30
global.js,2,js,1724550,Ishaan Kor,2025-01-25,01:19:14,-08:00,2025-01-24T17:19:14-08:00,0,30
global.js,3,js,1724550,Ishaan Kor,2025-01-25,01:19:14,-08:00,2025-01-24T17:19:14-08:00,0,30
global.js,4,js,1724550,Ishaan Kor,2025-01-25,01:19:14,-08:00,2025-01-24T17:19:14-08:00,0,30
global.js,5,js,1724550,Ishaan Kor,2025-01-25,01:19:14,-08:00,2025-01-24T17:19:14-08:00,0,30
global.js,6,js,1724550,Ishaan Kor,2025-01-25,01:19:14,-08:00,2025-01-24T17:19:14-08:00,0,30
style.css,1,css,65cff7d,Ishaan Kor,2025-01-25,01:11:11,-08:00,2025-01-24T17:11:11-08:00,0,30
style.css,2,css,65cff7d,Ishaan Kor,2025-01-25,01:11:11,-08:00,2025-01-24T17:11:11-08:00,0,30
style.css,3,css,65cff7d,Ishaan Kor,2025-01-25,01:11:11,-08:00,2025-01-24T17:11:11-08:00,0,30
style.css,4,css,65cff7d,Ishaan Kor,2025-01-25,01:11:11,-08:00,2025-01-24T17:11:11-08:00,0,30
style.css,5,css,65cff7d,Ishaan Kor,2025-01-25,01:11:11,-08:00,2025-01-24T17:11:11-08:00,0,30
style.css,6,css,65cff7d,Ishaan Kor,2025-01-25,01:11:11,-08:00,2025-01-24T17:11:11-08:00,0,30
contact/index.html,1,html,0c833c8,Ishaan Kor,2025-01-25,01:06:39,-08:00,2025-01-24T17:06:39-08:00,1,30
contact/index.html,2,html,0c833c8,Ishaan Kor,2025-01-25,01:06:39,-08:00,2025-01-24T17:06:39-08:00,1,30
contact/index.html,3,html,0c833c8,Ishaan Kor,2025-01-25,01:06:39,-08:00,2025-01-24T17:06:39-08:00,1,30
contact/index.html,4,html,0c833c8,Ishaan Kor,2025-01-25,01:06:39,-08:00,2025-01-24T17:06:39-08:00,1,30
contact/index.html,5,html,0c833c8,Ishaan Kor,2025-01-25,01:06:39,-08:00,2025-01-24T17:06:39-08:00,1,30
contact/index.html,6,html,0c833c8,Ishaan Kor,2025-01-25,01:06:39,-08:00,2025-01-24T17:06:39-08:00,1,30
contact/index.html,7,html,0c833c8,Ishaan Kor,2025-01-25,01:06:39,-08:00,2025-01-24T17:06:39-08:00,1,30
contact/index.html,8,html,0c833c8,Ishaan Kor,2025-01-25,01:06:39,-08:00,2025-01-24T17:06:39-08:00,1,30
contact/index.html,9,html,0c833c8,Ishaan Kor,2025-01-25,01:06:39,-08:00,2025-01-24T17:06:39-08:00,1,30
contact/index.html,10,html,0c833c8,Ishaan Kor,2025-01-25,01:06:39,-08:00,2025-01-24T17:06:39-08:00,1,30
contact/index.html,11,html,0c833c8,Ishaan Kor,2025-01-25,01:06:39,-08:00,2025-01-24T17:06:39-08:00,1,30
contact/index.html,12,html,0c833c8,Ishaan Kor,2025-01-25,01:06:39,-08:00,2025-01-24T17:06:39-08:00,1,30
contact/index.html,13,html,0c833c8,Ishaan Kor,2025-01-25,01:06:39,-08:00,2025-01-24T17:06:39-08:00,1,30
contact/index.html,14,html,0c833c8,Ishaan Kor,2025-01-25,01:06:39,-08:00,2025-01-24T17:06:39-08:00,1,30
global.js,1,js,0c833c8,Ishaan Kor,2025-01-25,01:06:39,-08:00,2025-01-24T17:06:39-08:00,0,30
global.js,2,js,0c833c8,Ishaan Kor,2025-01-25,01:06:39,-08:00,2025-01-24T17:06:39-08:00,0,30
global.js,3,js,0c833c8,Ishaan Kor,2025-01-25,01:06:39,-08:00,2025-01-24T17:06:39-08:00,0,30
global.js,4,js,0c833c8,Ishaan Kor,2025-01-25,01:06:39,-08:00,2025-01-24T17:06:39-08:00,0,30
global.js,5,js,0c833c8,Ishaan Kor,2025-01-25,01:06:39,-08:00,2025-01-24T17:06:39-08:00,0,30
global.js,6,js,0c833c8,Ishaan Kor,2025-01-25,01:06:39,-08:00,2025-01-24T17:06:39-08:00,0,30
global.js,7,js,0c833c8,Ishaan Kor,2025-01-25,01:06:39,-08:00,2025-01-24T17:06:39-08:00,0,30
global.js,8,js,0c833c8,Ishaan Kor,2025-01-25,01:06:39,-08:00,2025-01-24T17:06:39-08:00,0,30
global.js,9,js,0c833c8,Ishaan Kor,2025-01-25,01:06:39,-08:00,2025-01-24T17:06:39-08:00,0,30
global.js,10,js,0c833c8,Ishaan Kor,2025-01-25,01:06:39,-08:00,2025-01-24T17:06:39-08:00,0,30
global.js,11,js,0c833c8,Ishaan Kor,2025-01-25,01:06:39,-08:00,2025-01-24T17:06:39-08:00,0,30
global.js,12,js,0c833c8,Ishaan Kor,2025-01-25,01:06:39,-08:00,2025-01-24T17:06:39-08:00,0,30
global.js,13,js,0c833c8,Ishaan Kor,2025-01-25,01:06:39,-08:00,2025-01-24T17:06:39-08:00,0,30
global.js,14,js,0c833c8,Ishaan Kor,2025-01-25,01:06:39,-08:00,2025-01-24T17:06:39-08:00,0,30
global.js,15,js,0c833c8,Ishaan Kor,2025-01-25,01:06:39,-08:00,2025-01-24T17:06:39-08:00,0,30
global.js,16,js,0c833c8,Ishaan Kor,2025-01-25,01:06:39,-08:00,2025-01-24T17:06:39-08:00,0,30
global.js,17,js,0c833c8,Ishaan Kor,2025-01-25,01:06:39,-08:00,2025-01-24T17:06:39-08:00,0,30
global.js,18,js,0c833c8,Ishaan Kor,2025-01-25,01:06:39,-08:00,2025-01-24T17:06:39-08:00,0,30
global.js,19,js,0c833c8,Ishaan Kor,2025-01-25,01:06:39,-08:00,2025-01-24T17:06:39-08:00,0,30
global.js,20,js,0c833c8,Ishaan Kor,2025-01-25,01:06:39,-08:00,2025-01-24T17:06:39-08:00,0,30
global.js,21,js,0c833c8,Ishaan Kor,2025-01-25,01:06:39,-08:00,2025-01-24T17:06:39-08:00,0,30
global.js,22,js,0c833c8,Ishaan Kor,2025-01-25,01:06:39,-08:00,2025-01-24T17:06:39-08:00,0,30
global.js,23,js,0c833c8,Ishaan Kor,2025-01-25,01:06:39,-08:00,2025-01-24T17:06:39-08:00,0,30
global.js,24,js,0c833c8,Ishaan Kor,2025-01-25,01:06:39,-08:00,2025-01-24T17:06:39-08:00,0,30
global.js,25,js,0c833c8,Ishaan Kor,2025-01-25,01:06:39,-08:00,2025-01-24T17:06:39-08:00,0,30
global.js,26,js,0c833c8,Ishaan Kor,2025-01-25,01:06:39,-08:00,2025-01-24T17:06:39-08:00,0,30
global.js,27,js,0c833c8,Ishaan Kor,2025-01-25,01:06:39,-08:00,2025-01-24T17:06:39-08:00,0,30
global.js,28,js,0c833c8,Ishaan Kor,2025-01-25,01:06:39,-08:00,2025-01-24T17:06:39-08:00,0,30
global.js,29,js,0c833c8,Ishaan Kor,2025-01-25,01:06:39,-08:00,2025-01-24T17:06:39-08:00,0,30
global.js,30,js,0c833c8,Ishaan Kor,2025-01-25,01:06:39,-08:00,2025-01-24T17:06:39-08:00,0,30
global.js,31,js,0c833c8,Ishaan Kor,2025-01-25,01:06:39,-08:00,2025-01-24T17:06:39-08:00,0,30
global.js,32,js,0c833c8,Ishaan Kor,2025-01-25,01:06:39,-08:00,2025-01-24T17:06:39-08:00,0,30
global.js,33,js,0c833c8,Ishaan Kor,2025-01-25,01:06:39,-08:00,2025-01-24T17:06:39-08:00,0,30
global.js,34,js,0c833c8,Ishaan Kor,2025-01-25,01:06:39,-08:00,2025-01-24T17:06:39-08:00,0,30
global.js,35,js,0c833c8,Ishaan Kor,2025-01-25,01:06:39,-08:00,2025-01-24T17:06:39-08:00,0,30
global.js,36,js,0c833c8,Ishaan Kor,2025-01-25,01:06:39,-08:00,2025-01-24T17:06:39-08:00,0,30
global.js,37,js,0c833c8,Ishaan Kor,2025-01-25,01:06:39,-08:00,2025-01-24T17:06:39-08:00,0,30
global.js,38,js,0c833c8,Ishaan Kor,2025-01-25,01:06:39,-08:00,2025-01-24T17:06:39-08:00,0,30
global.js,39,js,0c833c8,Ishaan Kor,2025-01-25,01:06:39,-08:00,2025-01-24T17:06:39-08:00,0,30
global.js,40,js,0c833c8,Ishaan Kor,2025-01-25,01:06:39,-08:00,2025-01-24T17:06:39-08:00,0,30
global.js,41,js,0c833c8,Ishaan Kor,2025-01-25,01:06:39,-08:00,2025-01-24T17:06:39-08:00,0,30
global.js,42,js,0c833c8,Ishaan Kor,2025-01-25,01:06:39,-08:00,2025-01-24T17:06:39-08:00,0,30
global.js,43,js,0c833c8,Ishaan Kor,2025-01-25,01:06:39,-08:00,2025-01-24T17:06:39-08:00,0,30
global.js,44,js,0c833c8,Ishaan Kor,2025-01-25,01:06:39,-08:00,2025-01-24T17:06:39-08:00,0,30
global.js,45,js,0c833c8,Ishaan Kor,2025-01-25,01:06:39,-08:00,2025-01-24T17:06:39-08:00,0,30
global.js,46,js,0c833c8,Ishaan Kor,2025-01-25,01:06:39,-08:00,2025-01-24T17:06:39-08:00,0,30
global.js,47,js,0c833c8,Ishaan Kor,2025-01-25,01:06:39,-08:00,2025-01-24T17:06:39-08:00,0,30
global.js,48,js,0c833c8,Ishaan Kor,2025-01-25,01:06:39,-08:00,2025-01-24T17:06:39-08:00,0,30
global.js,49,js,0c833c8,Ishaan Kor,2025-01-25,01:06:39,-08:00,2025-01-24T17:06:39-08:00,0,30
global.js,50,js,0c833c8,Ishaan Kor,2025-01-25,01:06:39,-08:00,2025-01-24T17:06:39-08:00,0,30
index.html,1,html,0c833c8,Ishaan Kor,2025-01-25,01:06:39,-08:00,2025-01-24T17:06:39-08:00,0,30
index.html,2,html,0c833c8,Ishaan Kor,2025-01-25,01:06:39,-08:00,2025-01-24T17:06:39-08:00,0,30
index.html,3,html,0c833c8,Ishaan Kor,2025-01-25,01:06:39,-08:00,2025-01-24T17:06:39-08:00,0,30
index.html,4,html,0c833c8,Ishaan Kor,2025-01-25,01:06:39,-08:00,2025-01-24T17:06:39-08:00,0,30
index.html,5,html,0c833c8,Ishaan Kor,2025-01-25,01:06:39,-08:00,2025-01-24T17:06:39-08:00,0,30
index.html,6,html,0c833c8,Ishaan Kor,2025-01-25,01:06:39,-08:00,2025-01-24T17:06:39-08:00,0,30
index.html,7,html,0c833c8,Ishaan Kor,2025-01-25,01:06:39,-08:00,2025-01-24T17:06:39-08:00,0,30
index.html,8,html,0c833c8,Ishaan Kor,2025-01-25,01:06:39,-08:00,2025-01-24T17:06:39-08:00,0,30
index.html,9,html,0c833c8,Ishaan Kor,2025-01-25,01:06:39,-08:00,2025-01-24T17:06:39-08:00,0,30
index.html,10,html,0c833c8,Ishaan Kor,2025-01-25,01:06:39,-08:00,2025-01-24T17:06:39-08:00,0,30
index.html,11,html,0c833c8,Ishaan Kor,2025-01-25,01:06:39,-08:00,2025-01-24T17:06:39-08:00,0,30
index.html,12,html,0c833c8,Ishaan Kor,2025-01-25,01:06:39,-08:00,2025-01-24T17:06:39-08:00,0,30
projects/index.html,1,html,0c833c8,Ishaan Kor,2025-01-25,01:06:39,-08:00,2025-01-24T17:06:39-08:00,1,30
projects/index.html,2,html,0c833c8,Ishaan Kor,2025-01-25,01:06:39,-08:00,2025-01-24T17:06:39-08:00,1,30
projects/index.html,3,html,0c833c8,Ishaan Kor,2025-01-25,01:06:39,-08:00,2025-01-24T17:06:39-08:00,1,30
projects/index.html,4,html,0c833c8,Ishaan Kor,2025-01-25,01:06:39,-08:00,2025-01-24T17:06:39-08:00,1,30
projects/index.html,5,html,0c833c8,Ishaan Kor,2025-01-25,01:06:39,-08:00,2025-01-24T17:06:39-08:00,1,30
projects/index.html,6,html,0c833c8,Ishaan Kor,2025-01-25,01:06:39,-08:00,2025-01-24T17:06:39-08:00,1,30
projects/index.html,7,html,0c833c8,Ishaan Kor,2025-01-25,01:06:39,-08:00,2025-01-24T17:06:39-08:00,1,30
projects/index.html,8,html,0c833c8,Ishaan Kor,2025-01-25,01:06:39,-08:00,2025-01-24T17:06:39-08:00,1,30
projects/index.html,9,html,0c833c8,Ishaan Kor,2025-01-25,01:06:39,-08:00,2025-01-24T17:06:39-08:00,1,30
projects/index.html,10,html,0c833c8,Ishaan Kor,2025-01-25,01:06:39,-08:00,2025-01-24T17:06:39-08:00,1,30
resume/index.html,1,html,0c833c8,Ishaan Kor,2025-01-25,01:06:39,-08:00,2025-01-24T17:06:39-08:00,1,30
resume/index.html,2,html,0c833c8,Ishaan Kor,2025-01-25,01:06:39,-08:00,2025-01-24T17:06:39-08:00,1,30
resume/index.html,3,html,0c833c8,Ishaan Kor,2025-01-25,01:06:39,-08:00,2025-01-24T17:06:39-08:00,1,30
resume/index.html,4,html,0c833c8,Ishaan Kor,2025-01-25,01:06:39,-08:00,2025-01-24T17:06:39-08:00,1,30
resume/index.html,5,html,0c833c8,Ishaan Kor,2025-01-25,01:06:39,-08:00,2025-01-24T17:06:39-08:00,1,30
resume/index.html,6,html,0c833c8,Ishaan Kor,2025-01-25,01:06:39,-08:00,2025-01-24T17:06:39-08:00,1,30
resume/index.html,7,html,0c833c8,Ishaan Kor,2025-01-25,01:06:39,-08:00,2025-01-24T17:06:39-08:00,1,30
resume/index.html,8,html,0c833c8,Ishaan Kor,2025-01-25,01:06:39,-08:00,2025-01-24T17:06:39-08:00,1,30
resume/index.html,9,html,0c833c8,Ishaan Kor,2025-01-25,01:06:39,-08:00,2025-01-24T17:06:39-08:00,1,30
resume/index.html,10,html,0c833c8,Ishaan Kor,2025-01-25,01:06:39,-08:00,2025-01-24T17:06:39-08:00,1,30
resume/index.html,11,html,0c833c8,Ishaan Kor,2025-01-25,01:06:39,-08:00,2025-01-24T17:06:39-08:00,1,30
resume/index.html,12,html,0c833c8,Ishaan Kor,2025-01-25,01:06:39,-08:00,2025-01-24T17:06:39-08:00,1,30
style.css,1,css,0c833c8,Ishaan Kor,2025-01-25,01:06:39,-08:00,2025-01-24T17:06:39-08:00,0,30
style.css,2,css,0c833c8,Ishaan Kor,2025-01-25,01:06:39,-08:00,2025-01-24T17:06:39-08:00,0,30
style.css,3,css,0c833c8,Ishaan Kor,2025-01-25,01:06:39,-08:00,2025-01-24T17:06:39-08:00,0,30
style.css,4,css,0c833c8,Ishaan Kor,2025-01-25,01:06:39,-08:00,2025-01-24T17:06:39-08:00,0,30
style.css,5,css,0c833c8,Ishaan Kor,2025-01-25,01:06:39,-08:00,2025-01-24T17:06:39-08:00,0,30
style.css,6,css,0c833c8,Ishaan Kor,2025-01-25,01:06:39,-08:00,2025-01-24T17:06:39-08:00,0,30
style.css,7,css,0c833c8,Ishaan Kor,2025-01-25,01:06:39,-08:00,2025-01-24T17:06:39-08:00,0,30
style.css,8,css,0c833c8,Ishaan Kor,2025-01-25,01:06:39,-08:00,2025-01-24T17:06:39-08:00,0,30
style.css,9,css,0c833c8,Ishaan Kor,2025-01-25,01:06:39,-08:00,2025-01-24T17:06:39-08:00,0,30
style.css,10,css,0c833c8,Ishaan Kor,2025-01-25,01:06:39,-08:00,2025-01-24T17:06:39-08:00,0,30
style.css,11,css,0c833c8,Ishaan Kor,2025-01-25,01:06:39,-08:00,2025-01-24T17:06:39-08:00,0,30
style.css,12,css,0c833c8,Ishaan Kor,2025-01-25,01:06:39,-08:00,2025-01-24T17:06:39-08:00,0,30
style.css,13,css,0c833c8,Ishaan Kor,2025-01-25,01:06:39,-08:00,2025-01-24T17:06:39-08:00,0,30
style.css,14,css,0c833c8,Ishaan Kor,2025-01-25,01:06:39,-08:00,2025-01-24T17:06:39-08:00,0,30
style.css,15,css,0c833c8,Ishaan Kor,2025-01-25,01:06:39,-08:00,2025-01-24T17:06:39-08:00,0,30
style.css,16,css,0c833c8,Ishaan Kor,2025-01-25,01:06:39,-08:00,2025-01-24T17:06:39-08:00,0,30
index.html,1,html,1b516e9,Ishaan Kor,2025-01-17,22:30:48,-08:00,2025-01-17T14:30:48-08:00,0,30
index.html,2,html,1b516e9,Ishaan Kor,2025-01-17,22:30:48,-08:00,2025-01-17T14:30:48-08:00,0,30
resume/index.html,1,html,0bd6497,Ishaan Kor,2025-01-17,21:56:25,-08:00,2025-01-17T13:56:25-08:00,1,30
resume/index.html,2,html,0bd6497,Ishaan Kor,2025-01-17,21:56:25,-08:00,2025-01-17T13:56:25-08:00,1,30
style.css,1,css,0bd6497,Ishaan Kor,2025-01-17,21:56:25,-08:00,2025-01-17T13:56:25-08:00,0,30
style.css,2,css,0bd6497,Ishaan Kor,2025-01-17,21:56:25,-08:00,2025-01-17T13:56:25-08:00,0,30
style.css,3,css,0bd6497,Ishaan Kor,2025-01-17,21:56:25,-08:00,2025-01-17T13:56:25-08:00,0,30
style.css,4,css,0bd6497,Ishaan Kor,2025-01-17,21:56:25,-08:00,2025-01-17T13:56:25-08:00,0,30
style.css,5,css,0bd6497,Ishaan Kor,2025-01-17,21:56:25,-08:00,2025-01-17T13:56:25-08:00,0,30
style.css,6,css,0bd6497,Ishaan Kor,2025-01-17,21:56:25,-08:00,2025-01-17T13:56:25-08:00,0,30
style.css,7,css,0bd6497,Ishaan Kor,2025-01-17,21:56:25,-08:00,2025-01-17T13:56:25-08:00,0,30
style.css,8,css,0bd6497,Ishaan Kor,2025-01-17,21:56:25,-08:00,2025-01-17T13:56:25-08:00,0,30
contact/index.html,1,html,cb5f3fe,Ishaan Kor,2025-01-17,21:44:35,-08:00,2025-01-17T13:44:35-08:00,1,30
contact/index.html,2,html,cb5f3fe,Ishaan Kor,2025-01-17,21:44:35,-08:00,2025-01-17T13:44:35-08:00,1,30
contact/index.html,3,html,cb5f3fe,Ishaan Kor,2025-01-17,21:44:35,-08:00,2025-01-17T13:44:35-08:00,1,30
contact/index.html,4,html,cb5f3fe,Ishaan Kor,2025-01-17,21:44:35,-08:00,2025-01-17T13:44:35-08:00,1,30
resume/index.html,1,html,cb5f3fe,Ishaan Kor,2025-01-17,21:44:35,-08:00,2025-01-17T13:44:35-08:00,1,30
resume/index.html,2,html,cb5f3fe,Ishaan Kor,2025-01-17,21:44:35,-08:00,2025-01-17T13:44:35-08:00,1,30
resume/index.html,3,html,cb5f3fe,Ishaan Kor,2025-01-17,21:44:35,-08:00,2025-01-17T13:44:35-08:00,1,30
resume/index.html,4,html,cb5f3fe,Ishaan Kor,2025-01-17,21:44:35,-08:00,2025-01-17T13:44:35-08:00,1,30
resume/index.html,5,html,cb5f3fe,Ishaan Kor,2025-01-17,21:44:35,-08:00,2025-01-17T13:44:35-08:00,1,30
resume/index.html,6,html,cb5f3fe,Ishaan Kor,2025-01-17,21:44:35,-08:00,2025-01-17T13:44:35-08:00,1,30
resume/index.html,7,html,cb5f3fe,Ishaan Kor,2025-01-17,21:44:35,-08:00,2025-01-17T13:44:35-08:00,1,30
resume/index.html,8,html,cb5f3fe,Ishaan Kor,2025-01-17,21:44:35,-08:00,2025-01-17T13:44:35-08:00,1,30
resume/index.html,9,html,cb5f3fe,Ishaan Kor,2025-01-17,21:44:35,-08:00,2025-01-17T13:44:35-08:00,1,30
resume/index.html,10,html,cb5f3fe,Ishaan Kor,2025-01-17,21:44:35,-08:00,2025-01-17T13:44:35-08:00,1,30
resume/index.html,11,html,cb5f3fe,Ishaan Kor,2025-01-17,21:44:35,-08:00,2025-01-17T13:44:35-08:00,1,30
resume/index.html,12,html,cb5f3fe,Ishaan Kor,2025-01-17,21:44:35,-08:00,2025-01-17T13:44:35-08:00,1,30
resume/index.html,13,html,cb5f3fe,Ishaan Kor,2025-01-17,21:44:35,-08:00,2025-01-17T13:44:35-08:00,1,30
resume/index.html,14,html,cb5f3fe,Ishaan Kor,2025-01-17,21:44:35,-08:00,2025-01-17T13:44:35-08:00,1,30
resume/index.html,15,html,cb5f3fe,Ishaan Kor,2025-01-17,21:44:35,-08:00,2025-01-17T13:44:35-08:00,1,30
resume/index.html,16,html,cb5f3fe,Ishaan Kor,2025-01-17,21:44:35,-08:00,2025-01-17T13:44:35-08:00,1,30
resume/index.html,17,html,cb5f3fe,Ishaan Kor,2025-01-17,21:44:35,-08:00,2025-01-17T13:44:35-08:00,1,30
resume/index.html,18,html,cb5f3fe,Ishaan Kor,2025-01-17,21:44:35,-08:00,2025-01-17T13:44:35-08:00,1,30
resume/index.html,19,html,cb5f3fe,Ishaan Kor,2025-01-17,21:44:35,-08:00,2025-01-17T13:44:35-08:00,1,30
resume/index.html,20,html,cb5f3fe,Ishaan Kor,2025-01-17,21:44:35,-08:00,2025-01-17T13:44:35-08:00,1,30
resume/index.html,21,html,cb5f3fe,Ishaan Kor,2025-01-17,21:44:35,-08:00,2025-01-17T13:44:35-08:00,1,30
resume/index.html,22,html,cb5f3fe,Ishaan Kor,2025-01-17,21:44:35,-08:00,2025-01-17T13:44:35-08:00,1,30
resume/index.html,23,html,cb5f3fe,Ishaan Kor,2025-01-17,21:44:35,-08:00,2025-01-17T13:44:35-08:00,1,30
resume/index.html,24,html,cb5f3fe,Ishaan Kor,2025-01-17,21:44:35,-08:00,2025-01-17T13:44:35-08:00,1,30
resume/index.html,25,html,cb5f3fe,Ishaan Kor,2025-01-17,21:44:35,-08:00,2025-01-17T13:44:35-08:00,1,30
resume/index.html,26,html,cb5f3fe,Ishaan Kor,2025-01-17,21:44:35,-08:00,2025-01-17T13:44:35-08:00,1,30
resume/index.html,27,html,cb5f3fe,Ishaan Kor,2025-01-17,21:44:35,-08:00,2025-01-17T13:44:35-08:00,1,30
resume/index.html,28,html,cb5f3fe,Ishaan Kor,2025-01-17,21:44:35,-08:00,2025-01-17T13:44:35-08:00,1,30
resume/index.html,29,html,cb5f3fe,Ishaan Kor,2025-01-17,21:44:35,-08:00,2025-01-17T13:44:35-08:00,1,30
resume/index.html,30,html,cb5f3fe,Ishaan Kor,2025-01-17,21:44:35,-08:00,2025-01-17T13:44:35-08:00,1,30
resume/index.html,31,html,cb5f3fe,Ishaan Kor,2025-01-17,21:44:35,-08:00,2025-01-17T13:44:35-08:00,1,30
resume/index.html,32,html,cb5f3fe,Ishaan Kor,2025-01-17,21:44:35,-08:00,2025-01-17T13:44:35-08:00,1,30
resume/index.html,33,html,cb5f3fe,Ishaan Kor,2025-01-17,21:44:35,-08:00,2025-01-17T13:44:35-08:00,1,30
resume/index.html,34,html,cb5f3fe,Ishaan Kor,2025-01-17,21:44:35,-08:00,2025-01-17T13:44:35-08:00,1,30
style.css,1,css,cb5f3fe,Ishaan Kor,2025-01-17,21:44:35,-08:00,2025-01-17T13:44:35-08:00,0,30
style.css,2,css,cb5f3fe,Ishaan Kor,2025-01-17,21:44:35,-08:00,2025-01-17T13:44:35-08:00,0,30
style.css,3,css,cb5f3fe,Ishaan Kor,2025-01-17,21:44:35,-08:00,2025-01-17T13:44:35-08:00,0,30
style.css,4,css,cb5f3fe,Ishaan Kor,2025-01-17,21:44:35,-08:00,2025-01-17T13:44:35-08:00,0,30
style.css,5,css,cb5f3fe,Ishaan Kor,2025-01-17,21:44:35,-08:00,2025-01-17T13:44:35-08:00,0,30
style.css,6,css,cb5f3fe,Ishaan Kor,2025-01-17,21:44:35,-08:00,2025-01-17T13:44:35-08:00,0,30
style.css,7,css,cb5f3fe,Ishaan Kor,2025-01-17,21:44:35,-08:00,2025-01-17T13:44:35-08:00,0,30
style.css,8,css,cb5f3fe,Ishaan Kor,2025-01-17,21:44:35,-08:00,2025-01-17T13:44:35-08:00,0,30
style.css,9,css,cb5f3fe,Ishaan Kor,2025-01-17,21:44:35,-08:00,2025-01-17T13:44:35-08:00,0,30
contact/index.html,1,html,c6478c7,Ishaan Kor,2025-01-17,21:10:33,-08:00,2025-01-17T13:10:33-08:00,1,30
contact/index.html,2,html,c6478c7,Ishaan Kor,2025-01-17,21:10:33,-08:00,2025-01-17T13:10:33-08:00,1,30
index.html,1,html,c6478c7,Ishaan Kor,2025-01-17,21:10:33,-08:00,2025-01-17T13:10:33-08:00,0,30
index.html,2,html,c6478c7,Ishaan Kor,2025-01-17,21:10:33,-08:00,2025-01-17T13:10:33-08:00,0,30
index.html,3,html,c6478c7,Ishaan Kor,2025-01-17,21:10:33,-08:00,2025-01-17T13:10:33-08:00,0,30
index.html,4,html,c6478c7,Ishaan Kor,2025-01-17,21:10:33,-08:00,2025-01-17T13:10:33-08:00,0,30
projects/index.html,1,html,c6478c7,Ishaan Kor,2025-01-17,21:10:33,-08:00,2025-01-17T13:10:33-08:00,1,30
projects/index.html,2,html,c6478c7,Ishaan Kor,2025-01-17,21:10:33,-08:00,2025-01-17T13:10:33-08:00,1,30
projects/index.html,3,html,c6478c7,Ishaan Kor,2025-01-17,21:10:33,-08:00,2025-01-17T13:10:33-08:00,1,30
projects/index.html,4,html,c6478c7,Ishaan Kor,2025-01-17,21:10:33,-08:00,2025-01-17T13:10:33-08:00,1,30
projects/index.html,5,html,c6478c7,Ishaan Kor,2025-01-17,21:10:33,-08:00,2025-01-17T13:10:33-08:00,1,30
projects/index.html,6,html,c6478c7,Ishaan Kor,2025-01-17,21:10:33,-08:00,2025-01-17T13:10:33-08:00,1,30
projects/index.html,7,html,c6478c7,Ishaan Kor,2025-01-17,21:10:33,-08:00,2025-01-17T13:10:33-08:00,1,30
projects/index.html,8,html,c6478c7,Ishaan Kor,2025-01-17,21:10:33,-08:00,2025-01-17T13:10:33-08:00,1,30
projects/index.html,9,html,c6478c7,Ishaan Kor,2025-01-17,21:10:33,-08:00,2025-01-17T13:10:33-08:00,1,30
projects/index.html,10,html,c6478c7,Ishaan Kor,2025-01-17,21:10:33,-08:00,2025-01-17T13:10:33-08:00,1,30
projects/index.html,11,html,c6478c7,Ishaan Kor,2025-01-17,21:10:33,-08:00,2025-01-17T13:10:33-08:00,1,30
projects/index.html,12,html,c6478c7,Ishaan Kor,2025-01-17,21:10:33,-08:00,2025-01-17T13:10:33-08:00,1,30
projects/index.html,13,html,c6478c7,Ishaan Kor,2025-01-17,21:10:33,-08:00,2025-01-17T13:10:33-08:00,1,30
projects/index.html,14,html,c6478c7,Ishaan Kor,2025-01-17,21:10:33,-08:00,2025-01-17T13:10:33-08:00,1,30
projects/index.html,15,html,c6478c7,Ishaan Kor,2025-01-17,21:10:33,-08:00,2025-01-17T13:10:33-08:00,1,30
projects/index.html,16,html,c6478c7,Ishaan Kor,2025-01-17,21:10:33,-08:00,2025-01-17T13:10:33-08:00,1,30
projects/index.html,17,html,c6478c7,Ishaan Kor,2025-01-17,21:10:33,-08:00,2025-01-17T13:10:33-08:00,1,30
projects/index.html,18,html,c6478c7,Ishaan Kor,2025-01-17,21:10:33,-08:00,2025-01-17T13:10:33-08:00,1,30
projects/index.html,19,html,c6478c7,Ishaan Kor,2025-01-17,21:10:33,-08:00,2025-01-17T13:10:33-08:00,1,30
projects/index.html,20,html,c6478c7,Ishaan Kor,2025-01-17,21:10:33,-08:00,2025-01-17T13:10:33-08:00,1,30
projects/index.html,21,html,c6478c7,Ishaan Kor,2025-01-17,21:10:33,-08:00,2025-01-17T13:10:33-08:00,1,30
projects/index.html,22,html,c6478c7,Ishaan Kor,2025-01-17,21:10:33,-08:00,2025-01-17T13:10:33-08:00,1,30
projects/index.html,23,html,c6478c7,Ishaan Kor,2025-01-17,21:10:33,-08:00,2025-01-17T13:10:33-08:00,1,30
projects/index.html,24,html,c6478c7,Ishaan Kor,2025-01-17,21:10:33,-08:00,2025-01-17T13:10:33-08:00,1,30
projects/index.html,25,html,c6478c7,Ishaan Kor,2025-01-17,21:10:33,-08:00,2025-01-17T13:10:33-08:00,1,30
projects/index.html,26,html,c6478c7,Ishaan Kor,2025-01-17,21:10:33,-08:00,2025-01-17T13:10:33-08:00,1,30
projects/index.html,27,html,c6478c7,Ishaan Kor,2025-01-17,21:10:33,-08:00,2025-01-17T13:10:33-08:00,1,30
projects/index.html,28,html,c6478c7,Ishaan Kor,2025-01-17,21:10:33,-08:00,2025-01-17T13:10:33-08:00,1,30
projects/index.html,29,html,c6478c7,Ishaan Kor,2025-01-17,21:10:33,-08:00,2025-01-17T13:10:33-08:00,1,30
projects/index.html,30,html,c6478c7,Ishaan Kor,2025-01-17,21:10:33,-08:00,2025-01-17T13:10:33-08:00,1,30
projects/index.html,31,html,c6478c7,Ishaan Kor,2025-01-17,21:10:33,-08:00,2025-01-17T13:10:33-08:00,1,30
projects/index.html,32,html,c6478c7,Ishaan Kor,2025-01-17,21:10:33,-08:00,2025-01-17T13:10:33-08:00,1,30
projects/index.html,33,html,c6478c7,Ishaan Kor,2025-01-17,21:10:33,-08:00,2025-01-17T13:10:33-08:00,1,30
projects/index.html,34,html,c6478c7,Ishaan Kor,2025-01-17,21:10:33,-08:00,2025-01-17T13:10:33-08:00,1,30
projects/index.html,35,html,c6478c7,Ishaan Kor,2025-01-17,21:10:33,-08:00,2025-01-17T13:10:33-08:00,1,30
projects/index.html,36,html,c6478c7,Ishaan Kor,2025-01-17,21:10:33,-08:00,2025-01-17T13:10:33-08:00,1,30
projects/index.html,37,html,c6478c7,Ishaan Kor,2025-01-17,21:10:33,-08:00,2025-01-17T13:10:33-08:00,1,30
projects/index.html,38,html,c6478c7,Ishaan Kor,2025-01-17,21:10:33,-08:00,2025-01-17T13:10:33-08:00,1,30
projects/index.html,39,html,c6478c7,Ishaan Kor,2025-01-17,21:10:33,-08:00,2025-01-17T13:10:33-08:00,1,30
projects/index.html,40,html,c6478c7,Ishaan Kor,2025-01-17,21:10:33,-08:00,2025-01-17T13:10:33-08:00,1,30
projects/index.html,41,html,c6478c7,Ishaan Kor,2025-01-17,21:10:33,-08:00,2025-01-17T13:10:33-08:00,1,30
projects/index.html,42,html,c6478c7,Ishaan Kor,2025-01-17,21:10:33,-08:00,2025-01-17T13:10:33-08:00,1,30
projects/index.html,43,html,c6478c7,Ishaan Kor,2025-01-17,21:10:33,-08:00,2025-01-17T13:10:33-08:00,1,30
projects/index.html,44,html,c6478c7,Ishaan Kor,2025-01-17,21:10:33,-08:00,2025-01-17T13:10:33-08:00,1,30
projects/index.html,45,html,c6478c7,Ishaan Kor,2025-01-17,21:10:33,-08:00,2025-01-17T13:10:33-08:00,1,30
projects/index.html,46,html,c6478c7,Ishaan Kor,2025-01-17,21:10:33,-08:00,2025-01-17T13:10:33-08:00,1,30
projects/index.html,47,html,c6478c7,Ishaan Kor,2025-01-17,21:10:33,-08:00,2025-01-17T13:10:33-08:00,1,30
projects/index.html,48,html,c6478c7,Ishaan Kor,2025-01-17,21:10:33,-08:00,2025-01-17T13:10:33-08:00,1,30
projects/index.html,49,html,c6478c7,Ishaan Kor,2025-01-17,21:10:33,-08:00,2025-01-17T13:10:33-08:00,1,30
projects/index.html,50,html,c6478c7,Ishaan Kor,2025-01-17,21:10:33,-08:00,2025-01-17T13:10:33-08:00,1,30
resume/index.html,1,html,c6478c7,Ishaan Kor,2025-01-17,21:10:33,-08:00,2025-01-17T13:10:33-08:00,1,30
resume/index.html,2,html,c6478c7,Ishaan Kor,2025-01-17,21:10:33,-08:00,2025-01-17T13:10:33-08:00,1,30
resume/index.html,3,html,c6478c7,Ishaan Kor,2025-01-17,21:10:33,-08:00,2025-01-17T13:10:33-08:00,1,30
resume/index.html,4,html,c6478c7,Ishaan Kor,2025-01-17,21:10:33,-08:00,2025-01-17T13:10:33-08:00,1,30
style.css,1,css,c6478c7,Ishaan Kor,2025-01-17,21:10:33,-08:00,2025-01-17T13:10:33-08:00,0,30
style.css,2,css,c6478c7,Ishaan Kor,2025-01-17,21:10:33,-08:00,2025-01-17T13:10:33-08:00,0,30
style.css,3,css,c6478c7,Ishaan Kor,2025-01-17,21:10:33,-08:00,2025-01-17T13:10:33-08:00,0,30
style.css,4,css,c6478c7,Ishaan Kor,2025-01-17,21:10:33,-08:00,2025-01-17T13:10:33-08:00,0,30
style.css,5,css,c6478c7,Ishaan Kor,2025-01-17,21:10:33,-08:00,2025-01-17T13:10:33-08:00,0,30
style.css,6,css,c6478c7,Ishaan Kor,2025-01-17,21:10:33,-08:00,2025-01-17T13:10:33-08:00,0,30
style.css,7,css,c6478c7,Ishaan Kor,2025-01-17,21:10:33,-08:00,2025-01-17T13:10:33-08:00,0,30
style.css,8,css,c6478c7,Ishaan Kor,2025-01-17,21:10:33,-08:00,2025-01-17T13:10:33-08:00,0,30
style.css,9,css,c6478c7,Ishaan Kor,2025-01-17,21:10:33,-08:00,2025-01-17T13:10:33-08:00,0,30
style.css,10,css,c6478c7,Ishaan Kor,2025-01-17,21:10:33,-08:00,2025-01-17T13:10:33-08:00,0,30
style.css,11,css,c6478c7,Ishaan Kor,2025-01-17,21:10:33,-08:00,2025-01-17T13:10:33-08:00,0,30
style.css,12,css,c6478c7,Ishaan Kor,2025-01-17,21:10:33,-08:00,2025-01-17T13:10:33-08:00,0,30
style.css,13,css,c6478c7,Ishaan Kor,2025-01-17,21:10:33,-08:00,2025-01-17T13:10:33-08:00,0,30
style.css,14,css,c6478c7,Ishaan Kor,2025-01-17,21:10:33,-08:00,2025-01-17T13:10:33-08:00,0,30
style.css,15,css,c6478c7,Ishaan Kor,2025-01-17,21:10:33,-08:00,2025-01-17T13:10:33-08:00,0,30
style.css,16,css,c6478c7,Ishaan Kor,2025-01-17,21:10:33,-08:00,2025-01-17T13:10:33-08:00,0,30
style.css,17,css,c6478c7,Ishaan Kor,2025-01-17,21:10:33,-08:00,2025-01-17T13:10:33-08:00,0,30
style.css,18,css,c6478c7,Ishaan Kor,2025-01-17,21:10:33,-08:00,2025-01-17T13:10:33-08:00,0,30
style.css,19,css,c6478c7,Ishaan Kor,2025-01-17,21:10:33,-08:00,2025-01-17T13:10:33-08:00,0,30
style.css,20,css,c6478c7,Ishaan Kor,2025-01-17,21:10:33,-08:00,2025-01-17T13:10:33-08:00,0,30
style.css,21,css,c6478c7,Ishaan Kor,2025-01-17,21:10:33,-08:00,2025-01-17T13:10:33-08:00,0,30
style.css,22,css,c6478c7,Ishaan Kor,2025-01-17,21:10:33,-08:00,2025-01-17T13:10:33-08:00,0,30
style.css,23,css,c6478c7,Ishaan Kor,2025-01-17,21:10:33,-08:00,2025-01-17T13:10:33-08:00,0,30
style.css,24,css,c6478c7,Ishaan Kor,2025-01-17,21:10:33,-08:00,2025-01-17T13:10:33-08:00,0,30
style.css,25,css,c6478c7,Ishaan Kor,2025-01-17,21:10:33,-08:00,2025-01-17T13:10:33-08:00,0,30
style.css,26,css,c6478c7,Ishaan Kor,2025-01-17,21:10:33,-08:00,2025-01-17T13:10:33-08:00,0,30
style.css,27,css,c6478c7,Ishaan Kor,2025-01-17,21:10:33,-08:00,2025-01-17T13:10:33-08:00,0,30
style.css,28,css,c6478c7,Ishaan Kor,2025-01-17,21:10:33,-08:00,2025-01-17T13:10:33-08:00,0,30
style.css,29,css,c6478c7,Ishaan Kor,2025-01-17,21:10:33,-08:00,2025-01-17T13:10:33-08:00,0,30
style.css,30,css,c6478c7,Ishaan Kor,2025-01-17,21:10:33,-08:00,2025-01-17T13:10:33-08:00,0,30
style.css,31,css,c6478c7,Ishaan Kor,2025-01-17,21:10:33,-08:00,2025-01-17T13:10:33-08:00,0,30
style.css,32,css,c6478c7,Ishaan Kor,2025-01-17,21:10:33,-08:00,2025-01-17T13:10:33-08:00,0,30
style.css,33,css,c6478c7,Ishaan Kor,2025-01-17,21:10:33,-08:00,2025-01-17T13:10:33-08:00,0,30
style.css,34,css,c6478c7,Ishaan Kor,2025-01-17,21:10:33,-08:00,2025-01-17T13:10:33-08:00,0,30
style.css,35,css,c6478c7,Ishaan Kor,2025-01-17,21:10:33,-08:00,2025-01-17T13:10:33-08:00,0,30
style.css,36,css,c6478c7,Ishaan Kor,2025-01-17,21:10:33,-08:00,2025-01-17T13:10:33-08:00,0,30
style.css,37,css,c6478c7,Ishaan Kor,2025-01-17,21:10:33,-08:00,2025-01-17T13:10:33-08:00,0,30
style.css,38,css,c6478c7,Ishaan Kor,2025-01-17,21:10:33,-08:00,2025-01-17T13:10:33-08:00,0,30
style.css,39,css,c6478c7,Ishaan Kor,2025-01-17,21:10:33,-08:00,2025-01-17T13:10:33-08:00,0,30
style.css,40,css,c6478c7,Ishaan Kor,2025-01-17,21:10:33,-08:00,2025-01-17T13:10:33-08:00,0,30
style.css,41,css,c6478c7,Ishaan Kor,2025-01-17,21:10:33,-08:00,2025-01-17T13:10:33-08:00,0,30
style.css,42,css,c6478c7,Ishaan Kor,2025-01-17,21:10:33,-08:00,2025-01-17T13:10:33-08:00,0,30
style.css,43,css,c6478c7,Ishaan Kor,2025-01-17,21:10:33,-08:00,2025-01-17T13:10:33-08:00,0,30
style.css,44,css,c6478c7,Ishaan Kor,2025-01-17,21:10:33,-08:00,2025-01-17T13:10:33-08:00,0,30
style.css,45,css,c6478c7,Ishaan Kor,2025-01-17,21:10:33,-08:00,2025-01-17T13:10:33-08:00,0,30
style.css,46,css,c6478c7,Ishaan Kor,2025-01-17,21:10:33,-08:00,2025-01-17T13:10:33-08:00,0,30
style.css,47,css,c6478c7,Ishaan Kor,2025-01-17,21:10:33,-08:00,2025-01-17T13:10:33-08:00,0,30
style.css,48,css,c6478c7,Ishaan Kor,2025-01-17,21:10:33,-08:00,2025-01-17T13:10:33-08:00,0,30
style.css,49,css,c6478c7,Ishaan Kor,2025-01-17,21:10:33,-08:00,2025-01-17T13:10:33-08:00,0,30
style.css,50,css,c6478c7,Ishaan Kor,2025-01-17,21:10:33,-08:00,2025-01-17T13:10:33-08:00,0,30
index.html,1,html,d86701b,Ishaan Kor,2025-01-17,08:51:41,-08:00,2025-01-17T00:51:41-08:00,0,30
index.html,2,html,d86701b,Ishaan Kor,2025-01-17,08:51:41,-08:00,2025-01-17T00:51:41-08:00,0,30
index.html,1,html,edb8518,Ishaan Kor,2025-01-17,08:46:20,-08:00,2025-01-17T00:46:20-08:00,0,30
index.html,2,html,edb8518,Ishaan Kor,2025-01-17,08:46:20,-08:00,2025-01-17T00:46:20-08:00,0,30
contact/index.html,1,html,40158ac,Ishaan Kor,2025-01-12,03:44:21,-08:00,2025-01-11T19:44:21-08:00,1,30
contact/index.html,2,html,40158ac,Ishaan Kor,2025-01-12,03:44:21,-08:00,2025-01-11T19:44:21-08:00,1,30
contact/index.html,3,html,40158ac,Ishaan Kor,2025-01-12,03:44:21,-08:00,2025-01-11T19:44:21-08:00,1,30
contact/index.html,4,html,40158ac,Ishaan Kor,2025-01-12,03:44:21,-08:00,2025-01-11T19:44:21-08:00,1,30
contact/index.html,5,html,40158ac,Ishaan Kor,2025-01-12,03:44:21,-08:00,2025-01-11T19:44:21-08:00,1,30
contact/index.html,6,html,40158ac,Ishaan Kor,2025-01-12,03:44:21,-08:00,2025-01-11T19:44:21-08:00,1,30
contact/index.html,7,html,40158ac,Ishaan Kor,2025-01-12,03:44:21,-08:00,2025-01-11T19:44:21-08:00,1,30
contact/index.html,8,html,40158ac,Ishaan Kor,2025-01-12,03:44:21,-08:00,2025-01-11T19:44:21-08:00,1,30
index.html,1,html,40158ac,Ishaan Kor,2025-01-12,03:44:21,-08:00,2025-01-11T19:44:21-08:00,0,30
index.html,2,html,40158ac,Ishaan Kor,2025-01-12,03:44:21,-08:00,2025-01-11T19:44:21-08:00,0,30
index.html,3,html,40158ac,Ishaan Kor,2025-01-12,03:44:21,-08:00,2025-01-11T19:44:21-08:00,0,30
index.html,4,html,40158ac,Ishaan Kor,2025-01-12,03:44:21,-08:00,2025-01-11T19:44:21-08:00,0,30
index.html,5,html,40158ac,Ishaan Kor,2025-01-12,03:44:21,-08:00,2025-01-11T19:44:21-08:00,0,30
index.html,6,html,40158ac,Ishaan Kor,2025-01-12,03:44:21,-08:00,2025-01-11T19:44:21-08:00,0,30
index.html,7,html,40158ac,Ishaan Kor,2025-01-12,03:44:21,-08:00,2025-01-11T19:44:21-08:00,0,30
index.html,8,html,40158ac,Ishaan Kor,2025-01-12,03:44:21,-08:00,2025-01-11T19:44:21-08:00,0,30
projects/index.html,1,html,40158ac,Ishaan Kor,2025-01-12,03:44:21,-08:00,2025-01-11T19:44:21-08:00,1,30
projects/index.html,2,html,40158ac,Ishaan Kor,2025-01-12,03:44:21,-08:00,2025-01-11T19:44:21-08:00,1,30
projects/index.html,3,html,40158ac,Ishaan Kor,2025-01-12,03:44:21,-08:00,2025-01-11T19:44:21-08:00,1,30
projects/index.html,4,html,40158ac,Ishaan Kor,2025-01-12,03:44:21,-08:00,2025-01-11T19:44:21-08:00,1,30
projects/index.html,5,html,40158ac,Ishaan Kor,2025-01-12,03:44:21,-08:00,2025-01-11T19:44:21-08:00,1,30
projects/index.html,6,html,40158ac,Ishaan Kor,2025-01-12,03:44:21,-08:00,2025-01-11T19:44:21-08:00,1,30
projects/index.html,7,html,40158ac,Ishaan Kor,2025-01-12,03:44:21,-08:00,2025-01-11T19:44:21-08:00,1,30
projects/index.html,8,html,40158ac,Ishaan Kor,2025-01-12,03:44:21,-08:00,2025-01-11T19:44:21-08:00,1,30
resume/index.html,1,html,40158ac,Ishaan Kor,2025-01-12,03:44:21,-08:00,2025-01-11T19:44:21-08:00,1,30
resume/index.html,2,html,40158ac,Ishaan Kor,2025-01-12,03:44:21,-08:00,2025-01-11T19:44:21-08:00,1,30
resume/index.html,3,html,40158ac,Ishaan Kor,2025-01-12,03:44:21,-08:00,2025-01-11T19:44:21-08:00,1,30
resume/index.html,4,html,40158ac,Ishaan Kor,2025-01-12,03:44:21,-08:00,2025-01-11T19:44:21-08:00,1,30
resume/index.html,5,html,40158ac,Ishaan Kor,2025-01-12,03:44:21,-08:00,2025-01-11T19:44:21-08:00,1,30
resume/index.html,6,html,40158ac,Ishaan Kor,2025-01-12,03:44:21,-08:00,2025-01-11T19:44:21-08:00,1,30
resume/index.html,7,html,40158ac,Ishaan Kor,2025-01-12,03:44:21,-08:00,2025-01-11T19:44:21-08:00,1,30
resume/index.html,8,html,40158ac,Ishaan Kor,2025-01-12,03:44:21,-08:00,2025-01-11T19:44:21-08:00,1,30
resume/index.html,1,html,49ea174,Ishaan Kor,2025-01-12,01:39:43,-08:00,2025-01-11T17:39:43-08:00,1,30
resume/index.html,2,html,49ea174,Ishaan Kor,2025-01-12,01:39:43,-08:00,2025-01-11T17:39:43-08:00,1,30
resume/index.html,3,html,49ea174,Ishaan Kor,2025-01-12,01:39:43,-08:00,2025-01-11T17:39:43-08:00,1,30
resume/index.html,4,html,49ea174,Ishaan Kor,2025-01-12,01:39:43,-08:00,2025-01-11T17:39:43-08:00,1,30
resume/index.html,5,html,49ea174,Ishaan Kor,2025-01-12,01:39:43,-08:00,2025-01-11T17:39:43-08:00,1,30
resume/index.html,6,html,49ea174,Ishaan Kor,2025-01-12,01:39:43,-08:00,2025-01-11T17:39:43-08:00,1,30
resume/index.html,7,html,49ea174,Ishaan Kor,2025-01-12,01:39:43,-08:00,2025-01-11T17:39:43-08:00,1,30
resume/index.html,8,html,49ea174,Ishaan Kor,2025-01-12,01:39:43,-08:00,2025-01-11T17:39:43-08:00,1,30
resume/index.html,9,html,49ea174,Ishaan Kor,2025-01-12,01:39:43,-08:00,2025-01-11T17:39:43-08:00,1,30
resume/index.html,10,html,49ea174,Ishaan Kor,2025-01-12,01:39:43,-08:00,2025-01-11T17:39:43-08:00,1,30
resume/index.html,11,html,49ea174,Ishaan Kor,2025-01-12,01:39:43,-08:00,2025-01-11T17:39:43-08:00,1,30
resume/index.html,12,html,49ea174,Ishaan Kor,2025-01-12,01:39:43,-08:00,2025-01-11T17:39:43-08:00,1,30
resume/index.html,13,html,49ea174,Ishaan Kor,2025-01-12,01:39:43,-08:00,2025-01-11T17:39:43-08:00,1,30
resume/index.html,1,html,bbbd9cd,Ishaan Kor,2025-01-12,01:29:46,-08:00,2025-01-11T17:29:46-08:00,1,30
resume/index.html,2,html,bbbd9cd,Ishaan Kor,2025-01-12,01:29:46,-08:00,2025-01-11T17:29:46-08:00,1,30
resume/index.html,3,html,bbbd9cd,Ishaan Kor,2025-01-12,01:29:46,-08:00,2025-01-11T17:29:46-08:00,1,30
resume/index.html,4,html,bbbd9cd,Ishaan Kor,2025-01-12,01:29:46,-08:00,2025-01-11T17:29:46-08:00,1,30
resume/index.html,1,html,d659fbe,Ishaan Kor,2025-01-12,01:24:45,-08:00,2025-01-11T17:24:45-08:00,1,30
resume/index.html,2,html,d659fbe,Ishaan Kor,2025-01-12,01:24:45,-08:00,2025-01-11T17:24:45-08:00,1,30
resume/index.html,3,html,d659fbe,Ishaan Kor,2025-01-12,01:24:45,-08:00,2025-01-11T17:24:45-08:00,1,30
contact/index.html,1,html,2c11511,Ishaan Kor,2025-01-12,01:23:06,-08:00,2025-01-11T17:23:06-08:00,1,30
index.html,1,html,2c11511,Ishaan Kor,2025-01-12,01:23:06,-08:00,2025-01-11T17:23:06-08:00,0,30
projects/index.html,1,html,2c11511,Ishaan Kor,2025-01-12,01:23:06,-08:00,2025-01-11T17:23:06-08:00,1,30
resume/index.html,1,html,2c11511,Ishaan Kor,2025-01-12,01:23:06,-08:00,2025-01-11T17:23:06-08:00,1,30
resume/index.html,2,html,2c11511,Ishaan Kor,2025-01-12,01:23:06,-08:00,2025-01-11T17:23:06-08:00,1,30
resume/index.html,3,html,2c11511,Ishaan Kor,2025-01-12,01:23:06,-08:00,2025-01-11T17:23:06-08:00,1,30
resume/index.html,4,html,2c11511,Ishaan Kor,2025-01-12,01:23:06,-08:00,2025-01-11T17:23:06-08:00,1,30
resume/index.html,5,html,2c11511,Ishaan Kor,2025-01-12,01:23:06,-08:00,2025-01-11T17:23:06-08:00,1,30
resume/index.html,6,html,2c11511,Ishaan Kor,2025-01-12,01:23:06,-08:00,2025-01-11T17:23:06-08:00,1,30
resume/index.html,7,html,2c11511,Ishaan Kor,2025-01-12,01:23:06,-08:00,2025-01-11T17:23:06-08:00,1,30
resume/index.html,8,html,2c11511,Ishaan Kor,2025-01-12,01:23:06,-08:00,2025-01-11T17:23:06-08:00,1,30
resume/index.html,9,html,2c11511,Ishaan Kor,2025-01-12,01:23:06,-08:00,2025-01-11T17:23:06-08:00,1,30
resume/index.html,10,html,2c11511,Ishaan Kor,2025-01-12,01:23:06,-08:00,2025-01-11T17:23:06-08:00,1,30
resume/index.html,11,html,2c11511,Ishaan Kor,2025-01-12,01:23:06,-08:00,2025-01-11T17:23:06-08:00,1,30
resume/index.html,12,html,2c11511,Ishaan Kor,2025-01-12,01:23:06,-08:00,2025-01-11T17:23:06-08:00,1,30
resume/index.html,13,html,2c11511,Ishaan Kor,2025-01-12,01:23:06,-08:00,2025-01-11T17:23:06-08:00,1,30
resume/index.html,14,html,2c11511,Ishaan Kor,2025-01-12,01:23:06,-08:00,2025-01-11T17:23:06-08:00,1,30
resume/index.html,15,html,2c11511,Ishaan Kor,2025-01-12,01:23:06,-08:00,2025-01-11T17:23:06-08:00,1,30
resume/index.html,16,html,2c11511,Ishaan Kor,2025-01-12,01:23:06,-08:00,2025-01-11T17:23:06-08:00,1,30
resume/index.html,17,html,2c11511,Ishaan Kor,2025-01-12,01:23:06,-08:00,2025-01-11T17:23:06-08:00,1,30
resume/index.html,18,html,2c11511,Ishaan Kor,2025-01-12,01:23:06,-08:00,2025-01-11T17:23:06-08:00,1,30
resume/index.html,19,html,2c11511,Ishaan Kor,2025-01-12,01:23:06,-08:00,2025-01-11T17:23:06-08:00,1,30
resume/index.html,20,html,2c11511,Ishaan Kor,2025-01-12,01:23:06,-08:00,2025-01-11T17:23:06-08:00,1,30
resume/index.html,21,html,2c11511,Ishaan Kor,2025-01-12,01:23:06,-08:00,2025-01-11T17:23:06-08:00,1,30
resume/index.html,22,html,2c11511,Ishaan Kor,2025-01-12,01:23:06,-08:00,2025-01-11T17:23:06-08:00,1,30
resume/index.html,23,html,2c11511,Ishaan Kor,2025-01-12,01:23:06,-08:00,2025-01-11T17:23:06-08:00,1,30
resume/index.html,24,html,2c11511,Ishaan Kor,2025-01-12,01:23:06,-08:00,2025-01-11T17:23:06-08:00,1,30
resume/index.html,25,html,2c11511,Ishaan Kor,2025-01-12,01:23:06,-08:00,2025-01-11T17:23:06-08:00,1,30
resume/index.html,26,html,2c11511,Ishaan Kor,2025-01-12,01:23:06,-08:00,2025-01-11T17:23:06-08:00,1,30
resume/index.html,27,html,2c11511,Ishaan Kor,2025-01-12,01:23:06,-08:00,2025-01-11T17:23:06-08:00,1,30
resume/index.html,28,html,2c11511,Ishaan Kor,2025-01-12,01:23:06,-08:00,2025-01-11T17:23:06-08:00,1,30
resume/index.html,29,html,2c11511,Ishaan Kor,2025-01-12,01:23:06,-08:00,2025-01-11T17:23:06-08:00,1,30
resume/index.html,30,html,2c11511,Ishaan Kor,2025-01-12,01:23:06,-08:00,2025-01-11T17:23:06-08:00,1,30
resume/index.html,31,html,2c11511,Ishaan Kor,2025-01-12,01:23:06,-08:00,2025-01-11T17:23:06-08:00,1,30
resume/index.html,32,html,2c11511,Ishaan Kor,2025-01-12,01:23:06,-08:00,2025-01-11T17:23:06-08:00,1,30
resume/index.html,33,html,2c11511,Ishaan Kor,2025-01-12,01:23:06,-08:00,2025-01-11T17:23:06-08:00,1,30
resume/index.html,34,html,2c11511,Ishaan Kor,2025-01-12,01:23:06,-08:00,2025-01-11T17:23:06-08:00,1,30
resume/index.html,35,html,2c11511,Ishaan Kor,2025-01-12,01:23:06,-08:00,2025-01-11T17:23:06-08:00,1,30
resume/index.html,36,html,2c11511,Ishaan Kor,2025-01-12,01:23:06,-08:00,2025-01-11T17:23:06-08:00,1,30
resume/index.html,37,html,2c11511,Ishaan Kor,2025-01-12,01:23:06,-08:00,2025-01-11T17:23:06-08:00,1,30
resume/index.html,38,html,2c11511,Ishaan Kor,2025-01-12,01:23:06,-08:00,2025-01-11T17:23:06-08:00,1,30
resume/index.html,39,html,2c11511,Ishaan Kor,2025-01-12,01:23:06,-08:00,2025-01-11T17:23:06-08:00,1,30
resume/index.html,40,html,2c11511,Ishaan Kor,2025-01-12,01:23:06,-08:00,2025-01-11T17:23:06-08:00,1,30
resume/index.html,41,html,2c11511,Ishaan Kor,2025-01-12,01:23:06,-08:00,2025-01-11T17:23:06-08:00,1,30
resume/index.html,42,html,2c11511,Ishaan Kor,2025-01-12,01:23:06,-08:00,2025-01-11T17:23:06-08:00,1,30
resume/index.html,43,html,2c11511,Ishaan Kor,2025-01-12,01:23:06,-08:00,2025-01-11T17:23:06-08:00,1,30
resume/index.html,44,html,2c11511,Ishaan Kor,2025-01-12,01:23:06,-08:00,2025-01-11T17:23:06-08:00,1,30
resume/index.html,45,html,2c11511,Ishaan Kor,2025-01-12,01:23:06,-08:00,2025-01-11T17:23:06-08:00,1,30
resume/index.html,46,html,2c11511,Ishaan Kor,2025-01-12,01:23:06,-08:00,2025-01-11T17:23:06-08:00,1,30
resume/index.html,47,html,2c11511,Ishaan Kor,2025-01-12,01:23:06,-08:00,2025-01-11T17:23:06-08:00,1,30
resume/index.html,48,html,2c11511,Ishaan Kor,2025-01-12,01:23:06,-08:00,2025-01-11T17:23:06-08:00,1,30
resume/index.html,49,html,2c11511,Ishaan Kor,2025-01-12,01:23:06,-08:00,2025-01-11T17:23:06-08:00,1,30
resume/index.html,50,html,2c11511,Ishaan Kor,2025-01-12,01:23:06,-08:00,2025-01-11T17:23:06-08:00,1,30
contact/index.html,1,html,3ec2cf6,Ishaan Kor,2025-01-12,01:05:37,-08:00,2025-01-11T17:05:37-08:00,1,30
contact/index.html,2,html,3ec2cf6,Ishaan Kor,2025-01-12,01:05:37,-08:00,2025-01-11T17:05:37-08:00,1,30
contact/index.html,3,html,3ec2cf6,Ishaan Kor,2025-01-12,01:05:37,-08:00,2025-01-11T17:05:37-08:00,1,30
contact/index.html,4,html,3ec2cf6,Ishaan Kor,2025-01-12,01:05:37,-08:00,2025-01-11T17:05:37-08:00,1,30
contact/index.html,5,html,3ec2cf6,Ishaan Kor,2025-01-12,01:05:37,-08:00,2025-01-11T17:05:37-08:00,1,30
contact/index.html,6,html,3ec2cf6,Ishaan Kor,2025-01-12,01:05:37,-08:00,2025-01-11T17:05:37-08:00,1,30
contact/index.html,7,html,3ec2cf6,Ishaan Kor,2025-01-12,01:05:37,-08:00,2025-01-11T17:05:37-08:00,1,30
contact/index.html,8,html,3ec2cf6,Ishaan Kor,2025-01-12,01:05:37,-08:00,2025-01-11T17:05:37-08:00,1,30
contact/index.html,9,html,3ec2cf6,Ishaan Kor,2025-01-12,01:05:37,-08:00,2025-01-11T17:05:37-08:00,1,30
contact/index.html,10,html,3ec2cf6,Ishaan Kor,2025-01-12,01:05:37,-08:00,2025-01-11T17:05:37-08:00,1,30
contact/index.html,11,html,3ec2cf6,Ishaan Kor,2025-01-12,01:05:37,-08:00,2025-01-11T17:05:37-08:00,1,30
contact/index.html,12,html,3ec2cf6,Ishaan Kor,2025-01-12,01:05:37,-08:00,2025-01-11T17:05:37-08:00,1,30
contact/index.html,13,html,3ec2cf6,Ishaan Kor,2025-01-12,01:05:37,-08:00,2025-01-11T17:05:37-08:00,1,30
contact/index.html,14,html,3ec2cf6,Ishaan Kor,2025-01-12,01:05:37,-08:00,2025-01-11T17:05:37-08:00,1,30
contact/index.html,15,html,3ec2cf6,Ishaan Kor,2025-01-12,01:05:37,-08:00,2025-01-11T17:05:37-08:00,1,30
contact/index.html,16,html,3ec2cf6,Ishaan Kor,2025-01-12,01:05:37,-08:00,2025-01-11T17:05:37-08:00,1,30
contact/index.html,17,html,3ec2cf6,Ishaan Kor,2025-01-12,01:05:37,-08:00,2025-01-11T17:05:37-08:00,1,30
contact/index.html,18,html,3ec2cf6,Ishaan Kor,2025-01-12,01:05:37,-08:00,2025-01-11T17:05:37-08:00,1,30
contact/index.html,19,html,3ec2cf6,Ishaan Kor,2025-01-12,01:05:37,-08:00,2025-01-11T17:05:37-08:00,1,30
contact/index.html,20,html,3ec2cf6,Ishaan Kor,2025-01-12,01:05:37,-08:00,2025-01-11T17:05:37-08:00,1,30
contact/index.html,21,html,3ec2cf6,Ishaan Kor,2025-01-12,01:05:37,-08:00,2025-01-11T17:05:37-08:00,1,30
contact/index.html,22,html,3ec2cf6,Ishaan Kor,2025-01-12,01:05:37,-08:00,2025-01-11T17:05:37-08:00,1,30
contact/index.html,23,html,3ec2cf6,Ishaan Kor,2025-01-12,01:05:37,-08:00,2025-01-11T17:05:37-08:00,1,30
projects/index.html,1,html,3ec2cf6,Ishaan Kor,2025-01-12,01:05:37,-08:00,2025-01-11T17:05:37-08:00,1,30
contact/index.html,1,html,a7651fe,Ishaan Kor,2025-01-12,00:58:23,-08:00,2025-01-11T16:58:23-08:00,1,30
contact/index.html,2,html,a7651fe,Ishaan Kor,2025-01-12,00:58:23,-08:00,2025-01-11T16:58:23-08:00,1,30
contact/index.html,3,html,a7651fe,Ishaan Kor,2025-01-12,00:58:23,-08:00,2025-01-11T16:58:23-08:00,1,30
contact/index.html,4,html,a7651fe,Ishaan Kor,2025-01-12,00:58:23,-08:00,2025-01-11T16:58:23-08:00,1,30
contact/index.html,5,html,a7651fe,Ishaan Kor,2025-01-12,00:58:23,-08:00,2025-01-11T16:58:23-08:00,1,30
contact/index.html,6,html,a7651fe,Ishaan Kor,2025-01-12,00:58:23,-08:00,2025-01-11T16:58:23-08:00,1,30
contact/index.html,7,html,a7651fe,Ishaan Kor,2025-01-12,00:58:23,-08:00,2025-01-11T16:58:23-08:00,1,30
contact/index.html,8,html,a7651fe,Ishaan Kor,2025-01-12,00:58:23,-08:00,2025-01-11T16:58:23-08:00,1,30
contact/index.html,9,html,a7651fe,Ishaan Kor,2025-01-12,00:58:23,-08:00,2025-01-11T16:58:23-08:00,1,30
contact/index.html,10,html,a7651fe,Ishaan Kor,2025-01-12,00:58:23,-08:00,2025-01-11T16:58:23-08:00,1,30
contact/index.html,11,html,a7651fe,Ishaan Kor,2025-01-12,00:58:23,-08:00,2025-01-11T16:58:23-08:00,1,30
contact/index.html,12,html,a7651fe,Ishaan Kor,2025-01-12,00:58:23,-08:00,2025-01-11T16:58:23-08:00,1,30
index.html,1,html,a7651fe,Ishaan Kor,2025-01-12,00:58:23,-08:00,2025-01-11T16:58:23-08:00,0,30
index.html,2,html,a7651fe,Ishaan Kor,2025-01-12,00:58:23,-08:00,2025-01-11T16:58:23-08:00,0,30
.DS_Store,1,code,74746bc,Ishaan Kor,2025-01-12,00:35:16,-08:00,2025-01-11T16:35:16-08:00,0,30
contact/index.html,1,html,74746bc,Ishaan Kor,2025-01-12,00:35:16,-08:00,2025-01-11T16:35:16-08:00,1,30
contact/index.html,2,html,74746bc,Ishaan Kor,2025-01-12,00:35:16,-08:00,2025-01-11T16:35:16-08:00,1,30
contact/index.html,3,html,74746bc,Ishaan Kor,2025-01-12,00:35:16,-08:00,2025-01-11T16:35:16-08:00,1,30
contact/index.html,4,html,74746bc,Ishaan Kor,2025-01-12,00:35:16,-08:00,2025-01-11T16:35:16-08:00,1,30
contact/index.html,5,html,74746bc,Ishaan Kor,2025-01-12,00:35:16,-08:00,2025-01-11T16:35:16-08:00,1,30
contact/index.html,6,html,74746bc,Ishaan Kor,2025-01-12,00:35:16,-08:00,2025-01-11T16:35:16-08:00,1,30
contact/index.html,7,html,74746bc,Ishaan Kor,2025-01-12,00:35:16,-08:00,2025-01-11T16:35:16-08:00,1,30
contact/index.html,8,html,74746bc,Ishaan Kor,2025-01-12,00:35:16,-08:00,2025-01-11T16:35:16-08:00,1,30
contact/index.html,9,html,74746bc,Ishaan Kor,2025-01-12,00:35:16,-08:00,2025-01-11T16:35:16-08:00,1,30
contact/index.html,10,html,74746bc,Ishaan Kor,2025-01-12,00:35:16,-08:00,2025-01-11T16:35:16-08:00,1,30
contact/index.html,11,html,74746bc,Ishaan Kor,2025-01-12,00:35:16,-08:00,2025-01-11T16:35:16-08:00,1,30
contact/index.html,12,html,74746bc,Ishaan Kor,2025-01-12,00:35:16,-08:00,2025-01-11T16:35:16-08:00,1,30
contact/index.html,13,html,74746bc,Ishaan Kor,2025-01-12,00:35:16,-08:00,2025-01-11T16:35:16-08:00,1,30
contact/index.html,14,html,74746bc,Ishaan Kor,2025-01-12,00:35:16,-08:00,2025-01-11T16:35:16-08:00,1,30
contact/index.html,15,html,74746bc,Ishaan Kor,2025-01-12,00:35:16,-08:00,2025-01-11T16:35:16-08:00,1,30
contact/index.html,16,html,74746bc,Ishaan Kor,2025-01-12,00:35:16,-08:00,2025-01-11T16:35:16-08:00,1,30
contact/index.html,17,html,74746bc,Ishaan Kor,2025-01-12,00:35:16,-08:00,2025-01-11T16:35:16-08:00,1,30
contact/index.html,18,html,74746bc,Ishaan Kor,2025-01-12,00:35:16,-08:00,2025-01-11T16:35:16-08:00,1,30
contact/index.html,19,html,74746bc,Ishaan Kor,2025-01-12,00:35:16,-08:00,2025-01-11T16:35:16-08:00,1,30
index.html,1,html,74746bc,Ishaan Kor,2025-01-12,00:35:16,-08:00,2025-01-11T16:35:16-08:00,0,30
index.html,2,html,74746bc,Ishaan Kor,2025-01-12,00:35:16,-08:00,2025-01-11T16:35:16-08:00,0,30
index.html,3,html,74746bc,Ishaan Kor,2025-01-12,00:35:16,-08:00,2025-01-11T16:35:16-08:00,0,30
index.html,4,html,74746bc,Ishaan Kor,2025-01-12,00:35:16,-08:00,2025-01-11T16:35:16-08:00,0,30
index.html,5,html,74746bc,Ishaan Kor,2025-01-12,00:35:16,-08:00,2025-01-11T16:35:16-08:00,0,30
index.html,6,html,74746bc,Ishaan Kor,2025-01-12,00:35:16,-08:00,2025-01-11T16:35:16-08:00,0,30
index.html,7,html,74746bc,Ishaan Kor,2025-01-12,00:35:16,-08:00,2025-01-11T16:35:16-08:00,0,30
index.html,8,html,74746bc,Ishaan Kor,2025-01-12,00:35:16,-08:00,2025-01-11T16:35:16-08:00,0,30
index.html,9,html,74746bc,Ishaan Kor,2025-01-12,00:35:16,-08:00,2025-01-11T16:35:16-08:00,0,30
index.html,10,html,74746bc,Ishaan Kor,2025-01-12,00:35:16,-08:00,2025-01-11T16:35:16-08:00,0,30
index.html,11,html,74746bc,Ishaan Kor,2025-01-12,00:35:16,-08:00,2025-01-11T16:35:16-08:00,0,30
index.html,12,html,74746bc,Ishaan Kor,2025-01-12,00:35:16,-08:00,2025-01-11T16:35:16-08:00,0,30
index.html,13,html,74746bc,Ishaan Kor,2025-01-12,00:35:16,-08:00,2025-01-11T16:35:16-08:00,0,30
index.html,14,html,74746bc,Ishaan Kor,2025-01-12,00:35:16,-08:00,2025-01-11T16:35:16-08:00,0,30
projects/index.html,1,html,74746bc,Ishaan Kor,2025-01-12,00:35:16,-08:00,2025-01-11T16:35:16-08:00,1,30
projects/index.html,2,html,74746bc,Ishaan Kor,2025-01-12,00:35:16,-08:00,2025-01-11T16:35:16-08:00,1,30
projects/index.html,3,html,74746bc,Ishaan Kor,2025-01-12,00:35:16,-08:00,2025-01-11T16:35:16-08:00,1,30
projects/index.html,4,html,74746bc,Ishaan Kor,2025-01-12,00:35:16,-08:00,2025-01-11T16:35:16-08:00,1,30
projects/index.html,5,html,74746bc,Ishaan Kor,2025-01-12,00:35:16,-08:00,2025-01-11T16:35:16-08:00,1,30
projects/index.html,6,html,74746bc,Ishaan Kor,2025-01-12,00:35:16,-08:00,2025-01-11T16:35:16-08:00,1,30
projects/index.html,7,html,74746bc,Ishaan Kor,2025-01-12,00:35:16,-08:00,2025-01-11T16:35:16-08:00,1,30
projects/index.html,8,html,74746bc,Ishaan Kor,2025-01-12,00:35:16,-08:00,2025-01-11T16:35:16-08:00,1,30
projects/index.html,9,html,74746bc,Ishaan Kor,2025-01-12,00:35:16,-08:00,2025-01-11T16:35:16-08:00,1,30
projects/index.html,10,html,74746bc,Ishaan Kor,2025-01-12,00:35:16,-08:00,2025-01-11T16:35:16-08:00,1,30
projects/index.html,11,html,74746bc,Ishaan Kor,2025-01-12,00:35:16,-08:00,2025-01-11T16:35:16-08:00,1,30
projects/index.html,12,html,74746bc,Ishaan Kor,2025-01-12,00:35:16,-08:00,2025-01-11T16:35:16-08:00,1,30
projects/index.html,13,html,74746bc,Ishaan Kor,2025-01-12,00:35:16,-08:00,2025-01-11T16:35:16-08:00,1,30
projects/index.html,14,html,74746bc,Ishaan Kor,2025-01-12,00:35:16,-08:00,2025-01-11T16:35:16-08:00,1,30
projects/index.html,15,html,74746bc,Ishaan Kor,2025-01-12,00:35:16,-08:00,2025-01-11T16:35:16-08:00,1,30
projects/index.html,16,html,74746bc,Ishaan Kor,2025-01-12,00:35:16,-08:00,2025-01-11T16:35:16-08:00,1,30
projects/index.html,17,html,74746bc,Ishaan Kor,2025-01-12,00:35:16,-08:00,2025-01-11T16:35:16-08:00,1,30
projects/index.html,18,html,74746bc,Ishaan Kor,2025-01-12,00:35:16,-08:00,2025-01-11T16:35:16-08:00,1,30
projects/index.html,19,html,74746bc,Ishaan Kor,2025-01-12,00:35:16,-08:00,2025-01-11T16:35:16-08:00,1,30
style.css,1,css,74746bc,Ishaan Kor,2025-01-12,00:35:16,-08:00,2025-01-11T16:35:16-08:00,0,30
style.css,2,css,74746bc,Ishaan Kor,2025-01-12,00:35:16,-08:00,2025-01-11T16:35:16-08:00,0,30
style.css,3,css,74746bc,Ishaan Kor,2025-01-12,00:35:16,-08:00,2025-01-11T16:35:16-08:00,0,30
style.css,4,css,74746bc,Ishaan Kor,2025-01-12,00:35:16,-08:00,2025-01-11T16:35:16-08:00,0,30
style.css,5,css,74746bc,Ishaan Kor,2025-01-12,00:35:16,-08:00,2025-01-11T16:35:16-08:00,0,30
style.css,6,css,74746bc,Ishaan Kor,2025-01-12,00:35:16,-08:00,2025-01-11T16:35:16-08:00,0,30
index.html,1,html,1f491d5,Ishaan Kor,2025-01-12,00:03:55,-08:00,2025-01-11T16:03:55-08:00,0,30
index.html,2,html,1f491d5,Ishaan Kor,2025-01-12,00:03:55,-08:00,2025-01-11T16:03:55-08:00,0,30
index.html,3,html,1f491d5,Ishaan Kor,2025-01-12,00:03:55,-08:00,2025-01-11T16:03:55-08:00,0,30
index.html,4,html,1f491d5,Ishaan Kor,2025-01-12,00:03:55,-08:00,2025-01-11T16:03:55-08:00,0,30
index.html,5,html,1f491d5,Ishaan Kor,2025-01-12,00:03:55,-08:00,2025-01-11T16:03:55-08:00,0,30
index.html,6,html,1f491d5,Ishaan Kor,2025-01-12,00:03:55,-08:00,2025-01-11T16:03:55-08:00,0,30
index.html,7,html,1f491d5,Ishaan Kor,2025-01-12,00:03:55,-08:00,2025-01-11T16:03:55-08:00,0,30
index.html,8,html,1f491d5,Ishaan Kor,2025-01-12,00:03:55,-08:00,2025-01-11T16:03:55-08:00,0,30
index.html,9,html,1f491d5,Ishaan Kor,2025-01-12,00:03:55,-08:00,2025-01-11T16:03:55-08:00,0,30
index.html,10,html,1f491d5,Ishaan Kor,2025-01-12,00:03:55,-08:00,2025-01-11T16:03:55-08:00,0,30
index.html,11,html,1f491d5,Ishaan Kor,2025-01-12,00:03:55,-08:00,2025-01-11T16:03:55-08:00,0,30
index.html,12,html,1f491d5,Ishaan Kor,2025-01-12,00:03:55,-08:00,2025-01-11T16:03:55-08:00,0,30
.gitattributes,1,code,a024353,Ishaan Kor,2025-01-11,23:48:05,-08:00,2025-01-11T15:48:05-08:00,0,30
.gitattributes,2,code,a024353,Ishaan Kor,2025-01-11,23:48:05,-08:00,2025-01-11T15:48:05-08:00,0,30